date,location,crime_type,details
2026-02-03,"Avenida Heitor Penteado, 1685 - Taquaral",Outros,Ocorrência comum registrada pela patrulha de rotina sem elementos de conexão com o caso principal.
2026-02-14,"Rua Maria Monteiro, 759 - Cambuí",Outros,Ocorrência comum registrada pela patrulha de rotina sem elementos de conexão com o caso principal.
2026-02-01,"Rua Coronel Quirino, 267 - Cambuí",Outros,Ocorrência comum registrada pela patrulha de rotina sem elementos de conexão com o caso principal.
2026-02-18,"Rua Maria Monteiro, 360 - Cambuí",Outros,Ocorrência comum registrada pela patrulha de rotina sem elementos de conexão com o caso principal.
2026-02-22,"Avenida Albino José Barbosa de Oliveira, 3343 - Barão Geraldo",Outros,Ocorrência comum registrada pela patrulha de rotina sem elementos de conexão com o caso principal.
2026-02-10,"Avenida Heitor Penteado, 2170 - Taquaral",Outros,Ocorrência comum registrada pela patrulha de rotina sem elementos de conexão com o caso principal.
2026-02-11,"Avenida Albino José Barbosa de Oliveira, 824 - Barão Geraldo",Outros,Ocorrência comum registrada pela patrulha de rotina sem elementos de conexão com o caso principal.
2026-02-06,"Avenida Albino José Barbosa de Oliveira, 2709 - Barão Geraldo",Outros,Ocorrência comum registrada pela patrulha de rotina sem elementos de conexão com o caso principal.
2026-02-02,"Rua Maria Monteiro, 1254 - Cambuí",Outros,Ocorrência comum registrada pela patrulha de rotina sem elementos de conexão com o caso principal.
2026-02-22,"Rua Coronel Quirino, 1742 - Cambuí",Outros,Ocorrência comum registrada pela patrulha de rotina sem elementos de conexão com o caso principal.
2026-02-07,"Avenida Heitor Penteado, 1495 - Taquaral",Outros,Ocorrência comum registrada pela patrulha de rotina sem elementos de conexão com o caso principal.
2026-02-09,"Avenida Albino José Barbosa de Oliveira, 2983 - Barão Geraldo",Outros,Ocorrência comum registrada pela patrulha de rotina sem elementos de conexão com o caso principal.
2026-02-03,"Avenida Heitor Penteado, 2250 - Taquaral",Outros,Ocorrência comum registrada pela patrulha de rotina sem elementos de conexão com o caso principal.
2026-02-08,"Rua Coronel Quirino, 1612 - Cambuí",Outros,Ocorrência comum registrada pela patrulha de rotina sem elementos de conexão com o caso principal.
2026-02-08,"Rua Maria Monteiro, 488 - Cambuí",Outros,Ocorrência comum registrada pela patrulha de rotina sem elementos de conexão com o caso principal.
2026-02-13,"Avenida Heitor Penteado, 1802 - Taquaral",Outros,Ocorrência comum registrada pela patrulha de rotina sem elementos de conexão com o caso principal.
2026-02-15,"Rua Maria Monteiro, 936 - Cambuí",Outros,Ocorrência comum registrada pela patrulha de rotina sem elementos de conexão com o caso principal.
2026-02-21,"Avenida Heitor Penteado, 857 - Taquaral",Outros,Ocorrência comum registrada pela patrulha de rotina sem elementos de conexão com o caso principal.
2026-02-23,"Rua Maria Monteiro, 362 - Cambuí",Outros,Ocorrência comum registrada pela patrulha de rotina sem elementos de conexão com o caso principal.
2026-02-12,"Avenida Heitor Penteado, 2687 - Taquaral",Outros,Ocorrência comum registrada pela patrulha de rotina sem elementos de conexão com o caso principal.
2026-02-07,"Avenida Heitor Penteado, 679 - Taquaral",Outros,Ocorrência comum registrada pela patrulha de rotina sem elementos de conexão com o caso principal.
2026-02-18,"Rua Coronel Quirino, 1619 - Cambuí",Outros,Ocorrência comum registrada pela patrulha de rotina sem elementos de conexão com o caso principal.
2026-02-06,"Rua Coronel Quirino, 536 - Cambuí",Outros,Ocorrência comum registrada pela patrulha de rotina sem elementos de conexão com o caso principal.
2026-02-14,"Rua Maria Monteiro, 703 - Cambuí",Outros,Ocorrência comum registrada pela patrulha de rotina sem elementos de conexão com o caso principal.
2026-02-16,"Avenida Albino José Barbosa de Oliveira, 1848 - Barão Geraldo",Outros,Ocorrência comum registrada pela patrulha de rotina sem elementos de conexão com o caso principal.
2026-02-20,"Avenida Albino José Barbosa de Oliveira, 2067 - Barão Geraldo",Outros,Ocorrência comum registrada pela patrulha de rotina sem elementos de conexão com o caso principal.
2026-02-20,"Avenida Heitor Penteado, 1592 - Taquaral",Outros,Ocorrência comum registrada pela patrulha de rotina sem elementos de conexão com o caso principal.
2026-02-23,"Rua Maria Monteiro, 114 - Cambuí",Outros,Ocorrência comum registrada pela patrulha de rotina sem elementos de conexão com o caso principal.
2026-02-19,"Avenida Albino José Barbosa de Oliveira, 3005 - Barão Geraldo",Outros,Ocorrência comum registrada pela patrulha de rotina sem elementos de conexão com o caso principal.
2026-02-02,"Rua Maria Monteiro, 1511 - Cambuí",Outros,Ocorrência comum registrada pela patrulha de rotina sem elementos de conexão com o caso principal.
2026-02-23,"Avenida Heitor Penteado, 2008 - Taquaral",Outros,Ocorrência comum registrada pela patrulha de rotina sem elementos de conexão com o caso principal.
2026-02-18,"Avenida Heitor Penteado, 333 - Taquaral",Outros,Ocorrência comum registrada pela patrulha de rotina sem elementos de conexão com o caso principal.
2026-02-19,"Rua Coronel Quirino, 1456 - Cambuí",Outros,Ocorrência comum registrada pela patrulha de rotina sem elementos de conexão com o caso principal.
2026-02-04,"Avenida Albino José Barbosa de Oliveira, 3322 - Barão Geraldo",Outros,Ocorrência comum registrada pela patrulha de rotina sem elementos de conexão com o caso principal.
2026-02-06,"Avenida Heitor Penteado, 2053 - Taquaral",Outros,Ocorrência comum registrada pela patrulha de rotina sem elementos de conexão com o caso principal.
2026-02-11,"Avenida Heitor Penteado, 959 - Taquaral",Outros,Ocorrência comum registrada pela patrulha de rotina sem elementos de conexão com o caso principal.
2026-02-12,"Rua Coronel Quirino, 752 - Cambuí",Outros,Ocorrência comum registrada pela patrulha de rotina sem elementos de conexão com o caso principal.
2026-02-10,"Rua Coronel Quirino, 637 - Cambuí",Outros,Ocorrência comum registrada pela patrulha de rotina sem elementos de conexão com o caso principal.
2026-02-09,"Avenida Heitor Penteado, 154 - Taquaral",Outros,Ocorrência comum registrada pela patrulha de rotina sem elementos de conexão com o caso principal.
2026-02-01,"Avenida Heitor Penteado, 2450 - Taquaral",Outros,Ocorrência comum registrada pela patrulha de rotina sem elementos de conexão com o caso principal.
2026-02-19,"Avenida Heitor Penteado, 2816 - Taquaral",Outros,Ocorrência comum registrada pela patrulha de rotina sem elementos de conexão com o caso principal.
2026-02-18,"Avenida Albino José Barbosa de Oliveira, 591 - Barão Geraldo",Outros,Ocorrência comum registrada pela patrulha de rotina sem elementos de conexão com o caso principal.
2026-02-01,"Avenida Albino José Barbosa de Oliveira, 1411 - Barão Geraldo",Outros,Ocorrência comum registrada pela patrulha de rotina sem elementos de conexão com o caso principal.
2026-02-11,"Avenida Albino José Barbosa de Oliveira, 3046 - Barão Geraldo",Outros,Ocorrência comum registrada pela patrulha de rotina sem elementos de conexão com o caso principal.
2026-02-28,"Avenida Albino José Barbosa de Oliveira, 3351 - Barão Geraldo",Outros,Ocorrência comum registrada pela patrulha de rotina sem elementos de conexão com o caso principal.
2026-02-13,"Avenida Albino José Barbosa de Oliveira, 1950 - Barão Geraldo",Outros,Ocorrência comum registrada pela patrulha de rotina sem elementos de conexão com o caso principal.
2026-02-14,"Avenida Albino José Barbosa de Oliveira, 405 - Barão Geraldo",Outros,Ocorrência comum registrada pela patrulha de rotina sem elementos de conexão com o caso principal.
2026-02-16,"Avenida Heitor Penteado, 1547 - Taquaral",Outros,Ocorrência comum registrada pela patrulha de rotina sem elementos de conexão com o caso principal.
2026-02-21,"Avenida Heitor Penteado, 2500 - Taquaral",Outros,Ocorrência comum registrada pela patrulha de rotina sem elementos de conexão com o caso principal.
2026-02-10,"Avenida Heitor Penteado, 2572 - Taquaral",Outros,Ocorrência comum registrada pela patrulha de rotina sem elementos de conexão com o caso principal.
2026-02-19,"Avenida Heitor Penteado, 2147 - Taquaral",Outros,Ocorrência comum registrada pela patrulha de rotina sem elementos de conexão com o caso principal.
2026-02-25,"Rua Maria Monteiro, 1407 - Cambuí",Outros,Ocorrência comum registrada pela patrulha de rotina sem elementos de conexão com o caso principal.
2026-02-18,"Avenida Albino José Barbosa de Oliveira, 2944 - Barão Geraldo",Outros,Ocorrência comum registrada pela patrulha de rotina sem elementos de conexão com o caso principal.
2026-02-22,"Avenida Heitor Penteado, 1774 - Taquaral",Outros,Ocorrência comum registrada pela patrulha de rotina sem elementos de conexão com o caso principal.
2026-02-18,"Avenida Albino José Barbosa de Oliveira, 1102 - Barão Geraldo",Outros,Ocorrência comum registrada pela patrulha de rotina sem elementos de conexão com o caso principal.
2026-02-09,"Rua Coronel Quirino, 1158 - Cambuí",Outros,Ocorrência comum registrada pela patrulha de rotina sem elementos de conexão com o caso principal.
2026-02-26,"Avenida Albino José Barbosa de Oliveira, 754 - Barão Geraldo",Outros,Ocorrência comum registrada pela patrulha de rotina sem elementos de conexão com o caso principal.
2026-02-24,"Rua Maria Monteiro, 1025 - Cambuí",Outros,Ocorrência comum registrada pela patrulha de rotina sem elementos de conexão com o caso principal.
2026-02-10,"Rua Coronel Quirino, 178 - Cambuí",Outros,Ocorrência comum registrada pela patrulha de rotina sem elementos de conexão com o caso principal.
2026-02-13,"Avenida Albino José Barbosa de Oliveira, 2762 - Barão Geraldo",Outros,Ocorrência comum registrada pela patrulha de rotina sem elementos de conexão com o caso principal.
2026-02-22,"Avenida Albino José Barbosa de Oliveira, 2575 - Barão Geraldo",Outros,Ocorrência comum registrada pela patrulha de rotina sem elementos de conexão com o caso principal.
2026-02-09,"Avenida Heitor Penteado, 2589 - Taquaral",Outros,Ocorrência comum registrada pela patrulha de rotina sem elementos de conexão com o caso principal.
2026-02-19,"Avenida Heitor Penteado, 2356 - Taquaral",Outros,Ocorrência comum registrada pela patrulha de rotina sem elementos de conexão com o caso principal.
2026-02-06,"Rua Maria Monteiro, 512 - Cambuí",Outros,Ocorrência comum registrada pela patrulha de rotina sem elementos de conexão com o caso principal.
2026-02-18,"Avenida Albino José Barbosa de Oliveira, 1961 - Barão Geraldo",Outros,Ocorrência comum registrada pela patrulha de rotina sem elementos de conexão com o caso principal.
2026-02-13,"Rua Coronel Quirino, 1441 - Cambuí",Outros,Ocorrência comum registrada pela patrulha de rotina sem elementos de conexão com o caso principal.
2026-02-28,"Avenida Heitor Penteado, 345 - Taquaral",Outros,Ocorrência comum registrada pela patrulha de rotina sem elementos de conexão com o caso principal.
2026-02-12,"Rua Maria Monteiro, 1047 - Cambuí",Outros,Ocorrência comum registrada pela patrulha de rotina sem elementos de conexão com o caso principal.
2026-02-06,"Avenida Heitor Penteado, 1234 - Taquaral",Outros,Ocorrência comum registrada pela patrulha de rotina sem elementos de conexão com o caso principal.
2026-02-15,"Avenida Heitor Penteado, 2356 - Taquaral",Outros,Ocorrência comum registrada pela patrulha de rotina sem elementos de conexão com o caso principal.
2026-02-01,"Rua Coronel Quirino, 1448 - Cambuí",Outros,Ocorrência comum registrada pela patrulha de rotina sem elementos de conexão com o caso principal.
2026-02-12,"Avenida Heitor Penteado, 1606 - Taquaral",Outros,Ocorrência comum registrada pela patrulha de rotina sem elementos de conexão com o caso principal.
2026-02-20,"Avenida Heitor Penteado, 2984 - Taquaral",Outros,Ocorrência comum registrada pela patrulha de rotina sem elementos de conexão com o caso principal.
2026-02-03,"Avenida Albino José Barbosa de Oliveira, 1717 - Barão Geraldo",Outros,Ocorrência comum registrada pela patrulha de rotina sem elementos de conexão com o caso principal.
2026-02-06,"Avenida Heitor Penteado, 1947 - Taquaral",Outros,Ocorrência comum registrada pela patrulha de rotina sem elementos de conexão com o caso principal.
2026-02-09,"Rua Coronel Quirino, 1518 - Cambuí",Outros,Ocorrência comum registrada pela patrulha de rotina sem elementos de conexão com o caso principal.
2026-02-08,"Rua Coronel Quirino, 1295 - Cambuí",Outros,Ocorrência comum registrada pela patrulha de rotina sem elementos de conexão com o caso principal.
2026-02-26,"Avenida Albino José Barbosa de Oliveira, 1234 - Barão Geraldo",Outros,Ocorrência comum registrada pela patrulha de rotina sem elementos de conexão com o caso principal.
2026-02-26,"Avenida Albino José Barbosa de Oliveira, 1267 - Barão Geraldo",Outros,Ocorrência comum registrada pela patrulha de rotina sem elementos de conexão com o caso principal.
2026-02-26,"Avenida Heitor Penteado, 735 - Taquaral",Outros,Ocorrência comum registrada pela patrulha de rotina sem elementos de conexão com o caso principal.
2026-02-25,"Avenida Heitor Penteado, 2618 - Taquaral",Outros,Ocorrência comum registrada pela patrulha de rotina sem elementos de conexão com o caso principal.
2026-02-04,"Avenida Heitor Penteado, 1047 - Taquaral",Outros,Ocorrência comum registrada pela patrulha de rotina sem elementos de conexão com o caso principal.
2026-02-07,"Avenida Albino José Barbosa de Oliveira, 2668 - Barão Geraldo",Outros,Ocorrência comum registrada pela patrulha de rotina sem elementos de conexão com o caso principal.
2026-02-16,"Rua Coronel Quirino, 1298 - Cambuí",Outros,Ocorrência comum registrada pela patrulha de rotina sem elementos de conexão com o caso principal.
2026-02-04,"Avenida Heitor Penteado, 2736 - Taquaral",Outros,Ocorrência comum registrada pela patrulha de rotina sem elementos de conexão com o caso principal.
2026-02-13,"Rua Coronel Quirino, 649 - Cambuí",Outros,Ocorrência comum registrada pela patrulha de rotina sem elementos de conexão com o caso principal.
2026-02-04,"Avenida Albino José Barbosa de Oliveira, 1070 - Barão Geraldo",Outros,Ocorrência comum registrada pela patrulha de rotina sem elementos de conexão com o caso principal.
2026-02-19,"Avenida Heitor Penteado, 1990 - Taquaral",Outros,Ocorrência comum registrada pela patrulha de rotina sem elementos de conexão com o caso principal.
2026-02-12,"Avenida Heitor Penteado, 1438 - Taquaral",Outros,Ocorrência comum registrada pela patrulha de rotina sem elementos de conexão com o caso principal.
2026-02-03,"Rua Maria Monteiro, 485 - Cambuí",Outros,Ocorrência comum registrada pela patrulha de rotina sem elementos de conexão com o caso principal.
2026-02-10,"Rua Coronel Quirino, 976 - Cambuí",Outros,Ocorrência comum registrada pela patrulha de rotina sem elementos de conexão com o caso principal.
2026-02-14,"Rua Maria Monteiro, 90 - Cambuí",Outros,Ocorrência comum registrada pela patrulha de rotina sem elementos de conexão com o caso principal.
2026-02-28,"Avenida Heitor Penteado, 702 - Taquaral",Outros,Ocorrência comum registrada pela patrulha de rotina sem elementos de conexão com o caso principal.
2026-02-24,"Rua Coronel Quirino, 1856 - Cambuí",Outros,Ocorrência comum registrada pela patrulha de rotina sem elementos de conexão com o caso principal.
2026-02-27,"Rua Maria Monteiro, 147 - Cambuí",Outros,Ocorrência comum registrada pela patrulha de rotina sem elementos de conexão com o caso principal.
2026-02-24,"Rua Coronel Quirino, 1959 - Cambuí",Outros,Ocorrência comum registrada pela patrulha de rotina sem elementos de conexão com o caso principal.
2026-02-20,"Avenida Heitor Penteado, 2757 - Taquaral",Outros,Ocorrência comum registrada pela patrulha de rotina sem elementos de conexão com o caso principal.
2026-02-14,"Avenida Albino José Barbosa de Oliveira, 1801 - Barão Geraldo",Outros,Ocorrência comum registrada pela patrulha de rotina sem elementos de conexão com o caso principal.
2026-02-12,"Rua Maria Monteiro, 873 - Cambuí",Outros,Ocorrência comum registrada pela patrulha de rotina sem elementos de conexão com o caso principal.
2026-02-11,"Avenida Heitor Penteado, 1278 - Taquaral",Outros,Ocorrência comum registrada pela patrulha de rotina sem elementos de conexão com o caso principal.
2026-02-24,"Avenida Heitor Penteado, 32 - Taquaral",Outros,Ocorrência comum registrada pela patrulha de rotina sem elementos de conexão com o caso principal.
2026-02-08,"Avenida Heitor Penteado, 839 - Taquaral",Outros,Ocorrência comum registrada pela patrulha de rotina sem elementos de conexão com o caso principal.
2026-02-25,"Avenida Heitor Penteado, 1951 - Taquaral",Outros,Ocorrência comum registrada pela patrulha de rotina sem elementos de conexão com o caso principal.
2026-02-24,"Avenida Albino José Barbosa de Oliveira, 2262 - Barão Geraldo",Outros,Ocorrência comum registrada pela patrulha de rotina sem elementos de conexão com o caso principal.
2026-02-10,"Avenida Albino José Barbosa de Oliveira, 2450 - Barão Geraldo",Outros,Ocorrência comum registrada pela patrulha de rotina sem elementos de conexão com o caso principal.
2026-02-26,"Rua Maria Monteiro, 699 - Cambuí",Outros,Ocorrência comum registrada pela patrulha de rotina sem elementos de conexão com o caso principal.
2026-02-16,"Avenida Heitor Penteado, 1435 - Taquaral",Outros,Ocorrência comum registrada pela patrulha de rotina sem elementos de conexão com o caso principal.
2026-02-06,"Avenida Heitor Penteado, 1702 - Taquaral",Outros,Ocorrência comum registrada pela patrulha de rotina sem elementos de conexão com o caso principal.
2026-02-13,"Avenida Albino José Barbosa de Oliveira, 2775 - Barão Geraldo",Outros,Ocorrência comum registrada pela patrulha de rotina sem elementos de conexão com o caso principal.
2026-02-15,"Avenida Albino José Barbosa de Oliveira, 1916 - Barão Geraldo",Outros,Ocorrência comum registrada pela patrulha de rotina sem elementos de conexão com o caso principal.
2026-02-08,"Rua Maria Monteiro, 478 - Cambuí",Outros,Ocorrência comum registrada pela patrulha de rotina sem elementos de conexão com o caso principal.
2026-02-19,"Avenida Albino José Barbosa de Oliveira, 1755 - Barão Geraldo",Outros,Ocorrência comum registrada pela patrulha de rotina sem elementos de conexão com o caso principal.
2026-02-21,"Avenida Albino José Barbosa de Oliveira, 1232 - Barão Geraldo",Outros,Ocorrência comum registrada pela patrulha de rotina sem elementos de conexão com o caso principal.
2026-02-05,"Rua Maria Monteiro, 169 - Cambuí",Outros,Ocorrência comum registrada pela patrulha de rotina sem elementos de conexão com o caso principal.
2026-02-03,"Avenida Albino José Barbosa de Oliveira, 1415 - Barão Geraldo",Outros,Ocorrência comum registrada pela patrulha de rotina sem elementos de conexão com o caso principal.
2026-02-16,"Rua Coronel Quirino, 899 - Cambuí",Outros,Ocorrência comum registrada pela patrulha de rotina sem elementos de conexão com o caso principal.
2026-02-19,"Rua Maria Monteiro, 534 - Cambuí",Outros,Ocorrência comum registrada pela patrulha de rotina sem elementos de conexão com o caso principal.
2026-02-23,"Avenida Albino José Barbosa de Oliveira, 361 - Barão Geraldo",Outros,Ocorrência comum registrada pela patrulha de rotina sem elementos de conexão com o caso principal.
2026-02-26,"Avenida Albino José Barbosa de Oliveira, 1476 - Barão Geraldo",Outros,Ocorrência comum registrada pela patrulha de rotina sem elementos de conexão com o caso principal.
2026-02-25,"Avenida Albino José Barbosa de Oliveira, 1430 - Barão Geraldo",Outros,Ocorrência comum registrada pela patrulha de rotina sem elementos de conexão com o caso principal.
2026-02-25,"Avenida Heitor Penteado, 1307 - Taquaral",Outros,Ocorrência comum registrada pela patrulha de rotina sem elementos de conexão com o caso principal.
2026-02-05,"Rua Coronel Quirino, 208 - Cambuí",Outros,Ocorrência comum registrada pela patrulha de rotina sem elementos de conexão com o caso principal.
2026-02-03,"Rua Maria Monteiro, 863 - Cambuí",Outros,Ocorrência comum registrada pela patrulha de rotina sem elementos de conexão com o caso principal.
2026-02-25,"Avenida Heitor Penteado, 1132 - Taquaral",Outros,Ocorrência comum registrada pela patrulha de rotina sem elementos de conexão com o caso principal.
2026-02-21,"Avenida Heitor Penteado, 1087 - Taquaral",Outros,Ocorrência comum registrada pela patrulha de rotina sem elementos de conexão com o caso principal.
2026-02-03,"Rua Maria Monteiro, 828 - Cambuí",Outros,Ocorrência comum registrada pela patrulha de rotina sem elementos de conexão com o caso principal.
2026-02-11,"Rua Maria Monteiro, 1483 - Cambuí",Outros,Ocorrência comum registrada pela patrulha de rotina sem elementos de conexão com o caso principal.
2026-02-11,"Avenida Heitor Penteado, 2546 - Taquaral",Outros,Ocorrência comum registrada pela patrulha de rotina sem elementos de conexão com o caso principal.
2026-02-28,"Avenida Albino José Barbosa de Oliveira, 854 - Barão Geraldo",Outros,Ocorrência comum registrada pela patrulha de rotina sem elementos de conexão com o caso principal.
2026-02-18,"Avenida Albino José Barbosa de Oliveira, 3245 - Barão Geraldo",Outros,Ocorrência comum registrada pela patrulha de rotina sem elementos de conexão com o caso principal.
2026-02-17,"Avenida Heitor Penteado, 84 - Taquaral",Outros,Ocorrência comum registrada pela patrulha de rotina sem elementos de conexão com o caso principal.
2026-02-16,"Avenida Heitor Penteado, 430 - Taquaral",Outros,Ocorrência comum registrada pela patrulha de rotina sem elementos de conexão com o caso principal.
2026-02-06,"Avenida Albino José Barbosa de Oliveira, 1019 - Barão Geraldo",Outros,Ocorrência comum registrada pela patrulha de rotina sem elementos de conexão com o caso principal.
2026-02-23,"Rua Maria Monteiro, 396 - Cambuí",Outros,Ocorrência comum registrada pela patrulha de rotina sem elementos de conexão com o caso principal.
2026-02-13,"Rua Coronel Quirino, 1487 - Cambuí",Outros,Ocorrência comum registrada pela patrulha de rotina sem elementos de conexão com o caso principal.
2026-02-11,"Avenida Heitor Penteado, 1722 - Taquaral",Outros,Ocorrência comum registrada pela patrulha de rotina sem elementos de conexão com o caso principal.
2026-02-11,"Avenida Heitor Penteado, 677 - Taquaral",Outros,Ocorrência comum registrada pela patrulha de rotina sem elementos de conexão com o caso principal.
2026-02-27,"Avenida Albino José Barbosa de Oliveira, 2633 - Barão Geraldo",Outros,Ocorrência comum registrada pela patrulha de rotina sem elementos de conexão com o caso principal.
2026-02-04,"Avenida Heitor Penteado, 2281 - Taquaral",Outros,Ocorrência comum registrada pela patrulha de rotina sem elementos de conexão com o caso principal.
2026-02-13,"Avenida Albino José Barbosa de Oliveira, 2035 - Barão Geraldo",Outros,Ocorrência comum registrada pela patrulha de rotina sem elementos de conexão com o caso principal.
2026-02-14,"Avenida Heitor Penteado, 612 - Taquaral",Outros,Ocorrência comum registrada pela patrulha de rotina sem elementos de conexão com o caso principal.
2026-02-15,"Avenida Albino José Barbosa de Oliveira, 1838 - Barão Geraldo",Outros,Ocorrência comum registrada pela patrulha de rotina sem elementos de conexão com o caso principal.
2026-02-21,"Avenida Heitor Penteado, 578 - Taquaral",Outros,Ocorrência comum registrada pela patrulha de rotina sem elementos de conexão com o caso principal.
2026-02-08,"Avenida Albino José Barbosa de Oliveira, 2466 - Barão Geraldo",Outros,Ocorrência comum registrada pela patrulha de rotina sem elementos de conexão com o caso principal.
2026-02-04,"Avenida Albino José Barbosa de Oliveira, 1956 - Barão Geraldo",Outros,Ocorrência comum registrada pela patrulha de rotina sem elementos de conexão com o caso principal.
2026-02-28,"Avenida Heitor Penteado, 1100 - Taquaral",Outros,Ocorrência comum registrada pela patrulha de rotina sem elementos de conexão com o caso principal.
2026-02-21,"Avenida Albino José Barbosa de Oliveira, 1201 - Barão Geraldo",Outros,Ocorrência comum registrada pela patrulha de rotina sem elementos de conexão com o caso principal.
2026-02-15,"Avenida Heitor Penteado, 1423 - Taquaral",Outros,Ocorrência comum registrada pela patrulha de rotina sem elementos de conexão com o caso principal.
2026-02-17,"Avenida Heitor Penteado, 1039 - Taquaral",Outros,Ocorrência comum registrada pela patrulha de rotina sem elementos de conexão com o caso principal.
2026-02-20,"Avenida Albino José Barbosa de Oliveira, 129 - Barão Geraldo",Outros,Ocorrência comum registrada pela patrulha de rotina sem elementos de conexão com o caso principal.
2026-02-01,"Rua Coronel Quirino, 1987 - Cambuí",Outros,Ocorrência comum registrada pela patrulha de rotina sem elementos de conexão com o caso principal.
2026-02-07,"Rua Coronel Quirino, 1309 - Cambuí",Outros,Ocorrência comum registrada pela patrulha de rotina sem elementos de conexão com o caso principal.
2026-02-17,"Avenida Heitor Penteado, 1423 - Taquaral",Outros,Ocorrência comum registrada pela patrulha de rotina sem elementos de conexão com o caso principal.
2026-02-24,"Avenida Albino José Barbosa de Oliveira, 2513 - Barão Geraldo",Outros,Ocorrência comum registrada pela patrulha de rotina sem elementos de conexão com o caso principal.
2026-02-26,"Avenida Albino José Barbosa de Oliveira, 1569 - Barão Geraldo",Outros,Ocorrência comum registrada pela patrulha de rotina sem elementos de conexão com o caso principal.
2026-02-07,"Avenida Albino José Barbosa de Oliveira, 1568 - Barão Geraldo",Outros,Ocorrência comum registrada pela patrulha de rotina sem elementos de conexão com o caso principal.
2026-02-12,"Avenida Albino José Barbosa de Oliveira, 274 - Barão Geraldo",Outros,Ocorrência comum registrada pela patrulha de rotina sem elementos de conexão com o caso principal.
2026-02-01,"Rua Maria Monteiro, 1259 - Cambuí",Outros,Ocorrência comum registrada pela patrulha de rotina sem elementos de conexão com o caso principal.
2026-02-26,"Rua Maria Monteiro, 986 - Cambuí",Outros,Ocorrência comum registrada pela patrulha de rotina sem elementos de conexão com o caso principal.
2026-02-04,"Avenida Heitor Penteado, 32 - Taquaral",Outros,Ocorrência comum registrada pela patrulha de rotina sem elementos de conexão com o caso principal.
2026-02-07,"Avenida Heitor Penteado, 1948 - Taquaral",Outros,Ocorrência comum registrada pela patrulha de rotina sem elementos de conexão com o caso principal.
2026-02-07,"Rua Maria Monteiro, 1333 - Cambuí",Outros,Ocorrência comum registrada pela patrulha de rotina sem elementos de conexão com o caso principal.
2026-02-14,"Avenida Heitor Penteado, 1248 - Taquaral",Outros,Ocorrência comum registrada pela patrulha de rotina sem elementos de conexão com o caso principal.
2026-02-25,"Rua Maria Monteiro, 54 - Cambuí",Outros,Ocorrência comum registrada pela patrulha de rotina sem elementos de conexão com o caso principal.
2026-02-06,"Avenida Heitor Penteado, 1552 - Taquaral",Outros,Ocorrência comum registrada pela patrulha de rotina sem elementos de conexão com o caso principal.
2026-02-09,"Avenida Heitor Penteado, 1319 - Taquaral",Outros,Ocorrência comum registrada pela patrulha de rotina sem elementos de conexão com o caso principal.
2026-02-02,"Rua Maria Monteiro, 586 - Cambuí",Outros,Ocorrência comum registrada pela patrulha de rotina sem elementos de conexão com o caso principal.
2026-02-10,"Avenida Heitor Penteado, 338 - Taquaral",Outros,Ocorrência comum registrada pela patrulha de rotina sem elementos de conexão com o caso principal.
2026-02-21,"Avenida Heitor Penteado, 519 - Taquaral",Outros,Ocorrência comum registrada pela patrulha de rotina sem elementos de conexão com o caso principal.
2026-02-24,"Rua Maria Monteiro, 583 - Cambuí",Outros,Ocorrência comum registrada pela patrulha de rotina sem elementos de conexão com o caso principal.
2026-02-22,"Avenida Heitor Penteado, 2725 - Taquaral",Outros,Ocorrência comum registrada pela patrulha de rotina sem elementos de conexão com o caso principal.
2026-02-06,"Avenida Heitor Penteado, 450 - Taquaral",Outros,Ocorrência comum registrada pela patrulha de rotina sem elementos de conexão com o caso principal.
2026-02-25,"Rua Coronel Quirino, 947 - Cambuí",Outros,Ocorrência comum registrada pela patrulha de rotina sem elementos de conexão com o caso principal.
2026-02-26,"Rua Maria Monteiro, 67 - Cambuí",Outros,Ocorrência comum registrada pela patrulha de rotina sem elementos de conexão com o caso principal.
2026-02-18,"Rua Coronel Quirino, 983 - Cambuí",Outros,Ocorrência comum registrada pela patrulha de rotina sem elementos de conexão com o caso principal.
2026-02-24,"Avenida Albino José Barbosa de Oliveira, 2315 - Barão Geraldo",Outros,Ocorrência comum registrada pela patrulha de rotina sem elementos de conexão com o caso principal.
2026-02-27,"Rua Maria Monteiro, 964 - Cambuí",Outros,Ocorrência comum registrada pela patrulha de rotina sem elementos de conexão com o caso principal.
2026-02-04,"Avenida Heitor Penteado, 1840 - Taquaral",Outros,Ocorrência comum registrada pela patrulha de rotina sem elementos de conexão com o caso principal.
2026-02-05,"Rua Maria Monteiro, 1145 - Cambuí",Outros,Ocorrência comum registrada pela patrulha de rotina sem elementos de conexão com o caso principal.
2026-02-14,"Avenida Albino José Barbosa de Oliveira, 2742 - Barão Geraldo",Outros,Ocorrência comum registrada pela patrulha de rotina sem elementos de conexão com o caso principal.
2026-02-08,"Avenida Heitor Penteado, 1517 - Taquaral",Outros,Ocorrência comum registrada pela patrulha de rotina sem elementos de conexão com o caso principal.
2026-02-26,"Avenida Heitor Penteado, 1405 - Taquaral",Outros,Ocorrência comum registrada pela patrulha de rotina sem elementos de conexão com o caso principal.
2026-02-03,"Rua Maria Monteiro, 511 - Cambuí",Outros,Ocorrência comum registrada pela patrulha de rotina sem elementos de conexão com o caso principal.
2026-02-04,"Avenida Heitor Penteado, 1415 - Taquaral",Outros,Ocorrência comum registrada pela patrulha de rotina sem elementos de conexão com o caso principal.
2026-02-22,"Avenida Heitor Penteado, 2074 - Taquaral",Outros,Ocorrência comum registrada pela patrulha de rotina sem elementos de conexão com o caso principal.
2026-02-03,"Avenida Albino José Barbosa de Oliveira, 2516 - Barão Geraldo",Outros,Ocorrência comum registrada pela patrulha de rotina sem elementos de conexão com o caso principal.
2026-02-13,"Rua Coronel Quirino, 458 - Cambuí",Outros,Ocorrência comum registrada pela patrulha de rotina sem elementos de conexão com o caso principal.
2026-02-04,"Avenida Albino José Barbosa de Oliveira, 1811 - Barão Geraldo",Outros,Ocorrência comum registrada pela patrulha de rotina sem elementos de conexão com o caso principal.
2026-02-17,"Rua Coronel Quirino, 1031 - Cambuí",Outros,Ocorrência comum registrada pela patrulha de rotina sem elementos de conexão com o caso principal.
2026-02-17,"Avenida Heitor Penteado, 1483 - Taquaral",Outros,Ocorrência comum registrada pela patrulha de rotina sem elementos de conexão com o caso principal.
2026-02-18,"Avenida Albino José Barbosa de Oliveira, 1450 - Barão Geraldo",Outros,Ocorrência comum registrada pela patrulha de rotina sem elementos de conexão com o caso principal.
2026-02-04,"Avenida Albino José Barbosa de Oliveira, 1777 - Barão Geraldo",Outros,Ocorrência comum registrada pela patrulha de rotina sem elementos de conexão com o caso principal.
2026-02-18,"Avenida Albino José Barbosa de Oliveira, 303 - Barão Geraldo",Outros,Ocorrência comum registrada pela patrulha de rotina sem elementos de conexão com o caso principal.
2026-02-06,"Avenida Albino José Barbosa de Oliveira, 1785 - Barão Geraldo",Outros,Ocorrência comum registrada pela patrulha de rotina sem elementos de conexão com o caso principal.
2026-02-13,"Avenida Albino José Barbosa de Oliveira, 2813 - Barão Geraldo",Outros,Ocorrência comum registrada pela patrulha de rotina sem elementos de conexão com o caso principal.
2026-02-03,"Avenida Heitor Penteado, 2251 - Taquaral",Outros,Ocorrência comum registrada pela patrulha de rotina sem elementos de conexão com o caso principal.
2026-02-07,"Avenida Albino José Barbosa de Oliveira, 1774 - Barão Geraldo",Outros,Ocorrência comum registrada pela patrulha de rotina sem elementos de conexão com o caso principal.
2026-02-22,"Avenida Heitor Penteado, 1263 - Taquaral",Outros,Ocorrência comum registrada pela patrulha de rotina sem elementos de conexão com o caso principal.
2026-02-01,"Avenida Albino José Barbosa de Oliveira, 3410 - Barão Geraldo",Outros,Ocorrência comum registrada pela patrulha de rotina sem elementos de conexão com o caso principal.
2026-02-27,"Avenida Heitor Penteado, 561 - Taquaral",Outros,Ocorrência comum registrada pela patrulha de rotina sem elementos de conexão com o caso principal.
2026-02-21,"Rua Maria Monteiro, 1107 - Cambuí",Outros,Ocorrência comum registrada pela patrulha de rotina sem elementos de conexão com o caso principal.
2026-02-20,"Avenida Heitor Penteado, 2579 - Taquaral",Outros,Ocorrência comum registrada pela patrulha de rotina sem elementos de conexão com o caso principal.
2026-02-23,"Rua Maria Monteiro, 40 - Cambuí",Outros,Ocorrência comum registrada pela patrulha de rotina sem elementos de conexão com o caso principal.
2026-02-27,"Rua Coronel Quirino, 809 - Cambuí",Outros,Ocorrência comum registrada pela patrulha de rotina sem elementos de conexão com o caso principal.
2026-02-01,"Rua Maria Monteiro, 696 - Cambuí",Outros,Ocorrência comum registrada pela patrulha de rotina sem elementos de conexão com o caso principal.
2026-02-05,"Avenida Heitor Penteado, 2952 - Taquaral",Outros,Ocorrência comum registrada pela patrulha de rotina sem elementos de conexão com o caso principal.
2026-02-01,"Avenida Heitor Penteado, 1280 - Taquaral",Outros,Ocorrência comum registrada pela patrulha de rotina sem elementos de conexão com o caso principal.
2026-02-12,"Rua Maria Monteiro, 339 - Cambuí",Outros,Ocorrência comum registrada pela patrulha de rotina sem elementos de conexão com o caso principal.
2026-02-24,"Avenida Albino José Barbosa de Oliveira, 1521 - Barão Geraldo",Outros,Ocorrência comum registrada pela patrulha de rotina sem elementos de conexão com o caso principal.
2026-02-12,"Rua Coronel Quirino, 913 - Cambuí",Outros,Ocorrência comum registrada pela patrulha de rotina sem elementos de conexão com o caso principal.
2026-02-10,"Rua Maria Monteiro, 567 - Cambuí",Outros,Ocorrência comum registrada pela patrulha de rotina sem elementos de conexão com o caso principal.
2026-02-10,"Avenida Heitor Penteado, 1438 - Taquaral",Outros,Ocorrência comum registrada pela patrulha de rotina sem elementos de conexão com o caso principal.
2026-02-22,"Avenida Heitor Penteado, 1698 - Taquaral",Outros,Ocorrência comum registrada pela patrulha de rotina sem elementos de conexão com o caso principal.
2026-02-15,"Rua Maria Monteiro, 189 - Cambuí",Outros,Ocorrência comum registrada pela patrulha de rotina sem elementos de conexão com o caso principal.
2026-02-23,"Rua Coronel Quirino, 1788 - Cambuí",Outros,Ocorrência comum registrada pela patrulha de rotina sem elementos de conexão com o caso principal.
2026-02-20,"Avenida Heitor Penteado, 221 - Taquaral",Outros,Ocorrência comum registrada pela patrulha de rotina sem elementos de conexão com o caso principal.
2026-02-02,"Avenida Albino José Barbosa de Oliveira, 251 - Barão Geraldo",Outros,Ocorrência comum registrada pela patrulha de rotina sem elementos de conexão com o caso principal.
2026-02-21,"Avenida Albino José Barbosa de Oliveira, 58 - Barão Geraldo",Outros,Ocorrência comum registrada pela patrulha de rotina sem elementos de conexão com o caso principal.
2026-02-20,"Avenida Heitor Penteado, 2155 - Taquaral",Outros,Ocorrência comum registrada pela patrulha de rotina sem elementos de conexão com o caso principal.
2026-02-02,"Avenida Heitor Penteado, 470 - Taquaral",Outros,Ocorrência comum registrada pela patrulha de rotina sem elementos de conexão com o caso principal.
2026-02-04,"Avenida Albino José Barbosa de Oliveira, 114 - Barão Geraldo",Outros,Ocorrência comum registrada pela patrulha de rotina sem elementos de conexão com o caso principal.
2026-02-08,"Avenida Heitor Penteado, 281 - Taquaral",Outros,Ocorrência comum registrada pela patrulha de rotina sem elementos de conexão com o caso principal.
2026-02-12,"Avenida Albino José Barbosa de Oliveira, 3017 - Barão Geraldo",Outros,Ocorrência comum registrada pela patrulha de rotina sem elementos de conexão com o caso principal.
2026-02-25,"Avenida Albino José Barbosa de Oliveira, 405 - Barão Geraldo",Outros,Ocorrência comum registrada pela patrulha de rotina sem elementos de conexão com o caso principal.
2026-02-18,"Avenida Albino José Barbosa de Oliveira, 2650 - Barão Geraldo",Outros,Ocorrência comum registrada pela patrulha de rotina sem elementos de conexão com o caso principal.
2026-02-04,"Rua Maria Monteiro, 1201 - Cambuí",Outros,Ocorrência comum registrada pela patrulha de rotina sem elementos de conexão com o caso principal.
2026-02-16,"Avenida Albino José Barbosa de Oliveira, 3299 - Barão Geraldo",Outros,Ocorrência comum registrada pela patrulha de rotina sem elementos de conexão com o caso principal.
2026-02-22,"Avenida Albino José Barbosa de Oliveira, 572 - Barão Geraldo",Outros,Ocorrência comum registrada pela patrulha de rotina sem elementos de conexão com o caso principal.
2026-02-22,"Rua Maria Monteiro, 1147 - Cambuí",Outros,Ocorrência comum registrada pela patrulha de rotina sem elementos de conexão com o caso principal.
2026-02-16,"Avenida Albino José Barbosa de Oliveira, 1582 - Barão Geraldo",Outros,Ocorrência comum registrada pela patrulha de rotina sem elementos de conexão com o caso principal.
2026-02-09,"Rua Coronel Quirino, 865 - Cambuí",Outros,Ocorrência comum registrada pela patrulha de rotina sem elementos de conexão com o caso principal.
2026-02-05,"Avenida Heitor Penteado, 645 - Taquaral",Outros,Ocorrência comum registrada pela patrulha de rotina sem elementos de conexão com o caso principal.
2026-02-28,"Avenida Heitor Penteado, 2005 - Taquaral",Outros,Ocorrência comum registrada pela patrulha de rotina sem elementos de conexão com o caso principal.
2026-02-12,"Rua Maria Monteiro, 438 - Cambuí",Outros,Ocorrência comum registrada pela patrulha de rotina sem elementos de conexão com o caso principal.
2026-02-13,"Avenida Albino José Barbosa de Oliveira, 2416 - Barão Geraldo",Outros,Ocorrência comum registrada pela patrulha de rotina sem elementos de conexão com o caso principal.
2026-02-03,"Rua Coronel Quirino, 965 - Cambuí",Outros,Ocorrência comum registrada pela patrulha de rotina sem elementos de conexão com o caso principal.
2026-02-28,"Avenida Albino José Barbosa de Oliveira, 1024 - Barão Geraldo",Outros,Ocorrência comum registrada pela patrulha de rotina sem elementos de conexão com o caso principal.
2026-02-08,"Avenida Albino José Barbosa de Oliveira, 3368 - Barão Geraldo",Outros,Ocorrência comum registrada pela patrulha de rotina sem elementos de conexão com o caso principal.
2026-02-09,"Rua Maria Monteiro, 1188 - Cambuí",Outros,Ocorrência comum registrada pela patrulha de rotina sem elementos de conexão com o caso principal.
2026-02-04,"Avenida Heitor Penteado, 2608 - Taquaral",Outros,Ocorrência comum registrada pela patrulha de rotina sem elementos de conexão com o caso principal.
2026-02-21,"Avenida Albino José Barbosa de Oliveira, 3202 - Barão Geraldo",Outros,Ocorrência comum registrada pela patrulha de rotina sem elementos de conexão com o caso principal.
2026-02-17,"Rua Coronel Quirino, 323 - Cambuí",Outros,Ocorrência comum registrada pela patrulha de rotina sem elementos de conexão com o caso principal.
2026-02-07,"Avenida Albino José Barbosa de Oliveira, 216 - Barão Geraldo",Outros,Ocorrência comum registrada pela patrulha de rotina sem elementos de conexão com o caso principal.
2026-02-26,"Rua Maria Monteiro, 1083 - Cambuí",Outros,Ocorrência comum registrada pela patrulha de rotina sem elementos de conexão com o caso principal.
2026-02-13,"Avenida Heitor Penteado, 1709 - Taquaral",Outros,Ocorrência comum registrada pela patrulha de rotina sem elementos de conexão com o caso principal.
2026-02-01,"Rua Coronel Quirino, 1382 - Cambuí",Outros,Ocorrência comum registrada pela patrulha de rotina sem elementos de conexão com o caso principal.
2026-02-17,"Rua Maria Monteiro, 646 - Cambuí",Outros,Ocorrência comum registrada pela patrulha de rotina sem elementos de conexão com o caso principal.
2026-02-28,"Avenida Heitor Penteado, 2423 - Taquaral",Outros,Ocorrência comum registrada pela patrulha de rotina sem elementos de conexão com o caso principal.
2026-02-19,"Avenida Albino José Barbosa de Oliveira, 1256 - Barão Geraldo",Outros,Ocorrência comum registrada pela patrulha de rotina sem elementos de conexão com o caso principal.
2026-02-06,"Avenida Albino José Barbosa de Oliveira, 1791 - Barão Geraldo",Outros,Ocorrência comum registrada pela patrulha de rotina sem elementos de conexão com o caso principal.
2026-02-25,"Avenida Albino José Barbosa de Oliveira, 320 - Barão Geraldo",Outros,Ocorrência comum registrada pela patrulha de rotina sem elementos de conexão com o caso principal.
2026-02-14,"Avenida Albino José Barbosa de Oliveira, 737 - Barão Geraldo",Outros,Ocorrência comum registrada pela patrulha de rotina sem elementos de conexão com o caso principal.
2026-02-15,"Rua Maria Monteiro, 361 - Cambuí",Outros,Ocorrência comum registrada pela patrulha de rotina sem elementos de conexão com o caso principal.
2026-02-24,"Avenida Heitor Penteado, 1927 - Taquaral",Outros,Ocorrência comum registrada pela patrulha de rotina sem elementos de conexão com o caso principal.
2026-02-07,"Avenida Albino José Barbosa de Oliveira, 3457 - Barão Geraldo",Outros,Ocorrência comum registrada pela patrulha de rotina sem elementos de conexão com o caso principal.
2026-02-28,"Rua Maria Monteiro, 412 - Cambuí",Outros,Ocorrência comum registrada pela patrulha de rotina sem elementos de conexão com o caso principal.
2026-02-15,"Avenida Heitor Penteado, 1224 - Taquaral",Outros,Ocorrência comum registrada pela patrulha de rotina sem elementos de conexão com o caso principal.
2026-02-19,"Avenida Heitor Penteado, 2012 - Taquaral",Outros,Ocorrência comum registrada pela patrulha de rotina sem elementos de conexão com o caso principal.
2026-02-15,"Avenida Heitor Penteado, 55 - Taquaral",Outros,Ocorrência comum registrada pela patrulha de rotina sem elementos de conexão com o caso principal.
2026-02-15,"Rua Maria Monteiro, 1221 - Cambuí",Outros,Ocorrência comum registrada pela patrulha de rotina sem elementos de conexão com o caso principal.
2026-02-24,"Rua Maria Monteiro, 665 - Cambuí",Outros,Ocorrência comum registrada pela patrulha de rotina sem elementos de conexão com o caso principal.
2026-02-06,"Rua Coronel Quirino, 1031 - Cambuí",Outros,Ocorrência comum registrada pela patrulha de rotina sem elementos de conexão com o caso principal.
2026-02-01,"Avenida Albino José Barbosa de Oliveira, 3270 - Barão Geraldo",Outros,Ocorrência comum registrada pela patrulha de rotina sem elementos de conexão com o caso principal.
2026-02-14,"Avenida Heitor Penteado, 2039 - Taquaral",Outros,Ocorrência comum registrada pela patrulha de rotina sem elementos de conexão com o caso principal.
2026-02-10,"Rua Maria Monteiro, 365 - Cambuí",Outros,Ocorrência comum registrada pela patrulha de rotina sem elementos de conexão com o caso principal.
2026-02-23,"Avenida Heitor Penteado, 26 - Taquaral",Outros,Ocorrência comum registrada pela patrulha de rotina sem elementos de conexão com o caso principal.
2026-02-19,"Avenida Heitor Penteado, 2321 - Taquaral",Outros,Ocorrência comum registrada pela patrulha de rotina sem elementos de conexão com o caso principal.
2026-02-07,"Rua Coronel Quirino, 1669 - Cambuí",Outros,Ocorrência comum registrada pela patrulha de rotina sem elementos de conexão com o caso principal.
2026-02-19,"Rua Maria Monteiro, 698 - Cambuí",Outros,Ocorrência comum registrada pela patrulha de rotina sem elementos de conexão com o caso principal.
2026-02-07,"Rua Maria Monteiro, 1254 - Cambuí",Outros,Ocorrência comum registrada pela patrulha de rotina sem elementos de conexão com o caso principal.
2026-02-01,"Avenida Albino José Barbosa de Oliveira, 845 - Barão Geraldo",Outros,Ocorrência comum registrada pela patrulha de rotina sem elementos de conexão com o caso principal.
2026-02-22,"Avenida Albino José Barbosa de Oliveira, 3414 - Barão Geraldo",Outros,Ocorrência comum registrada pela patrulha de rotina sem elementos de conexão com o caso principal.
2026-02-24,"Avenida Heitor Penteado, 1145 - Taquaral",Outros,Ocorrência comum registrada pela patrulha de rotina sem elementos de conexão com o caso principal.
2026-02-26,"Rua Maria Monteiro, 232 - Cambuí",Outros,Ocorrência comum registrada pela patrulha de rotina sem elementos de conexão com o caso principal.
2026-02-02,"Rua Maria Monteiro, 94 - Cambuí",Outros,Ocorrência comum registrada pela patrulha de rotina sem elementos de conexão com o caso principal.
2026-02-14,"Rua Maria Monteiro, 1331 - Cambuí",Outros,Ocorrência comum registrada pela patrulha de rotina sem elementos de conexão com o caso principal.
2026-02-16,"Avenida Heitor Penteado, 816 - Taquaral",Outros,Ocorrência comum registrada pela patrulha de rotina sem elementos de conexão com o caso principal.
2026-02-06,"Avenida Albino José Barbosa de Oliveira, 2380 - Barão Geraldo",Outros,Ocorrência comum registrada pela patrulha de rotina sem elementos de conexão com o caso principal.
2026-02-09,"Avenida Heitor Penteado, 2695 - Taquaral",Outros,Ocorrência comum registrada pela patrulha de rotina sem elementos de conexão com o caso principal.
2026-02-09,"Rua Coronel Quirino, 842 - Cambuí",Outros,Ocorrência comum registrada pela patrulha de rotina sem elementos de conexão com o caso principal.
2026-02-01,"Rua Maria Monteiro, 775 - Cambuí",Outros,Ocorrência comum registrada pela patrulha de rotina sem elementos de conexão com o caso principal.
2026-02-09,"Avenida Albino José Barbosa de Oliveira, 506 - Barão Geraldo",Outros,Ocorrência comum registrada pela patrulha de rotina sem elementos de conexão com o caso principal.
2026-02-26,"Avenida Heitor Penteado, 2883 - Taquaral",Outros,Ocorrência comum registrada pela patrulha de rotina sem elementos de conexão com o caso principal.
2026-02-03,"Avenida Heitor Penteado, 2022 - Taquaral",Outros,Ocorrência comum registrada pela patrulha de rotina sem elementos de conexão com o caso principal.
2026-02-25,"Rua Maria Monteiro, 161 - Cambuí",Outros,Ocorrência comum registrada pela patrulha de rotina sem elementos de conexão com o caso principal.
2026-02-11,"Avenida Albino José Barbosa de Oliveira, 1874 - Barão Geraldo",Outros,Ocorrência comum registrada pela patrulha de rotina sem elementos de conexão com o caso principal.
2026-02-18,"Avenida Heitor Penteado, 2767 - Taquaral",Outros,Ocorrência comum registrada pela patrulha de rotina sem elementos de conexão com o caso principal.
2026-02-20,"Rua Maria Monteiro, 552 - Cambuí",Outros,Ocorrência comum registrada pela patrulha de rotina sem elementos de conexão com o caso principal.
2026-02-06,"Rua Coronel Quirino, 387 - Cambuí",Outros,Ocorrência comum registrada pela patrulha de rotina sem elementos de conexão com o caso principal.
2026-02-05,"Avenida Albino José Barbosa de Oliveira, 2367 - Barão Geraldo",Outros,Ocorrência comum registrada pela patrulha de rotina sem elementos de conexão com o caso principal.
2026-02-04,"Rua Maria Monteiro, 833 - Cambuí",Outros,Ocorrência comum registrada pela patrulha de rotina sem elementos de conexão com o caso principal.
2026-02-11,"Rua Coronel Quirino, 1184 - Cambuí",Outros,Ocorrência comum registrada pela patrulha de rotina sem elementos de conexão com o caso principal.
2026-02-09,"Avenida Albino José Barbosa de Oliveira, 2714 - Barão Geraldo",Outros,Ocorrência comum registrada pela patrulha de rotina sem elementos de conexão com o caso principal.
2026-02-08,"Rua Coronel Quirino, 456 - Cambuí",Outros,Ocorrência comum registrada pela patrulha de rotina sem elementos de conexão com o caso principal.
2026-02-04,"Rua Coronel Quirino, 1920 - Cambuí",Outros,Ocorrência comum registrada pela patrulha de rotina sem elementos de conexão com o caso principal.
2026-02-22,"Rua Coronel Quirino, 1213 - Cambuí",Outros,Ocorrência comum registrada pela patrulha de rotina sem elementos de conexão com o caso principal.
2026-02-10,"Rua Coronel Quirino, 1170 - Cambuí",Outros,Ocorrência comum registrada pela patrulha de rotina sem elementos de conexão com o caso principal.
2026-02-25,"Avenida Heitor Penteado, 1527 - Taquaral",Outros,Ocorrência comum registrada pela patrulha de rotina sem elementos de conexão com o caso principal.
2026-02-21,"Avenida Albino José Barbosa de Oliveira, 1805 - Barão Geraldo",Outros,Ocorrência comum registrada pela patrulha de rotina sem elementos de conexão com o caso principal.
2026-02-26,"Avenida Heitor Penteado, 2500 - Taquaral",Outros,Ocorrência comum registrada pela patrulha de rotina sem elementos de conexão com o caso principal.
2026-02-12,"Rua Maria Monteiro, 711 - Cambuí",Outros,Ocorrência comum registrada pela patrulha de rotina sem elementos de conexão com o caso principal.
2026-02-25,"Avenida Albino José Barbosa de Oliveira, 1305 - Barão Geraldo",Outros,Ocorrência comum registrada pela patrulha de rotina sem elementos de conexão com o caso principal.
2026-02-15,"Avenida Heitor Penteado, 1295 - Taquaral",Outros,Ocorrência comum registrada pela patrulha de rotina sem elementos de conexão com o caso principal.
2026-02-22,"Rua Maria Monteiro, 323 - Cambuí",Outros,Ocorrência comum registrada pela patrulha de rotina sem elementos de conexão com o caso principal.
2026-02-28,"Avenida Albino José Barbosa de Oliveira, 2392 - Barão Geraldo",Outros,Ocorrência comum registrada pela patrulha de rotina sem elementos de conexão com o caso principal.
2026-02-14,"Rua Maria Monteiro, 1411 - Cambuí",Outros,Ocorrência comum registrada pela patrulha de rotina sem elementos de conexão com o caso principal.
2026-02-12,"Avenida Heitor Penteado, 123 - Taquaral",Outros,Ocorrência comum registrada pela patrulha de rotina sem elementos de conexão com o caso principal.
2026-02-25,"Avenida Heitor Penteado, 1308 - Taquaral",Outros,Ocorrência comum registrada pela patrulha de rotina sem elementos de conexão com o caso principal.
2026-02-03,"Rua Coronel Quirino, 505 - Cambuí",Outros,Ocorrência comum registrada pela patrulha de rotina sem elementos de conexão com o caso principal.
2026-02-07,"Avenida Albino José Barbosa de Oliveira, 1724 - Barão Geraldo",Outros,Ocorrência comum registrada pela patrulha de rotina sem elementos de conexão com o caso principal.
2026-02-02,"Avenida Heitor Penteado, 911 - Taquaral",Outros,Ocorrência comum registrada pela patrulha de rotina sem elementos de conexão com o caso principal.
2026-02-20,"Avenida Albino José Barbosa de Oliveira, 1877 - Barão Geraldo",Outros,Ocorrência comum registrada pela patrulha de rotina sem elementos de conexão com o caso principal.
2026-02-03,"Avenida Albino José Barbosa de Oliveira, 1040 - Barão Geraldo",Outros,Ocorrência comum registrada pela patrulha de rotina sem elementos de conexão com o caso principal.
2026-02-02,"Rua Maria Monteiro, 126 - Cambuí",Outros,Ocorrência comum registrada pela patrulha de rotina sem elementos de conexão com o caso principal.
2026-02-16,"Rua Maria Monteiro, 1028 - Cambuí",Outros,Ocorrência comum registrada pela patrulha de rotina sem elementos de conexão com o caso principal.
2026-02-04,"Avenida Albino José Barbosa de Oliveira, 2172 - Barão Geraldo",Outros,Ocorrência comum registrada pela patrulha de rotina sem elementos de conexão com o caso principal.
2026-02-14,"Avenida Heitor Penteado, 1668 - Taquaral",Outros,Ocorrência comum registrada pela patrulha de rotina sem elementos de conexão com o caso principal.
2026-02-03,"Avenida Heitor Penteado, 1022 - Taquaral",Outros,Ocorrência comum registrada pela patrulha de rotina sem elementos de conexão com o caso principal.
2026-02-03,"Avenida Albino José Barbosa de Oliveira, 1543 - Barão Geraldo",Outros,Ocorrência comum registrada pela patrulha de rotina sem elementos de conexão com o caso principal.
2026-02-12,"Avenida Albino José Barbosa de Oliveira, 3102 - Barão Geraldo",Outros,Ocorrência comum registrada pela patrulha de rotina sem elementos de conexão com o caso principal.
2026-02-09,"Avenida Heitor Penteado, 2133 - Taquaral",Outros,Ocorrência comum registrada pela patrulha de rotina sem elementos de conexão com o caso principal.
2026-02-15,"Avenida Heitor Penteado, 1056 - Taquaral",Outros,Ocorrência comum registrada pela patrulha de rotina sem elementos de conexão com o caso principal.
2026-02-21,"Avenida Heitor Penteado, 892 - Taquaral",Outros,Ocorrência comum registrada pela patrulha de rotina sem elementos de conexão com o caso principal.
2026-02-12,"Rua Coronel Quirino, 148 - Cambuí",Outros,Ocorrência comum registrada pela patrulha de rotina sem elementos de conexão com o caso principal.
2026-02-15,"Avenida Albino José Barbosa de Oliveira, 3049 - Barão Geraldo",Outros,Ocorrência comum registrada pela patrulha de rotina sem elementos de conexão com o caso principal.
2026-02-11,"Rua Maria Monteiro, 57 - Cambuí",Outros,Ocorrência comum registrada pela patrulha de rotina sem elementos de conexão com o caso principal.
2026-02-08,"Avenida Heitor Penteado, 2350 - Taquaral",Outros,Ocorrência comum registrada pela patrulha de rotina sem elementos de conexão com o caso principal.
2026-02-01,"Avenida Heitor Penteado, 1587 - Taquaral",Outros,Ocorrência comum registrada pela patrulha de rotina sem elementos de conexão com o caso principal.
2026-02-20,"Avenida Albino José Barbosa de Oliveira, 778 - Barão Geraldo",Outros,Ocorrência comum registrada pela patrulha de rotina sem elementos de conexão com o caso principal.
2026-02-06,"Avenida Albino José Barbosa de Oliveira, 1215 - Barão Geraldo",Outros,Ocorrência comum registrada pela patrulha de rotina sem elementos de conexão com o caso principal.
2026-02-15,"Rua Coronel Quirino, 1096 - Cambuí",Outros,Ocorrência comum registrada pela patrulha de rotina sem elementos de conexão com o caso principal.
2026-02-18,"Rua Coronel Quirino, 1741 - Cambuí",Outros,Ocorrência comum registrada pela patrulha de rotina sem elementos de conexão com o caso principal.
2026-02-22,"Avenida Heitor Penteado, 887 - Taquaral",Outros,Ocorrência comum registrada pela patrulha de rotina sem elementos de conexão com o caso principal.
2026-02-25,"Avenida Albino José Barbosa de Oliveira, 1787 - Barão Geraldo",Outros,Ocorrência comum registrada pela patrulha de rotina sem elementos de conexão com o caso principal.
2026-02-10,"Rua Coronel Quirino, 330 - Cambuí",Outros,Ocorrência comum registrada pela patrulha de rotina sem elementos de conexão com o caso principal.
2026-02-07,"Avenida Heitor Penteado, 2967 - Taquaral",Outros,Ocorrência comum registrada pela patrulha de rotina sem elementos de conexão com o caso principal.
2026-02-07,"Rua Coronel Quirino, 451 - Cambuí",Outros,Ocorrência comum registrada pela patrulha de rotina sem elementos de conexão com o caso principal.
2026-02-16,"Rua Maria Monteiro, 1444 - Cambuí",Outros,Ocorrência comum registrada pela patrulha de rotina sem elementos de conexão com o caso principal.
2026-02-18,"Avenida Albino José Barbosa de Oliveira, 1725 - Barão Geraldo",Outros,Ocorrência comum registrada pela patrulha de rotina sem elementos de conexão com o caso principal.
2026-02-26,"Rua Maria Monteiro, 600 - Cambuí",Outros,Ocorrência comum registrada pela patrulha de rotina sem elementos de conexão com o caso principal.
2026-02-27,"Avenida Albino José Barbosa de Oliveira, 3135 - Barão Geraldo",Outros,Ocorrência comum registrada pela patrulha de rotina sem elementos de conexão com o caso principal.
2026-02-22,"Rua Coronel Quirino, 1085 - Cambuí",Outros,Ocorrência comum registrada pela patrulha de rotina sem elementos de conexão com o caso principal.
2026-02-03,"Avenida Heitor Penteado, 911 - Taquaral",Outros,Ocorrência comum registrada pela patrulha de rotina sem elementos de conexão com o caso principal.
2026-02-21,"Rua Coronel Quirino, 1588 - Cambuí",Outros,Ocorrência comum registrada pela patrulha de rotina sem elementos de conexão com o caso principal.
2026-02-18,"Avenida Albino José Barbosa de Oliveira, 177 - Barão Geraldo",Outros,Ocorrência comum registrada pela patrulha de rotina sem elementos de conexão com o caso principal.
2026-02-12,"Avenida Albino José Barbosa de Oliveira, 822 - Barão Geraldo",Outros,Ocorrência comum registrada pela patrulha de rotina sem elementos de conexão com o caso principal.
2026-02-26,"Avenida Albino José Barbosa de Oliveira, 1850 - Barão Geraldo",Outros,Ocorrência comum registrada pela patrulha de rotina sem elementos de conexão com o caso principal.
2026-02-01,"Rua Maria Monteiro, 417 - Cambuí",Outros,Ocorrência comum registrada pela patrulha de rotina sem elementos de conexão com o caso principal.
2026-02-09,"Avenida Albino José Barbosa de Oliveira, 195 - Barão Geraldo",Outros,Ocorrência comum registrada pela patrulha de rotina sem elementos de conexão com o caso principal.
2026-02-20,"Avenida Heitor Penteado, 1693 - Taquaral",Outros,Ocorrência comum registrada pela patrulha de rotina sem elementos de conexão com o caso principal.
2026-02-02,"Avenida Heitor Penteado, 119 - Taquaral",Outros,Ocorrência comum registrada pela patrulha de rotina sem elementos de conexão com o caso principal.
2026-02-21,"Rua Coronel Quirino, 1084 - Cambuí",Outros,Ocorrência comum registrada pela patrulha de rotina sem elementos de conexão com o caso principal.
2026-02-08,"Avenida Albino José Barbosa de Oliveira, 1677 - Barão Geraldo",Outros,Ocorrência comum registrada pela patrulha de rotina sem elementos de conexão com o caso principal.
2026-02-20,"Avenida Heitor Penteado, 2586 - Taquaral",Outros,Ocorrência comum registrada pela patrulha de rotina sem elementos de conexão com o caso principal.
2026-02-27,"Rua Coronel Quirino, 333 - Cambuí",Outros,Ocorrência comum registrada pela patrulha de rotina sem elementos de conexão com o caso principal.
2026-02-08,"Avenida Albino José Barbosa de Oliveira, 2048 - Barão Geraldo",Outros,Ocorrência comum registrada pela patrulha de rotina sem elementos de conexão com o caso principal.
2026-02-16,"Avenida Heitor Penteado, 1380 - Taquaral",Outros,Ocorrência comum registrada pela patrulha de rotina sem elementos de conexão com o caso principal.
2026-02-04,"Avenida Albino José Barbosa de Oliveira, 2231 - Barão Geraldo",Outros,Ocorrência comum registrada pela patrulha de rotina sem elementos de conexão com o caso principal.
2026-02-14,"Avenida Albino José Barbosa de Oliveira, 2778 - Barão Geraldo",Outros,Ocorrência comum registrada pela patrulha de rotina sem elementos de conexão com o caso principal.
2026-02-01,"Rua Maria Monteiro, 1517 - Cambuí",Outros,Ocorrência comum registrada pela patrulha de rotina sem elementos de conexão com o caso principal.
2026-02-17,"Rua Coronel Quirino, 1397 - Cambuí",Outros,Ocorrência comum registrada pela patrulha de rotina sem elementos de conexão com o caso principal.
2026-02-26,"Rua Maria Monteiro, 899 - Cambuí",Outros,Ocorrência comum registrada pela patrulha de rotina sem elementos de conexão com o caso principal.
2026-02-25,"Avenida Heitor Penteado, 1682 - Taquaral",Outros,Ocorrência comum registrada pela patrulha de rotina sem elementos de conexão com o caso principal.
2026-02-12,"Avenida Albino José Barbosa de Oliveira, 247 - Barão Geraldo",Outros,Ocorrência comum registrada pela patrulha de rotina sem elementos de conexão com o caso principal.
2026-02-20,"Avenida Heitor Penteado, 2126 - Taquaral",Outros,Ocorrência comum registrada pela patrulha de rotina sem elementos de conexão com o caso principal.
2026-02-10,"Rua Maria Monteiro, 433 - Cambuí",Outros,Ocorrência comum registrada pela patrulha de rotina sem elementos de conexão com o caso principal.
2026-02-15,"Avenida Albino José Barbosa de Oliveira, 3288 - Barão Geraldo",Outros,Ocorrência comum registrada pela patrulha de rotina sem elementos de conexão com o caso principal.
2026-02-06,"Avenida Heitor Penteado, 2177 - Taquaral",Outros,Ocorrência comum registrada pela patrulha de rotina sem elementos de conexão com o caso principal.
2026-02-23,"Avenida Albino José Barbosa de Oliveira, 2005 - Barão Geraldo",Outros,Ocorrência comum registrada pela patrulha de rotina sem elementos de conexão com o caso principal.
2026-02-25,"Avenida Heitor Penteado, 1877 - Taquaral",Outros,Ocorrência comum registrada pela patrulha de rotina sem elementos de conexão com o caso principal.
2026-02-04,"Avenida Albino José Barbosa de Oliveira, 376 - Barão Geraldo",Outros,Ocorrência comum registrada pela patrulha de rotina sem elementos de conexão com o caso principal.
2026-02-24,"Avenida Heitor Penteado, 1788 - Taquaral",Outros,Ocorrência comum registrada pela patrulha de rotina sem elementos de conexão com o caso principal.
2026-02-23,"Rua Maria Monteiro, 848 - Cambuí",Outros,Ocorrência comum registrada pela patrulha de rotina sem elementos de conexão com o caso principal.
2026-02-24,"Rua Maria Monteiro, 1323 - Cambuí",Outros,Ocorrência comum registrada pela patrulha de rotina sem elementos de conexão com o caso principal.
2026-02-06,"Avenida Albino José Barbosa de Oliveira, 1596 - Barão Geraldo",Outros,Ocorrência comum registrada pela patrulha de rotina sem elementos de conexão com o caso principal.
2026-02-28,"Avenida Albino José Barbosa de Oliveira, 2522 - Barão Geraldo",Outros,Ocorrência comum registrada pela patrulha de rotina sem elementos de conexão com o caso principal.
2026-02-19,"Rua Coronel Quirino, 1077 - Cambuí",Outros,Ocorrência comum registrada pela patrulha de rotina sem elementos de conexão com o caso principal.
2026-02-16,"Avenida Albino José Barbosa de Oliveira, 654 - Barão Geraldo",Outros,Ocorrência comum registrada pela patrulha de rotina sem elementos de conexão com o caso principal.
2026-02-02,"Avenida Albino José Barbosa de Oliveira, 2580 - Barão Geraldo",Outros,Ocorrência comum registrada pela patrulha de rotina sem elementos de conexão com o caso principal.
2026-02-02,"Rua Maria Monteiro, 369 - Cambuí",Outros,Ocorrência comum registrada pela patrulha de rotina sem elementos de conexão com o caso principal.
2026-02-05,"Avenida Heitor Penteado, 2043 - Taquaral",Outros,Ocorrência comum registrada pela patrulha de rotina sem elementos de conexão com o caso principal.
2026-02-23,"Rua Maria Monteiro, 205 - Cambuí",Outros,Ocorrência comum registrada pela patrulha de rotina sem elementos de conexão com o caso principal.
2026-02-26,"Avenida Heitor Penteado, 1725 - Taquaral",Outros,Ocorrência comum registrada pela patrulha de rotina sem elementos de conexão com o caso principal.
2026-02-13,"Avenida Albino José Barbosa de Oliveira, 2862 - Barão Geraldo",Outros,Ocorrência comum registrada pela patrulha de rotina sem elementos de conexão com o caso principal.
2026-02-16,"Avenida Albino José Barbosa de Oliveira, 184 - Barão Geraldo",Outros,Ocorrência comum registrada pela patrulha de rotina sem elementos de conexão com o caso principal.
2026-02-15,"Avenida Albino José Barbosa de Oliveira, 1500 - Barão Geraldo",Outros,Ocorrência comum registrada pela patrulha de rotina sem elementos de conexão com o caso principal.
2026-02-16,"Rua Coronel Quirino, 1715 - Cambuí",Outros,Ocorrência comum registrada pela patrulha de rotina sem elementos de conexão com o caso principal.
2026-02-25,"Rua Maria Monteiro, 111 - Cambuí",Outros,Ocorrência comum registrada pela patrulha de rotina sem elementos de conexão com o caso principal.
2026-02-18,"Rua Coronel Quirino, 1225 - Cambuí",Outros,Ocorrência comum registrada pela patrulha de rotina sem elementos de conexão com o caso principal.
2026-02-12,"Avenida Albino José Barbosa de Oliveira, 282 - Barão Geraldo",Outros,Ocorrência comum registrada pela patrulha de rotina sem elementos de conexão com o caso principal.
2026-02-21,"Avenida Albino José Barbosa de Oliveira, 1988 - Barão Geraldo",Outros,Ocorrência comum registrada pela patrulha de rotina sem elementos de conexão com o caso principal.
2026-02-19,"Avenida Albino José Barbosa de Oliveira, 3032 - Barão Geraldo",Outros,Ocorrência comum registrada pela patrulha de rotina sem elementos de conexão com o caso principal.
2026-02-08,"Rua Coronel Quirino, 1262 - Cambuí",Outros,Ocorrência comum registrada pela patrulha de rotina sem elementos de conexão com o caso principal.
2026-02-01,"Avenida Albino José Barbosa de Oliveira, 2978 - Barão Geraldo",Outros,Ocorrência comum registrada pela patrulha de rotina sem elementos de conexão com o caso principal.
2026-02-21,"Avenida Heitor Penteado, 2919 - Taquaral",Outros,Ocorrência comum registrada pela patrulha de rotina sem elementos de conexão com o caso principal.
2026-02-06,"Avenida Albino José Barbosa de Oliveira, 1491 - Barão Geraldo",Outros,Ocorrência comum registrada pela patrulha de rotina sem elementos de conexão com o caso principal.
2026-02-04,"Avenida Albino José Barbosa de Oliveira, 2518 - Barão Geraldo",Outros,Ocorrência comum registrada pela patrulha de rotina sem elementos de conexão com o caso principal.
2026-02-08,"Avenida Heitor Penteado, 2072 - Taquaral",Outros,Ocorrência comum registrada pela patrulha de rotina sem elementos de conexão com o caso principal.
2026-02-03,"Avenida Heitor Penteado, 2896 - Taquaral",Outros,Ocorrência comum registrada pela patrulha de rotina sem elementos de conexão com o caso principal.
2026-02-10,"Rua Maria Monteiro, 783 - Cambuí",Outros,Ocorrência comum registrada pela patrulha de rotina sem elementos de conexão com o caso principal.
2026-02-19,"Rua Maria Monteiro, 480 - Cambuí",Outros,Ocorrência comum registrada pela patrulha de rotina sem elementos de conexão com o caso principal.
2026-02-23,"Avenida Heitor Penteado, 434 - Taquaral",Outros,Ocorrência comum registrada pela patrulha de rotina sem elementos de conexão com o caso principal.
2026-02-09,"Avenida Albino José Barbosa de Oliveira, 1513 - Barão Geraldo",Outros,Ocorrência comum registrada pela patrulha de rotina sem elementos de conexão com o caso principal.
2026-02-15,"Rua Coronel Quirino, 1415 - Cambuí",Outros,Ocorrência comum registrada pela patrulha de rotina sem elementos de conexão com o caso principal.
2026-02-03,"Avenida Heitor Penteado, 2142 - Taquaral",Outros,Ocorrência comum registrada pela patrulha de rotina sem elementos de conexão com o caso principal.
2026-02-02,"Avenida Heitor Penteado, 2600 - Taquaral",Outros,Ocorrência comum registrada pela patrulha de rotina sem elementos de conexão com o caso principal.
2026-02-06,"Avenida Heitor Penteado, 816 - Taquaral",Outros,Ocorrência comum registrada pela patrulha de rotina sem elementos de conexão com o caso principal.
2026-02-15,"Rua Coronel Quirino, 314 - Cambuí",Outros,Ocorrência comum registrada pela patrulha de rotina sem elementos de conexão com o caso principal.
2026-02-04,"Avenida Heitor Penteado, 1903 - Taquaral",Outros,Ocorrência comum registrada pela patrulha de rotina sem elementos de conexão com o caso principal.
2026-02-03,"Avenida Heitor Penteado, 2468 - Taquaral",Outros,Ocorrência comum registrada pela patrulha de rotina sem elementos de conexão com o caso principal.
2026-02-24,"Avenida Albino José Barbosa de Oliveira, 2783 - Barão Geraldo",Outros,Ocorrência comum registrada pela patrulha de rotina sem elementos de conexão com o caso principal.
2026-02-20,"Avenida Heitor Penteado, 1334 - Taquaral",Outros,Ocorrência comum registrada pela patrulha de rotina sem elementos de conexão com o caso principal.
2026-02-10,"Rua Maria Monteiro, 731 - Cambuí",Outros,Ocorrência comum registrada pela patrulha de rotina sem elementos de conexão com o caso principal.
2026-02-17,"Avenida Albino José Barbosa de Oliveira, 3428 - Barão Geraldo",Outros,Ocorrência comum registrada pela patrulha de rotina sem elementos de conexão com o caso principal.
2026-02-06,"Avenida Albino José Barbosa de Oliveira, 1896 - Barão Geraldo",Outros,Ocorrência comum registrada pela patrulha de rotina sem elementos de conexão com o caso principal.
2026-02-21,"Avenida Albino José Barbosa de Oliveira, 3106 - Barão Geraldo",Outros,Ocorrência comum registrada pela patrulha de rotina sem elementos de conexão com o caso principal.
2026-02-28,"Avenida Heitor Penteado, 2544 - Taquaral",Outros,Ocorrência comum registrada pela patrulha de rotina sem elementos de conexão com o caso principal.
2026-02-01,"Rua Maria Monteiro, 1166 - Cambuí",Outros,Ocorrência comum registrada pela patrulha de rotina sem elementos de conexão com o caso principal.
2026-02-26,"Rua Coronel Quirino, 787 - Cambuí",Outros,Ocorrência comum registrada pela patrulha de rotina sem elementos de conexão com o caso principal.
2026-02-24,"Avenida Albino José Barbosa de Oliveira, 2438 - Barão Geraldo",Outros,Ocorrência comum registrada pela patrulha de rotina sem elementos de conexão com o caso principal.
2026-02-16,"Rua Maria Monteiro, 807 - Cambuí",Outros,Ocorrência comum registrada pela patrulha de rotina sem elementos de conexão com o caso principal.
2026-02-08,"Avenida Heitor Penteado, 966 - Taquaral",Outros,Ocorrência comum registrada pela patrulha de rotina sem elementos de conexão com o caso principal.
2026-02-24,"Avenida Heitor Penteado, 2535 - Taquaral",Outros,Ocorrência comum registrada pela patrulha de rotina sem elementos de conexão com o caso principal.
2026-02-02,"Avenida Albino José Barbosa de Oliveira, 1388 - Barão Geraldo",Outros,Ocorrência comum registrada pela patrulha de rotina sem elementos de conexão com o caso principal.
2026-02-01,"Avenida Albino José Barbosa de Oliveira, 405 - Barão Geraldo",Outros,Ocorrência comum registrada pela patrulha de rotina sem elementos de conexão com o caso principal.
2026-02-19,"Avenida Albino José Barbosa de Oliveira, 2539 - Barão Geraldo",Outros,Ocorrência comum registrada pela patrulha de rotina sem elementos de conexão com o caso principal.
2026-02-20,"Rua Coronel Quirino, 1397 - Cambuí",Outros,Ocorrência comum registrada pela patrulha de rotina sem elementos de conexão com o caso principal.
2026-02-22,"Avenida Heitor Penteado, 1777 - Taquaral",Outros,Ocorrência comum registrada pela patrulha de rotina sem elementos de conexão com o caso principal.
2026-02-25,"Rua Maria Monteiro, 1442 - Cambuí",Outros,Ocorrência comum registrada pela patrulha de rotina sem elementos de conexão com o caso principal.
2026-02-26,"Avenida Albino José Barbosa de Oliveira, 2861 - Barão Geraldo",Outros,Ocorrência comum registrada pela patrulha de rotina sem elementos de conexão com o caso principal.
2026-02-26,"Avenida Heitor Penteado, 2549 - Taquaral",Outros,Ocorrência comum registrada pela patrulha de rotina sem elementos de conexão com o caso principal.
2026-02-26,"Rua Coronel Quirino, 702 - Cambuí",Outros,Ocorrência comum registrada pela patrulha de rotina sem elementos de conexão com o caso principal.
2026-02-03,"Rua Coronel Quirino, 619 - Cambuí",Outros,Ocorrência comum registrada pela patrulha de rotina sem elementos de conexão com o caso principal.
2026-02-28,"Avenida Heitor Penteado, 554 - Taquaral",Outros,Ocorrência comum registrada pela patrulha de rotina sem elementos de conexão com o caso principal.
2026-02-19,"Avenida Albino José Barbosa de Oliveira, 1152 - Barão Geraldo",Outros,Ocorrência comum registrada pela patrulha de rotina sem elementos de conexão com o caso principal.
2026-02-22,"Rua Maria Monteiro, 320 - Cambuí",Outros,Ocorrência comum registrada pela patrulha de rotina sem elementos de conexão com o caso principal.
2026-02-01,"Rua Coronel Quirino, 597 - Cambuí",Outros,Ocorrência comum registrada pela patrulha de rotina sem elementos de conexão com o caso principal.
2026-02-17,"Avenida Heitor Penteado, 444 - Taquaral",Outros,Ocorrência comum registrada pela patrulha de rotina sem elementos de conexão com o caso principal.
2026-02-15,"Avenida Heitor Penteado, 840 - Taquaral",Outros,Ocorrência comum registrada pela patrulha de rotina sem elementos de conexão com o caso principal.
2026-02-15,"Avenida Heitor Penteado, 146 - Taquaral",Outros,Ocorrência comum registrada pela patrulha de rotina sem elementos de conexão com o caso principal.
2026-02-14,"Avenida Albino José Barbosa de Oliveira, 1030 - Barão Geraldo",Outros,Ocorrência comum registrada pela patrulha de rotina sem elementos de conexão com o caso principal.
2026-02-19,"Avenida Heitor Penteado, 2525 - Taquaral",Outros,Ocorrência comum registrada pela patrulha de rotina sem elementos de conexão com o caso principal.
2026-02-04,"Rua Maria Monteiro, 544 - Cambuí",Outros,Ocorrência comum registrada pela patrulha de rotina sem elementos de conexão com o caso principal.
2026-02-20,"Avenida Albino José Barbosa de Oliveira, 2750 - Barão Geraldo",Outros,Ocorrência comum registrada pela patrulha de rotina sem elementos de conexão com o caso principal.
2026-02-20,"Rua Maria Monteiro, 857 - Cambuí",Outros,Ocorrência comum registrada pela patrulha de rotina sem elementos de conexão com o caso principal.
2026-02-01,"Avenida Heitor Penteado, 2016 - Taquaral",Outros,Ocorrência comum registrada pela patrulha de rotina sem elementos de conexão com o caso principal.
2026-02-14,"Rua Coronel Quirino, 1857 - Cambuí",Outros,Ocorrência comum registrada pela patrulha de rotina sem elementos de conexão com o caso principal.
2026-02-22,"Avenida Heitor Penteado, 711 - Taquaral",Outros,Ocorrência comum registrada pela patrulha de rotina sem elementos de conexão com o caso principal.
2026-02-04,"Avenida Albino José Barbosa de Oliveira, 1736 - Barão Geraldo",Outros,Ocorrência comum registrada pela patrulha de rotina sem elementos de conexão com o caso principal.
2026-02-16,"Avenida Albino José Barbosa de Oliveira, 2581 - Barão Geraldo",Outros,Ocorrência comum registrada pela patrulha de rotina sem elementos de conexão com o caso principal.
2026-02-28,"Avenida Heitor Penteado, 2304 - Taquaral",Outros,Ocorrência comum registrada pela patrulha de rotina sem elementos de conexão com o caso principal.
2026-02-17,"Avenida Heitor Penteado, 1868 - Taquaral",Outros,Ocorrência comum registrada pela patrulha de rotina sem elementos de conexão com o caso principal.
2026-02-04,"Rua Maria Monteiro, 656 - Cambuí",Outros,Ocorrência comum registrada pela patrulha de rotina sem elementos de conexão com o caso principal.
2026-02-05,"Rua Maria Monteiro, 983 - Cambuí",Outros,Ocorrência comum registrada pela patrulha de rotina sem elementos de conexão com o caso principal.
2026-02-18,"Avenida Heitor Penteado, 2484 - Taquaral",Outros,Ocorrência comum registrada pela patrulha de rotina sem elementos de conexão com o caso principal.
2026-02-08,"Avenida Albino José Barbosa de Oliveira, 1867 - Barão Geraldo",Outros,Ocorrência comum registrada pela patrulha de rotina sem elementos de conexão com o caso principal.
2026-02-04,"Rua Coronel Quirino, 368 - Cambuí",Outros,Ocorrência comum registrada pela patrulha de rotina sem elementos de conexão com o caso principal.
2026-02-02,"Avenida Albino José Barbosa de Oliveira, 1407 - Barão Geraldo",Outros,Ocorrência comum registrada pela patrulha de rotina sem elementos de conexão com o caso principal.
2026-02-11,"Avenida Heitor Penteado, 2831 - Taquaral",Outros,Ocorrência comum registrada pela patrulha de rotina sem elementos de conexão com o caso principal.
2026-02-14,"Rua Maria Monteiro, 35 - Cambuí",Outros,Ocorrência comum registrada pela patrulha de rotina sem elementos de conexão com o caso principal.
2026-02-04,"Avenida Albino José Barbosa de Oliveira, 3102 - Barão Geraldo",Outros,Ocorrência comum registrada pela patrulha de rotina sem elementos de conexão com o caso principal.
2026-02-16,"Avenida Heitor Penteado, 1487 - Taquaral",Outros,Ocorrência comum registrada pela patrulha de rotina sem elementos de conexão com o caso principal.
2026-02-23,"Avenida Albino José Barbosa de Oliveira, 423 - Barão Geraldo",Outros,Ocorrência comum registrada pela patrulha de rotina sem elementos de conexão com o caso principal.
2026-02-10,"Avenida Heitor Penteado, 354 - Taquaral",Outros,Ocorrência comum registrada pela patrulha de rotina sem elementos de conexão com o caso principal.
2026-02-03,"Avenida Albino José Barbosa de Oliveira, 2267 - Barão Geraldo",Outros,Ocorrência comum registrada pela patrulha de rotina sem elementos de conexão com o caso principal.
2026-02-07,"Avenida Albino José Barbosa de Oliveira, 2754 - Barão Geraldo",Outros,Ocorrência comum registrada pela patrulha de rotina sem elementos de conexão com o caso principal.
2026-02-23,"Rua Maria Monteiro, 893 - Cambuí",Outros,Ocorrência comum registrada pela patrulha de rotina sem elementos de conexão com o caso principal.
2026-02-17,"Rua Coronel Quirino, 1920 - Cambuí",Outros,Ocorrência comum registrada pela patrulha de rotina sem elementos de conexão com o caso principal.
2026-02-11,"Rua Maria Monteiro, 273 - Cambuí",Outros,Ocorrência comum registrada pela patrulha de rotina sem elementos de conexão com o caso principal.
2026-02-26,"Avenida Heitor Penteado, 1197 - Taquaral",Outros,Ocorrência comum registrada pela patrulha de rotina sem elementos de conexão com o caso principal.
2026-02-02,"Rua Maria Monteiro, 613 - Cambuí",Outros,Ocorrência comum registrada pela patrulha de rotina sem elementos de conexão com o caso principal.
2026-02-19,"Avenida Albino José Barbosa de Oliveira, 2768 - Barão Geraldo",Outros,Ocorrência comum registrada pela patrulha de rotina sem elementos de conexão com o caso principal.
2026-02-18,"Rua Coronel Quirino, 991 - Cambuí",Outros,Ocorrência comum registrada pela patrulha de rotina sem elementos de conexão com o caso principal.
2026-02-28,"Avenida Albino José Barbosa de Oliveira, 2370 - Barão Geraldo",Outros,Ocorrência comum registrada pela patrulha de rotina sem elementos de conexão com o caso principal.
2026-02-17,"Avenida Albino José Barbosa de Oliveira, 530 - Barão Geraldo",Outros,Ocorrência comum registrada pela patrulha de rotina sem elementos de conexão com o caso principal.
2026-02-18,"Avenida Heitor Penteado, 2836 - Taquaral",Outros,Ocorrência comum registrada pela patrulha de rotina sem elementos de conexão com o caso principal.
2026-02-21,"Avenida Albino José Barbosa de Oliveira, 2540 - Barão Geraldo",Outros,Ocorrência comum registrada pela patrulha de rotina sem elementos de conexão com o caso principal.
2026-02-14,"Avenida Heitor Penteado, 586 - Taquaral",Outros,Ocorrência comum registrada pela patrulha de rotina sem elementos de conexão com o caso principal.
2026-02-06,"Avenida Heitor Penteado, 796 - Taquaral",Outros,Ocorrência comum registrada pela patrulha de rotina sem elementos de conexão com o caso principal.
2026-02-17,"Avenida Albino José Barbosa de Oliveira, 437 - Barão Geraldo",Outros,Ocorrência comum registrada pela patrulha de rotina sem elementos de conexão com o caso principal.
2026-02-16,"Rua Maria Monteiro, 1198 - Cambuí",Outros,Ocorrência comum registrada pela patrulha de rotina sem elementos de conexão com o caso principal.
2026-02-22,"Rua Coronel Quirino, 872 - Cambuí",Outros,Ocorrência comum registrada pela patrulha de rotina sem elementos de conexão com o caso principal.
2026-02-04,"Rua Maria Monteiro, 963 - Cambuí",Outros,Ocorrência comum registrada pela patrulha de rotina sem elementos de conexão com o caso principal.
2026-02-18,"Rua Coronel Quirino, 626 - Cambuí",Outros,Ocorrência comum registrada pela patrulha de rotina sem elementos de conexão com o caso principal.
2026-02-27,"Avenida Albino José Barbosa de Oliveira, 531 - Barão Geraldo",Outros,Ocorrência comum registrada pela patrulha de rotina sem elementos de conexão com o caso principal.
2026-02-13,"Avenida Albino José Barbosa de Oliveira, 1493 - Barão Geraldo",Outros,Ocorrência comum registrada pela patrulha de rotina sem elementos de conexão com o caso principal.
2026-02-19,"Avenida Albino José Barbosa de Oliveira, 1058 - Barão Geraldo",Outros,Ocorrência comum registrada pela patrulha de rotina sem elementos de conexão com o caso principal.
2026-02-25,"Avenida Heitor Penteado, 948 - Taquaral",Outros,Ocorrência comum registrada pela patrulha de rotina sem elementos de conexão com o caso principal.
2026-02-04,"Avenida Heitor Penteado, 1883 - Taquaral",Outros,Ocorrência comum registrada pela patrulha de rotina sem elementos de conexão com o caso principal.
2026-02-19,"Avenida Albino José Barbosa de Oliveira, 2961 - Barão Geraldo",Outros,Ocorrência comum registrada pela patrulha de rotina sem elementos de conexão com o caso principal.
2026-02-20,"Avenida Albino José Barbosa de Oliveira, 1379 - Barão Geraldo",Outros,Ocorrência comum registrada pela patrulha de rotina sem elementos de conexão com o caso principal.
2026-02-08,"Avenida Albino José Barbosa de Oliveira, 2953 - Barão Geraldo",Outros,Ocorrência comum registrada pela patrulha de rotina sem elementos de conexão com o caso principal.
2026-02-05,"Rua Coronel Quirino, 1093 - Cambuí",Outros,Ocorrência comum registrada pela patrulha de rotina sem elementos de conexão com o caso principal.
2026-02-22,"Avenida Heitor Penteado, 2721 - Taquaral",Outros,Ocorrência comum registrada pela patrulha de rotina sem elementos de conexão com o caso principal.
2026-02-05,"Avenida Albino José Barbosa de Oliveira, 1745 - Barão Geraldo",Outros,Ocorrência comum registrada pela patrulha de rotina sem elementos de conexão com o caso principal.
2026-02-10,"Avenida Albino José Barbosa de Oliveira, 1373 - Barão Geraldo",Outros,Ocorrência comum registrada pela patrulha de rotina sem elementos de conexão com o caso principal.
2026-02-26,"Rua Coronel Quirino, 470 - Cambuí",Outros,Ocorrência comum registrada pela patrulha de rotina sem elementos de conexão com o caso principal.
2026-02-27,"Rua Coronel Quirino, 1779 - Cambuí",Outros,Ocorrência comum registrada pela patrulha de rotina sem elementos de conexão com o caso principal.
2026-02-04,"Avenida Albino José Barbosa de Oliveira, 2266 - Barão Geraldo",Outros,Ocorrência comum registrada pela patrulha de rotina sem elementos de conexão com o caso principal.
2026-02-17,"Rua Maria Monteiro, 318 - Cambuí",Outros,Ocorrência comum registrada pela patrulha de rotina sem elementos de conexão com o caso principal.
2026-02-16,"Avenida Heitor Penteado, 2199 - Taquaral",Outros,Ocorrência comum registrada pela patrulha de rotina sem elementos de conexão com o caso principal.
2026-02-14,"Avenida Albino José Barbosa de Oliveira, 3082 - Barão Geraldo",Outros,Ocorrência comum registrada pela patrulha de rotina sem elementos de conexão com o caso principal.
2026-02-26,"Avenida Albino José Barbosa de Oliveira, 3265 - Barão Geraldo",Outros,Ocorrência comum registrada pela patrulha de rotina sem elementos de conexão com o caso principal.
2026-02-23,"Avenida Heitor Penteado, 669 - Taquaral",Outros,Ocorrência comum registrada pela patrulha de rotina sem elementos de conexão com o caso principal.
2026-02-08,"Rua Coronel Quirino, 1083 - Cambuí",Outros,Ocorrência comum registrada pela patrulha de rotina sem elementos de conexão com o caso principal.
2026-02-08,"Avenida Heitor Penteado, 2134 - Taquaral",Outros,Ocorrência comum registrada pela patrulha de rotina sem elementos de conexão com o caso principal.
2026-02-10,"Avenida Albino José Barbosa de Oliveira, 1059 - Barão Geraldo",Outros,Ocorrência comum registrada pela patrulha de rotina sem elementos de conexão com o caso principal.
2026-02-09,"Avenida Albino José Barbosa de Oliveira, 1945 - Barão Geraldo",Outros,Ocorrência comum registrada pela patrulha de rotina sem elementos de conexão com o caso principal.
2026-02-28,"Avenida Albino José Barbosa de Oliveira, 2098 - Barão Geraldo",Outros,Ocorrência comum registrada pela patrulha de rotina sem elementos de conexão com o caso principal.
2026-02-16,"Avenida Heitor Penteado, 1917 - Taquaral",Outros,Ocorrência comum registrada pela patrulha de rotina sem elementos de conexão com o caso principal.
2026-02-15,"Rua Coronel Quirino, 1463 - Cambuí",Outros,Ocorrência comum registrada pela patrulha de rotina sem elementos de conexão com o caso principal.
2026-02-05,"Rua Maria Monteiro, 896 - Cambuí",Outros,Ocorrência comum registrada pela patrulha de rotina sem elementos de conexão com o caso principal.
2026-02-19,"Rua Coronel Quirino, 1074 - Cambuí",Outros,Ocorrência comum registrada pela patrulha de rotina sem elementos de conexão com o caso principal.
2026-02-21,"Avenida Heitor Penteado, 2546 - Taquaral",Outros,Ocorrência comum registrada pela patrulha de rotina sem elementos de conexão com o caso principal.
2026-02-13,"Avenida Albino José Barbosa de Oliveira, 2233 - Barão Geraldo",Outros,Ocorrência comum registrada pela patrulha de rotina sem elementos de conexão com o caso principal.
2026-02-25,"Avenida Albino José Barbosa de Oliveira, 3399 - Barão Geraldo",Outros,Ocorrência comum registrada pela patrulha de rotina sem elementos de conexão com o caso principal.
2026-02-08,"Rua Maria Monteiro, 1534 - Cambuí",Outros,Ocorrência comum registrada pela patrulha de rotina sem elementos de conexão com o caso principal.
2026-02-05,"Avenida Albino José Barbosa de Oliveira, 3109 - Barão Geraldo",Outros,Ocorrência comum registrada pela patrulha de rotina sem elementos de conexão com o caso principal.
2026-02-25,"Avenida Heitor Penteado, 246 - Taquaral",Outros,Ocorrência comum registrada pela patrulha de rotina sem elementos de conexão com o caso principal.
2026-02-28,"Avenida Albino José Barbosa de Oliveira, 2701 - Barão Geraldo",Outros,Ocorrência comum registrada pela patrulha de rotina sem elementos de conexão com o caso principal.
2026-02-09,"Avenida Heitor Penteado, 2416 - Taquaral",Outros,Ocorrência comum registrada pela patrulha de rotina sem elementos de conexão com o caso principal.
2026-02-02,"Avenida Heitor Penteado, 2465 - Taquaral",Outros,Ocorrência comum registrada pela patrulha de rotina sem elementos de conexão com o caso principal.
2026-02-18,"Rua Coronel Quirino, 151 - Cambuí",Outros,Ocorrência comum registrada pela patrulha de rotina sem elementos de conexão com o caso principal.
2026-02-11,"Avenida Albino José Barbosa de Oliveira, 1061 - Barão Geraldo",Outros,Ocorrência comum registrada pela patrulha de rotina sem elementos de conexão com o caso principal.
2026-02-24,"Rua Coronel Quirino, 853 - Cambuí",Outros,Ocorrência comum registrada pela patrulha de rotina sem elementos de conexão com o caso principal.
2026-02-14,"Avenida Heitor Penteado, 635 - Taquaral",Outros,Ocorrência comum registrada pela patrulha de rotina sem elementos de conexão com o caso principal.
2026-02-25,"Rua Maria Monteiro, 588 - Cambuí",Outros,Ocorrência comum registrada pela patrulha de rotina sem elementos de conexão com o caso principal.
2026-02-22,"Avenida Albino José Barbosa de Oliveira, 2647 - Barão Geraldo",Outros,Ocorrência comum registrada pela patrulha de rotina sem elementos de conexão com o caso principal.
2026-02-01,"Rua Coronel Quirino, 332 - Cambuí",Outros,Ocorrência comum registrada pela patrulha de rotina sem elementos de conexão com o caso principal.
2026-02-19,"Rua Coronel Quirino, 927 - Cambuí",Outros,Ocorrência comum registrada pela patrulha de rotina sem elementos de conexão com o caso principal.
2026-02-03,"Avenida Heitor Penteado, 1464 - Taquaral",Outros,Ocorrência comum registrada pela patrulha de rotina sem elementos de conexão com o caso principal.
2026-02-12,"Rua Coronel Quirino, 807 - Cambuí",Outros,Ocorrência comum registrada pela patrulha de rotina sem elementos de conexão com o caso principal.
2026-02-23,"Avenida Heitor Penteado, 2733 - Taquaral",Outros,Ocorrência comum registrada pela patrulha de rotina sem elementos de conexão com o caso principal.
2026-02-09,"Avenida Albino José Barbosa de Oliveira, 3431 - Barão Geraldo",Outros,Ocorrência comum registrada pela patrulha de rotina sem elementos de conexão com o caso principal.
2026-02-25,"Avenida Heitor Penteado, 624 - Taquaral",Outros,Ocorrência comum registrada pela patrulha de rotina sem elementos de conexão com o caso principal.
2026-02-19,"Avenida Heitor Penteado, 2474 - Taquaral",Outros,Ocorrência comum registrada pela patrulha de rotina sem elementos de conexão com o caso principal.
2026-02-28,"Rua Maria Monteiro, 971 - Cambuí",Outros,Ocorrência comum registrada pela patrulha de rotina sem elementos de conexão com o caso principal.
2026-02-27,"Avenida Heitor Penteado, 2394 - Taquaral",Outros,Ocorrência comum registrada pela patrulha de rotina sem elementos de conexão com o caso principal.
2026-02-27,"Rua Coronel Quirino, 357 - Cambuí",Outros,Ocorrência comum registrada pela patrulha de rotina sem elementos de conexão com o caso principal.
2026-02-10,"Avenida Heitor Penteado, 1009 - Taquaral",Outros,Ocorrência comum registrada pela patrulha de rotina sem elementos de conexão com o caso principal.
2026-02-20,"Avenida Heitor Penteado, 2928 - Taquaral",Outros,Ocorrência comum registrada pela patrulha de rotina sem elementos de conexão com o caso principal.
2026-02-11,"Avenida Albino José Barbosa de Oliveira, 1452 - Barão Geraldo",Outros,Ocorrência comum registrada pela patrulha de rotina sem elementos de conexão com o caso principal.
2026-02-23,"Avenida Heitor Penteado, 2995 - Taquaral",Outros,Ocorrência comum registrada pela patrulha de rotina sem elementos de conexão com o caso principal.
2026-02-22,"Avenida Heitor Penteado, 1195 - Taquaral",Outros,Ocorrência comum registrada pela patrulha de rotina sem elementos de conexão com o caso principal.
2026-02-12,"Avenida Albino José Barbosa de Oliveira, 2351 - Barão Geraldo",Outros,Ocorrência comum registrada pela patrulha de rotina sem elementos de conexão com o caso principal.
2026-02-01,"Rua Coronel Quirino, 605 - Cambuí",Outros,Ocorrência comum registrada pela patrulha de rotina sem elementos de conexão com o caso principal.
2026-02-25,"Rua Maria Monteiro, 534 - Cambuí",Outros,Ocorrência comum registrada pela patrulha de rotina sem elementos de conexão com o caso principal.
2026-02-01,"Avenida Heitor Penteado, 338 - Taquaral",Outros,Ocorrência comum registrada pela patrulha de rotina sem elementos de conexão com o caso principal.
2026-02-12,"Avenida Albino José Barbosa de Oliveira, 1341 - Barão Geraldo",Outros,Ocorrência comum registrada pela patrulha de rotina sem elementos de conexão com o caso principal.
2026-02-24,"Rua Coronel Quirino, 239 - Cambuí",Outros,Ocorrência comum registrada pela patrulha de rotina sem elementos de conexão com o caso principal.
2026-02-22,"Avenida Heitor Penteado, 1348 - Taquaral",Outros,Ocorrência comum registrada pela patrulha de rotina sem elementos de conexão com o caso principal.
2026-02-02,"Avenida Albino José Barbosa de Oliveira, 1862 - Barão Geraldo",Outros,Ocorrência comum registrada pela patrulha de rotina sem elementos de conexão com o caso principal.
2026-02-23,"Avenida Albino José Barbosa de Oliveira, 2678 - Barão Geraldo",Outros,Ocorrência comum registrada pela patrulha de rotina sem elementos de conexão com o caso principal.
2026-02-28,"Avenida Heitor Penteado, 1380 - Taquaral",Outros,Ocorrência comum registrada pela patrulha de rotina sem elementos de conexão com o caso principal.
2026-02-06,"Rua Maria Monteiro, 1478 - Cambuí",Outros,Ocorrência comum registrada pela patrulha de rotina sem elementos de conexão com o caso principal.
2026-02-17,"Avenida Albino José Barbosa de Oliveira, 41 - Barão Geraldo",Outros,Ocorrência comum registrada pela patrulha de rotina sem elementos de conexão com o caso principal.
2026-02-26,"Avenida Heitor Penteado, 165 - Taquaral",Outros,Ocorrência comum registrada pela patrulha de rotina sem elementos de conexão com o caso principal.
2026-02-17,"Avenida Heitor Penteado, 2336 - Taquaral",Outros,Ocorrência comum registrada pela patrulha de rotina sem elementos de conexão com o caso principal.
2026-02-05,"Avenida Heitor Penteado, 708 - Taquaral",Outros,Ocorrência comum registrada pela patrulha de rotina sem elementos de conexão com o caso principal.
2026-02-04,"Avenida Albino José Barbosa de Oliveira, 1528 - Barão Geraldo",Outros,Ocorrência comum registrada pela patrulha de rotina sem elementos de conexão com o caso principal.
2026-02-28,"Avenida Heitor Penteado, 667 - Taquaral",Outros,Ocorrência comum registrada pela patrulha de rotina sem elementos de conexão com o caso principal.
2026-02-21,"Avenida Heitor Penteado, 1282 - Taquaral",Outros,Ocorrência comum registrada pela patrulha de rotina sem elementos de conexão com o caso principal.
2026-02-25,"Avenida Albino José Barbosa de Oliveira, 2259 - Barão Geraldo",Outros,Ocorrência comum registrada pela patrulha de rotina sem elementos de conexão com o caso principal.
2026-02-19,"Avenida Heitor Penteado, 2966 - Taquaral",Outros,Ocorrência comum registrada pela patrulha de rotina sem elementos de conexão com o caso principal.
2026-02-16,"Avenida Heitor Penteado, 2562 - Taquaral",Outros,Ocorrência comum registrada pela patrulha de rotina sem elementos de conexão com o caso principal.
2026-02-25,"Avenida Albino José Barbosa de Oliveira, 284 - Barão Geraldo",Outros,Ocorrência comum registrada pela patrulha de rotina sem elementos de conexão com o caso principal.
2026-02-12,"Avenida Albino José Barbosa de Oliveira, 2769 - Barão Geraldo",Outros,Ocorrência comum registrada pela patrulha de rotina sem elementos de conexão com o caso principal.
2026-02-26,"Avenida Heitor Penteado, 2011 - Taquaral",Outros,Ocorrência comum registrada pela patrulha de rotina sem elementos de conexão com o caso principal.
2026-02-05,"Avenida Albino José Barbosa de Oliveira, 2333 - Barão Geraldo",Outros,Ocorrência comum registrada pela patrulha de rotina sem elementos de conexão com o caso principal.
2026-02-23,"Avenida Albino José Barbosa de Oliveira, 1378 - Barão Geraldo",Outros,Ocorrência comum registrada pela patrulha de rotina sem elementos de conexão com o caso principal.
2026-02-17,"Rua Maria Monteiro, 671 - Cambuí",Outros,Ocorrência comum registrada pela patrulha de rotina sem elementos de conexão com o caso principal.
2026-02-25,"Avenida Albino José Barbosa de Oliveira, 2090 - Barão Geraldo",Outros,Ocorrência comum registrada pela patrulha de rotina sem elementos de conexão com o caso principal.
2026-02-01,"Avenida Heitor Penteado, 576 - Taquaral",Outros,Ocorrência comum registrada pela patrulha de rotina sem elementos de conexão com o caso principal.
2026-02-13,"Avenida Heitor Penteado, 890 - Taquaral",Outros,Ocorrência comum registrada pela patrulha de rotina sem elementos de conexão com o caso principal.
2026-02-03,"Avenida Albino José Barbosa de Oliveira, 225 - Barão Geraldo",Outros,Ocorrência comum registrada pela patrulha de rotina sem elementos de conexão com o caso principal.
2026-02-11,"Avenida Heitor Penteado, 392 - Taquaral",Outros,Ocorrência comum registrada pela patrulha de rotina sem elementos de conexão com o caso principal.
2026-02-04,"Avenida Albino José Barbosa de Oliveira, 991 - Barão Geraldo",Outros,Ocorrência comum registrada pela patrulha de rotina sem elementos de conexão com o caso principal.
2026-02-06,"Avenida Heitor Penteado, 2485 - Taquaral",Outros,Ocorrência comum registrada pela patrulha de rotina sem elementos de conexão com o caso principal.
2026-02-17,"Avenida Albino José Barbosa de Oliveira, 1192 - Barão Geraldo",Outros,Ocorrência comum registrada pela patrulha de rotina sem elementos de conexão com o caso principal.
2026-02-03,"Avenida Heitor Penteado, 2383 - Taquaral",Outros,Ocorrência comum registrada pela patrulha de rotina sem elementos de conexão com o caso principal.
2026-02-02,"Avenida Albino José Barbosa de Oliveira, 1580 - Barão Geraldo",Outros,Ocorrência comum registrada pela patrulha de rotina sem elementos de conexão com o caso principal.
2026-02-24,"Avenida Albino José Barbosa de Oliveira, 1307 - Barão Geraldo",Outros,Ocorrência comum registrada pela patrulha de rotina sem elementos de conexão com o caso principal.
2026-02-05,"Avenida Heitor Penteado, 763 - Taquaral",Outros,Ocorrência comum registrada pela patrulha de rotina sem elementos de conexão com o caso principal.
2026-02-12,"Rua Coronel Quirino, 578 - Cambuí",Outros,Ocorrência comum registrada pela patrulha de rotina sem elementos de conexão com o caso principal.
2026-02-07,"Rua Coronel Quirino, 1030 - Cambuí",Outros,Ocorrência comum registrada pela patrulha de rotina sem elementos de conexão com o caso principal.
2026-02-14,"Avenida Heitor Penteado, 1387 - Taquaral",Outros,Ocorrência comum registrada pela patrulha de rotina sem elementos de conexão com o caso principal.
2026-02-23,"Avenida Albino José Barbosa de Oliveira, 2479 - Barão Geraldo",Outros,Ocorrência comum registrada pela patrulha de rotina sem elementos de conexão com o caso principal.
2026-02-13,"Avenida Albino José Barbosa de Oliveira, 2971 - Barão Geraldo",Outros,Ocorrência comum registrada pela patrulha de rotina sem elementos de conexão com o caso principal.
2026-02-07,"Rua Coronel Quirino, 1581 - Cambuí",Outros,Ocorrência comum registrada pela patrulha de rotina sem elementos de conexão com o caso principal.
2026-02-13,"Avenida Heitor Penteado, 1294 - Taquaral",Outros,Ocorrência comum registrada pela patrulha de rotina sem elementos de conexão com o caso principal.
2026-02-04,"Rua Coronel Quirino, 611 - Cambuí",Outros,Ocorrência comum registrada pela patrulha de rotina sem elementos de conexão com o caso principal.
2026-02-16,"Avenida Albino José Barbosa de Oliveira, 3289 - Barão Geraldo",Outros,Ocorrência comum registrada pela patrulha de rotina sem elementos de conexão com o caso principal.
2026-02-18,"Avenida Albino José Barbosa de Oliveira, 48 - Barão Geraldo",Outros,Ocorrência comum registrada pela patrulha de rotina sem elementos de conexão com o caso principal.
2026-02-20,"Rua Coronel Quirino, 1754 - Cambuí",Outros,Ocorrência comum registrada pela patrulha de rotina sem elementos de conexão com o caso principal.
2026-02-21,"Rua Maria Monteiro, 752 - Cambuí",Outros,Ocorrência comum registrada pela patrulha de rotina sem elementos de conexão com o caso principal.
2026-02-26,"Avenida Albino José Barbosa de Oliveira, 949 - Barão Geraldo",Outros,Ocorrência comum registrada pela patrulha de rotina sem elementos de conexão com o caso principal.
2026-02-27,"Avenida Albino José Barbosa de Oliveira, 949 - Barão Geraldo",Outros,Ocorrência comum registrada pela patrulha de rotina sem elementos de conexão com o caso principal.
2026-02-23,"Rua Maria Monteiro, 598 - Cambuí",Outros,Ocorrência comum registrada pela patrulha de rotina sem elementos de conexão com o caso principal.
2026-02-18,"Rua Coronel Quirino, 483 - Cambuí",Outros,Ocorrência comum registrada pela patrulha de rotina sem elementos de conexão com o caso principal.
2026-02-13,"Avenida Albino José Barbosa de Oliveira, 2933 - Barão Geraldo",Outros,Ocorrência comum registrada pela patrulha de rotina sem elementos de conexão com o caso principal.
2026-02-15,"Rua Maria Monteiro, 120 - Cambuí",Outros,Ocorrência comum registrada pela patrulha de rotina sem elementos de conexão com o caso principal.
2026-02-04,"Avenida Albino José Barbosa de Oliveira, 1189 - Barão Geraldo",Outros,Ocorrência comum registrada pela patrulha de rotina sem elementos de conexão com o caso principal.
2026-02-25,"Avenida Albino José Barbosa de Oliveira, 785 - Barão Geraldo",Outros,Ocorrência comum registrada pela patrulha de rotina sem elementos de conexão com o caso principal.
2026-02-13,"Rua Maria Monteiro, 757 - Cambuí",Outros,Ocorrência comum registrada pela patrulha de rotina sem elementos de conexão com o caso principal.
2026-02-05,"Rua Maria Monteiro, 717 - Cambuí",Outros,Ocorrência comum registrada pela patrulha de rotina sem elementos de conexão com o caso principal.
2026-02-05,"Avenida Albino José Barbosa de Oliveira, 692 - Barão Geraldo",Outros,Ocorrência comum registrada pela patrulha de rotina sem elementos de conexão com o caso principal.
2026-02-15,"Rua Maria Monteiro, 1020 - Cambuí",Outros,Ocorrência comum registrada pela patrulha de rotina sem elementos de conexão com o caso principal.
2026-02-01,"Avenida Albino José Barbosa de Oliveira, 1760 - Barão Geraldo",Outros,Ocorrência comum registrada pela patrulha de rotina sem elementos de conexão com o caso principal.
2026-02-05,"Avenida Albino José Barbosa de Oliveira, 1492 - Barão Geraldo",Outros,Ocorrência comum registrada pela patrulha de rotina sem elementos de conexão com o caso principal.
2026-02-03,"Rua Maria Monteiro, 1167 - Cambuí",Outros,Ocorrência comum registrada pela patrulha de rotina sem elementos de conexão com o caso principal.
2026-02-10,"Rua Maria Monteiro, 115 - Cambuí",Outros,Ocorrência comum registrada pela patrulha de rotina sem elementos de conexão com o caso principal.
2026-02-18,"Avenida Albino José Barbosa de Oliveira, 1355 - Barão Geraldo",Outros,Ocorrência comum registrada pela patrulha de rotina sem elementos de conexão com o caso principal.
2026-02-06,"Avenida Albino José Barbosa de Oliveira, 2689 - Barão Geraldo",Outros,Ocorrência comum registrada pela patrulha de rotina sem elementos de conexão com o caso principal.
2026-02-02,"Avenida Heitor Penteado, 301 - Taquaral",Outros,Ocorrência comum registrada pela patrulha de rotina sem elementos de conexão com o caso principal.
2026-02-07,"Rua Maria Monteiro, 84 - Cambuí",Outros,Ocorrência comum registrada pela patrulha de rotina sem elementos de conexão com o caso principal.
2026-02-04,"Avenida Heitor Penteado, 1025 - Taquaral",Outros,Ocorrência comum registrada pela patrulha de rotina sem elementos de conexão com o caso principal.
2026-02-22,"Avenida Heitor Penteado, 2163 - Taquaral",Outros,Ocorrência comum registrada pela patrulha de rotina sem elementos de conexão com o caso principal.
2026-02-23,"Avenida Albino José Barbosa de Oliveira, 3169 - Barão Geraldo",Outros,Ocorrência comum registrada pela patrulha de rotina sem elementos de conexão com o caso principal.
2026-02-22,"Avenida Albino José Barbosa de Oliveira, 1352 - Barão Geraldo",Outros,Ocorrência comum registrada pela patrulha de rotina sem elementos de conexão com o caso principal.
2026-02-12,"Avenida Heitor Penteado, 2716 - Taquaral",Outros,Ocorrência comum registrada pela patrulha de rotina sem elementos de conexão com o caso principal.
2026-02-23,"Avenida Heitor Penteado, 2192 - Taquaral",Outros,Ocorrência comum registrada pela patrulha de rotina sem elementos de conexão com o caso principal.
2026-02-22,"Avenida Heitor Penteado, 2790 - Taquaral",Outros,Ocorrência comum registrada pela patrulha de rotina sem elementos de conexão com o caso principal.
2026-02-09,"Avenida Albino José Barbosa de Oliveira, 1190 - Barão Geraldo",Outros,Ocorrência comum registrada pela patrulha de rotina sem elementos de conexão com o caso principal.
2026-02-20,"Rua Coronel Quirino, 1564 - Cambuí",Outros,Ocorrência comum registrada pela patrulha de rotina sem elementos de conexão com o caso principal.
2026-02-10,"Rua Maria Monteiro, 1597 - Cambuí",Outros,Ocorrência comum registrada pela patrulha de rotina sem elementos de conexão com o caso principal.
2026-02-21,"Rua Maria Monteiro, 232 - Cambuí",Outros,Ocorrência comum registrada pela patrulha de rotina sem elementos de conexão com o caso principal.
2026-02-21,"Rua Maria Monteiro, 532 - Cambuí",Outros,Ocorrência comum registrada pela patrulha de rotina sem elementos de conexão com o caso principal.
2026-02-12,"Avenida Albino José Barbosa de Oliveira, 77 - Barão Geraldo",Outros,Ocorrência comum registrada pela patrulha de rotina sem elementos de conexão com o caso principal.
2026-02-11,"Avenida Albino José Barbosa de Oliveira, 2889 - Barão Geraldo",Outros,Ocorrência comum registrada pela patrulha de rotina sem elementos de conexão com o caso principal.
2026-02-20,"Avenida Heitor Penteado, 1454 - Taquaral",Outros,Ocorrência comum registrada pela patrulha de rotina sem elementos de conexão com o caso principal.
2026-02-18,"Avenida Heitor Penteado, 613 - Taquaral",Outros,Ocorrência comum registrada pela patrulha de rotina sem elementos de conexão com o caso principal.
2026-02-23,"Avenida Heitor Penteado, 1538 - Taquaral",Outros,Ocorrência comum registrada pela patrulha de rotina sem elementos de conexão com o caso principal.
2026-02-22,"Avenida Heitor Penteado, 1126 - Taquaral",Outros,Ocorrência comum registrada pela patrulha de rotina sem elementos de conexão com o caso principal.
2026-02-23,"Rua Coronel Quirino, 1391 - Cambuí",Outros,Ocorrência comum registrada pela patrulha de rotina sem elementos de conexão com o caso principal.
2026-02-15,"Avenida Albino José Barbosa de Oliveira, 772 - Barão Geraldo",Outros,Ocorrência comum registrada pela patrulha de rotina sem elementos de conexão com o caso principal.
2026-02-14,"Rua Coronel Quirino, 1425 - Cambuí",Outros,Ocorrência comum registrada pela patrulha de rotina sem elementos de conexão com o caso principal.
2026-02-21,"Avenida Albino José Barbosa de Oliveira, 1317 - Barão Geraldo",Outros,Ocorrência comum registrada pela patrulha de rotina sem elementos de conexão com o caso principal.
2026-02-05,"Avenida Heitor Penteado, 1568 - Taquaral",Outros,Ocorrência comum registrada pela patrulha de rotina sem elementos de conexão com o caso principal.
2026-02-08,"Rua Coronel Quirino, 1939 - Cambuí",Outros,Ocorrência comum registrada pela patrulha de rotina sem elementos de conexão com o caso principal.
2026-02-04,"Avenida Albino José Barbosa de Oliveira, 3176 - Barão Geraldo",Outros,Ocorrência comum registrada pela patrulha de rotina sem elementos de conexão com o caso principal.
2026-02-14,"Rua Maria Monteiro, 1017 - Cambuí",Outros,Ocorrência comum registrada pela patrulha de rotina sem elementos de conexão com o caso principal.
2026-02-12,"Avenida Heitor Penteado, 1392 - Taquaral",Outros,Ocorrência comum registrada pela patrulha de rotina sem elementos de conexão com o caso principal.
2026-02-18,"Avenida Albino José Barbosa de Oliveira, 3397 - Barão Geraldo",Outros,Ocorrência comum registrada pela patrulha de rotina sem elementos de conexão com o caso principal.
2026-02-01,"Avenida Albino José Barbosa de Oliveira, 2683 - Barão Geraldo",Outros,Ocorrência comum registrada pela patrulha de rotina sem elementos de conexão com o caso principal.
2026-02-13,"Rua Coronel Quirino, 1003 - Cambuí",Outros,Ocorrência comum registrada pela patrulha de rotina sem elementos de conexão com o caso principal.
2026-02-15,"Avenida Heitor Penteado, 2042 - Taquaral",Outros,Ocorrência comum registrada pela patrulha de rotina sem elementos de conexão com o caso principal.
2026-02-22,"Rua Maria Monteiro, 829 - Cambuí",Outros,Ocorrência comum registrada pela patrulha de rotina sem elementos de conexão com o caso principal.
2026-02-16,"Avenida Heitor Penteado, 1133 - Taquaral",Outros,Ocorrência comum registrada pela patrulha de rotina sem elementos de conexão com o caso principal.
2026-02-03,"Rua Coronel Quirino, 358 - Cambuí",Outros,Ocorrência comum registrada pela patrulha de rotina sem elementos de conexão com o caso principal.
2026-02-05,"Rua Maria Monteiro, 1484 - Cambuí",Outros,Ocorrência comum registrada pela patrulha de rotina sem elementos de conexão com o caso principal.
2026-02-08,"Avenida Heitor Penteado, 2204 - Taquaral",Outros,Ocorrência comum registrada pela patrulha de rotina sem elementos de conexão com o caso principal.
2026-02-18,"Rua Coronel Quirino, 1241 - Cambuí",Outros,Ocorrência comum registrada pela patrulha de rotina sem elementos de conexão com o caso principal.
2026-02-20,"Rua Maria Monteiro, 878 - Cambuí",Outros,Ocorrência comum registrada pela patrulha de rotina sem elementos de conexão com o caso principal.
2026-02-05,"Avenida Heitor Penteado, 1663 - Taquaral",Outros,Ocorrência comum registrada pela patrulha de rotina sem elementos de conexão com o caso principal.
2026-02-03,"Rua Maria Monteiro, 513 - Cambuí",Outros,Ocorrência comum registrada pela patrulha de rotina sem elementos de conexão com o caso principal.
2026-02-16,"Avenida Heitor Penteado, 2923 - Taquaral",Outros,Ocorrência comum registrada pela patrulha de rotina sem elementos de conexão com o caso principal.
2026-02-27,"Rua Coronel Quirino, 801 - Cambuí",Outros,Ocorrência comum registrada pela patrulha de rotina sem elementos de conexão com o caso principal.
2026-02-16,"Rua Coronel Quirino, 1842 - Cambuí",Outros,Ocorrência comum registrada pela patrulha de rotina sem elementos de conexão com o caso principal.
2026-02-18,"Avenida Albino José Barbosa de Oliveira, 2526 - Barão Geraldo",Outros,Ocorrência comum registrada pela patrulha de rotina sem elementos de conexão com o caso principal.
2026-02-17,"Avenida Heitor Penteado, 447 - Taquaral",Outros,Ocorrência comum registrada pela patrulha de rotina sem elementos de conexão com o caso principal.
2026-02-11,"Avenida Heitor Penteado, 1283 - Taquaral",Outros,Ocorrência comum registrada pela patrulha de rotina sem elementos de conexão com o caso principal.
2026-02-21,"Rua Coronel Quirino, 315 - Cambuí",Outros,Ocorrência comum registrada pela patrulha de rotina sem elementos de conexão com o caso principal.
2026-02-22,"Rua Coronel Quirino, 1289 - Cambuí",Outros,Ocorrência comum registrada pela patrulha de rotina sem elementos de conexão com o caso principal.
2026-02-26,"Rua Coronel Quirino, 1152 - Cambuí",Outros,Ocorrência comum registrada pela patrulha de rotina sem elementos de conexão com o caso principal.
2026-02-23,"Rua Maria Monteiro, 537 - Cambuí",Outros,Ocorrência comum registrada pela patrulha de rotina sem elementos de conexão com o caso principal.
2026-02-06,"Avenida Albino José Barbosa de Oliveira, 59 - Barão Geraldo",Outros,Ocorrência comum registrada pela patrulha de rotina sem elementos de conexão com o caso principal.
2026-02-23,"Avenida Heitor Penteado, 1626 - Taquaral",Outros,Ocorrência comum registrada pela patrulha de rotina sem elementos de conexão com o caso principal.
2026-02-14,"Rua Coronel Quirino, 1357 - Cambuí",Outros,Ocorrência comum registrada pela patrulha de rotina sem elementos de conexão com o caso principal.
2026-02-24,"Avenida Heitor Penteado, 2668 - Taquaral",Outros,Ocorrência comum registrada pela patrulha de rotina sem elementos de conexão com o caso principal.
2026-02-18,"Avenida Heitor Penteado, 696 - Taquaral",Outros,Ocorrência comum registrada pela patrulha de rotina sem elementos de conexão com o caso principal.
2026-02-08,"Avenida Albino José Barbosa de Oliveira, 2015 - Barão Geraldo",Outros,Ocorrência comum registrada pela patrulha de rotina sem elementos de conexão com o caso principal.
2026-02-04,"Avenida Albino José Barbosa de Oliveira, 1032 - Barão Geraldo",Outros,Ocorrência comum registrada pela patrulha de rotina sem elementos de conexão com o caso principal.
2026-02-19,"Avenida Heitor Penteado, 2545 - Taquaral",Outros,Ocorrência comum registrada pela patrulha de rotina sem elementos de conexão com o caso principal.
2026-02-07,"Avenida Heitor Penteado, 99 - Taquaral",Outros,Ocorrência comum registrada pela patrulha de rotina sem elementos de conexão com o caso principal.
2026-02-02,"Rua Maria Monteiro, 448 - Cambuí",Outros,Ocorrência comum registrada pela patrulha de rotina sem elementos de conexão com o caso principal.
2026-02-14,"Avenida Albino José Barbosa de Oliveira, 131 - Barão Geraldo",Outros,Ocorrência comum registrada pela patrulha de rotina sem elementos de conexão com o caso principal.
2026-02-26,"Avenida Albino José Barbosa de Oliveira, 1581 - Barão Geraldo",Outros,Ocorrência comum registrada pela patrulha de rotina sem elementos de conexão com o caso principal.
2026-02-14,"Rua Maria Monteiro, 1308 - Cambuí",Outros,Ocorrência comum registrada pela patrulha de rotina sem elementos de conexão com o caso principal.
2026-02-14,"Avenida Heitor Penteado, 694 - Taquaral",Outros,Ocorrência comum registrada pela patrulha de rotina sem elementos de conexão com o caso principal.
2026-02-12,"Rua Coronel Quirino, 1095 - Cambuí",Outros,Ocorrência comum registrada pela patrulha de rotina sem elementos de conexão com o caso principal.
2026-02-26,"Rua Maria Monteiro, 20 - Cambuí",Outros,Ocorrência comum registrada pela patrulha de rotina sem elementos de conexão com o caso principal.
2026-02-21,"Avenida Heitor Penteado, 2168 - Taquaral",Outros,Ocorrência comum registrada pela patrulha de rotina sem elementos de conexão com o caso principal.
2026-02-23,"Rua Maria Monteiro, 486 - Cambuí",Outros,Ocorrência comum registrada pela patrulha de rotina sem elementos de conexão com o caso principal.
2026-02-16,"Avenida Heitor Penteado, 2234 - Taquaral",Outros,Ocorrência comum registrada pela patrulha de rotina sem elementos de conexão com o caso principal.
2026-02-13,"Rua Coronel Quirino, 635 - Cambuí",Outros,Ocorrência comum registrada pela patrulha de rotina sem elementos de conexão com o caso principal.
2026-02-22,"Avenida Albino José Barbosa de Oliveira, 278 - Barão Geraldo",Outros,Ocorrência comum registrada pela patrulha de rotina sem elementos de conexão com o caso principal.
2026-02-18,"Avenida Albino José Barbosa de Oliveira, 2062 - Barão Geraldo",Outros,Ocorrência comum registrada pela patrulha de rotina sem elementos de conexão com o caso principal.
2026-02-25,"Avenida Albino José Barbosa de Oliveira, 238 - Barão Geraldo",Outros,Ocorrência comum registrada pela patrulha de rotina sem elementos de conexão com o caso principal.
2026-02-20,"Avenida Heitor Penteado, 1885 - Taquaral",Outros,Ocorrência comum registrada pela patrulha de rotina sem elementos de conexão com o caso principal.
2026-02-06,"Rua Coronel Quirino, 398 - Cambuí",Outros,Ocorrência comum registrada pela patrulha de rotina sem elementos de conexão com o caso principal.
2026-02-07,"Avenida Heitor Penteado, 1788 - Taquaral",Outros,Ocorrência comum registrada pela patrulha de rotina sem elementos de conexão com o caso principal.
2026-02-17,"Avenida Albino José Barbosa de Oliveira, 2213 - Barão Geraldo",Outros,Ocorrência comum registrada pela patrulha de rotina sem elementos de conexão com o caso principal.
2026-02-03,"Rua Coronel Quirino, 958 - Cambuí",Outros,Ocorrência comum registrada pela patrulha de rotina sem elementos de conexão com o caso principal.
2026-02-17,"Rua Maria Monteiro, 1582 - Cambuí",Outros,Ocorrência comum registrada pela patrulha de rotina sem elementos de conexão com o caso principal.
2026-02-15,"Avenida Albino José Barbosa de Oliveira, 2287 - Barão Geraldo",Outros,Ocorrência comum registrada pela patrulha de rotina sem elementos de conexão com o caso principal.
2026-02-17,"Avenida Albino José Barbosa de Oliveira, 299 - Barão Geraldo",Outros,Ocorrência comum registrada pela patrulha de rotina sem elementos de conexão com o caso principal.
2026-02-19,"Avenida Heitor Penteado, 228 - Taquaral",Outros,Ocorrência comum registrada pela patrulha de rotina sem elementos de conexão com o caso principal.
2026-02-03,"Avenida Heitor Penteado, 1977 - Taquaral",Outros,Ocorrência comum registrada pela patrulha de rotina sem elementos de conexão com o caso principal.
2026-02-02,"Avenida Heitor Penteado, 1295 - Taquaral",Outros,Ocorrência comum registrada pela patrulha de rotina sem elementos de conexão com o caso principal.
2026-02-14,"Rua Maria Monteiro, 274 - Cambuí",Outros,Ocorrência comum registrada pela patrulha de rotina sem elementos de conexão com o caso principal.
2026-02-16,"Avenida Heitor Penteado, 1966 - Taquaral",Outros,Ocorrência comum registrada pela patrulha de rotina sem elementos de conexão com o caso principal.
2026-02-14,"Avenida Albino José Barbosa de Oliveira, 162 - Barão Geraldo",Outros,Ocorrência comum registrada pela patrulha de rotina sem elementos de conexão com o caso principal.
2026-02-20,"Avenida Albino José Barbosa de Oliveira, 1281 - Barão Geraldo",Outros,Ocorrência comum registrada pela patrulha de rotina sem elementos de conexão com o caso principal.
2026-02-25,"Rua Coronel Quirino, 629 - Cambuí",Outros,Ocorrência comum registrada pela patrulha de rotina sem elementos de conexão com o caso principal.
2026-02-08,"Rua Maria Monteiro, 1173 - Cambuí",Outros,Ocorrência comum registrada pela patrulha de rotina sem elementos de conexão com o caso principal.
2026-02-04,"Rua Coronel Quirino, 825 - Cambuí",Outros,Ocorrência comum registrada pela patrulha de rotina sem elementos de conexão com o caso principal.
2026-02-26,"Avenida Heitor Penteado, 1796 - Taquaral",Outros,Ocorrência comum registrada pela patrulha de rotina sem elementos de conexão com o caso principal.
2026-02-26,"Rua Maria Monteiro, 559 - Cambuí",Outros,Ocorrência comum registrada pela patrulha de rotina sem elementos de conexão com o caso principal.
2026-02-22,"Avenida Heitor Penteado, 2230 - Taquaral",Outros,Ocorrência comum registrada pela patrulha de rotina sem elementos de conexão com o caso principal.
2026-02-19,"Avenida Albino José Barbosa de Oliveira, 1832 - Barão Geraldo",Outros,Ocorrência comum registrada pela patrulha de rotina sem elementos de conexão com o caso principal.
2026-02-12,"Avenida Albino José Barbosa de Oliveira, 1937 - Barão Geraldo",Outros,Ocorrência comum registrada pela patrulha de rotina sem elementos de conexão com o caso principal.
2026-02-26,"Avenida Heitor Penteado, 2604 - Taquaral",Outros,Ocorrência comum registrada pela patrulha de rotina sem elementos de conexão com o caso principal.
2026-02-18,"Rua Coronel Quirino, 535 - Cambuí",Outros,Ocorrência comum registrada pela patrulha de rotina sem elementos de conexão com o caso principal.
2026-02-08,"Avenida Heitor Penteado, 1998 - Taquaral",Outros,Ocorrência comum registrada pela patrulha de rotina sem elementos de conexão com o caso principal.
2026-02-15,"Avenida Heitor Penteado, 474 - Taquaral",Outros,Ocorrência comum registrada pela patrulha de rotina sem elementos de conexão com o caso principal.
2026-02-01,"Avenida Heitor Penteado, 2696 - Taquaral",Outros,Ocorrência comum registrada pela patrulha de rotina sem elementos de conexão com o caso principal.
2026-02-16,"Avenida Heitor Penteado, 2972 - Taquaral",Outros,Ocorrência comum registrada pela patrulha de rotina sem elementos de conexão com o caso principal.
2026-02-14,"Rua Coronel Quirino, 1760 - Cambuí",Outros,Ocorrência comum registrada pela patrulha de rotina sem elementos de conexão com o caso principal.
2026-02-12,"Avenida Albino José Barbosa de Oliveira, 1812 - Barão Geraldo",Outros,Ocorrência comum registrada pela patrulha de rotina sem elementos de conexão com o caso principal.
2026-02-20,"Avenida Albino José Barbosa de Oliveira, 3101 - Barão Geraldo",Outros,Ocorrência comum registrada pela patrulha de rotina sem elementos de conexão com o caso principal.
2026-02-01,"Avenida Heitor Penteado, 2169 - Taquaral",Outros,Ocorrência comum registrada pela patrulha de rotina sem elementos de conexão com o caso principal.
2026-02-06,"Avenida Albino José Barbosa de Oliveira, 1445 - Barão Geraldo",Outros,Ocorrência comum registrada pela patrulha de rotina sem elementos de conexão com o caso principal.
2026-02-05,"Rua Maria Monteiro, 247 - Cambuí",Outros,Ocorrência comum registrada pela patrulha de rotina sem elementos de conexão com o caso principal.
2026-02-12,"Rua Coronel Quirino, 911 - Cambuí",Outros,Ocorrência comum registrada pela patrulha de rotina sem elementos de conexão com o caso principal.
2026-02-18,"Avenida Albino José Barbosa de Oliveira, 406 - Barão Geraldo",Outros,Ocorrência comum registrada pela patrulha de rotina sem elementos de conexão com o caso principal.
2026-02-12,"Avenida Heitor Penteado, 640 - Taquaral",Outros,Ocorrência comum registrada pela patrulha de rotina sem elementos de conexão com o caso principal.
2026-02-10,"Avenida Albino José Barbosa de Oliveira, 3360 - Barão Geraldo",Outros,Ocorrência comum registrada pela patrulha de rotina sem elementos de conexão com o caso principal.
2026-02-13,"Avenida Albino José Barbosa de Oliveira, 2708 - Barão Geraldo",Outros,Ocorrência comum registrada pela patrulha de rotina sem elementos de conexão com o caso principal.
2026-02-22,"Avenida Heitor Penteado, 731 - Taquaral",Outros,Ocorrência comum registrada pela patrulha de rotina sem elementos de conexão com o caso principal.
2026-02-12,"Avenida Albino José Barbosa de Oliveira, 522 - Barão Geraldo",Outros,Ocorrência comum registrada pela patrulha de rotina sem elementos de conexão com o caso principal.
2026-02-23,"Avenida Heitor Penteado, 582 - Taquaral",Outros,Ocorrência comum registrada pela patrulha de rotina sem elementos de conexão com o caso principal.
2026-02-13,"Avenida Albino José Barbosa de Oliveira, 985 - Barão Geraldo",Outros,Ocorrência comum registrada pela patrulha de rotina sem elementos de conexão com o caso principal.
2026-02-27,"Rua Maria Monteiro, 1111 - Cambuí",Outros,Ocorrência comum registrada pela patrulha de rotina sem elementos de conexão com o caso principal.
2026-02-21,"Avenida Heitor Penteado, 146 - Taquaral",Outros,Ocorrência comum registrada pela patrulha de rotina sem elementos de conexão com o caso principal.
2026-02-26,"Rua Coronel Quirino, 1522 - Cambuí",Outros,Ocorrência comum registrada pela patrulha de rotina sem elementos de conexão com o caso principal.
2026-02-05,"Avenida Heitor Penteado, 411 - Taquaral",Outros,Ocorrência comum registrada pela patrulha de rotina sem elementos de conexão com o caso principal.
2026-02-02,"Avenida Albino José Barbosa de Oliveira, 2753 - Barão Geraldo",Outros,Ocorrência comum registrada pela patrulha de rotina sem elementos de conexão com o caso principal.
2026-02-07,"Avenida Heitor Penteado, 303 - Taquaral",Outros,Ocorrência comum registrada pela patrulha de rotina sem elementos de conexão com o caso principal.
2026-02-14,"Avenida Heitor Penteado, 2121 - Taquaral",Outros,Ocorrência comum registrada pela patrulha de rotina sem elementos de conexão com o caso principal.
2026-02-13,"Avenida Albino José Barbosa de Oliveira, 431 - Barão Geraldo",Outros,Ocorrência comum registrada pela patrulha de rotina sem elementos de conexão com o caso principal.
2026-02-23,"Avenida Albino José Barbosa de Oliveira, 1493 - Barão Geraldo",Outros,Ocorrência comum registrada pela patrulha de rotina sem elementos de conexão com o caso principal.
2026-02-23,"Rua Coronel Quirino, 219 - Cambuí",Outros,Ocorrência comum registrada pela patrulha de rotina sem elementos de conexão com o caso principal.
2026-02-17,"Avenida Albino José Barbosa de Oliveira, 3023 - Barão Geraldo",Outros,Ocorrência comum registrada pela patrulha de rotina sem elementos de conexão com o caso principal.
2026-02-05,"Avenida Heitor Penteado, 1623 - Taquaral",Outros,Ocorrência comum registrada pela patrulha de rotina sem elementos de conexão com o caso principal.
2026-02-25,"Avenida Albino José Barbosa de Oliveira, 3298 - Barão Geraldo",Outros,Ocorrência comum registrada pela patrulha de rotina sem elementos de conexão com o caso principal.
2026-02-24,"Avenida Heitor Penteado, 1693 - Taquaral",Outros,Ocorrência comum registrada pela patrulha de rotina sem elementos de conexão com o caso principal.
2026-02-28,"Avenida Albino José Barbosa de Oliveira, 2486 - Barão Geraldo",Outros,Ocorrência comum registrada pela patrulha de rotina sem elementos de conexão com o caso principal.
2026-02-07,"Avenida Heitor Penteado, 2066 - Taquaral",Outros,Ocorrência comum registrada pela patrulha de rotina sem elementos de conexão com o caso principal.
2026-02-26,"Avenida Heitor Penteado, 1083 - Taquaral",Outros,Ocorrência comum registrada pela patrulha de rotina sem elementos de conexão com o caso principal.
2026-02-22,"Avenida Albino José Barbosa de Oliveira, 1025 - Barão Geraldo",Outros,Ocorrência comum registrada pela patrulha de rotina sem elementos de conexão com o caso principal.
2026-02-27,"Rua Coronel Quirino, 222 - Cambuí",Outros,Ocorrência comum registrada pela patrulha de rotina sem elementos de conexão com o caso principal.
2026-02-22,"Avenida Albino José Barbosa de Oliveira, 2610 - Barão Geraldo",Outros,Ocorrência comum registrada pela patrulha de rotina sem elementos de conexão com o caso principal.
2026-02-25,"Rua Maria Monteiro, 23 - Cambuí",Outros,Ocorrência comum registrada pela patrulha de rotina sem elementos de conexão com o caso principal.
2026-02-07,"Avenida Heitor Penteado, 1997 - Taquaral",Outros,Ocorrência comum registrada pela patrulha de rotina sem elementos de conexão com o caso principal.
2026-02-05,"Avenida Heitor Penteado, 1799 - Taquaral",Outros,Ocorrência comum registrada pela patrulha de rotina sem elementos de conexão com o caso principal.
2026-02-21,"Rua Maria Monteiro, 622 - Cambuí",Outros,Ocorrência comum registrada pela patrulha de rotina sem elementos de conexão com o caso principal.
2026-02-14,"Avenida Albino José Barbosa de Oliveira, 2362 - Barão Geraldo",Outros,Ocorrência comum registrada pela patrulha de rotina sem elementos de conexão com o caso principal.
2026-02-02,"Avenida Albino José Barbosa de Oliveira, 3250 - Barão Geraldo",Outros,Ocorrência comum registrada pela patrulha de rotina sem elementos de conexão com o caso principal.
2026-02-16,"Rua Maria Monteiro, 1145 - Cambuí",Outros,Ocorrência comum registrada pela patrulha de rotina sem elementos de conexão com o caso principal.
2026-02-06,"Rua Coronel Quirino, 1265 - Cambuí",Outros,Ocorrência comum registrada pela patrulha de rotina sem elementos de conexão com o caso principal.
2026-02-23,"Avenida Albino José Barbosa de Oliveira, 1305 - Barão Geraldo",Outros,Ocorrência comum registrada pela patrulha de rotina sem elementos de conexão com o caso principal.
2026-02-27,"Avenida Albino José Barbosa de Oliveira, 516 - Barão Geraldo",Outros,Ocorrência comum registrada pela patrulha de rotina sem elementos de conexão com o caso principal.
2026-02-24,"Rua Coronel Quirino, 513 - Cambuí",Outros,Ocorrência comum registrada pela patrulha de rotina sem elementos de conexão com o caso principal.
2026-02-06,"Avenida Heitor Penteado, 2512 - Taquaral",Outros,Ocorrência comum registrada pela patrulha de rotina sem elementos de conexão com o caso principal.
2026-02-14,"Avenida Heitor Penteado, 2558 - Taquaral",Outros,Ocorrência comum registrada pela patrulha de rotina sem elementos de conexão com o caso principal.
2026-02-15,"Avenida Albino José Barbosa de Oliveira, 240 - Barão Geraldo",Outros,Ocorrência comum registrada pela patrulha de rotina sem elementos de conexão com o caso principal.
2026-02-27,"Avenida Albino José Barbosa de Oliveira, 3011 - Barão Geraldo",Outros,Ocorrência comum registrada pela patrulha de rotina sem elementos de conexão com o caso principal.
2026-02-27,"Avenida Heitor Penteado, 2048 - Taquaral",Outros,Ocorrência comum registrada pela patrulha de rotina sem elementos de conexão com o caso principal.
2026-02-24,"Avenida Albino José Barbosa de Oliveira, 2099 - Barão Geraldo",Outros,Ocorrência comum registrada pela patrulha de rotina sem elementos de conexão com o caso principal.
2026-02-28,"Avenida Albino José Barbosa de Oliveira, 1246 - Barão Geraldo",Outros,Ocorrência comum registrada pela patrulha de rotina sem elementos de conexão com o caso principal.
2026-02-10,"Rua Coronel Quirino, 1548 - Cambuí",Outros,Ocorrência comum registrada pela patrulha de rotina sem elementos de conexão com o caso principal.
2026-02-22,"Rua Coronel Quirino, 245 - Cambuí",Outros,Ocorrência comum registrada pela patrulha de rotina sem elementos de conexão com o caso principal.
2026-02-07,"Rua Coronel Quirino, 1313 - Cambuí",Outros,Ocorrência comum registrada pela patrulha de rotina sem elementos de conexão com o caso principal.
2026-02-13,"Avenida Albino José Barbosa de Oliveira, 3196 - Barão Geraldo",Outros,Ocorrência comum registrada pela patrulha de rotina sem elementos de conexão com o caso principal.
2026-02-14,"Avenida Heitor Penteado, 2569 - Taquaral",Outros,Ocorrência comum registrada pela patrulha de rotina sem elementos de conexão com o caso principal.
2026-02-17,"Rua Coronel Quirino, 1899 - Cambuí",Outros,Ocorrência comum registrada pela patrulha de rotina sem elementos de conexão com o caso principal.
2026-02-16,"Avenida Albino José Barbosa de Oliveira, 2126 - Barão Geraldo",Outros,Ocorrência comum registrada pela patrulha de rotina sem elementos de conexão com o caso principal.
2026-02-02,"Rua Maria Monteiro, 839 - Cambuí",Outros,Ocorrência comum registrada pela patrulha de rotina sem elementos de conexão com o caso principal.
2026-02-22,"Avenida Heitor Penteado, 977 - Taquaral",Outros,Ocorrência comum registrada pela patrulha de rotina sem elementos de conexão com o caso principal.
2026-02-12,"Rua Coronel Quirino, 679 - Cambuí",Outros,Ocorrência comum registrada pela patrulha de rotina sem elementos de conexão com o caso principal.
2026-02-03,"Avenida Albino José Barbosa de Oliveira, 308 - Barão Geraldo",Outros,Ocorrência comum registrada pela patrulha de rotina sem elementos de conexão com o caso principal.
2026-02-14,"Avenida Heitor Penteado, 2747 - Taquaral",Outros,Ocorrência comum registrada pela patrulha de rotina sem elementos de conexão com o caso principal.
2026-02-25,"Avenida Albino José Barbosa de Oliveira, 249 - Barão Geraldo",Outros,Ocorrência comum registrada pela patrulha de rotina sem elementos de conexão com o caso principal.
2026-02-02,"Avenida Albino José Barbosa de Oliveira, 359 - Barão Geraldo",Outros,Ocorrência comum registrada pela patrulha de rotina sem elementos de conexão com o caso principal.
2026-02-10,"Avenida Albino José Barbosa de Oliveira, 2981 - Barão Geraldo",Outros,Ocorrência comum registrada pela patrulha de rotina sem elementos de conexão com o caso principal.
2026-02-20,"Rua Coronel Quirino, 1920 - Cambuí",Outros,Ocorrência comum registrada pela patrulha de rotina sem elementos de conexão com o caso principal.
2026-02-20,"Avenida Heitor Penteado, 1561 - Taquaral",Outros,Ocorrência comum registrada pela patrulha de rotina sem elementos de conexão com o caso principal.
2026-02-14,"Rua Coronel Quirino, 257 - Cambuí",Outros,Ocorrência comum registrada pela patrulha de rotina sem elementos de conexão com o caso principal.
2026-02-27,"Rua Coronel Quirino, 917 - Cambuí",Outros,Ocorrência comum registrada pela patrulha de rotina sem elementos de conexão com o caso principal.
2026-02-08,"Avenida Heitor Penteado, 1798 - Taquaral",Outros,Ocorrência comum registrada pela patrulha de rotina sem elementos de conexão com o caso principal.
2026-02-13,"Rua Maria Monteiro, 1165 - Cambuí",Outros,Ocorrência comum registrada pela patrulha de rotina sem elementos de conexão com o caso principal.
2026-02-05,"Rua Maria Monteiro, 424 - Cambuí",Outros,Ocorrência comum registrada pela patrulha de rotina sem elementos de conexão com o caso principal.
2026-02-08,"Avenida Heitor Penteado, 2785 - Taquaral",Outros,Ocorrência comum registrada pela patrulha de rotina sem elementos de conexão com o caso principal.
2026-02-20,"Avenida Albino José Barbosa de Oliveira, 949 - Barão Geraldo",Outros,Ocorrência comum registrada pela patrulha de rotina sem elementos de conexão com o caso principal.
2026-02-27,"Avenida Albino José Barbosa de Oliveira, 2423 - Barão Geraldo",Outros,Ocorrência comum registrada pela patrulha de rotina sem elementos de conexão com o caso principal.
2026-02-09,"Avenida Albino José Barbosa de Oliveira, 2045 - Barão Geraldo",Outros,Ocorrência comum registrada pela patrulha de rotina sem elementos de conexão com o caso principal.
2026-02-04,"Rua Maria Monteiro, 1371 - Cambuí",Outros,Ocorrência comum registrada pela patrulha de rotina sem elementos de conexão com o caso principal.
2026-02-22,"Avenida Albino José Barbosa de Oliveira, 424 - Barão Geraldo",Outros,Ocorrência comum registrada pela patrulha de rotina sem elementos de conexão com o caso principal.
2026-02-11,"Avenida Heitor Penteado, 1755 - Taquaral",Outros,Ocorrência comum registrada pela patrulha de rotina sem elementos de conexão com o caso principal.
2026-02-17,"Avenida Heitor Penteado, 2081 - Taquaral",Outros,Ocorrência comum registrada pela patrulha de rotina sem elementos de conexão com o caso principal.
2026-02-09,"Rua Maria Monteiro, 843 - Cambuí",Outros,Ocorrência comum registrada pela patrulha de rotina sem elementos de conexão com o caso principal.
2026-02-19,"Avenida Albino José Barbosa de Oliveira, 857 - Barão Geraldo",Outros,Ocorrência comum registrada pela patrulha de rotina sem elementos de conexão com o caso principal.
2026-02-28,"Rua Maria Monteiro, 1088 - Cambuí",Outros,Ocorrência comum registrada pela patrulha de rotina sem elementos de conexão com o caso principal.
2026-02-13,"Rua Maria Monteiro, 564 - Cambuí",Outros,Ocorrência comum registrada pela patrulha de rotina sem elementos de conexão com o caso principal.
2026-02-21,"Avenida Heitor Penteado, 2240 - Taquaral",Outros,Ocorrência comum registrada pela patrulha de rotina sem elementos de conexão com o caso principal.
2026-02-12,"Rua Coronel Quirino, 945 - Cambuí",Outros,Ocorrência comum registrada pela patrulha de rotina sem elementos de conexão com o caso principal.
2026-02-13,"Avenida Albino José Barbosa de Oliveira, 1690 - Barão Geraldo",Outros,Ocorrência comum registrada pela patrulha de rotina sem elementos de conexão com o caso principal.
2026-02-11,"Avenida Heitor Penteado, 2508 - Taquaral",Outros,Ocorrência comum registrada pela patrulha de rotina sem elementos de conexão com o caso principal.
2026-02-23,"Rua Coronel Quirino, 937 - Cambuí",Outros,Ocorrência comum registrada pela patrulha de rotina sem elementos de conexão com o caso principal.
2026-02-21,"Avenida Albino José Barbosa de Oliveira, 313 - Barão Geraldo",Outros,Ocorrência comum registrada pela patrulha de rotina sem elementos de conexão com o caso principal.
2026-02-14,"Rua Maria Monteiro, 442 - Cambuí",Outros,Ocorrência comum registrada pela patrulha de rotina sem elementos de conexão com o caso principal.
2026-02-22,"Avenida Albino José Barbosa de Oliveira, 1600 - Barão Geraldo",Outros,Ocorrência comum registrada pela patrulha de rotina sem elementos de conexão com o caso principal.
2026-02-01,"Avenida Heitor Penteado, 843 - Taquaral",Outros,Ocorrência comum registrada pela patrulha de rotina sem elementos de conexão com o caso principal.
2026-02-11,"Avenida Heitor Penteado, 2446 - Taquaral",Outros,Ocorrência comum registrada pela patrulha de rotina sem elementos de conexão com o caso principal.
2026-02-20,"Avenida Heitor Penteado, 2668 - Taquaral",Outros,Ocorrência comum registrada pela patrulha de rotina sem elementos de conexão com o caso principal.
2026-02-06,"Rua Coronel Quirino, 1339 - Cambuí",Outros,Ocorrência comum registrada pela patrulha de rotina sem elementos de conexão com o caso principal.
2026-02-11,"Avenida Heitor Penteado, 1314 - Taquaral",Outros,Ocorrência comum registrada pela patrulha de rotina sem elementos de conexão com o caso principal.
2026-02-24,"Avenida Albino José Barbosa de Oliveira, 825 - Barão Geraldo",Outros,Ocorrência comum registrada pela patrulha de rotina sem elementos de conexão com o caso principal.
2026-02-17,"Avenida Heitor Penteado, 2318 - Taquaral",Outros,Ocorrência comum registrada pela patrulha de rotina sem elementos de conexão com o caso principal.
2026-02-11,"Avenida Albino José Barbosa de Oliveira, 1860 - Barão Geraldo",Outros,Ocorrência comum registrada pela patrulha de rotina sem elementos de conexão com o caso principal.
2026-02-01,"Avenida Albino José Barbosa de Oliveira, 672 - Barão Geraldo",Outros,Ocorrência comum registrada pela patrulha de rotina sem elementos de conexão com o caso principal.
2026-02-23,"Avenida Heitor Penteado, 458 - Taquaral",Outros,Ocorrência comum registrada pela patrulha de rotina sem elementos de conexão com o caso principal.
2026-02-01,"Avenida Heitor Penteado, 845 - Taquaral",Outros,Ocorrência comum registrada pela patrulha de rotina sem elementos de conexão com o caso principal.
2026-02-10,"Rua Coronel Quirino, 930 - Cambuí",Outros,Ocorrência comum registrada pela patrulha de rotina sem elementos de conexão com o caso principal.
2026-02-23,"Rua Coronel Quirino, 1937 - Cambuí",Outros,Ocorrência comum registrada pela patrulha de rotina sem elementos de conexão com o caso principal.
2026-02-19,"Avenida Albino José Barbosa de Oliveira, 1024 - Barão Geraldo",Outros,Ocorrência comum registrada pela patrulha de rotina sem elementos de conexão com o caso principal.
2026-02-09,"Rua Maria Monteiro, 1008 - Cambuí",Outros,Ocorrência comum registrada pela patrulha de rotina sem elementos de conexão com o caso principal.
2026-02-18,"Avenida Heitor Penteado, 911 - Taquaral",Outros,Ocorrência comum registrada pela patrulha de rotina sem elementos de conexão com o caso principal.
2026-02-17,"Avenida Heitor Penteado, 589 - Taquaral",Outros,Ocorrência comum registrada pela patrulha de rotina sem elementos de conexão com o caso principal.
2026-02-22,"Avenida Albino José Barbosa de Oliveira, 278 - Barão Geraldo",Outros,Ocorrência comum registrada pela patrulha de rotina sem elementos de conexão com o caso principal.
2026-02-27,"Avenida Albino José Barbosa de Oliveira, 848 - Barão Geraldo",Outros,Ocorrência comum registrada pela patrulha de rotina sem elementos de conexão com o caso principal.
2026-02-15,"Avenida Heitor Penteado, 956 - Taquaral",Outros,Ocorrência comum registrada pela patrulha de rotina sem elementos de conexão com o caso principal.
2026-02-25,"Rua Coronel Quirino, 1103 - Cambuí",Outros,Ocorrência comum registrada pela patrulha de rotina sem elementos de conexão com o caso principal.
2026-02-27,"Rua Maria Monteiro, 1399 - Cambuí",Outros,Ocorrência comum registrada pela patrulha de rotina sem elementos de conexão com o caso principal.
2026-02-10,"Rua Coronel Quirino, 891 - Cambuí",Outros,Ocorrência comum registrada pela patrulha de rotina sem elementos de conexão com o caso principal.
2026-02-14,"Avenida Heitor Penteado, 2258 - Taquaral",Outros,Ocorrência comum registrada pela patrulha de rotina sem elementos de conexão com o caso principal.
2026-02-02,"Rua Maria Monteiro, 1312 - Cambuí",Outros,Ocorrência comum registrada pela patrulha de rotina sem elementos de conexão com o caso principal.
2026-02-08,"Rua Coronel Quirino, 619 - Cambuí",Outros,Ocorrência comum registrada pela patrulha de rotina sem elementos de conexão com o caso principal.
2026-02-01,"Avenida Heitor Penteado, 203 - Taquaral",Outros,Ocorrência comum registrada pela patrulha de rotina sem elementos de conexão com o caso principal.
2026-02-09,"Avenida Albino José Barbosa de Oliveira, 709 - Barão Geraldo",Outros,Ocorrência comum registrada pela patrulha de rotina sem elementos de conexão com o caso principal.
2026-02-13,"Avenida Heitor Penteado, 924 - Taquaral",Outros,Ocorrência comum registrada pela patrulha de rotina sem elementos de conexão com o caso principal.
2026-02-15,"Rua Coronel Quirino, 1648 - Cambuí",Outros,Ocorrência comum registrada pela patrulha de rotina sem elementos de conexão com o caso principal.
2026-02-17,"Avenida Albino José Barbosa de Oliveira, 3007 - Barão Geraldo",Outros,Ocorrência comum registrada pela patrulha de rotina sem elementos de conexão com o caso principal.
2026-02-26,"Avenida Albino José Barbosa de Oliveira, 27 - Barão Geraldo",Outros,Ocorrência comum registrada pela patrulha de rotina sem elementos de conexão com o caso principal.
2026-02-07,"Avenida Heitor Penteado, 1221 - Taquaral",Outros,Ocorrência comum registrada pela patrulha de rotina sem elementos de conexão com o caso principal.
2026-02-24,"Avenida Heitor Penteado, 578 - Taquaral",Outros,Ocorrência comum registrada pela patrulha de rotina sem elementos de conexão com o caso principal.
2026-02-02,"Rua Maria Monteiro, 750 - Cambuí",Outros,Ocorrência comum registrada pela patrulha de rotina sem elementos de conexão com o caso principal.
2026-02-27,"Rua Maria Monteiro, 1485 - Cambuí",Outros,Ocorrência comum registrada pela patrulha de rotina sem elementos de conexão com o caso principal.
2026-02-10,"Avenida Albino José Barbosa de Oliveira, 592 - Barão Geraldo",Outros,Ocorrência comum registrada pela patrulha de rotina sem elementos de conexão com o caso principal.
2026-02-04,"Avenida Albino José Barbosa de Oliveira, 920 - Barão Geraldo",Outros,Ocorrência comum registrada pela patrulha de rotina sem elementos de conexão com o caso principal.
2026-02-27,"Avenida Albino José Barbosa de Oliveira, 1157 - Barão Geraldo",Outros,Ocorrência comum registrada pela patrulha de rotina sem elementos de conexão com o caso principal.
2026-02-14,"Avenida Heitor Penteado, 1660 - Taquaral",Outros,Ocorrência comum registrada pela patrulha de rotina sem elementos de conexão com o caso principal.
2026-02-20,"Avenida Albino José Barbosa de Oliveira, 3288 - Barão Geraldo",Outros,Ocorrência comum registrada pela patrulha de rotina sem elementos de conexão com o caso principal.
2026-02-05,"Avenida Heitor Penteado, 1304 - Taquaral",Outros,Ocorrência comum registrada pela patrulha de rotina sem elementos de conexão com o caso principal.
2026-02-13,"Rua Coronel Quirino, 1297 - Cambuí",Outros,Ocorrência comum registrada pela patrulha de rotina sem elementos de conexão com o caso principal.
2026-02-24,"Rua Coronel Quirino, 711 - Cambuí",Outros,Ocorrência comum registrada pela patrulha de rotina sem elementos de conexão com o caso principal.
2026-02-04,"Avenida Albino José Barbosa de Oliveira, 784 - Barão Geraldo",Outros,Ocorrência comum registrada pela patrulha de rotina sem elementos de conexão com o caso principal.
2026-02-21,"Avenida Heitor Penteado, 1056 - Taquaral",Outros,Ocorrência comum registrada pela patrulha de rotina sem elementos de conexão com o caso principal.
2026-02-18,"Avenida Albino José Barbosa de Oliveira, 1412 - Barão Geraldo",Outros,Ocorrência comum registrada pela patrulha de rotina sem elementos de conexão com o caso principal.
2026-02-01,"Rua Maria Monteiro, 803 - Cambuí",Outros,Ocorrência comum registrada pela patrulha de rotina sem elementos de conexão com o caso principal.
2026-02-04,"Rua Coronel Quirino, 1086 - Cambuí",Outros,Ocorrência comum registrada pela patrulha de rotina sem elementos de conexão com o caso principal.
2026-02-14,"Avenida Albino José Barbosa de Oliveira, 2138 - Barão Geraldo",Outros,Ocorrência comum registrada pela patrulha de rotina sem elementos de conexão com o caso principal.
2026-02-22,"Avenida Heitor Penteado, 170 - Taquaral",Outros,Ocorrência comum registrada pela patrulha de rotina sem elementos de conexão com o caso principal.
2026-02-11,"Avenida Heitor Penteado, 26 - Taquaral",Outros,Ocorrência comum registrada pela patrulha de rotina sem elementos de conexão com o caso principal.
2026-02-06,"Avenida Albino José Barbosa de Oliveira, 3101 - Barão Geraldo",Outros,Ocorrência comum registrada pela patrulha de rotina sem elementos de conexão com o caso principal.
2026-02-12,"Avenida Albino José Barbosa de Oliveira, 2999 - Barão Geraldo",Outros,Ocorrência comum registrada pela patrulha de rotina sem elementos de conexão com o caso principal.
2026-02-26,"Rua Coronel Quirino, 1331 - Cambuí",Outros,Ocorrência comum registrada pela patrulha de rotina sem elementos de conexão com o caso principal.
2026-02-08,"Rua Coronel Quirino, 1427 - Cambuí",Outros,Ocorrência comum registrada pela patrulha de rotina sem elementos de conexão com o caso principal.
2026-02-17,"Avenida Albino José Barbosa de Oliveira, 1460 - Barão Geraldo",Outros,Ocorrência comum registrada pela patrulha de rotina sem elementos de conexão com o caso principal.
2026-02-05,"Rua Coronel Quirino, 449 - Cambuí",Outros,Ocorrência comum registrada pela patrulha de rotina sem elementos de conexão com o caso principal.
2026-02-02,"Rua Maria Monteiro, 452 - Cambuí",Homicídio,A vítima sofreu um atentado fatal no exato momento em que manobrava para entrar na garagem do edifício número 452 e a moradora Larissa Gomes Ribeiro visualizou toda a ação da sacada do prédio vizinho enquanto o senhor Daniel Alves Martins caminhava pela calçada durante a fuga do autor em um carro veloz.
2026-02-05,"Avenida Heitor Penteado, 2702 - Taquaral",Outros,Ocorrência comum registrada pela patrulha de rotina sem elementos de conexão com o caso principal.
2026-02-18,"Rua Coronel Quirino, 242 - Cambuí",Outros,Ocorrência comum registrada pela patrulha de rotina sem elementos de conexão com o caso principal.
2026-02-11,"Avenida Heitor Penteado, 1038 - Taquaral",Outros,Ocorrência comum registrada pela patrulha de rotina sem elementos de conexão com o caso principal.
2026-02-21,"Rua Coronel Quirino, 1935 - Cambuí",Outros,Ocorrência comum registrada pela patrulha de rotina sem elementos de conexão com o caso principal.
2026-02-16,"Avenida Albino José Barbosa de Oliveira, 1049 - Barão Geraldo",Outros,Ocorrência comum registrada pela patrulha de rotina sem elementos de conexão com o caso principal.
2026-02-08,"Avenida Heitor Penteado, 2563 - Taquaral",Outros,Ocorrência comum registrada pela patrulha de rotina sem elementos de conexão com o caso principal.
2026-02-26,"Avenida Albino José Barbosa de Oliveira, 214 - Barão Geraldo",Outros,Ocorrência comum registrada pela patrulha de rotina sem elementos de conexão com o caso principal.
2026-02-26,"Rua Maria Monteiro, 246 - Cambuí",Outros,Ocorrência comum registrada pela patrulha de rotina sem elementos de conexão com o caso principal.
2026-02-05,"Avenida Albino José Barbosa de Oliveira, 3155 - Barão Geraldo",Outros,Ocorrência comum registrada pela patrulha de rotina sem elementos de conexão com o caso principal.
2026-02-16,"Avenida Albino José Barbosa de Oliveira, 1602 - Barão Geraldo",Outros,Ocorrência comum registrada pela patrulha de rotina sem elementos de conexão com o caso principal.
2026-02-06,"Avenida Heitor Penteado, 2643 - Taquaral",Outros,Ocorrência comum registrada pela patrulha de rotina sem elementos de conexão com o caso principal.
2026-02-20,"Avenida Albino José Barbosa de Oliveira, 1106 - Barão Geraldo",Outros,Ocorrência comum registrada pela patrulha de rotina sem elementos de conexão com o caso principal.
2026-02-16,"Rua Maria Monteiro, 650 - Cambuí",Outros,Ocorrência comum registrada pela patrulha de rotina sem elementos de conexão com o caso principal.
2026-02-11,"Avenida Albino José Barbosa de Oliveira, 84 - Barão Geraldo",Outros,Ocorrência comum registrada pela patrulha de rotina sem elementos de conexão com o caso principal.
2026-02-03,"Avenida Albino José Barbosa de Oliveira, 3271 - Barão Geraldo",Outros,Ocorrência comum registrada pela patrulha de rotina sem elementos de conexão com o caso principal.
2026-02-16,"Rua Maria Monteiro, 1192 - Cambuí",Outros,Ocorrência comum registrada pela patrulha de rotina sem elementos de conexão com o caso principal.
2026-02-26,"Avenida Albino José Barbosa de Oliveira, 1598 - Barão Geraldo",Outros,Ocorrência comum registrada pela patrulha de rotina sem elementos de conexão com o caso principal.
2026-02-07,"Rua Coronel Quirino, 1332 - Cambuí",Outros,Ocorrência comum registrada pela patrulha de rotina sem elementos de conexão com o caso principal.
2026-02-04,"Avenida Heitor Penteado, 447 - Taquaral",Outros,Ocorrência comum registrada pela patrulha de rotina sem elementos de conexão com o caso principal.
2026-02-01,"Avenida Albino José Barbosa de Oliveira, 1395 - Barão Geraldo",Outros,Ocorrência comum registrada pela patrulha de rotina sem elementos de conexão com o caso principal.
2026-02-13,"Rua Maria Monteiro, 866 - Cambuí",Outros,Ocorrência comum registrada pela patrulha de rotina sem elementos de conexão com o caso principal.
2026-02-15,"Avenida Albino José Barbosa de Oliveira, 466 - Barão Geraldo",Outros,Ocorrência comum registrada pela patrulha de rotina sem elementos de conexão com o caso principal.
2026-02-12,"Rua Maria Monteiro, 576 - Cambuí",Outros,Ocorrência comum registrada pela patrulha de rotina sem elementos de conexão com o caso principal.
2026-02-01,"Avenida Heitor Penteado, 901 - Taquaral",Outros,Ocorrência comum registrada pela patrulha de rotina sem elementos de conexão com o caso principal.
2026-02-02,"Rua Coronel Quirino, 363 - Cambuí",Outros,Ocorrência comum registrada pela patrulha de rotina sem elementos de conexão com o caso principal.
2026-02-21,"Rua Coronel Quirino, 1040 - Cambuí",Outros,Ocorrência comum registrada pela patrulha de rotina sem elementos de conexão com o caso principal.
2026-02-14,"Avenida Heitor Penteado, 27 - Taquaral",Outros,Ocorrência comum registrada pela patrulha de rotina sem elementos de conexão com o caso principal.
2026-02-09,"Avenida Albino José Barbosa de Oliveira, 1690 - Barão Geraldo",Outros,Ocorrência comum registrada pela patrulha de rotina sem elementos de conexão com o caso principal.
2026-02-24,"Avenida Heitor Penteado, 1798 - Taquaral",Outros,Ocorrência comum registrada pela patrulha de rotina sem elementos de conexão com o caso principal.
2026-02-14,"Avenida Albino José Barbosa de Oliveira, 254 - Barão Geraldo",Outros,Ocorrência comum registrada pela patrulha de rotina sem elementos de conexão com o caso principal.
2026-02-28,"Rua Coronel Quirino, 765 - Cambuí",Outros,Ocorrência comum registrada pela patrulha de rotina sem elementos de conexão com o caso principal.
2026-02-07,"Rua Maria Monteiro, 221 - Cambuí",Outros,Ocorrência comum registrada pela patrulha de rotina sem elementos de conexão com o caso principal.
2026-02-26,"Avenida Heitor Penteado, 845 - Taquaral",Outros,Ocorrência comum registrada pela patrulha de rotina sem elementos de conexão com o caso principal.
2026-02-22,"Rua Coronel Quirino, 589 - Cambuí",Outros,Ocorrência comum registrada pela patrulha de rotina sem elementos de conexão com o caso principal.
2026-02-23,"Avenida Heitor Penteado, 2607 - Taquaral",Outros,Ocorrência comum registrada pela patrulha de rotina sem elementos de conexão com o caso principal.
2026-02-12,"Avenida Heitor Penteado, 2728 - Taquaral",Outros,Ocorrência comum registrada pela patrulha de rotina sem elementos de conexão com o caso principal.
2026-02-19,"Avenida Albino José Barbosa de Oliveira, 2610 - Barão Geraldo",Outros,Ocorrência comum registrada pela patrulha de rotina sem elementos de conexão com o caso principal.
2026-02-15,"Rua Maria Monteiro, 69 - Cambuí",Outros,Ocorrência comum registrada pela patrulha de rotina sem elementos de conexão com o caso principal.
2026-02-07,"Avenida Heitor Penteado, 144 - Taquaral",Outros,Ocorrência comum registrada pela patrulha de rotina sem elementos de conexão com o caso principal.
2026-02-15,"Rua Coronel Quirino, 197 - Cambuí",Outros,Ocorrência comum registrada pela patrulha de rotina sem elementos de conexão com o caso principal.
2026-02-19,"Avenida Albino José Barbosa de Oliveira, 3179 - Barão Geraldo",Outros,Ocorrência comum registrada pela patrulha de rotina sem elementos de conexão com o caso principal.
2026-02-14,"Avenida Heitor Penteado, 734 - Taquaral",Outros,Ocorrência comum registrada pela patrulha de rotina sem elementos de conexão com o caso principal.
2026-02-27,"Avenida Albino José Barbosa de Oliveira, 1008 - Barão Geraldo",Outros,Ocorrência comum registrada pela patrulha de rotina sem elementos de conexão com o caso principal.
2026-02-03,"Rua Coronel Quirino, 1013 - Cambuí",Outros,Ocorrência comum registrada pela patrulha de rotina sem elementos de conexão com o caso principal.
2026-02-25,"Avenida Heitor Penteado, 1416 - Taquaral",Outros,Ocorrência comum registrada pela patrulha de rotina sem elementos de conexão com o caso principal.
2026-02-06,"Avenida Albino José Barbosa de Oliveira, 1961 - Barão Geraldo",Outros,Ocorrência comum registrada pela patrulha de rotina sem elementos de conexão com o caso principal.
2026-02-19,"Avenida Heitor Penteado, 2543 - Taquaral",Outros,Ocorrência comum registrada pela patrulha de rotina sem elementos de conexão com o caso principal.
2026-02-01,"Avenida Albino José Barbosa de Oliveira, 1589 - Barão Geraldo",Outros,Ocorrência comum registrada pela patrulha de rotina sem elementos de conexão com o caso principal.
2026-02-26,"Rua Maria Monteiro, 1265 - Cambuí",Outros,Ocorrência comum registrada pela patrulha de rotina sem elementos de conexão com o caso principal.
2026-02-22,"Avenida Albino José Barbosa de Oliveira, 3016 - Barão Geraldo",Outros,Ocorrência comum registrada pela patrulha de rotina sem elementos de conexão com o caso principal.
2026-02-18,"Avenida Albino José Barbosa de Oliveira, 1573 - Barão Geraldo",Outros,Ocorrência comum registrada pela patrulha de rotina sem elementos de conexão com o caso principal.
2026-02-12,"Rua Coronel Quirino, 1564 - Cambuí",Outros,Ocorrência comum registrada pela patrulha de rotina sem elementos de conexão com o caso principal.
2026-02-24,"Avenida Heitor Penteado, 2695 - Taquaral",Outros,Ocorrência comum registrada pela patrulha de rotina sem elementos de conexão com o caso principal.
2026-02-19,"Rua Coronel Quirino, 230 - Cambuí",Outros,Ocorrência comum registrada pela patrulha de rotina sem elementos de conexão com o caso principal.
2026-02-27,"Avenida Heitor Penteado, 2552 - Taquaral",Outros,Ocorrência comum registrada pela patrulha de rotina sem elementos de conexão com o caso principal.
2026-02-22,"Avenida Heitor Penteado, 2847 - Taquaral",Outros,Ocorrência comum registrada pela patrulha de rotina sem elementos de conexão com o caso principal.
2026-02-26,"Rua Coronel Quirino, 1522 - Cambuí",Outros,Ocorrência comum registrada pela patrulha de rotina sem elementos de conexão com o caso principal.
2026-02-12,"Avenida Heitor Penteado, 2274 - Taquaral",Outros,Ocorrência comum registrada pela patrulha de rotina sem elementos de conexão com o caso principal.
2026-02-08,"Avenida Heitor Penteado, 1907 - Taquaral",Outros,Ocorrência comum registrada pela patrulha de rotina sem elementos de conexão com o caso principal.
2026-02-23,"Avenida Heitor Penteado, 825 - Taquaral",Outros,Ocorrência comum registrada pela patrulha de rotina sem elementos de conexão com o caso principal.
2026-02-08,"Avenida Albino José Barbosa de Oliveira, 3293 - Barão Geraldo",Outros,Ocorrência comum registrada pela patrulha de rotina sem elementos de conexão com o caso principal.
2026-02-09,"Rua Maria Monteiro, 1326 - Cambuí",Outros,Ocorrência comum registrada pela patrulha de rotina sem elementos de conexão com o caso principal.
2026-02-03,"Rua Maria Monteiro, 306 - Cambuí",Outros,Ocorrência comum registrada pela patrulha de rotina sem elementos de conexão com o caso principal.
2026-02-05,"Rua Maria Monteiro, 759 - Cambuí",Outros,Ocorrência comum registrada pela patrulha de rotina sem elementos de conexão com o caso principal.
2026-02-21,"Avenida Heitor Penteado, 2454 - Taquaral",Outros,Ocorrência comum registrada pela patrulha de rotina sem elementos de conexão com o caso principal.
2026-02-14,"Avenida Heitor Penteado, 1284 - Taquaral",Outros,Ocorrência comum registrada pela patrulha de rotina sem elementos de conexão com o caso principal.
2026-02-12,"Avenida Heitor Penteado, 1074 - Taquaral",Outros,Ocorrência comum registrada pela patrulha de rotina sem elementos de conexão com o caso principal.
2026-02-13,"Rua Maria Monteiro, 43 - Cambuí",Outros,Ocorrência comum registrada pela patrulha de rotina sem elementos de conexão com o caso principal.
2026-02-23,"Avenida Albino José Barbosa de Oliveira, 1416 - Barão Geraldo",Outros,Ocorrência comum registrada pela patrulha de rotina sem elementos de conexão com o caso principal.
2026-02-15,"Avenida Albino José Barbosa de Oliveira, 41 - Barão Geraldo",Outros,Ocorrência comum registrada pela patrulha de rotina sem elementos de conexão com o caso principal.
2026-02-18,"Avenida Albino José Barbosa de Oliveira, 557 - Barão Geraldo",Outros,Ocorrência comum registrada pela patrulha de rotina sem elementos de conexão com o caso principal.
2026-02-21,"Avenida Heitor Penteado, 433 - Taquaral",Outros,Ocorrência comum registrada pela patrulha de rotina sem elementos de conexão com o caso principal.
2026-02-23,"Rua Maria Monteiro, 1408 - Cambuí",Outros,Ocorrência comum registrada pela patrulha de rotina sem elementos de conexão com o caso principal.
2026-02-26,"Avenida Heitor Penteado, 2484 - Taquaral",Outros,Ocorrência comum registrada pela patrulha de rotina sem elementos de conexão com o caso principal.
2026-02-21,"Rua Maria Monteiro, 101 - Cambuí",Outros,Ocorrência comum registrada pela patrulha de rotina sem elementos de conexão com o caso principal.
2026-02-09,"Avenida Albino José Barbosa de Oliveira, 1390 - Barão Geraldo",Outros,Ocorrência comum registrada pela patrulha de rotina sem elementos de conexão com o caso principal.
2026-02-14,"Avenida Albino José Barbosa de Oliveira, 3296 - Barão Geraldo",Outros,Ocorrência comum registrada pela patrulha de rotina sem elementos de conexão com o caso principal.
2026-02-26,"Avenida Albino José Barbosa de Oliveira, 599 - Barão Geraldo",Outros,Ocorrência comum registrada pela patrulha de rotina sem elementos de conexão com o caso principal.
2026-02-27,"Rua Maria Monteiro, 344 - Cambuí",Outros,Ocorrência comum registrada pela patrulha de rotina sem elementos de conexão com o caso principal.
2026-02-25,"Rua Coronel Quirino, 812 - Cambuí",Outros,Ocorrência comum registrada pela patrulha de rotina sem elementos de conexão com o caso principal.
2026-02-18,"Rua Coronel Quirino, 1160 - Cambuí",Outros,Ocorrência comum registrada pela patrulha de rotina sem elementos de conexão com o caso principal.
2026-02-23,"Avenida Heitor Penteado, 318 - Taquaral",Outros,Ocorrência comum registrada pela patrulha de rotina sem elementos de conexão com o caso principal.
2026-02-05,"Avenida Albino José Barbosa de Oliveira, 1641 - Barão Geraldo",Outros,Ocorrência comum registrada pela patrulha de rotina sem elementos de conexão com o caso principal.
2026-02-01,"Avenida Heitor Penteado, 2075 - Taquaral",Outros,Ocorrência comum registrada pela patrulha de rotina sem elementos de conexão com o caso principal.
2026-02-18,"Rua Maria Monteiro, 1304 - Cambuí",Outros,Ocorrência comum registrada pela patrulha de rotina sem elementos de conexão com o caso principal.
2026-02-13,"Rua Maria Monteiro, 621 - Cambuí",Outros,Ocorrência comum registrada pela patrulha de rotina sem elementos de conexão com o caso principal.
2026-02-06,"Avenida Heitor Penteado, 134 - Taquaral",Outros,Ocorrência comum registrada pela patrulha de rotina sem elementos de conexão com o caso principal.
2026-02-11,"Rua Coronel Quirino, 1125 - Cambuí",Outros,Ocorrência comum registrada pela patrulha de rotina sem elementos de conexão com o caso principal.
2026-02-16,"Avenida Heitor Penteado, 2091 - Taquaral",Outros,Ocorrência comum registrada pela patrulha de rotina sem elementos de conexão com o caso principal.
2026-02-23,"Rua Maria Monteiro, 574 - Cambuí",Outros,Ocorrência comum registrada pela patrulha de rotina sem elementos de conexão com o caso principal.
2026-02-11,"Avenida Albino José Barbosa de Oliveira, 2089 - Barão Geraldo",Outros,Ocorrência comum registrada pela patrulha de rotina sem elementos de conexão com o caso principal.
2026-02-02,"Avenida Albino José Barbosa de Oliveira, 3298 - Barão Geraldo",Outros,Ocorrência comum registrada pela patrulha de rotina sem elementos de conexão com o caso principal.
2026-02-28,"Avenida Heitor Penteado, 2869 - Taquaral",Outros,Ocorrência comum registrada pela patrulha de rotina sem elementos de conexão com o caso principal.
2026-02-17,"Avenida Albino José Barbosa de Oliveira, 359 - Barão Geraldo",Outros,Ocorrência comum registrada pela patrulha de rotina sem elementos de conexão com o caso principal.
2026-02-27,"Avenida Heitor Penteado, 557 - Taquaral",Outros,Ocorrência comum registrada pela patrulha de rotina sem elementos de conexão com o caso principal.
2026-02-16,"Avenida Heitor Penteado, 2136 - Taquaral",Outros,Ocorrência comum registrada pela patrulha de rotina sem elementos de conexão com o caso principal.
2026-02-16,"Rua Maria Monteiro, 970 - Cambuí",Outros,Ocorrência comum registrada pela patrulha de rotina sem elementos de conexão com o caso principal.
2026-02-12,"Avenida Albino José Barbosa de Oliveira, 1549 - Barão Geraldo",Outros,Ocorrência comum registrada pela patrulha de rotina sem elementos de conexão com o caso principal.
2026-02-05,"Avenida Heitor Penteado, 1792 - Taquaral",Outros,Ocorrência comum registrada pela patrulha de rotina sem elementos de conexão com o caso principal.
2026-02-22,"Avenida Albino José Barbosa de Oliveira, 2393 - Barão Geraldo",Outros,Ocorrência comum registrada pela patrulha de rotina sem elementos de conexão com o caso principal.
2026-02-26,"Avenida Heitor Penteado, 620 - Taquaral",Outros,Ocorrência comum registrada pela patrulha de rotina sem elementos de conexão com o caso principal.
2026-02-02,"Avenida Albino José Barbosa de Oliveira, 406 - Barão Geraldo",Outros,Ocorrência comum registrada pela patrulha de rotina sem elementos de conexão com o caso principal.
2026-02-12,"Rua Coronel Quirino, 1511 - Cambuí",Outros,Ocorrência comum registrada pela patrulha de rotina sem elementos de conexão com o caso principal.
2026-02-20,"Avenida Albino José Barbosa de Oliveira, 1181 - Barão Geraldo",Outros,Ocorrência comum registrada pela patrulha de rotina sem elementos de conexão com o caso principal.
2026-02-05,"Avenida Heitor Penteado, 1488 - Taquaral",Outros,Ocorrência comum registrada pela patrulha de rotina sem elementos de conexão com o caso principal.
2026-02-10,"Rua Maria Monteiro, 1162 - Cambuí",Outros,Ocorrência comum registrada pela patrulha de rotina sem elementos de conexão com o caso principal.
2026-02-02,"Avenida Albino José Barbosa de Oliveira, 1198 - Barão Geraldo",Outros,Ocorrência comum registrada pela patrulha de rotina sem elementos de conexão com o caso principal.
2026-02-24,"Rua Maria Monteiro, 334 - Cambuí",Outros,Ocorrência comum registrada pela patrulha de rotina sem elementos de conexão com o caso principal.
2026-02-14,"Avenida Heitor Penteado, 2155 - Taquaral",Outros,Ocorrência comum registrada pela patrulha de rotina sem elementos de conexão com o caso principal.
2026-02-06,"Avenida Albino José Barbosa de Oliveira, 616 - Barão Geraldo",Outros,Ocorrência comum registrada pela patrulha de rotina sem elementos de conexão com o caso principal.
2026-02-22,"Avenida Heitor Penteado, 267 - Taquaral",Outros,Ocorrência comum registrada pela patrulha de rotina sem elementos de conexão com o caso principal.
2026-02-22,"Rua Maria Monteiro, 1471 - Cambuí",Outros,Ocorrência comum registrada pela patrulha de rotina sem elementos de conexão com o caso principal.
2026-02-17,"Avenida Albino José Barbosa de Oliveira, 707 - Barão Geraldo",Outros,Ocorrência comum registrada pela patrulha de rotina sem elementos de conexão com o caso principal.
2026-02-05,"Avenida Albino José Barbosa de Oliveira, 2130 - Barão Geraldo",Outros,Ocorrência comum registrada pela patrulha de rotina sem elementos de conexão com o caso principal.
2026-02-03,"Rua Coronel Quirino, 1703 - Cambuí",Outros,Ocorrência comum registrada pela patrulha de rotina sem elementos de conexão com o caso principal.
2026-02-06,"Avenida Heitor Penteado, 2246 - Taquaral",Outros,Ocorrência comum registrada pela patrulha de rotina sem elementos de conexão com o caso principal.
2026-02-03,"Avenida Heitor Penteado, 1470 - Taquaral",Outros,Ocorrência comum registrada pela patrulha de rotina sem elementos de conexão com o caso principal.
2026-02-13,"Avenida Albino José Barbosa de Oliveira, 282 - Barão Geraldo",Outros,Ocorrência comum registrada pela patrulha de rotina sem elementos de conexão com o caso principal.
2026-02-22,"Avenida Albino José Barbosa de Oliveira, 3491 - Barão Geraldo",Outros,Ocorrência comum registrada pela patrulha de rotina sem elementos de conexão com o caso principal.
2026-02-03,"Avenida Heitor Penteado, 1499 - Taquaral",Outros,Ocorrência comum registrada pela patrulha de rotina sem elementos de conexão com o caso principal.
2026-02-12,"Rua Maria Monteiro, 309 - Cambuí",Outros,Ocorrência comum registrada pela patrulha de rotina sem elementos de conexão com o caso principal.
2026-02-21,"Avenida Albino José Barbosa de Oliveira, 1392 - Barão Geraldo",Outros,Ocorrência comum registrada pela patrulha de rotina sem elementos de conexão com o caso principal.
2026-02-23,"Avenida Albino José Barbosa de Oliveira, 1641 - Barão Geraldo",Outros,Ocorrência comum registrada pela patrulha de rotina sem elementos de conexão com o caso principal.
2026-02-26,"Rua Coronel Quirino, 460 - Cambuí",Outros,Ocorrência comum registrada pela patrulha de rotina sem elementos de conexão com o caso principal.
2026-02-01,"Avenida Albino José Barbosa de Oliveira, 2967 - Barão Geraldo",Outros,Ocorrência comum registrada pela patrulha de rotina sem elementos de conexão com o caso principal.
2026-02-24,"Rua Coronel Quirino, 506 - Cambuí",Outros,Ocorrência comum registrada pela patrulha de rotina sem elementos de conexão com o caso principal.
2026-02-02,"Rua Coronel Quirino, 394 - Cambuí",Outros,Ocorrência comum registrada pela patrulha de rotina sem elementos de conexão com o caso principal.
2026-02-13,"Avenida Albino José Barbosa de Oliveira, 1472 - Barão Geraldo",Outros,Ocorrência comum registrada pela patrulha de rotina sem elementos de conexão com o caso principal.
2026-02-28,"Avenida Heitor Penteado, 2937 - Taquaral",Outros,Ocorrência comum registrada pela patrulha de rotina sem elementos de conexão com o caso principal.
2026-02-24,"Avenida Albino José Barbosa de Oliveira, 2261 - Barão Geraldo",Outros,Ocorrência comum registrada pela patrulha de rotina sem elementos de conexão com o caso principal.
2026-02-09,"Rua Coronel Quirino, 117 - Cambuí",Outros,Ocorrência comum registrada pela patrulha de rotina sem elementos de conexão com o caso principal.
2026-02-22,"Avenida Heitor Penteado, 1248 - Taquaral",Outros,Ocorrência comum registrada pela patrulha de rotina sem elementos de conexão com o caso principal.
2026-02-23,"Avenida Heitor Penteado, 2851 - Taquaral",Outros,Ocorrência comum registrada pela patrulha de rotina sem elementos de conexão com o caso principal.
2026-02-01,"Avenida Heitor Penteado, 1084 - Taquaral",Outros,Ocorrência comum registrada pela patrulha de rotina sem elementos de conexão com o caso principal.
2026-02-07,"Rua Maria Monteiro, 243 - Cambuí",Outros,Ocorrência comum registrada pela patrulha de rotina sem elementos de conexão com o caso principal.
2026-02-17,"Avenida Heitor Penteado, 307 - Taquaral",Outros,Ocorrência comum registrada pela patrulha de rotina sem elementos de conexão com o caso principal.
2026-02-17,"Avenida Heitor Penteado, 877 - Taquaral",Outros,Ocorrência comum registrada pela patrulha de rotina sem elementos de conexão com o caso principal.
2026-02-25,"Avenida Heitor Penteado, 2325 - Taquaral",Outros,Ocorrência comum registrada pela patrulha de rotina sem elementos de conexão com o caso principal.
2026-02-27,"Avenida Albino José Barbosa de Oliveira, 818 - Barão Geraldo",Outros,Ocorrência comum registrada pela patrulha de rotina sem elementos de conexão com o caso principal.
2026-02-17,"Avenida Albino José Barbosa de Oliveira, 526 - Barão Geraldo",Outros,Ocorrência comum registrada pela patrulha de rotina sem elementos de conexão com o caso principal.
2026-02-12,"Rua Maria Monteiro, 387 - Cambuí",Outros,Ocorrência comum registrada pela patrulha de rotina sem elementos de conexão com o caso principal.
2026-02-02,"Avenida Heitor Penteado, 1249 - Taquaral",Outros,Ocorrência comum registrada pela patrulha de rotina sem elementos de conexão com o caso principal.
2026-02-22,"Rua Maria Monteiro, 555 - Cambuí",Outros,Ocorrência comum registrada pela patrulha de rotina sem elementos de conexão com o caso principal.
2026-02-14,"Avenida Albino José Barbosa de Oliveira, 63 - Barão Geraldo",Outros,Ocorrência comum registrada pela patrulha de rotina sem elementos de conexão com o caso principal.
2026-02-12,"Avenida Albino José Barbosa de Oliveira, 2427 - Barão Geraldo",Outros,Ocorrência comum registrada pela patrulha de rotina sem elementos de conexão com o caso principal.
2026-02-08,"Avenida Heitor Penteado, 1269 - Taquaral",Outros,Ocorrência comum registrada pela patrulha de rotina sem elementos de conexão com o caso principal.
2026-02-07,"Avenida Heitor Penteado, 800 - Taquaral",Outros,Ocorrência comum registrada pela patrulha de rotina sem elementos de conexão com o caso principal.
2026-02-04,"Avenida Albino José Barbosa de Oliveira, 1201 - Barão Geraldo",Outros,Ocorrência comum registrada pela patrulha de rotina sem elementos de conexão com o caso principal.
2026-02-26,"Avenida Heitor Penteado, 1074 - Taquaral",Outros,Ocorrência comum registrada pela patrulha de rotina sem elementos de conexão com o caso principal.
2026-02-14,"Avenida Heitor Penteado, 2425 - Taquaral",Outros,Ocorrência comum registrada pela patrulha de rotina sem elementos de conexão com o caso principal.
2026-02-16,"Rua Coronel Quirino, 232 - Cambuí",Outros,Ocorrência comum registrada pela patrulha de rotina sem elementos de conexão com o caso principal.
2026-02-10,"Avenida Heitor Penteado, 902 - Taquaral",Outros,Ocorrência comum registrada pela patrulha de rotina sem elementos de conexão com o caso principal.
2026-02-22,"Avenida Heitor Penteado, 2679 - Taquaral",Outros,Ocorrência comum registrada pela patrulha de rotina sem elementos de conexão com o caso principal.
2026-02-20,"Avenida Albino José Barbosa de Oliveira, 2542 - Barão Geraldo",Outros,Ocorrência comum registrada pela patrulha de rotina sem elementos de conexão com o caso principal.
2026-02-05,"Rua Maria Monteiro, 1508 - Cambuí",Outros,Ocorrência comum registrada pela patrulha de rotina sem elementos de conexão com o caso principal.
2026-02-13,"Rua Coronel Quirino, 1781 - Cambuí",Outros,Ocorrência comum registrada pela patrulha de rotina sem elementos de conexão com o caso principal.
2026-02-10,"Avenida Heitor Penteado, 1878 - Taquaral",Outros,Ocorrência comum registrada pela patrulha de rotina sem elementos de conexão com o caso principal.
2026-02-22,"Rua Maria Monteiro, 75 - Cambuí",Outros,Ocorrência comum registrada pela patrulha de rotina sem elementos de conexão com o caso principal.
2026-02-18,"Rua Coronel Quirino, 868 - Cambuí",Outros,Ocorrência comum registrada pela patrulha de rotina sem elementos de conexão com o caso principal.
2026-02-05,"Avenida Heitor Penteado, 1194 - Taquaral",Outros,Ocorrência comum registrada pela patrulha de rotina sem elementos de conexão com o caso principal.
2026-02-22,"Avenida Albino José Barbosa de Oliveira, 2726 - Barão Geraldo",Outros,Ocorrência comum registrada pela patrulha de rotina sem elementos de conexão com o caso principal.
2026-02-14,"Avenida Heitor Penteado, 1265 - Taquaral",Outros,Ocorrência comum registrada pela patrulha de rotina sem elementos de conexão com o caso principal.
2026-02-17,"Avenida Heitor Penteado, 2244 - Taquaral",Outros,Ocorrência comum registrada pela patrulha de rotina sem elementos de conexão com o caso principal.
2026-02-16,"Avenida Albino José Barbosa de Oliveira, 145 - Barão Geraldo",Outros,Ocorrência comum registrada pela patrulha de rotina sem elementos de conexão com o caso principal.
2026-02-05,"Rua Coronel Quirino, 1964 - Cambuí",Outros,Ocorrência comum registrada pela patrulha de rotina sem elementos de conexão com o caso principal.
2026-02-27,"Avenida Heitor Penteado, 225 - Taquaral",Outros,Ocorrência comum registrada pela patrulha de rotina sem elementos de conexão com o caso principal.
2026-02-04,"Avenida Albino José Barbosa de Oliveira, 2901 - Barão Geraldo",Outros,Ocorrência comum registrada pela patrulha de rotina sem elementos de conexão com o caso principal.
2026-02-18,"Rua Maria Monteiro, 1451 - Cambuí",Outros,Ocorrência comum registrada pela patrulha de rotina sem elementos de conexão com o caso principal.
2026-02-17,"Rua Maria Monteiro, 185 - Cambuí",Outros,Ocorrência comum registrada pela patrulha de rotina sem elementos de conexão com o caso principal.
2026-02-17,"Avenida Heitor Penteado, 1312 - Taquaral",Outros,Ocorrência comum registrada pela patrulha de rotina sem elementos de conexão com o caso principal.
2026-02-07,"Avenida Heitor Penteado, 2236 - Taquaral",Outros,Ocorrência comum registrada pela patrulha de rotina sem elementos de conexão com o caso principal.
2026-02-19,"Avenida Heitor Penteado, 2491 - Taquaral",Outros,Ocorrência comum registrada pela patrulha de rotina sem elementos de conexão com o caso principal.
2026-02-23,"Rua Maria Monteiro, 829 - Cambuí",Outros,Ocorrência comum registrada pela patrulha de rotina sem elementos de conexão com o caso principal.
2026-02-18,"Rua Coronel Quirino, 355 - Cambuí",Outros,Ocorrência comum registrada pela patrulha de rotina sem elementos de conexão com o caso principal.
2026-02-01,"Avenida Heitor Penteado, 1563 - Taquaral",Outros,Ocorrência comum registrada pela patrulha de rotina sem elementos de conexão com o caso principal.
2026-02-10,"Avenida Heitor Penteado, 1955 - Taquaral",Outros,Ocorrência comum registrada pela patrulha de rotina sem elementos de conexão com o caso principal.
2026-02-10,"Avenida Heitor Penteado, 813 - Taquaral",Outros,Ocorrência comum registrada pela patrulha de rotina sem elementos de conexão com o caso principal.
2026-02-09,"Avenida Heitor Penteado, 533 - Taquaral",Outros,Ocorrência comum registrada pela patrulha de rotina sem elementos de conexão com o caso principal.
2026-02-24,"Avenida Albino José Barbosa de Oliveira, 1273 - Barão Geraldo",Outros,Ocorrência comum registrada pela patrulha de rotina sem elementos de conexão com o caso principal.
2026-02-01,"Avenida Albino José Barbosa de Oliveira, 171 - Barão Geraldo",Outros,Ocorrência comum registrada pela patrulha de rotina sem elementos de conexão com o caso principal.
2026-02-11,"Avenida Albino José Barbosa de Oliveira, 2081 - Barão Geraldo",Outros,Ocorrência comum registrada pela patrulha de rotina sem elementos de conexão com o caso principal.
2026-02-23,"Rua Coronel Quirino, 1867 - Cambuí",Outros,Ocorrência comum registrada pela patrulha de rotina sem elementos de conexão com o caso principal.
2026-02-10,"Avenida Albino José Barbosa de Oliveira, 2215 - Barão Geraldo",Outros,Ocorrência comum registrada pela patrulha de rotina sem elementos de conexão com o caso principal.
2026-02-27,"Rua Maria Monteiro, 449 - Cambuí",Outros,Ocorrência comum registrada pela patrulha de rotina sem elementos de conexão com o caso principal.
2026-02-09,"Avenida Albino José Barbosa de Oliveira, 3353 - Barão Geraldo",Outros,Ocorrência comum registrada pela patrulha de rotina sem elementos de conexão com o caso principal.
2026-02-06,"Rua Maria Monteiro, 961 - Cambuí",Outros,Ocorrência comum registrada pela patrulha de rotina sem elementos de conexão com o caso principal.
2026-02-16,"Rua Coronel Quirino, 1233 - Cambuí",Outros,Ocorrência comum registrada pela patrulha de rotina sem elementos de conexão com o caso principal.
2026-02-06,"Avenida Albino José Barbosa de Oliveira, 950 - Barão Geraldo",Outros,Ocorrência comum registrada pela patrulha de rotina sem elementos de conexão com o caso principal.
2026-02-02,"Avenida Heitor Penteado, 2214 - Taquaral",Outros,Ocorrência comum registrada pela patrulha de rotina sem elementos de conexão com o caso principal.
2026-02-07,"Rua Coronel Quirino, 1046 - Cambuí",Outros,Ocorrência comum registrada pela patrulha de rotina sem elementos de conexão com o caso principal.
2026-02-19,"Avenida Albino José Barbosa de Oliveira, 2986 - Barão Geraldo",Outros,Ocorrência comum registrada pela patrulha de rotina sem elementos de conexão com o caso principal.
2026-02-18,"Avenida Heitor Penteado, 752 - Taquaral",Outros,Ocorrência comum registrada pela patrulha de rotina sem elementos de conexão com o caso principal.
2026-02-20,"Rua Coronel Quirino, 933 - Cambuí",Outros,Ocorrência comum registrada pela patrulha de rotina sem elementos de conexão com o caso principal.
2026-02-20,"Avenida Heitor Penteado, 1176 - Taquaral",Outros,Ocorrência comum registrada pela patrulha de rotina sem elementos de conexão com o caso principal.
2026-02-21,"Rua Maria Monteiro, 1478 - Cambuí",Outros,Ocorrência comum registrada pela patrulha de rotina sem elementos de conexão com o caso principal.
2026-02-18,"Avenida Heitor Penteado, 2063 - Taquaral",Outros,Ocorrência comum registrada pela patrulha de rotina sem elementos de conexão com o caso principal.
2026-02-02,"Avenida Albino José Barbosa de Oliveira, 1236 - Barão Geraldo",Outros,Ocorrência comum registrada pela patrulha de rotina sem elementos de conexão com o caso principal.
2026-02-22,"Avenida Albino José Barbosa de Oliveira, 326 - Barão Geraldo",Outros,Ocorrência comum registrada pela patrulha de rotina sem elementos de conexão com o caso principal.
2026-02-12,"Avenida Heitor Penteado, 123 - Taquaral",Outros,Ocorrência comum registrada pela patrulha de rotina sem elementos de conexão com o caso principal.
2026-02-05,"Avenida Albino José Barbosa de Oliveira, 1816 - Barão Geraldo",Outros,Ocorrência comum registrada pela patrulha de rotina sem elementos de conexão com o caso principal.
2026-02-26,"Rua Maria Monteiro, 1473 - Cambuí",Outros,Ocorrência comum registrada pela patrulha de rotina sem elementos de conexão com o caso principal.
2026-02-26,"Avenida Heitor Penteado, 1857 - Taquaral",Outros,Ocorrência comum registrada pela patrulha de rotina sem elementos de conexão com o caso principal.
2026-02-05,"Rua Coronel Quirino, 1512 - Cambuí",Outros,Ocorrência comum registrada pela patrulha de rotina sem elementos de conexão com o caso principal.
2026-02-13,"Rua Maria Monteiro, 735 - Cambuí",Outros,Ocorrência comum registrada pela patrulha de rotina sem elementos de conexão com o caso principal.
2026-02-26,"Avenida Albino José Barbosa de Oliveira, 653 - Barão Geraldo",Outros,Ocorrência comum registrada pela patrulha de rotina sem elementos de conexão com o caso principal.
2026-02-18,"Rua Coronel Quirino, 1359 - Cambuí",Outros,Ocorrência comum registrada pela patrulha de rotina sem elementos de conexão com o caso principal.
2026-02-05,"Avenida Heitor Penteado, 2594 - Taquaral",Outros,Ocorrência comum registrada pela patrulha de rotina sem elementos de conexão com o caso principal.
2026-02-16,"Avenida Heitor Penteado, 2945 - Taquaral",Outros,Ocorrência comum registrada pela patrulha de rotina sem elementos de conexão com o caso principal.
2026-02-08,"Avenida Heitor Penteado, 10 - Taquaral",Outros,Ocorrência comum registrada pela patrulha de rotina sem elementos de conexão com o caso principal.
2026-02-21,"Rua Coronel Quirino, 1958 - Cambuí",Outros,Ocorrência comum registrada pela patrulha de rotina sem elementos de conexão com o caso principal.
2026-02-25,"Avenida Albino José Barbosa de Oliveira, 529 - Barão Geraldo",Outros,Ocorrência comum registrada pela patrulha de rotina sem elementos de conexão com o caso principal.
2026-02-08,"Rua Maria Monteiro, 949 - Cambuí",Outros,Ocorrência comum registrada pela patrulha de rotina sem elementos de conexão com o caso principal.
2026-02-05,"Rua Coronel Quirino, 972 - Cambuí",Outros,Ocorrência comum registrada pela patrulha de rotina sem elementos de conexão com o caso principal.
2026-02-09,"Avenida Heitor Penteado, 853 - Taquaral",Outros,Ocorrência comum registrada pela patrulha de rotina sem elementos de conexão com o caso principal.
2026-02-17,"Avenida Albino José Barbosa de Oliveira, 2008 - Barão Geraldo",Outros,Ocorrência comum registrada pela patrulha de rotina sem elementos de conexão com o caso principal.
2026-02-07,"Avenida Albino José Barbosa de Oliveira, 1543 - Barão Geraldo",Outros,Ocorrência comum registrada pela patrulha de rotina sem elementos de conexão com o caso principal.
2026-02-28,"Avenida Albino José Barbosa de Oliveira, 3156 - Barão Geraldo",Outros,Ocorrência comum registrada pela patrulha de rotina sem elementos de conexão com o caso principal.
2026-02-12,"Avenida Albino José Barbosa de Oliveira, 1574 - Barão Geraldo",Outros,Ocorrência comum registrada pela patrulha de rotina sem elementos de conexão com o caso principal.
2026-02-12,"Rua Maria Monteiro, 52 - Cambuí",Outros,Ocorrência comum registrada pela patrulha de rotina sem elementos de conexão com o caso principal.
2026-02-15,"Avenida Heitor Penteado, 1935 - Taquaral",Outros,Ocorrência comum registrada pela patrulha de rotina sem elementos de conexão com o caso principal.
2026-02-14,"Avenida Heitor Penteado, 1120 - Taquaral",Outros,Ocorrência comum registrada pela patrulha de rotina sem elementos de conexão com o caso principal.
2026-02-04,"Rua Maria Monteiro, 83 - Cambuí",Outros,Ocorrência comum registrada pela patrulha de rotina sem elementos de conexão com o caso principal.
2026-02-27,"Avenida Heitor Penteado, 907 - Taquaral",Outros,Ocorrência comum registrada pela patrulha de rotina sem elementos de conexão com o caso principal.
2026-02-16,"Avenida Heitor Penteado, 2922 - Taquaral",Outros,Ocorrência comum registrada pela patrulha de rotina sem elementos de conexão com o caso principal.
2026-02-09,"Rua Coronel Quirino, 267 - Cambuí",Outros,Ocorrência comum registrada pela patrulha de rotina sem elementos de conexão com o caso principal.
2026-02-21,"Avenida Heitor Penteado, 1274 - Taquaral",Outros,Ocorrência comum registrada pela patrulha de rotina sem elementos de conexão com o caso principal.
2026-02-10,"Avenida Heitor Penteado, 2766 - Taquaral",Outros,Ocorrência comum registrada pela patrulha de rotina sem elementos de conexão com o caso principal.
2026-02-23,"Avenida Heitor Penteado, 2570 - Taquaral",Outros,Ocorrência comum registrada pela patrulha de rotina sem elementos de conexão com o caso principal.
2026-02-05,"Avenida Albino José Barbosa de Oliveira, 2414 - Barão Geraldo",Outros,Ocorrência comum registrada pela patrulha de rotina sem elementos de conexão com o caso principal.
2026-02-20,"Rua Coronel Quirino, 1056 - Cambuí",Outros,Ocorrência comum registrada pela patrulha de rotina sem elementos de conexão com o caso principal.
2026-02-10,"Avenida Heitor Penteado, 1654 - Taquaral",Outros,Ocorrência comum registrada pela patrulha de rotina sem elementos de conexão com o caso principal.
2026-02-11,"Avenida Heitor Penteado, 1380 - Taquaral",Outros,Ocorrência comum registrada pela patrulha de rotina sem elementos de conexão com o caso principal.
2026-02-03,"Rua Coronel Quirino, 348 - Cambuí",Outros,Ocorrência comum registrada pela patrulha de rotina sem elementos de conexão com o caso principal.
2026-02-20,"Avenida Albino José Barbosa de Oliveira, 2872 - Barão Geraldo",Outros,Ocorrência comum registrada pela patrulha de rotina sem elementos de conexão com o caso principal.
2026-02-23,"Avenida Heitor Penteado, 505 - Taquaral",Outros,Ocorrência comum registrada pela patrulha de rotina sem elementos de conexão com o caso principal.
2026-02-09,"Rua Coronel Quirino, 1875 - Cambuí",Outros,Ocorrência comum registrada pela patrulha de rotina sem elementos de conexão com o caso principal.
2026-02-10,"Rua Maria Monteiro, 1131 - Cambuí",Outros,Ocorrência comum registrada pela patrulha de rotina sem elementos de conexão com o caso principal.
2026-02-20,"Avenida Heitor Penteado, 1073 - Taquaral",Outros,Ocorrência comum registrada pela patrulha de rotina sem elementos de conexão com o caso principal.
2026-02-16,"Avenida Albino José Barbosa de Oliveira, 3091 - Barão Geraldo",Outros,Ocorrência comum registrada pela patrulha de rotina sem elementos de conexão com o caso principal.
2026-02-20,"Avenida Albino José Barbosa de Oliveira, 3340 - Barão Geraldo",Outros,Ocorrência comum registrada pela patrulha de rotina sem elementos de conexão com o caso principal.
2026-02-02,"Rua Maria Monteiro, 543 - Cambuí",Outros,Ocorrência comum registrada pela patrulha de rotina sem elementos de conexão com o caso principal.
2026-02-15,"Avenida Albino José Barbosa de Oliveira, 505 - Barão Geraldo",Outros,Ocorrência comum registrada pela patrulha de rotina sem elementos de conexão com o caso principal.
2026-02-26,"Avenida Albino José Barbosa de Oliveira, 3456 - Barão Geraldo",Outros,Ocorrência comum registrada pela patrulha de rotina sem elementos de conexão com o caso principal.
2026-02-09,"Avenida Albino José Barbosa de Oliveira, 1253 - Barão Geraldo",Outros,Ocorrência comum registrada pela patrulha de rotina sem elementos de conexão com o caso principal.
2026-02-08,"Rua Coronel Quirino, 810 - Cambuí",Outros,Ocorrência comum registrada pela patrulha de rotina sem elementos de conexão com o caso principal.
2026-02-09,"Avenida Heitor Penteado, 1516 - Taquaral",Outros,Ocorrência comum registrada pela patrulha de rotina sem elementos de conexão com o caso principal.
2026-02-03,"Avenida Albino José Barbosa de Oliveira, 3410 - Barão Geraldo",Outros,Ocorrência comum registrada pela patrulha de rotina sem elementos de conexão com o caso principal.
2026-02-02,"Avenida Albino José Barbosa de Oliveira, 1634 - Barão Geraldo",Outros,Ocorrência comum registrada pela patrulha de rotina sem elementos de conexão com o caso principal.
2026-02-13,"Rua Coronel Quirino, 1095 - Cambuí",Outros,Ocorrência comum registrada pela patrulha de rotina sem elementos de conexão com o caso principal.
2026-02-19,"Rua Coronel Quirino, 1125 - Cambuí",Outros,Ocorrência comum registrada pela patrulha de rotina sem elementos de conexão com o caso principal.
2026-02-08,"Avenida Heitor Penteado, 1555 - Taquaral",Outros,Ocorrência comum registrada pela patrulha de rotina sem elementos de conexão com o caso principal.
2026-02-14,"Avenida Albino José Barbosa de Oliveira, 1060 - Barão Geraldo",Outros,Ocorrência comum registrada pela patrulha de rotina sem elementos de conexão com o caso principal.
2026-02-16,"Avenida Albino José Barbosa de Oliveira, 1600 - Barão Geraldo",Outros,Ocorrência comum registrada pela patrulha de rotina sem elementos de conexão com o caso principal.
2026-02-28,"Avenida Heitor Penteado, 981 - Taquaral",Outros,Ocorrência comum registrada pela patrulha de rotina sem elementos de conexão com o caso principal.
2026-02-15,"Avenida Heitor Penteado, 207 - Taquaral",Outros,Ocorrência comum registrada pela patrulha de rotina sem elementos de conexão com o caso principal.
2026-02-05,"Rua Maria Monteiro, 577 - Cambuí",Outros,Ocorrência comum registrada pela patrulha de rotina sem elementos de conexão com o caso principal.
2026-02-20,"Rua Coronel Quirino, 1812 - Cambuí",Outros,Ocorrência comum registrada pela patrulha de rotina sem elementos de conexão com o caso principal.
2026-02-23,"Avenida Albino José Barbosa de Oliveira, 1439 - Barão Geraldo",Outros,Ocorrência comum registrada pela patrulha de rotina sem elementos de conexão com o caso principal.
2026-02-24,"Avenida Albino José Barbosa de Oliveira, 300 - Barão Geraldo",Outros,Ocorrência comum registrada pela patrulha de rotina sem elementos de conexão com o caso principal.
2026-02-07,"Rua Coronel Quirino, 1726 - Cambuí",Outros,Ocorrência comum registrada pela patrulha de rotina sem elementos de conexão com o caso principal.
2026-02-25,"Rua Maria Monteiro, 478 - Cambuí",Outros,Ocorrência comum registrada pela patrulha de rotina sem elementos de conexão com o caso principal.
2026-02-19,"Rua Coronel Quirino, 1229 - Cambuí",Outros,Ocorrência comum registrada pela patrulha de rotina sem elementos de conexão com o caso principal.
2026-02-25,"Avenida Heitor Penteado, 1295 - Taquaral",Outros,Ocorrência comum registrada pela patrulha de rotina sem elementos de conexão com o caso principal.
2026-02-18,"Avenida Albino José Barbosa de Oliveira, 2395 - Barão Geraldo",Outros,Ocorrência comum registrada pela patrulha de rotina sem elementos de conexão com o caso principal.
2026-02-07,"Avenida Albino José Barbosa de Oliveira, 2301 - Barão Geraldo",Outros,Ocorrência comum registrada pela patrulha de rotina sem elementos de conexão com o caso principal.
2026-02-16,"Avenida Albino José Barbosa de Oliveira, 2683 - Barão Geraldo",Outros,Ocorrência comum registrada pela patrulha de rotina sem elementos de conexão com o caso principal.
2026-02-07,"Avenida Albino José Barbosa de Oliveira, 1593 - Barão Geraldo",Outros,Ocorrência comum registrada pela patrulha de rotina sem elementos de conexão com o caso principal.
2026-02-26,"Avenida Heitor Penteado, 1844 - Taquaral",Outros,Ocorrência comum registrada pela patrulha de rotina sem elementos de conexão com o caso principal.
2026-02-04,"Avenida Albino José Barbosa de Oliveira, 2739 - Barão Geraldo",Outros,Ocorrência comum registrada pela patrulha de rotina sem elementos de conexão com o caso principal.
2026-02-23,"Rua Coronel Quirino, 1392 - Cambuí",Outros,Ocorrência comum registrada pela patrulha de rotina sem elementos de conexão com o caso principal.
2026-02-19,"Rua Maria Monteiro, 672 - Cambuí",Outros,Ocorrência comum registrada pela patrulha de rotina sem elementos de conexão com o caso principal.
2026-02-26,"Rua Coronel Quirino, 118 - Cambuí",Outros,Ocorrência comum registrada pela patrulha de rotina sem elementos de conexão com o caso principal.
2026-02-21,"Rua Maria Monteiro, 1297 - Cambuí",Outros,Ocorrência comum registrada pela patrulha de rotina sem elementos de conexão com o caso principal.
2026-02-10,"Avenida Heitor Penteado, 1540 - Taquaral",Outros,Ocorrência comum registrada pela patrulha de rotina sem elementos de conexão com o caso principal.
2026-02-01,"Rua Maria Monteiro, 1270 - Cambuí",Outros,Ocorrência comum registrada pela patrulha de rotina sem elementos de conexão com o caso principal.
2026-02-24,"Avenida Heitor Penteado, 1709 - Taquaral",Outros,Ocorrência comum registrada pela patrulha de rotina sem elementos de conexão com o caso principal.
2026-02-01,"Avenida Albino José Barbosa de Oliveira, 348 - Barão Geraldo",Outros,Ocorrência comum registrada pela patrulha de rotina sem elementos de conexão com o caso principal.
2026-02-22,"Avenida Albino José Barbosa de Oliveira, 1399 - Barão Geraldo",Outros,Ocorrência comum registrada pela patrulha de rotina sem elementos de conexão com o caso principal.
2026-02-23,"Avenida Albino José Barbosa de Oliveira, 2491 - Barão Geraldo",Outros,Ocorrência comum registrada pela patrulha de rotina sem elementos de conexão com o caso principal.
2026-02-14,"Avenida Albino José Barbosa de Oliveira, 1105 - Barão Geraldo",Outros,Ocorrência comum registrada pela patrulha de rotina sem elementos de conexão com o caso principal.
2026-02-14,"Rua Coronel Quirino, 1430 - Cambuí",Outros,Ocorrência comum registrada pela patrulha de rotina sem elementos de conexão com o caso principal.
2026-02-15,"Avenida Albino José Barbosa de Oliveira, 2735 - Barão Geraldo",Outros,Ocorrência comum registrada pela patrulha de rotina sem elementos de conexão com o caso principal.
2026-02-17,"Avenida Albino José Barbosa de Oliveira, 2552 - Barão Geraldo",Outros,Ocorrência comum registrada pela patrulha de rotina sem elementos de conexão com o caso principal.
2026-02-23,"Rua Maria Monteiro, 357 - Cambuí",Outros,Ocorrência comum registrada pela patrulha de rotina sem elementos de conexão com o caso principal.
2026-02-08,"Avenida Heitor Penteado, 2705 - Taquaral",Outros,Ocorrência comum registrada pela patrulha de rotina sem elementos de conexão com o caso principal.
2026-02-18,"Avenida Albino José Barbosa de Oliveira, 1034 - Barão Geraldo",Outros,Ocorrência comum registrada pela patrulha de rotina sem elementos de conexão com o caso principal.
2026-02-28,"Avenida Heitor Penteado, 2147 - Taquaral",Outros,Ocorrência comum registrada pela patrulha de rotina sem elementos de conexão com o caso principal.
2026-02-18,"Avenida Heitor Penteado, 1492 - Taquaral",Outros,Ocorrência comum registrada pela patrulha de rotina sem elementos de conexão com o caso principal.
2026-02-09,"Rua Maria Monteiro, 886 - Cambuí",Outros,Ocorrência comum registrada pela patrulha de rotina sem elementos de conexão com o caso principal.
2026-02-03,"Avenida Albino José Barbosa de Oliveira, 3097 - Barão Geraldo",Outros,Ocorrência comum registrada pela patrulha de rotina sem elementos de conexão com o caso principal.
2026-02-04,"Avenida Albino José Barbosa de Oliveira, 333 - Barão Geraldo",Outros,Ocorrência comum registrada pela patrulha de rotina sem elementos de conexão com o caso principal.
2026-02-25,"Avenida Albino José Barbosa de Oliveira, 1532 - Barão Geraldo",Outros,Ocorrência comum registrada pela patrulha de rotina sem elementos de conexão com o caso principal.
2026-02-18,"Avenida Heitor Penteado, 53 - Taquaral",Outros,Ocorrência comum registrada pela patrulha de rotina sem elementos de conexão com o caso principal.
2026-02-28,"Rua Maria Monteiro, 657 - Cambuí",Outros,Ocorrência comum registrada pela patrulha de rotina sem elementos de conexão com o caso principal.
2026-02-15,"Avenida Albino José Barbosa de Oliveira, 563 - Barão Geraldo",Outros,Ocorrência comum registrada pela patrulha de rotina sem elementos de conexão com o caso principal.
2026-02-21,"Avenida Heitor Penteado, 586 - Taquaral",Outros,Ocorrência comum registrada pela patrulha de rotina sem elementos de conexão com o caso principal.
2026-02-07,"Avenida Heitor Penteado, 1312 - Taquaral",Outros,Ocorrência comum registrada pela patrulha de rotina sem elementos de conexão com o caso principal.
2026-02-07,"Avenida Albino José Barbosa de Oliveira, 1278 - Barão Geraldo",Outros,Ocorrência comum registrada pela patrulha de rotina sem elementos de conexão com o caso principal.
2026-02-21,"Rua Maria Monteiro, 574 - Cambuí",Outros,Ocorrência comum registrada pela patrulha de rotina sem elementos de conexão com o caso principal.
2026-02-07,"Rua Maria Monteiro, 1118 - Cambuí",Outros,Ocorrência comum registrada pela patrulha de rotina sem elementos de conexão com o caso principal.
2026-02-06,"Avenida Heitor Penteado, 113 - Taquaral",Outros,Ocorrência comum registrada pela patrulha de rotina sem elementos de conexão com o caso principal.
2026-02-28,"Avenida Heitor Penteado, 1073 - Taquaral",Outros,Ocorrência comum registrada pela patrulha de rotina sem elementos de conexão com o caso principal.
2026-02-15,"Rua Maria Monteiro, 595 - Cambuí",Outros,Ocorrência comum registrada pela patrulha de rotina sem elementos de conexão com o caso principal.
2026-02-06,"Rua Coronel Quirino, 916 - Cambuí",Outros,Ocorrência comum registrada pela patrulha de rotina sem elementos de conexão com o caso principal.
2026-02-18,"Rua Coronel Quirino, 669 - Cambuí",Outros,Ocorrência comum registrada pela patrulha de rotina sem elementos de conexão com o caso principal.
2026-02-17,"Avenida Albino José Barbosa de Oliveira, 3383 - Barão Geraldo",Outros,Ocorrência comum registrada pela patrulha de rotina sem elementos de conexão com o caso principal.
2026-02-07,"Rua Maria Monteiro, 214 - Cambuí",Outros,Ocorrência comum registrada pela patrulha de rotina sem elementos de conexão com o caso principal.
2026-02-28,"Rua Coronel Quirino, 1817 - Cambuí",Outros,Ocorrência comum registrada pela patrulha de rotina sem elementos de conexão com o caso principal.
2026-02-01,"Rua Coronel Quirino, 228 - Cambuí",Outros,Ocorrência comum registrada pela patrulha de rotina sem elementos de conexão com o caso principal.
2026-02-28,"Rua Coronel Quirino, 843 - Cambuí",Outros,Ocorrência comum registrada pela patrulha de rotina sem elementos de conexão com o caso principal.
2026-02-18,"Avenida Albino José Barbosa de Oliveira, 991 - Barão Geraldo",Outros,Ocorrência comum registrada pela patrulha de rotina sem elementos de conexão com o caso principal.
2026-02-07,"Avenida Heitor Penteado, 2575 - Taquaral",Outros,Ocorrência comum registrada pela patrulha de rotina sem elementos de conexão com o caso principal.
2026-02-01,"Rua Maria Monteiro, 346 - Cambuí",Outros,Ocorrência comum registrada pela patrulha de rotina sem elementos de conexão com o caso principal.
2026-02-28,"Avenida Heitor Penteado, 2544 - Taquaral",Outros,Ocorrência comum registrada pela patrulha de rotina sem elementos de conexão com o caso principal.
2026-02-10,"Avenida Heitor Penteado, 530 - Taquaral",Outros,Ocorrência comum registrada pela patrulha de rotina sem elementos de conexão com o caso principal.
2026-02-11,"Avenida Albino José Barbosa de Oliveira, 796 - Barão Geraldo",Outros,Ocorrência comum registrada pela patrulha de rotina sem elementos de conexão com o caso principal.
2026-02-15,"Avenida Heitor Penteado, 995 - Taquaral",Outros,Ocorrência comum registrada pela patrulha de rotina sem elementos de conexão com o caso principal.
2026-02-02,"Avenida Albino José Barbosa de Oliveira, 188 - Barão Geraldo",Outros,Ocorrência comum registrada pela patrulha de rotina sem elementos de conexão com o caso principal.
2026-02-13,"Avenida Albino José Barbosa de Oliveira, 2464 - Barão Geraldo",Outros,Ocorrência comum registrada pela patrulha de rotina sem elementos de conexão com o caso principal.
2026-02-13,"Avenida Albino José Barbosa de Oliveira, 2566 - Barão Geraldo",Outros,Ocorrência comum registrada pela patrulha de rotina sem elementos de conexão com o caso principal.
2026-02-23,"Avenida Albino José Barbosa de Oliveira, 1566 - Barão Geraldo",Outros,Ocorrência comum registrada pela patrulha de rotina sem elementos de conexão com o caso principal.
2026-02-17,"Rua Coronel Quirino, 1538 - Cambuí",Outros,Ocorrência comum registrada pela patrulha de rotina sem elementos de conexão com o caso principal.
2026-02-01,"Avenida Heitor Penteado, 469 - Taquaral",Outros,Ocorrência comum registrada pela patrulha de rotina sem elementos de conexão com o caso principal.
2026-02-14,"Rua Coronel Quirino, 260 - Cambuí",Outros,Ocorrência comum registrada pela patrulha de rotina sem elementos de conexão com o caso principal.
2026-02-20,"Rua Coronel Quirino, 876 - Cambuí",Outros,Ocorrência comum registrada pela patrulha de rotina sem elementos de conexão com o caso principal.
2026-02-02,"Avenida Albino José Barbosa de Oliveira, 1624 - Barão Geraldo",Outros,Ocorrência comum registrada pela patrulha de rotina sem elementos de conexão com o caso principal.
2026-02-20,"Avenida Heitor Penteado, 2426 - Taquaral",Outros,Ocorrência comum registrada pela patrulha de rotina sem elementos de conexão com o caso principal.
2026-02-23,"Avenida Albino José Barbosa de Oliveira, 2223 - Barão Geraldo",Outros,Ocorrência comum registrada pela patrulha de rotina sem elementos de conexão com o caso principal.
2026-02-03,"Rua Maria Monteiro, 856 - Cambuí",Outros,Ocorrência comum registrada pela patrulha de rotina sem elementos de conexão com o caso principal.
2026-02-01,"Avenida Albino José Barbosa de Oliveira, 2125 - Barão Geraldo",Outros,Ocorrência comum registrada pela patrulha de rotina sem elementos de conexão com o caso principal.
2026-02-09,"Avenida Heitor Penteado, 2317 - Taquaral",Outros,Ocorrência comum registrada pela patrulha de rotina sem elementos de conexão com o caso principal.
2026-02-13,"Avenida Heitor Penteado, 2539 - Taquaral",Outros,Ocorrência comum registrada pela patrulha de rotina sem elementos de conexão com o caso principal.
2026-02-26,"Rua Coronel Quirino, 1710 - Cambuí",Outros,Ocorrência comum registrada pela patrulha de rotina sem elementos de conexão com o caso principal.
2026-02-13,"Avenida Albino José Barbosa de Oliveira, 3401 - Barão Geraldo",Outros,Ocorrência comum registrada pela patrulha de rotina sem elementos de conexão com o caso principal.
2026-02-23,"Rua Coronel Quirino, 1192 - Cambuí",Outros,Ocorrência comum registrada pela patrulha de rotina sem elementos de conexão com o caso principal.
2026-02-20,"Avenida Albino José Barbosa de Oliveira, 3292 - Barão Geraldo",Outros,Ocorrência comum registrada pela patrulha de rotina sem elementos de conexão com o caso principal.
2026-02-19,"Avenida Heitor Penteado, 2033 - Taquaral",Outros,Ocorrência comum registrada pela patrulha de rotina sem elementos de conexão com o caso principal.
2026-02-21,"Avenida Albino José Barbosa de Oliveira, 1440 - Barão Geraldo",Outros,Ocorrência comum registrada pela patrulha de rotina sem elementos de conexão com o caso principal.
2026-02-14,"Avenida Albino José Barbosa de Oliveira, 55 - Barão Geraldo",Outros,Ocorrência comum registrada pela patrulha de rotina sem elementos de conexão com o caso principal.
2026-02-08,"Rua Maria Monteiro, 742 - Cambuí",Outros,Ocorrência comum registrada pela patrulha de rotina sem elementos de conexão com o caso principal.
2026-02-16,"Avenida Albino José Barbosa de Oliveira, 1266 - Barão Geraldo",Outros,Ocorrência comum registrada pela patrulha de rotina sem elementos de conexão com o caso principal.
2026-02-09,"Avenida Heitor Penteado, 1518 - Taquaral",Outros,Ocorrência comum registrada pela patrulha de rotina sem elementos de conexão com o caso principal.
2026-02-19,"Avenida Heitor Penteado, 1125 - Taquaral",Outros,Ocorrência comum registrada pela patrulha de rotina sem elementos de conexão com o caso principal.
2026-02-24,"Rua Coronel Quirino, 1716 - Cambuí",Outros,Ocorrência comum registrada pela patrulha de rotina sem elementos de conexão com o caso principal.
2026-02-16,"Avenida Heitor Penteado, 1533 - Taquaral",Outros,Ocorrência comum registrada pela patrulha de rotina sem elementos de conexão com o caso principal.
2026-02-22,"Avenida Heitor Penteado, 2991 - Taquaral",Outros,Ocorrência comum registrada pela patrulha de rotina sem elementos de conexão com o caso principal.
2026-02-24,"Rua Coronel Quirino, 1978 - Cambuí",Outros,Ocorrência comum registrada pela patrulha de rotina sem elementos de conexão com o caso principal.
2026-02-15,"Rua Coronel Quirino, 1549 - Cambuí",Outros,Ocorrência comum registrada pela patrulha de rotina sem elementos de conexão com o caso principal.
2026-02-25,"Rua Coronel Quirino, 117 - Cambuí",Outros,Ocorrência comum registrada pela patrulha de rotina sem elementos de conexão com o caso principal.
2026-02-22,"Avenida Heitor Penteado, 2509 - Taquaral",Outros,Ocorrência comum registrada pela patrulha de rotina sem elementos de conexão com o caso principal.
2026-02-15,"Avenida Albino José Barbosa de Oliveira, 2775 - Barão Geraldo",Outros,Ocorrência comum registrada pela patrulha de rotina sem elementos de conexão com o caso principal.
2026-02-07,"Avenida Albino José Barbosa de Oliveira, 470 - Barão Geraldo",Outros,Ocorrência comum registrada pela patrulha de rotina sem elementos de conexão com o caso principal.
2026-02-04,"Avenida Heitor Penteado, 2989 - Taquaral",Outros,Ocorrência comum registrada pela patrulha de rotina sem elementos de conexão com o caso principal.
2026-02-01,"Avenida Albino José Barbosa de Oliveira, 1454 - Barão Geraldo",Outros,Ocorrência comum registrada pela patrulha de rotina sem elementos de conexão com o caso principal.
2026-02-22,"Avenida Heitor Penteado, 1138 - Taquaral",Outros,Ocorrência comum registrada pela patrulha de rotina sem elementos de conexão com o caso principal.
2026-02-06,"Avenida Albino José Barbosa de Oliveira, 1666 - Barão Geraldo",Outros,Ocorrência comum registrada pela patrulha de rotina sem elementos de conexão com o caso principal.
2026-02-02,"Rua Coronel Quirino, 278 - Cambuí",Outros,Ocorrência comum registrada pela patrulha de rotina sem elementos de conexão com o caso principal.
2026-02-12,"Rua Coronel Quirino, 1668 - Cambuí",Outros,Ocorrência comum registrada pela patrulha de rotina sem elementos de conexão com o caso principal.
2026-02-25,"Rua Coronel Quirino, 257 - Cambuí",Outros,Ocorrência comum registrada pela patrulha de rotina sem elementos de conexão com o caso principal.
2026-02-12,"Avenida Heitor Penteado, 1322 - Taquaral",Outros,Ocorrência comum registrada pela patrulha de rotina sem elementos de conexão com o caso principal.
2026-02-05,"Rua Maria Monteiro, 656 - Cambuí",Outros,Ocorrência comum registrada pela patrulha de rotina sem elementos de conexão com o caso principal.
2026-02-04,"Avenida Heitor Penteado, 1957 - Taquaral",Outros,Ocorrência comum registrada pela patrulha de rotina sem elementos de conexão com o caso principal.
2026-02-06,"Rua Maria Monteiro, 220 - Cambuí",Outros,Ocorrência comum registrada pela patrulha de rotina sem elementos de conexão com o caso principal.
2026-02-24,"Rua Coronel Quirino, 1305 - Cambuí",Outros,Ocorrência comum registrada pela patrulha de rotina sem elementos de conexão com o caso principal.
2026-02-25,"Avenida Albino José Barbosa de Oliveira, 3106 - Barão Geraldo",Outros,Ocorrência comum registrada pela patrulha de rotina sem elementos de conexão com o caso principal.
2026-02-07,"Avenida Albino José Barbosa de Oliveira, 866 - Barão Geraldo",Outros,Ocorrência comum registrada pela patrulha de rotina sem elementos de conexão com o caso principal.
2026-02-06,"Avenida Heitor Penteado, 2354 - Taquaral",Outros,Ocorrência comum registrada pela patrulha de rotina sem elementos de conexão com o caso principal.
2026-02-20,"Rua Maria Monteiro, 197 - Cambuí",Outros,Ocorrência comum registrada pela patrulha de rotina sem elementos de conexão com o caso principal.
2026-02-22,"Avenida Heitor Penteado, 1052 - Taquaral",Outros,Ocorrência comum registrada pela patrulha de rotina sem elementos de conexão com o caso principal.
2026-02-10,"Avenida Albino José Barbosa de Oliveira, 3059 - Barão Geraldo",Outros,Ocorrência comum registrada pela patrulha de rotina sem elementos de conexão com o caso principal.
2026-02-07,"Rua Coronel Quirino, 1923 - Cambuí",Outros,Ocorrência comum registrada pela patrulha de rotina sem elementos de conexão com o caso principal.
2026-02-17,"Rua Coronel Quirino, 1959 - Cambuí",Outros,Ocorrência comum registrada pela patrulha de rotina sem elementos de conexão com o caso principal.
2026-02-24,"Avenida Heitor Penteado, 2014 - Taquaral",Outros,Ocorrência comum registrada pela patrulha de rotina sem elementos de conexão com o caso principal.
2026-02-11,"Rua Maria Monteiro, 575 - Cambuí",Outros,Ocorrência comum registrada pela patrulha de rotina sem elementos de conexão com o caso principal.
2026-02-14,"Rua Coronel Quirino, 1784 - Cambuí",Outros,Ocorrência comum registrada pela patrulha de rotina sem elementos de conexão com o caso principal.
2026-02-19,"Avenida Albino José Barbosa de Oliveira, 2263 - Barão Geraldo",Outros,Ocorrência comum registrada pela patrulha de rotina sem elementos de conexão com o caso principal.
2026-02-16,"Avenida Albino José Barbosa de Oliveira, 3181 - Barão Geraldo",Outros,Ocorrência comum registrada pela patrulha de rotina sem elementos de conexão com o caso principal.
2026-02-01,"Avenida Albino José Barbosa de Oliveira, 1380 - Barão Geraldo",Outros,Ocorrência comum registrada pela patrulha de rotina sem elementos de conexão com o caso principal.
2026-02-15,"Rua Maria Monteiro, 913 - Cambuí",Outros,Ocorrência comum registrada pela patrulha de rotina sem elementos de conexão com o caso principal.
2026-02-11,"Avenida Albino José Barbosa de Oliveira, 3342 - Barão Geraldo",Outros,Ocorrência comum registrada pela patrulha de rotina sem elementos de conexão com o caso principal.
2026-02-21,"Avenida Albino José Barbosa de Oliveira, 2688 - Barão Geraldo",Outros,Ocorrência comum registrada pela patrulha de rotina sem elementos de conexão com o caso principal.
2026-02-07,"Avenida Heitor Penteado, 2734 - Taquaral",Outros,Ocorrência comum registrada pela patrulha de rotina sem elementos de conexão com o caso principal.
2026-02-07,"Avenida Albino José Barbosa de Oliveira, 2231 - Barão Geraldo",Outros,Ocorrência comum registrada pela patrulha de rotina sem elementos de conexão com o caso principal.
2026-02-10,"Avenida Heitor Penteado, 2529 - Taquaral",Outros,Ocorrência comum registrada pela patrulha de rotina sem elementos de conexão com o caso principal.
2026-02-04,"Avenida Heitor Penteado, 2416 - Taquaral",Outros,Ocorrência comum registrada pela patrulha de rotina sem elementos de conexão com o caso principal.
2026-02-13,"Avenida Heitor Penteado, 2935 - Taquaral",Outros,Ocorrência comum registrada pela patrulha de rotina sem elementos de conexão com o caso principal.
2026-02-24,"Rua Maria Monteiro, 217 - Cambuí",Outros,Ocorrência comum registrada pela patrulha de rotina sem elementos de conexão com o caso principal.
2026-02-23,"Avenida Albino José Barbosa de Oliveira, 1713 - Barão Geraldo",Outros,Ocorrência comum registrada pela patrulha de rotina sem elementos de conexão com o caso principal.
2026-02-12,"Rua Coronel Quirino, 979 - Cambuí",Outros,Ocorrência comum registrada pela patrulha de rotina sem elementos de conexão com o caso principal.
2026-02-05,"Avenida Heitor Penteado, 1323 - Taquaral",Outros,Ocorrência comum registrada pela patrulha de rotina sem elementos de conexão com o caso principal.
2026-02-21,"Avenida Heitor Penteado, 1685 - Taquaral",Outros,Ocorrência comum registrada pela patrulha de rotina sem elementos de conexão com o caso principal.
2026-02-26,"Avenida Heitor Penteado, 774 - Taquaral",Outros,Ocorrência comum registrada pela patrulha de rotina sem elementos de conexão com o caso principal.
2026-02-03,"Avenida Heitor Penteado, 1806 - Taquaral",Outros,Ocorrência comum registrada pela patrulha de rotina sem elementos de conexão com o caso principal.
2026-02-27,"Rua Maria Monteiro, 1113 - Cambuí",Outros,Ocorrência comum registrada pela patrulha de rotina sem elementos de conexão com o caso principal.
2026-02-06,"Avenida Albino José Barbosa de Oliveira, 432 - Barão Geraldo",Outros,Ocorrência comum registrada pela patrulha de rotina sem elementos de conexão com o caso principal.
2026-02-23,"Avenida Heitor Penteado, 1578 - Taquaral",Outros,Ocorrência comum registrada pela patrulha de rotina sem elementos de conexão com o caso principal.
2026-02-02,"Rua Coronel Quirino, 1345 - Cambuí",Outros,Ocorrência comum registrada pela patrulha de rotina sem elementos de conexão com o caso principal.
2026-02-24,"Rua Maria Monteiro, 733 - Cambuí",Outros,Ocorrência comum registrada pela patrulha de rotina sem elementos de conexão com o caso principal.
2026-02-27,"Avenida Albino José Barbosa de Oliveira, 1308 - Barão Geraldo",Outros,Ocorrência comum registrada pela patrulha de rotina sem elementos de conexão com o caso principal.
2026-02-09,"Avenida Heitor Penteado, 1615 - Taquaral",Outros,Ocorrência comum registrada pela patrulha de rotina sem elementos de conexão com o caso principal.
2026-02-18,"Rua Coronel Quirino, 429 - Cambuí",Outros,Ocorrência comum registrada pela patrulha de rotina sem elementos de conexão com o caso principal.
2026-02-16,"Avenida Heitor Penteado, 2504 - Taquaral",Outros,Ocorrência comum registrada pela patrulha de rotina sem elementos de conexão com o caso principal.
2026-02-03,"Avenida Heitor Penteado, 2236 - Taquaral",Outros,Ocorrência comum registrada pela patrulha de rotina sem elementos de conexão com o caso principal.
2026-02-11,"Avenida Heitor Penteado, 708 - Taquaral",Outros,Ocorrência comum registrada pela patrulha de rotina sem elementos de conexão com o caso principal.
2026-02-07,"Avenida Heitor Penteado, 2073 - Taquaral",Outros,Ocorrência comum registrada pela patrulha de rotina sem elementos de conexão com o caso principal.
2026-02-28,"Rua Coronel Quirino, 1065 - Cambuí",Outros,Ocorrência comum registrada pela patrulha de rotina sem elementos de conexão com o caso principal.
2026-02-03,"Avenida Albino José Barbosa de Oliveira, 1929 - Barão Geraldo",Outros,Ocorrência comum registrada pela patrulha de rotina sem elementos de conexão com o caso principal.
2026-02-20,"Rua Coronel Quirino, 1208 - Cambuí",Outros,Ocorrência comum registrada pela patrulha de rotina sem elementos de conexão com o caso principal.
2026-02-11,"Avenida Albino José Barbosa de Oliveira, 1133 - Barão Geraldo",Outros,Ocorrência comum registrada pela patrulha de rotina sem elementos de conexão com o caso principal.
2026-02-19,"Avenida Heitor Penteado, 2703 - Taquaral",Outros,Ocorrência comum registrada pela patrulha de rotina sem elementos de conexão com o caso principal.
2026-02-13,"Avenida Albino José Barbosa de Oliveira, 1407 - Barão Geraldo",Outros,Ocorrência comum registrada pela patrulha de rotina sem elementos de conexão com o caso principal.
2026-02-24,"Avenida Heitor Penteado, 2530 - Taquaral",Outros,Ocorrência comum registrada pela patrulha de rotina sem elementos de conexão com o caso principal.
2026-02-04,"Avenida Heitor Penteado, 265 - Taquaral",Outros,Ocorrência comum registrada pela patrulha de rotina sem elementos de conexão com o caso principal.
2026-02-10,"Avenida Albino José Barbosa de Oliveira, 2448 - Barão Geraldo",Outros,Ocorrência comum registrada pela patrulha de rotina sem elementos de conexão com o caso principal.
2026-02-22,"Rua Maria Monteiro, 200 - Cambuí",Outros,Ocorrência comum registrada pela patrulha de rotina sem elementos de conexão com o caso principal.
2026-02-07,"Rua Coronel Quirino, 146 - Cambuí",Outros,Ocorrência comum registrada pela patrulha de rotina sem elementos de conexão com o caso principal.
2026-02-03,"Rua Coronel Quirino, 862 - Cambuí",Outros,Ocorrência comum registrada pela patrulha de rotina sem elementos de conexão com o caso principal.
2026-02-04,"Avenida Heitor Penteado, 2966 - Taquaral",Outros,Ocorrência comum registrada pela patrulha de rotina sem elementos de conexão com o caso principal.
2026-02-26,"Avenida Albino José Barbosa de Oliveira, 2953 - Barão Geraldo",Outros,Ocorrência comum registrada pela patrulha de rotina sem elementos de conexão com o caso principal.
2026-02-17,"Avenida Albino José Barbosa de Oliveira, 534 - Barão Geraldo",Outros,Ocorrência comum registrada pela patrulha de rotina sem elementos de conexão com o caso principal.
2026-02-19,"Rua Coronel Quirino, 1287 - Cambuí",Outros,Ocorrência comum registrada pela patrulha de rotina sem elementos de conexão com o caso principal.
2026-02-15,"Avenida Albino José Barbosa de Oliveira, 2129 - Barão Geraldo",Outros,Ocorrência comum registrada pela patrulha de rotina sem elementos de conexão com o caso principal.
2026-02-05,"Rua Coronel Quirino, 264 - Cambuí",Outros,Ocorrência comum registrada pela patrulha de rotina sem elementos de conexão com o caso principal.
2026-02-11,"Avenida Albino José Barbosa de Oliveira, 3130 - Barão Geraldo",Outros,Ocorrência comum registrada pela patrulha de rotina sem elementos de conexão com o caso principal.
2026-02-25,"Avenida Heitor Penteado, 2327 - Taquaral",Outros,Ocorrência comum registrada pela patrulha de rotina sem elementos de conexão com o caso principal.
2026-02-17,"Rua Maria Monteiro, 335 - Cambuí",Outros,Ocorrência comum registrada pela patrulha de rotina sem elementos de conexão com o caso principal.
2026-02-22,"Avenida Heitor Penteado, 1780 - Taquaral",Outros,Ocorrência comum registrada pela patrulha de rotina sem elementos de conexão com o caso principal.
2026-02-04,"Rua Coronel Quirino, 1060 - Cambuí",Outros,Ocorrência comum registrada pela patrulha de rotina sem elementos de conexão com o caso principal.
2026-02-14,"Avenida Heitor Penteado, 540 - Taquaral",Outros,Ocorrência comum registrada pela patrulha de rotina sem elementos de conexão com o caso principal.
2026-02-12,"Avenida Albino José Barbosa de Oliveira, 1745 - Barão Geraldo",Outros,Ocorrência comum registrada pela patrulha de rotina sem elementos de conexão com o caso principal.
2026-02-10,"Avenida Albino José Barbosa de Oliveira, 2408 - Barão Geraldo",Outros,Ocorrência comum registrada pela patrulha de rotina sem elementos de conexão com o caso principal.
2026-02-14,"Avenida Albino José Barbosa de Oliveira, 396 - Barão Geraldo",Outros,Ocorrência comum registrada pela patrulha de rotina sem elementos de conexão com o caso principal.
2026-02-24,"Avenida Albino José Barbosa de Oliveira, 1740 - Barão Geraldo",Outros,Ocorrência comum registrada pela patrulha de rotina sem elementos de conexão com o caso principal.
2026-02-07,"Rua Coronel Quirino, 419 - Cambuí",Outros,Ocorrência comum registrada pela patrulha de rotina sem elementos de conexão com o caso principal.
2026-02-16,"Avenida Albino José Barbosa de Oliveira, 3283 - Barão Geraldo",Outros,Ocorrência comum registrada pela patrulha de rotina sem elementos de conexão com o caso principal.
2026-02-07,"Rua Maria Monteiro, 650 - Cambuí",Outros,Ocorrência comum registrada pela patrulha de rotina sem elementos de conexão com o caso principal.
2026-02-08,"Avenida Heitor Penteado, 1741 - Taquaral",Outros,Ocorrência comum registrada pela patrulha de rotina sem elementos de conexão com o caso principal.
2026-02-08,"Avenida Albino José Barbosa de Oliveira, 901 - Barão Geraldo",Outros,Ocorrência comum registrada pela patrulha de rotina sem elementos de conexão com o caso principal.
2026-02-23,"Avenida Albino José Barbosa de Oliveira, 1743 - Barão Geraldo",Outros,Ocorrência comum registrada pela patrulha de rotina sem elementos de conexão com o caso principal.
2026-02-19,"Avenida Heitor Penteado, 2666 - Taquaral",Outros,Ocorrência comum registrada pela patrulha de rotina sem elementos de conexão com o caso principal.
2026-02-09,"Avenida Albino José Barbosa de Oliveira, 625 - Barão Geraldo",Outros,Ocorrência comum registrada pela patrulha de rotina sem elementos de conexão com o caso principal.
2026-02-12,"Avenida Heitor Penteado, 632 - Taquaral",Outros,Ocorrência comum registrada pela patrulha de rotina sem elementos de conexão com o caso principal.
2026-02-17,"Avenida Albino José Barbosa de Oliveira, 1572 - Barão Geraldo",Outros,Ocorrência comum registrada pela patrulha de rotina sem elementos de conexão com o caso principal.
2026-02-20,"Rua Maria Monteiro, 689 - Cambuí",Outros,Ocorrência comum registrada pela patrulha de rotina sem elementos de conexão com o caso principal.
2026-02-04,"Avenida Heitor Penteado, 1854 - Taquaral",Outros,Ocorrência comum registrada pela patrulha de rotina sem elementos de conexão com o caso principal.
2026-02-01,"Avenida Albino José Barbosa de Oliveira, 696 - Barão Geraldo",Outros,Ocorrência comum registrada pela patrulha de rotina sem elementos de conexão com o caso principal.
2026-02-05,"Rua Coronel Quirino, 1224 - Cambuí",Outros,Ocorrência comum registrada pela patrulha de rotina sem elementos de conexão com o caso principal.
2026-02-07,"Avenida Heitor Penteado, 1621 - Taquaral",Outros,Ocorrência comum registrada pela patrulha de rotina sem elementos de conexão com o caso principal.
2026-02-15,"Avenida Albino José Barbosa de Oliveira, 2835 - Barão Geraldo",Outros,Ocorrência comum registrada pela patrulha de rotina sem elementos de conexão com o caso principal.
2026-02-21,"Avenida Albino José Barbosa de Oliveira, 159 - Barão Geraldo",Outros,Ocorrência comum registrada pela patrulha de rotina sem elementos de conexão com o caso principal.
2026-02-10,"Avenida Albino José Barbosa de Oliveira, 663 - Barão Geraldo",Outros,Ocorrência comum registrada pela patrulha de rotina sem elementos de conexão com o caso principal.
2026-02-12,"Avenida Albino José Barbosa de Oliveira, 2070 - Barão Geraldo",Outros,Ocorrência comum registrada pela patrulha de rotina sem elementos de conexão com o caso principal.
2026-02-04,"Avenida Heitor Penteado, 2135 - Taquaral",Outros,Ocorrência comum registrada pela patrulha de rotina sem elementos de conexão com o caso principal.
2026-02-19,"Avenida Albino José Barbosa de Oliveira, 1605 - Barão Geraldo",Outros,Ocorrência comum registrada pela patrulha de rotina sem elementos de conexão com o caso principal.
2026-02-23,"Rua Coronel Quirino, 1642 - Cambuí",Outros,Ocorrência comum registrada pela patrulha de rotina sem elementos de conexão com o caso principal.
2026-02-27,"Avenida Heitor Penteado, 1846 - Taquaral",Outros,Ocorrência comum registrada pela patrulha de rotina sem elementos de conexão com o caso principal.
2026-02-03,"Avenida Heitor Penteado, 424 - Taquaral",Outros,Ocorrência comum registrada pela patrulha de rotina sem elementos de conexão com o caso principal.
2026-02-27,"Avenida Albino José Barbosa de Oliveira, 1003 - Barão Geraldo",Outros,Ocorrência comum registrada pela patrulha de rotina sem elementos de conexão com o caso principal.
2026-02-03,"Rua Coronel Quirino, 755 - Cambuí",Outros,Ocorrência comum registrada pela patrulha de rotina sem elementos de conexão com o caso principal.
2026-02-03,"Avenida Albino José Barbosa de Oliveira, 3452 - Barão Geraldo",Outros,Ocorrência comum registrada pela patrulha de rotina sem elementos de conexão com o caso principal.
2026-02-22,"Avenida Albino José Barbosa de Oliveira, 146 - Barão Geraldo",Outros,Ocorrência comum registrada pela patrulha de rotina sem elementos de conexão com o caso principal.
2026-02-11,"Avenida Heitor Penteado, 2883 - Taquaral",Outros,Ocorrência comum registrada pela patrulha de rotina sem elementos de conexão com o caso principal.
2026-02-04,"Avenida Heitor Penteado, 41 - Taquaral",Outros,Ocorrência comum registrada pela patrulha de rotina sem elementos de conexão com o caso principal.
2026-02-14,"Avenida Albino José Barbosa de Oliveira, 518 - Barão Geraldo",Outros,Ocorrência comum registrada pela patrulha de rotina sem elementos de conexão com o caso principal.
2026-02-01,"Rua Coronel Quirino, 550 - Cambuí",Outros,Ocorrência comum registrada pela patrulha de rotina sem elementos de conexão com o caso principal.
2026-02-22,"Avenida Heitor Penteado, 516 - Taquaral",Outros,Ocorrência comum registrada pela patrulha de rotina sem elementos de conexão com o caso principal.
2026-02-18,"Avenida Albino José Barbosa de Oliveira, 3217 - Barão Geraldo",Outros,Ocorrência comum registrada pela patrulha de rotina sem elementos de conexão com o caso principal.
2026-02-27,"Rua Coronel Quirino, 1650 - Cambuí",Outros,Ocorrência comum registrada pela patrulha de rotina sem elementos de conexão com o caso principal.
2026-02-14,"Rua Coronel Quirino, 655 - Cambuí",Outros,Ocorrência comum registrada pela patrulha de rotina sem elementos de conexão com o caso principal.
2026-02-04,"Avenida Heitor Penteado, 1762 - Taquaral",Outros,Ocorrência comum registrada pela patrulha de rotina sem elementos de conexão com o caso principal.
2026-02-11,"Avenida Albino José Barbosa de Oliveira, 2879 - Barão Geraldo",Outros,Ocorrência comum registrada pela patrulha de rotina sem elementos de conexão com o caso principal.
2026-02-04,"Avenida Albino José Barbosa de Oliveira, 1596 - Barão Geraldo",Outros,Ocorrência comum registrada pela patrulha de rotina sem elementos de conexão com o caso principal.
2026-02-11,"Avenida Heitor Penteado, 379 - Taquaral",Outros,Ocorrência comum registrada pela patrulha de rotina sem elementos de conexão com o caso principal.
2026-02-05,"Rua Coronel Quirino, 1940 - Cambuí",Outros,Ocorrência comum registrada pela patrulha de rotina sem elementos de conexão com o caso principal.
2026-02-15,"Rua Maria Monteiro, 1080 - Cambuí",Outros,Ocorrência comum registrada pela patrulha de rotina sem elementos de conexão com o caso principal.
2026-02-20,"Avenida Albino José Barbosa de Oliveira, 1538 - Barão Geraldo",Outros,Ocorrência comum registrada pela patrulha de rotina sem elementos de conexão com o caso principal.
2026-02-19,"Avenida Heitor Penteado, 2254 - Taquaral",Outros,Ocorrência comum registrada pela patrulha de rotina sem elementos de conexão com o caso principal.
2026-02-15,"Avenida Heitor Penteado, 498 - Taquaral",Outros,Ocorrência comum registrada pela patrulha de rotina sem elementos de conexão com o caso principal.
2026-02-09,"Avenida Heitor Penteado, 1536 - Taquaral",Outros,Ocorrência comum registrada pela patrulha de rotina sem elementos de conexão com o caso principal.
2026-02-04,"Rua Coronel Quirino, 1633 - Cambuí",Outros,Ocorrência comum registrada pela patrulha de rotina sem elementos de conexão com o caso principal.
2026-02-01,"Rua Maria Monteiro, 1576 - Cambuí",Outros,Ocorrência comum registrada pela patrulha de rotina sem elementos de conexão com o caso principal.
2026-02-20,"Avenida Heitor Penteado, 2647 - Taquaral",Outros,Ocorrência comum registrada pela patrulha de rotina sem elementos de conexão com o caso principal.
2026-02-26,"Rua Maria Monteiro, 953 - Cambuí",Outros,Ocorrência comum registrada pela patrulha de rotina sem elementos de conexão com o caso principal.
2026-02-22,"Rua Coronel Quirino, 1363 - Cambuí",Outros,Ocorrência comum registrada pela patrulha de rotina sem elementos de conexão com o caso principal.
2026-02-27,"Avenida Heitor Penteado, 1224 - Taquaral",Outros,Ocorrência comum registrada pela patrulha de rotina sem elementos de conexão com o caso principal.
2026-02-10,"Rua Maria Monteiro, 558 - Cambuí",Outros,Ocorrência comum registrada pela patrulha de rotina sem elementos de conexão com o caso principal.
2026-02-18,"Rua Coronel Quirino, 1305 - Cambuí",Outros,Ocorrência comum registrada pela patrulha de rotina sem elementos de conexão com o caso principal.
2026-02-13,"Rua Coronel Quirino, 965 - Cambuí",Outros,Ocorrência comum registrada pela patrulha de rotina sem elementos de conexão com o caso principal.
2026-02-14,"Avenida Albino José Barbosa de Oliveira, 3330 - Barão Geraldo",Outros,Ocorrência comum registrada pela patrulha de rotina sem elementos de conexão com o caso principal.
2026-02-11,"Avenida Albino José Barbosa de Oliveira, 3210 - Barão Geraldo",Outros,Ocorrência comum registrada pela patrulha de rotina sem elementos de conexão com o caso principal.
2026-02-23,"Avenida Albino José Barbosa de Oliveira, 227 - Barão Geraldo",Outros,Ocorrência comum registrada pela patrulha de rotina sem elementos de conexão com o caso principal.
2026-02-09,"Avenida Heitor Penteado, 689 - Taquaral",Outros,Ocorrência comum registrada pela patrulha de rotina sem elementos de conexão com o caso principal.
2026-02-22,"Rua Maria Monteiro, 772 - Cambuí",Outros,Ocorrência comum registrada pela patrulha de rotina sem elementos de conexão com o caso principal.
2026-02-23,"Rua Coronel Quirino, 1746 - Cambuí",Outros,Ocorrência comum registrada pela patrulha de rotina sem elementos de conexão com o caso principal.
2026-02-02,"Rua Coronel Quirino, 1533 - Cambuí",Outros,Ocorrência comum registrada pela patrulha de rotina sem elementos de conexão com o caso principal.
2026-02-22,"Avenida Albino José Barbosa de Oliveira, 2458 - Barão Geraldo",Outros,Ocorrência comum registrada pela patrulha de rotina sem elementos de conexão com o caso principal.
2026-02-14,"Avenida Albino José Barbosa de Oliveira, 3307 - Barão Geraldo",Outros,Ocorrência comum registrada pela patrulha de rotina sem elementos de conexão com o caso principal.
2026-02-15,"Avenida Albino José Barbosa de Oliveira, 702 - Barão Geraldo",Outros,Ocorrência comum registrada pela patrulha de rotina sem elementos de conexão com o caso principal.
2026-02-12,"Rua Coronel Quirino, 534 - Cambuí",Outros,Ocorrência comum registrada pela patrulha de rotina sem elementos de conexão com o caso principal.
2026-02-02,"Rua Coronel Quirino, 1931 - Cambuí",Outros,Ocorrência comum registrada pela patrulha de rotina sem elementos de conexão com o caso principal.
2026-02-24,"Avenida Albino José Barbosa de Oliveira, 439 - Barão Geraldo",Outros,Ocorrência comum registrada pela patrulha de rotina sem elementos de conexão com o caso principal.
2026-02-26,"Avenida Albino José Barbosa de Oliveira, 2119 - Barão Geraldo",Outros,Ocorrência comum registrada pela patrulha de rotina sem elementos de conexão com o caso principal.
2026-02-08,"Avenida Albino José Barbosa de Oliveira, 1567 - Barão Geraldo",Outros,Ocorrência comum registrada pela patrulha de rotina sem elementos de conexão com o caso principal.
2026-02-26,"Avenida Heitor Penteado, 133 - Taquaral",Outros,Ocorrência comum registrada pela patrulha de rotina sem elementos de conexão com o caso principal.
2026-02-23,"Avenida Albino José Barbosa de Oliveira, 2532 - Barão Geraldo",Outros,Ocorrência comum registrada pela patrulha de rotina sem elementos de conexão com o caso principal.
2026-02-04,"Avenida Heitor Penteado, 1733 - Taquaral",Outros,Ocorrência comum registrada pela patrulha de rotina sem elementos de conexão com o caso principal.
2026-02-28,"Rua Coronel Quirino, 1495 - Cambuí",Outros,Ocorrência comum registrada pela patrulha de rotina sem elementos de conexão com o caso principal.
2026-02-18,"Rua Coronel Quirino, 1900 - Cambuí",Outros,Ocorrência comum registrada pela patrulha de rotina sem elementos de conexão com o caso principal.
2026-02-20,"Avenida Heitor Penteado, 1311 - Taquaral",Outros,Ocorrência comum registrada pela patrulha de rotina sem elementos de conexão com o caso principal.
2026-02-09,"Rua Coronel Quirino, 1188 - Cambuí",Outros,Ocorrência comum registrada pela patrulha de rotina sem elementos de conexão com o caso principal.
2026-02-07,"Avenida Albino José Barbosa de Oliveira, 2467 - Barão Geraldo",Outros,Ocorrência comum registrada pela patrulha de rotina sem elementos de conexão com o caso principal.
2026-02-23,"Avenida Albino José Barbosa de Oliveira, 2555 - Barão Geraldo",Outros,Ocorrência comum registrada pela patrulha de rotina sem elementos de conexão com o caso principal.
2026-02-12,"Avenida Albino José Barbosa de Oliveira, 945 - Barão Geraldo",Outros,Ocorrência comum registrada pela patrulha de rotina sem elementos de conexão com o caso principal.
2026-02-20,"Avenida Albino José Barbosa de Oliveira, 2595 - Barão Geraldo",Outros,Ocorrência comum registrada pela patrulha de rotina sem elementos de conexão com o caso principal.
2026-02-24,"Avenida Albino José Barbosa de Oliveira, 3300 - Barão Geraldo",Outros,Ocorrência comum registrada pela patrulha de rotina sem elementos de conexão com o caso principal.
2026-02-09,"Avenida Albino José Barbosa de Oliveira, 2600 - Barão Geraldo",Outros,Ocorrência comum registrada pela patrulha de rotina sem elementos de conexão com o caso principal.
2026-02-12,"Rua Maria Monteiro, 1393 - Cambuí",Outros,Ocorrência comum registrada pela patrulha de rotina sem elementos de conexão com o caso principal.
2026-02-01,"Rua Coronel Quirino, 331 - Cambuí",Outros,Ocorrência comum registrada pela patrulha de rotina sem elementos de conexão com o caso principal.
2026-02-23,"Avenida Albino José Barbosa de Oliveira, 2858 - Barão Geraldo",Outros,Ocorrência comum registrada pela patrulha de rotina sem elementos de conexão com o caso principal.
2026-02-26,"Avenida Heitor Penteado, 2454 - Taquaral",Outros,Ocorrência comum registrada pela patrulha de rotina sem elementos de conexão com o caso principal.
2026-02-03,"Avenida Heitor Penteado, 1597 - Taquaral",Outros,Ocorrência comum registrada pela patrulha de rotina sem elementos de conexão com o caso principal.
2026-02-13,"Avenida Albino José Barbosa de Oliveira, 1013 - Barão Geraldo",Outros,Ocorrência comum registrada pela patrulha de rotina sem elementos de conexão com o caso principal.
2026-02-24,"Rua Coronel Quirino, 875 - Cambuí",Outros,Ocorrência comum registrada pela patrulha de rotina sem elementos de conexão com o caso principal.
2026-02-18,"Rua Maria Monteiro, 530 - Cambuí",Outros,Ocorrência comum registrada pela patrulha de rotina sem elementos de conexão com o caso principal.
2026-02-25,"Avenida Heitor Penteado, 1306 - Taquaral",Outros,Ocorrência comum registrada pela patrulha de rotina sem elementos de conexão com o caso principal.
2026-02-07,"Rua Coronel Quirino, 1405 - Cambuí",Outros,Ocorrência comum registrada pela patrulha de rotina sem elementos de conexão com o caso principal.
2026-02-02,"Rua Coronel Quirino, 103 - Cambuí",Outros,Ocorrência comum registrada pela patrulha de rotina sem elementos de conexão com o caso principal.
2026-02-05,"Rua Maria Monteiro, 1420 - Cambuí",Outros,Ocorrência comum registrada pela patrulha de rotina sem elementos de conexão com o caso principal.
2026-02-10,"Rua Coronel Quirino, 504 - Cambuí",Outros,Ocorrência comum registrada pela patrulha de rotina sem elementos de conexão com o caso principal.
2026-02-27,"Rua Maria Monteiro, 978 - Cambuí",Outros,Ocorrência comum registrada pela patrulha de rotina sem elementos de conexão com o caso principal.
2026-02-06,"Avenida Heitor Penteado, 715 - Taquaral",Outros,Ocorrência comum registrada pela patrulha de rotina sem elementos de conexão com o caso principal.
2026-02-27,"Rua Maria Monteiro, 1143 - Cambuí",Outros,Ocorrência comum registrada pela patrulha de rotina sem elementos de conexão com o caso principal.
2026-02-10,"Avenida Albino José Barbosa de Oliveira, 242 - Barão Geraldo",Outros,Ocorrência comum registrada pela patrulha de rotina sem elementos de conexão com o caso principal.
2026-02-07,"Avenida Heitor Penteado, 2483 - Taquaral",Outros,Ocorrência comum registrada pela patrulha de rotina sem elementos de conexão com o caso principal.
2026-02-20,"Avenida Albino José Barbosa de Oliveira, 2542 - Barão Geraldo",Outros,Ocorrência comum registrada pela patrulha de rotina sem elementos de conexão com o caso principal.
2026-02-13,"Rua Maria Monteiro, 470 - Cambuí",Outros,Ocorrência comum registrada pela patrulha de rotina sem elementos de conexão com o caso principal.
2026-02-02,"Avenida Albino José Barbosa de Oliveira, 670 - Barão Geraldo",Outros,Ocorrência comum registrada pela patrulha de rotina sem elementos de conexão com o caso principal.
2026-02-09,"Avenida Albino José Barbosa de Oliveira, 3267 - Barão Geraldo",Outros,Ocorrência comum registrada pela patrulha de rotina sem elementos de conexão com o caso principal.
2026-02-09,"Avenida Heitor Penteado, 2019 - Taquaral",Outros,Ocorrência comum registrada pela patrulha de rotina sem elementos de conexão com o caso principal.
2026-02-12,"Avenida Albino José Barbosa de Oliveira, 871 - Barão Geraldo",Outros,Ocorrência comum registrada pela patrulha de rotina sem elementos de conexão com o caso principal.
2026-02-11,"Rua Maria Monteiro, 1594 - Cambuí",Outros,Ocorrência comum registrada pela patrulha de rotina sem elementos de conexão com o caso principal.
2026-02-21,"Avenida Albino José Barbosa de Oliveira, 1454 - Barão Geraldo",Outros,Ocorrência comum registrada pela patrulha de rotina sem elementos de conexão com o caso principal.
2026-02-16,"Avenida Heitor Penteado, 1770 - Taquaral",Outros,Ocorrência comum registrada pela patrulha de rotina sem elementos de conexão com o caso principal.
2026-02-04,"Avenida Albino José Barbosa de Oliveira, 2796 - Barão Geraldo",Outros,Ocorrência comum registrada pela patrulha de rotina sem elementos de conexão com o caso principal.
2026-02-13,"Rua Coronel Quirino, 1504 - Cambuí",Outros,Ocorrência comum registrada pela patrulha de rotina sem elementos de conexão com o caso principal.
2026-02-19,"Avenida Albino José Barbosa de Oliveira, 983 - Barão Geraldo",Outros,Ocorrência comum registrada pela patrulha de rotina sem elementos de conexão com o caso principal.
2026-02-15,"Rua Maria Monteiro, 1014 - Cambuí",Outros,Ocorrência comum registrada pela patrulha de rotina sem elementos de conexão com o caso principal.
2026-02-13,"Rua Maria Monteiro, 428 - Cambuí",Outros,Ocorrência comum registrada pela patrulha de rotina sem elementos de conexão com o caso principal.
2026-02-16,"Rua Maria Monteiro, 882 - Cambuí",Outros,Ocorrência comum registrada pela patrulha de rotina sem elementos de conexão com o caso principal.
2026-02-26,"Rua Maria Monteiro, 818 - Cambuí",Outros,Ocorrência comum registrada pela patrulha de rotina sem elementos de conexão com o caso principal.
2026-02-04,"Avenida Albino José Barbosa de Oliveira, 3247 - Barão Geraldo",Outros,Ocorrência comum registrada pela patrulha de rotina sem elementos de conexão com o caso principal.
2026-02-03,"Avenida Albino José Barbosa de Oliveira, 62 - Barão Geraldo",Outros,Ocorrência comum registrada pela patrulha de rotina sem elementos de conexão com o caso principal.
2026-02-25,"Rua Maria Monteiro, 162 - Cambuí",Outros,Ocorrência comum registrada pela patrulha de rotina sem elementos de conexão com o caso principal.
2026-02-09,"Avenida Heitor Penteado, 322 - Taquaral",Outros,Ocorrência comum registrada pela patrulha de rotina sem elementos de conexão com o caso principal.
2026-02-04,"Avenida Heitor Penteado, 153 - Taquaral",Outros,Ocorrência comum registrada pela patrulha de rotina sem elementos de conexão com o caso principal.
2026-02-20,"Avenida Heitor Penteado, 1910 - Taquaral",Outros,Ocorrência comum registrada pela patrulha de rotina sem elementos de conexão com o caso principal.
2026-02-08,"Rua Maria Monteiro, 1582 - Cambuí",Outros,Ocorrência comum registrada pela patrulha de rotina sem elementos de conexão com o caso principal.
2026-02-19,"Avenida Heitor Penteado, 1212 - Taquaral",Outros,Ocorrência comum registrada pela patrulha de rotina sem elementos de conexão com o caso principal.
2026-02-25,"Avenida Heitor Penteado, 2313 - Taquaral",Outros,Ocorrência comum registrada pela patrulha de rotina sem elementos de conexão com o caso principal.
2026-02-06,"Avenida Albino José Barbosa de Oliveira, 2728 - Barão Geraldo",Outros,Ocorrência comum registrada pela patrulha de rotina sem elementos de conexão com o caso principal.
2026-02-26,"Avenida Heitor Penteado, 1520 - Taquaral",Outros,Ocorrência comum registrada pela patrulha de rotina sem elementos de conexão com o caso principal.
2026-02-23,"Avenida Heitor Penteado, 2049 - Taquaral",Outros,Ocorrência comum registrada pela patrulha de rotina sem elementos de conexão com o caso principal.
2026-02-25,"Avenida Albino José Barbosa de Oliveira, 2632 - Barão Geraldo",Outros,Ocorrência comum registrada pela patrulha de rotina sem elementos de conexão com o caso principal.
2026-02-28,"Avenida Albino José Barbosa de Oliveira, 557 - Barão Geraldo",Outros,Ocorrência comum registrada pela patrulha de rotina sem elementos de conexão com o caso principal.
2026-02-07,"Avenida Albino José Barbosa de Oliveira, 2322 - Barão Geraldo",Outros,Ocorrência comum registrada pela patrulha de rotina sem elementos de conexão com o caso principal.
2026-02-23,"Rua Coronel Quirino, 1885 - Cambuí",Outros,Ocorrência comum registrada pela patrulha de rotina sem elementos de conexão com o caso principal.
2026-02-09,"Rua Coronel Quirino, 1498 - Cambuí",Outros,Ocorrência comum registrada pela patrulha de rotina sem elementos de conexão com o caso principal.
2026-02-04,"Avenida Heitor Penteado, 1382 - Taquaral",Outros,Ocorrência comum registrada pela patrulha de rotina sem elementos de conexão com o caso principal.
2026-02-10,"Rua Coronel Quirino, 1790 - Cambuí",Outros,Ocorrência comum registrada pela patrulha de rotina sem elementos de conexão com o caso principal.
2026-02-24,"Avenida Heitor Penteado, 2531 - Taquaral",Outros,Ocorrência comum registrada pela patrulha de rotina sem elementos de conexão com o caso principal.
2026-02-09,"Rua Maria Monteiro, 441 - Cambuí",Outros,Ocorrência comum registrada pela patrulha de rotina sem elementos de conexão com o caso principal.
2026-02-07,"Avenida Albino José Barbosa de Oliveira, 1367 - Barão Geraldo",Outros,Ocorrência comum registrada pela patrulha de rotina sem elementos de conexão com o caso principal.
2026-02-21,"Avenida Albino José Barbosa de Oliveira, 2532 - Barão Geraldo",Outros,Ocorrência comum registrada pela patrulha de rotina sem elementos de conexão com o caso principal.
2026-02-19,"Rua Maria Monteiro, 800 - Cambuí",Outros,Ocorrência comum registrada pela patrulha de rotina sem elementos de conexão com o caso principal.
2026-02-18,"Avenida Albino José Barbosa de Oliveira, 1027 - Barão Geraldo",Outros,Ocorrência comum registrada pela patrulha de rotina sem elementos de conexão com o caso principal.
2026-02-21,"Avenida Albino José Barbosa de Oliveira, 1759 - Barão Geraldo",Outros,Ocorrência comum registrada pela patrulha de rotina sem elementos de conexão com o caso principal.
2026-02-13,"Rua Maria Monteiro, 958 - Cambuí",Outros,Ocorrência comum registrada pela patrulha de rotina sem elementos de conexão com o caso principal.
2026-02-20,"Avenida Albino José Barbosa de Oliveira, 1855 - Barão Geraldo",Outros,Ocorrência comum registrada pela patrulha de rotina sem elementos de conexão com o caso principal.
2026-02-17,"Rua Coronel Quirino, 256 - Cambuí",Outros,Ocorrência comum registrada pela patrulha de rotina sem elementos de conexão com o caso principal.
2026-02-16,"Avenida Heitor Penteado, 2665 - Taquaral",Outros,Ocorrência comum registrada pela patrulha de rotina sem elementos de conexão com o caso principal.
2026-02-18,"Avenida Heitor Penteado, 92 - Taquaral",Outros,Ocorrência comum registrada pela patrulha de rotina sem elementos de conexão com o caso principal.
2026-02-11,"Rua Maria Monteiro, 618 - Cambuí",Outros,Ocorrência comum registrada pela patrulha de rotina sem elementos de conexão com o caso principal.
2026-02-12,"Avenida Heitor Penteado, 64 - Taquaral",Outros,Ocorrência comum registrada pela patrulha de rotina sem elementos de conexão com o caso principal.
2026-02-12,"Avenida Heitor Penteado, 604 - Taquaral",Outros,Ocorrência comum registrada pela patrulha de rotina sem elementos de conexão com o caso principal.
2026-02-07,"Avenida Albino José Barbosa de Oliveira, 1876 - Barão Geraldo",Outros,Ocorrência comum registrada pela patrulha de rotina sem elementos de conexão com o caso principal.
2026-02-20,"Rua Coronel Quirino, 1525 - Cambuí",Outros,Ocorrência comum registrada pela patrulha de rotina sem elementos de conexão com o caso principal.
2026-02-28,"Rua Maria Monteiro, 1076 - Cambuí",Outros,Ocorrência comum registrada pela patrulha de rotina sem elementos de conexão com o caso principal.
2026-02-17,"Avenida Heitor Penteado, 1269 - Taquaral",Outros,Ocorrência comum registrada pela patrulha de rotina sem elementos de conexão com o caso principal.
2026-02-08,"Rua Maria Monteiro, 170 - Cambuí",Outros,Ocorrência comum registrada pela patrulha de rotina sem elementos de conexão com o caso principal.
2026-02-11,"Avenida Albino José Barbosa de Oliveira, 937 - Barão Geraldo",Outros,Ocorrência comum registrada pela patrulha de rotina sem elementos de conexão com o caso principal.
2026-02-22,"Avenida Albino José Barbosa de Oliveira, 20 - Barão Geraldo",Outros,Ocorrência comum registrada pela patrulha de rotina sem elementos de conexão com o caso principal.
2026-02-23,"Rua Maria Monteiro, 576 - Cambuí",Outros,Ocorrência comum registrada pela patrulha de rotina sem elementos de conexão com o caso principal.
2026-02-26,"Avenida Heitor Penteado, 2120 - Taquaral",Outros,Ocorrência comum registrada pela patrulha de rotina sem elementos de conexão com o caso principal.
2026-02-12,"Avenida Albino José Barbosa de Oliveira, 2611 - Barão Geraldo",Outros,Ocorrência comum registrada pela patrulha de rotina sem elementos de conexão com o caso principal.
2026-02-28,"Avenida Heitor Penteado, 2913 - Taquaral",Outros,Ocorrência comum registrada pela patrulha de rotina sem elementos de conexão com o caso principal.
2026-02-12,"Avenida Albino José Barbosa de Oliveira, 1788 - Barão Geraldo",Outros,Ocorrência comum registrada pela patrulha de rotina sem elementos de conexão com o caso principal.
2026-02-06,"Rua Maria Monteiro, 497 - Cambuí",Outros,Ocorrência comum registrada pela patrulha de rotina sem elementos de conexão com o caso principal.
2026-02-03,"Rua Coronel Quirino, 1752 - Cambuí",Outros,Ocorrência comum registrada pela patrulha de rotina sem elementos de conexão com o caso principal.
2026-02-28,"Avenida Albino José Barbosa de Oliveira, 2670 - Barão Geraldo",Outros,Ocorrência comum registrada pela patrulha de rotina sem elementos de conexão com o caso principal.
2026-02-24,"Avenida Heitor Penteado, 1467 - Taquaral",Outros,Ocorrência comum registrada pela patrulha de rotina sem elementos de conexão com o caso principal.
2026-02-12,"Rua Coronel Quirino, 370 - Cambuí",Outros,Ocorrência comum registrada pela patrulha de rotina sem elementos de conexão com o caso principal.
2026-02-09,"Avenida Heitor Penteado, 2097 - Taquaral",Outros,Ocorrência comum registrada pela patrulha de rotina sem elementos de conexão com o caso principal.
2026-02-09,"Avenida Albino José Barbosa de Oliveira, 1082 - Barão Geraldo",Outros,Ocorrência comum registrada pela patrulha de rotina sem elementos de conexão com o caso principal.
2026-02-11,"Rua Maria Monteiro, 461 - Cambuí",Outros,Ocorrência comum registrada pela patrulha de rotina sem elementos de conexão com o caso principal.
2026-02-24,"Rua Maria Monteiro, 143 - Cambuí",Outros,Ocorrência comum registrada pela patrulha de rotina sem elementos de conexão com o caso principal.
2026-02-14,"Avenida Heitor Penteado, 710 - Taquaral",Outros,Ocorrência comum registrada pela patrulha de rotina sem elementos de conexão com o caso principal.
2026-02-23,"Rua Coronel Quirino, 1146 - Cambuí",Outros,Ocorrência comum registrada pela patrulha de rotina sem elementos de conexão com o caso principal.
2026-02-08,"Avenida Albino José Barbosa de Oliveira, 1746 - Barão Geraldo",Outros,Ocorrência comum registrada pela patrulha de rotina sem elementos de conexão com o caso principal.
2026-02-28,"Rua Coronel Quirino, 649 - Cambuí",Outros,Ocorrência comum registrada pela patrulha de rotina sem elementos de conexão com o caso principal.
2026-02-25,"Avenida Albino José Barbosa de Oliveira, 3168 - Barão Geraldo",Outros,Ocorrência comum registrada pela patrulha de rotina sem elementos de conexão com o caso principal.
2026-02-02,"Avenida Heitor Penteado, 635 - Taquaral",Outros,Ocorrência comum registrada pela patrulha de rotina sem elementos de conexão com o caso principal.
2026-02-18,"Avenida Albino José Barbosa de Oliveira, 932 - Barão Geraldo",Outros,Ocorrência comum registrada pela patrulha de rotina sem elementos de conexão com o caso principal.
2026-02-09,"Rua Coronel Quirino, 844 - Cambuí",Outros,Ocorrência comum registrada pela patrulha de rotina sem elementos de conexão com o caso principal.
2026-02-23,"Avenida Albino José Barbosa de Oliveira, 1749 - Barão Geraldo",Outros,Ocorrência comum registrada pela patrulha de rotina sem elementos de conexão com o caso principal.
2026-02-28,"Rua Coronel Quirino, 1571 - Cambuí",Outros,Ocorrência comum registrada pela patrulha de rotina sem elementos de conexão com o caso principal.
2026-02-11,"Rua Maria Monteiro, 476 - Cambuí",Outros,Ocorrência comum registrada pela patrulha de rotina sem elementos de conexão com o caso principal.
2026-02-26,"Avenida Albino José Barbosa de Oliveira, 566 - Barão Geraldo",Outros,Ocorrência comum registrada pela patrulha de rotina sem elementos de conexão com o caso principal.
2026-02-16,"Avenida Heitor Penteado, 222 - Taquaral",Outros,Ocorrência comum registrada pela patrulha de rotina sem elementos de conexão com o caso principal.
2026-02-08,"Avenida Heitor Penteado, 935 - Taquaral",Outros,Ocorrência comum registrada pela patrulha de rotina sem elementos de conexão com o caso principal.
2026-02-09,"Rua Maria Monteiro, 947 - Cambuí",Outros,Ocorrência comum registrada pela patrulha de rotina sem elementos de conexão com o caso principal.
2026-02-23,"Avenida Heitor Penteado, 195 - Taquaral",Outros,Ocorrência comum registrada pela patrulha de rotina sem elementos de conexão com o caso principal.
2026-02-19,"Avenida Heitor Penteado, 1152 - Taquaral",Outros,Ocorrência comum registrada pela patrulha de rotina sem elementos de conexão com o caso principal.
2026-02-25,"Avenida Albino José Barbosa de Oliveira, 2609 - Barão Geraldo",Outros,Ocorrência comum registrada pela patrulha de rotina sem elementos de conexão com o caso principal.
2026-02-11,"Avenida Albino José Barbosa de Oliveira, 2677 - Barão Geraldo",Outros,Ocorrência comum registrada pela patrulha de rotina sem elementos de conexão com o caso principal.
2026-02-09,"Avenida Albino José Barbosa de Oliveira, 3061 - Barão Geraldo",Outros,Ocorrência comum registrada pela patrulha de rotina sem elementos de conexão com o caso principal.
2026-02-01,"Rua Coronel Quirino, 1411 - Cambuí",Outros,Ocorrência comum registrada pela patrulha de rotina sem elementos de conexão com o caso principal.
2026-02-03,"Avenida Albino José Barbosa de Oliveira, 1518 - Barão Geraldo",Outros,Ocorrência comum registrada pela patrulha de rotina sem elementos de conexão com o caso principal.
2026-02-18,"Rua Coronel Quirino, 1143 - Cambuí",Outros,Ocorrência comum registrada pela patrulha de rotina sem elementos de conexão com o caso principal.
2026-02-06,"Rua Maria Monteiro, 895 - Cambuí",Outros,Ocorrência comum registrada pela patrulha de rotina sem elementos de conexão com o caso principal.
2026-02-13,"Avenida Heitor Penteado, 1435 - Taquaral",Outros,Ocorrência comum registrada pela patrulha de rotina sem elementos de conexão com o caso principal.
