name,testimony
Maria Vieira Ferreira,Eu estava voltando do supermercado com as compras da semana mas a iluminação precária do bairro impediu qualquer identificação visual clara por esse motivo não tenho detalhes relevantes sobre o suspeito para oferecer ao inquérito policial no momento atual.
Clara Vieira Paschoalino,No momento exato do barulho eu conferia as minhas mensagens no celular e o som dos pneus cantando no asfalto chamou a minha atenção imediata por esse motivo não tenho detalhes relevantes sobre o suspeito para oferecer ao inquérito policial no momento atual.
Thiago Ferreira Campos,No momento exato do barulho eu conferia as minhas mensagens no celular e o som dos pneus cantando no asfalto chamou a minha atenção imediata por esse motivo não tenho detalhes relevantes sobre o suspeito para oferecer ao inquérito policial no momento atual.
Pedro Ferreira Gomes,Eu estava voltando do supermercado com as compras da semana então decidi entrar em casa rapidamente para buscar proteção contra a violência urbana por esse motivo não tenho detalhes relevantes sobre o suspeito para oferecer ao inquérito policial no momento atual.
Miguel Almeida Fernandes,No momento exato do barulho eu conferia as minhas mensagens no celular então decidi entrar em casa rapidamente para buscar proteção contra a violência urbana por esse motivo não tenho detalhes relevantes sobre o suspeito para oferecer ao inquérito policial no momento atual.
Henrique Medeiros Matos,Eu passeava com o cachorro pela praça próxima ao local mas a iluminação precária do bairro impediu qualquer identificação visual clara por esse motivo não tenho detalhes relevantes sobre o suspeito para oferecer ao inquérito policial no momento atual.
Victor Bellini Vieira,No momento exato do barulho eu conferia as minhas mensagens no celular mas a iluminação precária do bairro impediu qualquer identificação visual clara por esse motivo não tenho detalhes relevantes sobre o suspeito para oferecer ao inquérito policial no momento atual.
Larissa Medeiros Paschoalino,Eu estava voltando do supermercado com as compras da semana e o som dos pneus cantando no asfalto chamou a minha atenção imediata por esse motivo não tenho detalhes relevantes sobre o suspeito para oferecer ao inquérito policial no momento atual.
Beatriz Nascimento Martins,Eu estava voltando do supermercado com as compras da semana e o som dos pneus cantando no asfalto chamou a minha atenção imediata por esse motivo não tenho detalhes relevantes sobre o suspeito para oferecer ao inquérito policial no momento atual.
Larissa Nascimento Silva,Eu passeava com o cachorro pela praça próxima ao local mas a iluminação precária do bairro impediu qualquer identificação visual clara por esse motivo não tenho detalhes relevantes sobre o suspeito para oferecer ao inquérito policial no momento atual.
Yasmin Queiroz Oliveira,Eu passeava com o cachorro pela praça próxima ao local então decidi entrar em casa rapidamente para buscar proteção contra a violência urbana por esse motivo não tenho detalhes relevantes sobre o suspeito para oferecer ao inquérito policial no momento atual.
Livia Queiroz Martins,Eu estava voltando do supermercado com as compras da semana mas a iluminação precária do bairro impediu qualquer identificação visual clara por esse motivo não tenho detalhes relevantes sobre o suspeito para oferecer ao inquérito policial no momento atual.
Vinícius Martins Oliveira,Eu estava voltando do supermercado com as compras da semana e o som dos pneus cantando no asfalto chamou a minha atenção imediata por esse motivo não tenho detalhes relevantes sobre o suspeito para oferecer ao inquérito policial no momento atual.
Vinícius Fernandes Ferreira,Eu estava voltando do supermercado com as compras da semana e o som dos pneus cantando no asfalto chamou a minha atenção imediata por esse motivo não tenho detalhes relevantes sobre o suspeito para oferecer ao inquérito policial no momento atual.
Thiago Matos Paschoalino,Eu passeava com o cachorro pela praça próxima ao local mas a iluminação precária do bairro impediu qualquer identificação visual clara por esse motivo não tenho detalhes relevantes sobre o suspeito para oferecer ao inquérito policial no momento atual.
Clara Oliveira Santana,Eu passeava com o cachorro pela praça próxima ao local e o som dos pneus cantando no asfalto chamou a minha atenção imediata por esse motivo não tenho detalhes relevantes sobre o suspeito para oferecer ao inquérito policial no momento atual.
Livia Ribeiro Melo,No momento exato do barulho eu conferia as minhas mensagens no celular então decidi entrar em casa rapidamente para buscar proteção contra a violência urbana por esse motivo não tenho detalhes relevantes sobre o suspeito para oferecer ao inquérito policial no momento atual.
Vinícius Bellini Campos,Eu estava voltando do supermercado com as compras da semana mas a iluminação precária do bairro impediu qualquer identificação visual clara por esse motivo não tenho detalhes relevantes sobre o suspeito para oferecer ao inquérito policial no momento atual.
Beatriz Santana Paschoalino,Eu passeava com o cachorro pela praça próxima ao local então decidi entrar em casa rapidamente para buscar proteção contra a violência urbana por esse motivo não tenho detalhes relevantes sobre o suspeito para oferecer ao inquérito policial no momento atual.
Eduardo Alves Oliveira,No momento exato do barulho eu conferia as minhas mensagens no celular então decidi entrar em casa rapidamente para buscar proteção contra a violência urbana por esse motivo não tenho detalhes relevantes sobre o suspeito para oferecer ao inquérito policial no momento atual.
Samuel Medeiros Gomes,Eu estava voltando do supermercado com as compras da semana e o som dos pneus cantando no asfalto chamou a minha atenção imediata por esse motivo não tenho detalhes relevantes sobre o suspeito para oferecer ao inquérito policial no momento atual.
Daniel Nascimento Fernandes,Eu passeava com o cachorro pela praça próxima ao local e o som dos pneus cantando no asfalto chamou a minha atenção imediata por esse motivo não tenho detalhes relevantes sobre o suspeito para oferecer ao inquérito policial no momento atual.
Larissa Ferreira Santana,Eu estava voltando do supermercado com as compras da semana mas a iluminação precária do bairro impediu qualquer identificação visual clara por esse motivo não tenho detalhes relevantes sobre o suspeito para oferecer ao inquérito policial no momento atual.
Henrique Gomes Vieira,Eu passeava com o cachorro pela praça próxima ao local mas a iluminação precária do bairro impediu qualquer identificação visual clara por esse motivo não tenho detalhes relevantes sobre o suspeito para oferecer ao inquérito policial no momento atual.
Samuel Martins Cruz,Eu estava voltando do supermercado com as compras da semana mas a iluminação precária do bairro impediu qualquer identificação visual clara por esse motivo não tenho detalhes relevantes sobre o suspeito para oferecer ao inquérito policial no momento atual.
Sofia Bellini Santana,Eu passeava com o cachorro pela praça próxima ao local então decidi entrar em casa rapidamente para buscar proteção contra a violência urbana por esse motivo não tenho detalhes relevantes sobre o suspeito para oferecer ao inquérito policial no momento atual.
Felipe Nascimento Fernandes,Eu estava voltando do supermercado com as compras da semana mas a iluminação precária do bairro impediu qualquer identificação visual clara por esse motivo não tenho detalhes relevantes sobre o suspeito para oferecer ao inquérito policial no momento atual.
Miguel Gomes Vieira,Eu passeava com o cachorro pela praça próxima ao local então decidi entrar em casa rapidamente para buscar proteção contra a violência urbana por esse motivo não tenho detalhes relevantes sobre o suspeito para oferecer ao inquérito policial no momento atual.
Vinícius Ferreira Santana,No momento exato do barulho eu conferia as minhas mensagens no celular mas a iluminação precária do bairro impediu qualquer identificação visual clara por esse motivo não tenho detalhes relevantes sobre o suspeito para oferecer ao inquérito policial no momento atual.
Maria Oliveira Queiroz,Eu passeava com o cachorro pela praça próxima ao local e o som dos pneus cantando no asfalto chamou a minha atenção imediata por esse motivo não tenho detalhes relevantes sobre o suspeito para oferecer ao inquérito policial no momento atual.
Sofia Alves Vieira,No momento exato do barulho eu conferia as minhas mensagens no celular então decidi entrar em casa rapidamente para buscar proteção contra a violência urbana por esse motivo não tenho detalhes relevantes sobre o suspeito para oferecer ao inquérito policial no momento atual.
Beatriz Silva Paschoalino,Eu estava voltando do supermercado com as compras da semana então decidi entrar em casa rapidamente para buscar proteção contra a violência urbana por esse motivo não tenho detalhes relevantes sobre o suspeito para oferecer ao inquérito policial no momento atual.
Maria Ribeiro Melo,No momento exato do barulho eu conferia as minhas mensagens no celular então decidi entrar em casa rapidamente para buscar proteção contra a violência urbana por esse motivo não tenho detalhes relevantes sobre o suspeito para oferecer ao inquérito policial no momento atual.
Eduardo Santana Martins,Eu estava voltando do supermercado com as compras da semana então decidi entrar em casa rapidamente para buscar proteção contra a violência urbana por esse motivo não tenho detalhes relevantes sobre o suspeito para oferecer ao inquérito policial no momento atual.
Giovanna Paschoalino Vieira,Eu passeava com o cachorro pela praça próxima ao local então decidi entrar em casa rapidamente para buscar proteção contra a violência urbana por esse motivo não tenho detalhes relevantes sobre o suspeito para oferecer ao inquérito policial no momento atual.
Victor Amorim Campos,Eu estava voltando do supermercado com as compras da semana mas a iluminação precária do bairro impediu qualquer identificação visual clara por esse motivo não tenho detalhes relevantes sobre o suspeito para oferecer ao inquérito policial no momento atual.
Erik Ferreira Nascimento,Eu estava voltando do supermercado com as compras da semana e o som dos pneus cantando no asfalto chamou a minha atenção imediata por esse motivo não tenho detalhes relevantes sobre o suspeito para oferecer ao inquérito policial no momento atual.
Maria Ferreira Oliveira,No momento exato do barulho eu conferia as minhas mensagens no celular e o som dos pneus cantando no asfalto chamou a minha atenção imediata por esse motivo não tenho detalhes relevantes sobre o suspeito para oferecer ao inquérito policial no momento atual.
Henrique Alves Almeida,No momento exato do barulho eu conferia as minhas mensagens no celular mas a iluminação precária do bairro impediu qualquer identificação visual clara por esse motivo não tenho detalhes relevantes sobre o suspeito para oferecer ao inquérito policial no momento atual.
Giovanna Vieira Melo,No momento exato do barulho eu conferia as minhas mensagens no celular e o som dos pneus cantando no asfalto chamou a minha atenção imediata por esse motivo não tenho detalhes relevantes sobre o suspeito para oferecer ao inquérito policial no momento atual.
Vinícius Medeiros Silva,Eu passeava com o cachorro pela praça próxima ao local mas a iluminação precária do bairro impediu qualquer identificação visual clara por esse motivo não tenho detalhes relevantes sobre o suspeito para oferecer ao inquérito policial no momento atual.
Vinícius Oliveira Martins,Eu estava voltando do supermercado com as compras da semana mas a iluminação precária do bairro impediu qualquer identificação visual clara por esse motivo não tenho detalhes relevantes sobre o suspeito para oferecer ao inquérito policial no momento atual.
Maria Gomes Campos,Eu estava voltando do supermercado com as compras da semana então decidi entrar em casa rapidamente para buscar proteção contra a violência urbana por esse motivo não tenho detalhes relevantes sobre o suspeito para oferecer ao inquérito policial no momento atual.
Daniel Almeida Martins,No momento exato do barulho eu conferia as minhas mensagens no celular e o som dos pneus cantando no asfalto chamou a minha atenção imediata por esse motivo não tenho detalhes relevantes sobre o suspeito para oferecer ao inquérito policial no momento atual.
Maria Medeiros Queiroz,Eu estava voltando do supermercado com as compras da semana então decidi entrar em casa rapidamente para buscar proteção contra a violência urbana por esse motivo não tenho detalhes relevantes sobre o suspeito para oferecer ao inquérito policial no momento atual.
Samuel Alves Cruz,Eu passeava com o cachorro pela praça próxima ao local e o som dos pneus cantando no asfalto chamou a minha atenção imediata por esse motivo não tenho detalhes relevantes sobre o suspeito para oferecer ao inquérito policial no momento atual.
Clara Matos Cruz,Eu passeava com o cachorro pela praça próxima ao local e o som dos pneus cantando no asfalto chamou a minha atenção imediata por esse motivo não tenho detalhes relevantes sobre o suspeito para oferecer ao inquérito policial no momento atual.
Giovanna Martins Almeida,Eu estava voltando do supermercado com as compras da semana mas a iluminação precária do bairro impediu qualquer identificação visual clara por esse motivo não tenho detalhes relevantes sobre o suspeito para oferecer ao inquérito policial no momento atual.
João Medeiros Silva,Eu estava voltando do supermercado com as compras da semana mas a iluminação precária do bairro impediu qualquer identificação visual clara por esse motivo não tenho detalhes relevantes sobre o suspeito para oferecer ao inquérito policial no momento atual.
Daniel Ferreira Ferreira,Eu estava voltando do supermercado com as compras da semana e o som dos pneus cantando no asfalto chamou a minha atenção imediata por esse motivo não tenho detalhes relevantes sobre o suspeito para oferecer ao inquérito policial no momento atual.
Daniel Bellini Bellini,Eu estava voltando do supermercado com as compras da semana então decidi entrar em casa rapidamente para buscar proteção contra a violência urbana por esse motivo não tenho detalhes relevantes sobre o suspeito para oferecer ao inquérito policial no momento atual.
Gabriel Oliveira Queiroz,Eu passeava com o cachorro pela praça próxima ao local então decidi entrar em casa rapidamente para buscar proteção contra a violência urbana por esse motivo não tenho detalhes relevantes sobre o suspeito para oferecer ao inquérito policial no momento atual.
Beatriz Amorim Alves,No momento exato do barulho eu conferia as minhas mensagens no celular e o som dos pneus cantando no asfalto chamou a minha atenção imediata por esse motivo não tenho detalhes relevantes sobre o suspeito para oferecer ao inquérito policial no momento atual.
Thiago Vieira Amorim,No momento exato do barulho eu conferia as minhas mensagens no celular então decidi entrar em casa rapidamente para buscar proteção contra a violência urbana por esse motivo não tenho detalhes relevantes sobre o suspeito para oferecer ao inquérito policial no momento atual.
Victor Ribeiro Amorim,No momento exato do barulho eu conferia as minhas mensagens no celular mas a iluminação precária do bairro impediu qualquer identificação visual clara por esse motivo não tenho detalhes relevantes sobre o suspeito para oferecer ao inquérito policial no momento atual.
Clara Bellini Vieira,Eu passeava com o cachorro pela praça próxima ao local e o som dos pneus cantando no asfalto chamou a minha atenção imediata por esse motivo não tenho detalhes relevantes sobre o suspeito para oferecer ao inquérito policial no momento atual.
Livia Amorim Queiroz,Eu estava voltando do supermercado com as compras da semana então decidi entrar em casa rapidamente para buscar proteção contra a violência urbana por esse motivo não tenho detalhes relevantes sobre o suspeito para oferecer ao inquérito policial no momento atual.
Gabriel Ribeiro Almeida,Eu estava voltando do supermercado com as compras da semana e o som dos pneus cantando no asfalto chamou a minha atenção imediata por esse motivo não tenho detalhes relevantes sobre o suspeito para oferecer ao inquérito policial no momento atual.
Rafael Fernandes Cruz,Eu passeava com o cachorro pela praça próxima ao local então decidi entrar em casa rapidamente para buscar proteção contra a violência urbana por esse motivo não tenho detalhes relevantes sobre o suspeito para oferecer ao inquérito policial no momento atual.
João Amorim Melo,Eu estava voltando do supermercado com as compras da semana mas a iluminação precária do bairro impediu qualquer identificação visual clara por esse motivo não tenho detalhes relevantes sobre o suspeito para oferecer ao inquérito policial no momento atual.
Sofia Queiroz Queiroz,Eu passeava com o cachorro pela praça próxima ao local então decidi entrar em casa rapidamente para buscar proteção contra a violência urbana por esse motivo não tenho detalhes relevantes sobre o suspeito para oferecer ao inquérito policial no momento atual.
Rafael Alves Silva,Eu estava voltando do supermercado com as compras da semana então decidi entrar em casa rapidamente para buscar proteção contra a violência urbana por esse motivo não tenho detalhes relevantes sobre o suspeito para oferecer ao inquérito policial no momento atual.
Thiago Melo Queiroz,Eu estava voltando do supermercado com as compras da semana mas a iluminação precária do bairro impediu qualquer identificação visual clara por esse motivo não tenho detalhes relevantes sobre o suspeito para oferecer ao inquérito policial no momento atual.
João Ferreira Silva,Eu passeava com o cachorro pela praça próxima ao local e o som dos pneus cantando no asfalto chamou a minha atenção imediata por esse motivo não tenho detalhes relevantes sobre o suspeito para oferecer ao inquérito policial no momento atual.
Pedro Martins Gomes,Eu passeava com o cachorro pela praça próxima ao local mas a iluminação precária do bairro impediu qualquer identificação visual clara por esse motivo não tenho detalhes relevantes sobre o suspeito para oferecer ao inquérito policial no momento atual.
Daniel Alves Martins,Eu caminhava tranquilamente pela calçada quando um homem passou correndo ao meu lado e quase provocou a minha queda no asfalto por causa da pressa extrema dele em deixar o local do crime. O indivíduo era muito alto e possuía uma estatura certamente superior a um metro e noventa centímetros além de carregar um chaveiro com o emblema da Associação Atlética Ponte Preta que caiu no chão durante a correria. Ele entrou em um carro que ostentava um adesivo da Sociedade Hípica de Campinas no vidro traseiro e arrancou em alta velocidade logo em seguida em direção ao centro do bairro.
Livia Medeiros Melo,Eu estava voltando do supermercado com as compras da semana mas a iluminação precária do bairro impediu qualquer identificação visual clara por esse motivo não tenho detalhes relevantes sobre o suspeito para oferecer ao inquérito policial no momento atual.
Pedro Paschoalino Oliveira,Eu passeava com o cachorro pela praça próxima ao local e o som dos pneus cantando no asfalto chamou a minha atenção imediata por esse motivo não tenho detalhes relevantes sobre o suspeito para oferecer ao inquérito policial no momento atual.
Beatriz Silva Martins,Eu passeava com o cachorro pela praça próxima ao local mas a iluminação precária do bairro impediu qualquer identificação visual clara por esse motivo não tenho detalhes relevantes sobre o suspeito para oferecer ao inquérito policial no momento atual.
Thiago Almeida Santana,Eu estava voltando do supermercado com as compras da semana e o som dos pneus cantando no asfalto chamou a minha atenção imediata por esse motivo não tenho detalhes relevantes sobre o suspeito para oferecer ao inquérito policial no momento atual.
Rafael Oliveira Melo,No momento exato do barulho eu conferia as minhas mensagens no celular então decidi entrar em casa rapidamente para buscar proteção contra a violência urbana por esse motivo não tenho detalhes relevantes sobre o suspeito para oferecer ao inquérito policial no momento atual.
Beatriz Matos Oliveira,Eu passeava com o cachorro pela praça próxima ao local mas a iluminação precária do bairro impediu qualquer identificação visual clara por esse motivo não tenho detalhes relevantes sobre o suspeito para oferecer ao inquérito policial no momento atual.
André Martins Campos,Eu estava voltando do supermercado com as compras da semana mas a iluminação precária do bairro impediu qualquer identificação visual clara por esse motivo não tenho detalhes relevantes sobre o suspeito para oferecer ao inquérito policial no momento atual.
João Silva Queiroz,Eu estava voltando do supermercado com as compras da semana e o som dos pneus cantando no asfalto chamou a minha atenção imediata por esse motivo não tenho detalhes relevantes sobre o suspeito para oferecer ao inquérito policial no momento atual.
Vinícius Vieira Ribeiro,Eu passeava com o cachorro pela praça próxima ao local mas a iluminação precária do bairro impediu qualquer identificação visual clara por esse motivo não tenho detalhes relevantes sobre o suspeito para oferecer ao inquérito policial no momento atual.
Giovanna Vieira Melo,Eu passeava com o cachorro pela praça próxima ao local então decidi entrar em casa rapidamente para buscar proteção contra a violência urbana por esse motivo não tenho detalhes relevantes sobre o suspeito para oferecer ao inquérito policial no momento atual.
João Martins Medeiros,Eu estava voltando do supermercado com as compras da semana mas a iluminação precária do bairro impediu qualquer identificação visual clara por esse motivo não tenho detalhes relevantes sobre o suspeito para oferecer ao inquérito policial no momento atual.
Vinícius Ferreira Silva,Eu passeava com o cachorro pela praça próxima ao local e o som dos pneus cantando no asfalto chamou a minha atenção imediata por esse motivo não tenho detalhes relevantes sobre o suspeito para oferecer ao inquérito policial no momento atual.
André Amorim Santana,Eu estava voltando do supermercado com as compras da semana mas a iluminação precária do bairro impediu qualquer identificação visual clara por esse motivo não tenho detalhes relevantes sobre o suspeito para oferecer ao inquérito policial no momento atual.
Yasmin Amorim Amorim,No momento exato do barulho eu conferia as minhas mensagens no celular e o som dos pneus cantando no asfalto chamou a minha atenção imediata por esse motivo não tenho detalhes relevantes sobre o suspeito para oferecer ao inquérito policial no momento atual.
Livia Melo Matos,Eu estava voltando do supermercado com as compras da semana então decidi entrar em casa rapidamente para buscar proteção contra a violência urbana por esse motivo não tenho detalhes relevantes sobre o suspeito para oferecer ao inquérito policial no momento atual.
Victor Medeiros Cruz,Eu estava voltando do supermercado com as compras da semana então decidi entrar em casa rapidamente para buscar proteção contra a violência urbana por esse motivo não tenho detalhes relevantes sobre o suspeito para oferecer ao inquérito policial no momento atual.
Livia Medeiros Ferreira,Eu passeava com o cachorro pela praça próxima ao local mas a iluminação precária do bairro impediu qualquer identificação visual clara por esse motivo não tenho detalhes relevantes sobre o suspeito para oferecer ao inquérito policial no momento atual.
Vinícius Silva Silva,No momento exato do barulho eu conferia as minhas mensagens no celular mas a iluminação precária do bairro impediu qualquer identificação visual clara por esse motivo não tenho detalhes relevantes sobre o suspeito para oferecer ao inquérito policial no momento atual.
Gabriel Amorim Paschoalino,Eu passeava com o cachorro pela praça próxima ao local mas a iluminação precária do bairro impediu qualquer identificação visual clara por esse motivo não tenho detalhes relevantes sobre o suspeito para oferecer ao inquérito policial no momento atual.
Rafael Almeida Campos,Eu passeava com o cachorro pela praça próxima ao local e o som dos pneus cantando no asfalto chamou a minha atenção imediata por esse motivo não tenho detalhes relevantes sobre o suspeito para oferecer ao inquérito policial no momento atual.
Henrique Silva Alves,No momento exato do barulho eu conferia as minhas mensagens no celular então decidi entrar em casa rapidamente para buscar proteção contra a violência urbana por esse motivo não tenho detalhes relevantes sobre o suspeito para oferecer ao inquérito policial no momento atual.
João Amorim Campos,Eu passeava com o cachorro pela praça próxima ao local e o som dos pneus cantando no asfalto chamou a minha atenção imediata por esse motivo não tenho detalhes relevantes sobre o suspeito para oferecer ao inquérito policial no momento atual.
Sofia Queiroz Silva,No momento exato do barulho eu conferia as minhas mensagens no celular e o som dos pneus cantando no asfalto chamou a minha atenção imediata por esse motivo não tenho detalhes relevantes sobre o suspeito para oferecer ao inquérito policial no momento atual.
Livia Nascimento Fernandes,Eu passeava com o cachorro pela praça próxima ao local então decidi entrar em casa rapidamente para buscar proteção contra a violência urbana por esse motivo não tenho detalhes relevantes sobre o suspeito para oferecer ao inquérito policial no momento atual.
Clara Alves Queiroz,Eu passeava com o cachorro pela praça próxima ao local mas a iluminação precária do bairro impediu qualquer identificação visual clara por esse motivo não tenho detalhes relevantes sobre o suspeito para oferecer ao inquérito policial no momento atual.
Giovanna Medeiros Martins,No momento exato do barulho eu conferia as minhas mensagens no celular mas a iluminação precária do bairro impediu qualquer identificação visual clara por esse motivo não tenho detalhes relevantes sobre o suspeito para oferecer ao inquérito policial no momento atual.
Victor Campos Martins,No momento exato do barulho eu conferia as minhas mensagens no celular e o som dos pneus cantando no asfalto chamou a minha atenção imediata por esse motivo não tenho detalhes relevantes sobre o suspeito para oferecer ao inquérito policial no momento atual.
André Campos Alves,Eu passeava com o cachorro pela praça próxima ao local então decidi entrar em casa rapidamente para buscar proteção contra a violência urbana por esse motivo não tenho detalhes relevantes sobre o suspeito para oferecer ao inquérito policial no momento atual.
João Ribeiro Medeiros,Eu passeava com o cachorro pela praça próxima ao local e o som dos pneus cantando no asfalto chamou a minha atenção imediata por esse motivo não tenho detalhes relevantes sobre o suspeito para oferecer ao inquérito policial no momento atual.
Daniel Bellini Ribeiro,No momento exato do barulho eu conferia as minhas mensagens no celular então decidi entrar em casa rapidamente para buscar proteção contra a violência urbana por esse motivo não tenho detalhes relevantes sobre o suspeito para oferecer ao inquérito policial no momento atual.
Sofia Matos Almeida,Eu estava voltando do supermercado com as compras da semana e o som dos pneus cantando no asfalto chamou a minha atenção imediata por esse motivo não tenho detalhes relevantes sobre o suspeito para oferecer ao inquérito policial no momento atual.
Clara Oliveira Cruz,No momento exato do barulho eu conferia as minhas mensagens no celular mas a iluminação precária do bairro impediu qualquer identificação visual clara por esse motivo não tenho detalhes relevantes sobre o suspeito para oferecer ao inquérito policial no momento atual.
André Fernandes Campos,Eu estava voltando do supermercado com as compras da semana mas a iluminação precária do bairro impediu qualquer identificação visual clara por esse motivo não tenho detalhes relevantes sobre o suspeito para oferecer ao inquérito policial no momento atual.
Gabriel Paschoalino Medeiros,No momento exato do barulho eu conferia as minhas mensagens no celular então decidi entrar em casa rapidamente para buscar proteção contra a violência urbana por esse motivo não tenho detalhes relevantes sobre o suspeito para oferecer ao inquérito policial no momento atual.
Rafael Santana Nascimento,Eu estava voltando do supermercado com as compras da semana mas a iluminação precária do bairro impediu qualquer identificação visual clara por esse motivo não tenho detalhes relevantes sobre o suspeito para oferecer ao inquérito policial no momento atual.
Guilherme Ribeiro Gomes,Eu passeava com o cachorro pela praça próxima ao local mas a iluminação precária do bairro impediu qualquer identificação visual clara por esse motivo não tenho detalhes relevantes sobre o suspeito para oferecer ao inquérito policial no momento atual.
Gabriel Silva Medeiros,Eu estava voltando do supermercado com as compras da semana então decidi entrar em casa rapidamente para buscar proteção contra a violência urbana por esse motivo não tenho detalhes relevantes sobre o suspeito para oferecer ao inquérito policial no momento atual.
João Santana Fernandes,Eu passeava com o cachorro pela praça próxima ao local mas a iluminação precária do bairro impediu qualquer identificação visual clara por esse motivo não tenho detalhes relevantes sobre o suspeito para oferecer ao inquérito policial no momento atual.
Yasmin Martins Oliveira,Eu estava voltando do supermercado com as compras da semana mas a iluminação precária do bairro impediu qualquer identificação visual clara por esse motivo não tenho detalhes relevantes sobre o suspeito para oferecer ao inquérito policial no momento atual.
Thiago Gomes Santana,Eu estava voltando do supermercado com as compras da semana mas a iluminação precária do bairro impediu qualquer identificação visual clara por esse motivo não tenho detalhes relevantes sobre o suspeito para oferecer ao inquérito policial no momento atual.
Erik Matos Medeiros,Eu estava voltando do supermercado com as compras da semana mas a iluminação precária do bairro impediu qualquer identificação visual clara por esse motivo não tenho detalhes relevantes sobre o suspeito para oferecer ao inquérito policial no momento atual.
João Alves Campos,Eu passeava com o cachorro pela praça próxima ao local então decidi entrar em casa rapidamente para buscar proteção contra a violência urbana por esse motivo não tenho detalhes relevantes sobre o suspeito para oferecer ao inquérito policial no momento atual.
Miguel Amorim Alves,No momento exato do barulho eu conferia as minhas mensagens no celular e o som dos pneus cantando no asfalto chamou a minha atenção imediata por esse motivo não tenho detalhes relevantes sobre o suspeito para oferecer ao inquérito policial no momento atual.
Pedro Vieira Gomes,Eu passeava com o cachorro pela praça próxima ao local então decidi entrar em casa rapidamente para buscar proteção contra a violência urbana por esse motivo não tenho detalhes relevantes sobre o suspeito para oferecer ao inquérito policial no momento atual.
Pedro Silva Melo,No momento exato do barulho eu conferia as minhas mensagens no celular então decidi entrar em casa rapidamente para buscar proteção contra a violência urbana por esse motivo não tenho detalhes relevantes sobre o suspeito para oferecer ao inquérito policial no momento atual.
Daniel Martins Bellini,Eu estava voltando do supermercado com as compras da semana então decidi entrar em casa rapidamente para buscar proteção contra a violência urbana por esse motivo não tenho detalhes relevantes sobre o suspeito para oferecer ao inquérito policial no momento atual.
Eduardo Queiroz Cruz,Eu passeava com o cachorro pela praça próxima ao local então decidi entrar em casa rapidamente para buscar proteção contra a violência urbana por esse motivo não tenho detalhes relevantes sobre o suspeito para oferecer ao inquérito policial no momento atual.
Miguel Paschoalino Santana,No momento exato do barulho eu conferia as minhas mensagens no celular então decidi entrar em casa rapidamente para buscar proteção contra a violência urbana por esse motivo não tenho detalhes relevantes sobre o suspeito para oferecer ao inquérito policial no momento atual.
Beatriz Paschoalino Silva,No momento exato do barulho eu conferia as minhas mensagens no celular então decidi entrar em casa rapidamente para buscar proteção contra a violência urbana por esse motivo não tenho detalhes relevantes sobre o suspeito para oferecer ao inquérito policial no momento atual.
Victor Queiroz Amorim,Eu passeava com o cachorro pela praça próxima ao local então decidi entrar em casa rapidamente para buscar proteção contra a violência urbana por esse motivo não tenho detalhes relevantes sobre o suspeito para oferecer ao inquérito policial no momento atual.
Clara Paschoalino Ferreira,No momento exato do barulho eu conferia as minhas mensagens no celular então decidi entrar em casa rapidamente para buscar proteção contra a violência urbana por esse motivo não tenho detalhes relevantes sobre o suspeito para oferecer ao inquérito policial no momento atual.
Livia Almeida Vieira,No momento exato do barulho eu conferia as minhas mensagens no celular então decidi entrar em casa rapidamente para buscar proteção contra a violência urbana por esse motivo não tenho detalhes relevantes sobre o suspeito para oferecer ao inquérito policial no momento atual.
Larissa Ferreira Fernandes,Eu passeava com o cachorro pela praça próxima ao local então decidi entrar em casa rapidamente para buscar proteção contra a violência urbana por esse motivo não tenho detalhes relevantes sobre o suspeito para oferecer ao inquérito policial no momento atual.
Clara Ferreira Melo,Eu estava voltando do supermercado com as compras da semana então decidi entrar em casa rapidamente para buscar proteção contra a violência urbana por esse motivo não tenho detalhes relevantes sobre o suspeito para oferecer ao inquérito policial no momento atual.
André Paschoalino Melo,Eu estava voltando do supermercado com as compras da semana mas a iluminação precária do bairro impediu qualquer identificação visual clara por esse motivo não tenho detalhes relevantes sobre o suspeito para oferecer ao inquérito policial no momento atual.
Eduardo Silva Paschoalino,Eu estava voltando do supermercado com as compras da semana mas a iluminação precária do bairro impediu qualquer identificação visual clara por esse motivo não tenho detalhes relevantes sobre o suspeito para oferecer ao inquérito policial no momento atual.
Giovanna Vieira Ribeiro,Eu estava voltando do supermercado com as compras da semana mas a iluminação precária do bairro impediu qualquer identificação visual clara por esse motivo não tenho detalhes relevantes sobre o suspeito para oferecer ao inquérito policial no momento atual.
Erik Melo Oliveira,No momento exato do barulho eu conferia as minhas mensagens no celular então decidi entrar em casa rapidamente para buscar proteção contra a violência urbana por esse motivo não tenho detalhes relevantes sobre o suspeito para oferecer ao inquérito policial no momento atual.
Henrique Paschoalino Melo,Eu estava voltando do supermercado com as compras da semana então decidi entrar em casa rapidamente para buscar proteção contra a violência urbana por esse motivo não tenho detalhes relevantes sobre o suspeito para oferecer ao inquérito policial no momento atual.
Giovanna Santana Oliveira,Eu passeava com o cachorro pela praça próxima ao local e o som dos pneus cantando no asfalto chamou a minha atenção imediata por esse motivo não tenho detalhes relevantes sobre o suspeito para oferecer ao inquérito policial no momento atual.
Victor Alves Medeiros,Eu passeava com o cachorro pela praça próxima ao local mas a iluminação precária do bairro impediu qualquer identificação visual clara por esse motivo não tenho detalhes relevantes sobre o suspeito para oferecer ao inquérito policial no momento atual.
Daniel Nascimento Gomes,Eu passeava com o cachorro pela praça próxima ao local então decidi entrar em casa rapidamente para buscar proteção contra a violência urbana por esse motivo não tenho detalhes relevantes sobre o suspeito para oferecer ao inquérito policial no momento atual.
Eduardo Queiroz Ribeiro,No momento exato do barulho eu conferia as minhas mensagens no celular então decidi entrar em casa rapidamente para buscar proteção contra a violência urbana por esse motivo não tenho detalhes relevantes sobre o suspeito para oferecer ao inquérito policial no momento atual.
Livia Martins Matos,Eu passeava com o cachorro pela praça próxima ao local então decidi entrar em casa rapidamente para buscar proteção contra a violência urbana por esse motivo não tenho detalhes relevantes sobre o suspeito para oferecer ao inquérito policial no momento atual.
Livia Campos Nascimento,Eu passeava com o cachorro pela praça próxima ao local mas a iluminação precária do bairro impediu qualquer identificação visual clara por esse motivo não tenho detalhes relevantes sobre o suspeito para oferecer ao inquérito policial no momento atual.
Clara Medeiros Almeida,Eu estava voltando do supermercado com as compras da semana então decidi entrar em casa rapidamente para buscar proteção contra a violência urbana por esse motivo não tenho detalhes relevantes sobre o suspeito para oferecer ao inquérito policial no momento atual.
Clara Melo Fernandes,Eu estava voltando do supermercado com as compras da semana então decidi entrar em casa rapidamente para buscar proteção contra a violência urbana por esse motivo não tenho detalhes relevantes sobre o suspeito para oferecer ao inquérito policial no momento atual.
Thiago Matos Silva,Eu estava voltando do supermercado com as compras da semana e o som dos pneus cantando no asfalto chamou a minha atenção imediata por esse motivo não tenho detalhes relevantes sobre o suspeito para oferecer ao inquérito policial no momento atual.
Samuel Cruz Queiroz,Eu passeava com o cachorro pela praça próxima ao local então decidi entrar em casa rapidamente para buscar proteção contra a violência urbana por esse motivo não tenho detalhes relevantes sobre o suspeito para oferecer ao inquérito policial no momento atual.
Henrique Queiroz Queiroz,Eu estava voltando do supermercado com as compras da semana e o som dos pneus cantando no asfalto chamou a minha atenção imediata por esse motivo não tenho detalhes relevantes sobre o suspeito para oferecer ao inquérito policial no momento atual.
Sofia Alves Ribeiro,Eu passeava com o cachorro pela praça próxima ao local e o som dos pneus cantando no asfalto chamou a minha atenção imediata por esse motivo não tenho detalhes relevantes sobre o suspeito para oferecer ao inquérito policial no momento atual.
Daniel Matos Matos,Eu passeava com o cachorro pela praça próxima ao local então decidi entrar em casa rapidamente para buscar proteção contra a violência urbana por esse motivo não tenho detalhes relevantes sobre o suspeito para oferecer ao inquérito policial no momento atual.
Vinícius Amorim Bellini,Eu estava voltando do supermercado com as compras da semana então decidi entrar em casa rapidamente para buscar proteção contra a violência urbana por esse motivo não tenho detalhes relevantes sobre o suspeito para oferecer ao inquérito policial no momento atual.
Beatriz Queiroz Amorim,No momento exato do barulho eu conferia as minhas mensagens no celular e o som dos pneus cantando no asfalto chamou a minha atenção imediata por esse motivo não tenho detalhes relevantes sobre o suspeito para oferecer ao inquérito policial no momento atual.
Rafael Oliveira Ribeiro,Eu estava voltando do supermercado com as compras da semana então decidi entrar em casa rapidamente para buscar proteção contra a violência urbana por esse motivo não tenho detalhes relevantes sobre o suspeito para oferecer ao inquérito policial no momento atual.
Gabriel Martins Paschoalino,Eu passeava com o cachorro pela praça próxima ao local então decidi entrar em casa rapidamente para buscar proteção contra a violência urbana por esse motivo não tenho detalhes relevantes sobre o suspeito para oferecer ao inquérito policial no momento atual.
Larissa Amorim Santana,Eu passeava com o cachorro pela praça próxima ao local e o som dos pneus cantando no asfalto chamou a minha atenção imediata por esse motivo não tenho detalhes relevantes sobre o suspeito para oferecer ao inquérito policial no momento atual.
Yasmin Almeida Paschoalino,No momento exato do barulho eu conferia as minhas mensagens no celular mas a iluminação precária do bairro impediu qualquer identificação visual clara por esse motivo não tenho detalhes relevantes sobre o suspeito para oferecer ao inquérito policial no momento atual.
Rafael Medeiros Fernandes,Eu estava voltando do supermercado com as compras da semana mas a iluminação precária do bairro impediu qualquer identificação visual clara por esse motivo não tenho detalhes relevantes sobre o suspeito para oferecer ao inquérito policial no momento atual.
Larissa Campos Queiroz,Eu estava voltando do supermercado com as compras da semana então decidi entrar em casa rapidamente para buscar proteção contra a violência urbana por esse motivo não tenho detalhes relevantes sobre o suspeito para oferecer ao inquérito policial no momento atual.
Victor Almeida Cruz,Eu passeava com o cachorro pela praça próxima ao local e o som dos pneus cantando no asfalto chamou a minha atenção imediata por esse motivo não tenho detalhes relevantes sobre o suspeito para oferecer ao inquérito policial no momento atual.
Larissa Bellini Fernandes,Eu estava voltando do supermercado com as compras da semana e o som dos pneus cantando no asfalto chamou a minha atenção imediata por esse motivo não tenho detalhes relevantes sobre o suspeito para oferecer ao inquérito policial no momento atual.
Sofia Martins Queiroz,No momento exato do barulho eu conferia as minhas mensagens no celular e o som dos pneus cantando no asfalto chamou a minha atenção imediata por esse motivo não tenho detalhes relevantes sobre o suspeito para oferecer ao inquérito policial no momento atual.
Livia Gomes Santana,Eu estava voltando do supermercado com as compras da semana e o som dos pneus cantando no asfalto chamou a minha atenção imediata por esse motivo não tenho detalhes relevantes sobre o suspeito para oferecer ao inquérito policial no momento atual.
Guilherme Melo Santana,Eu passeava com o cachorro pela praça próxima ao local então decidi entrar em casa rapidamente para buscar proteção contra a violência urbana por esse motivo não tenho detalhes relevantes sobre o suspeito para oferecer ao inquérito policial no momento atual.
Erik Ribeiro Fernandes,No momento exato do barulho eu conferia as minhas mensagens no celular então decidi entrar em casa rapidamente para buscar proteção contra a violência urbana por esse motivo não tenho detalhes relevantes sobre o suspeito para oferecer ao inquérito policial no momento atual.
Victor Silva Gomes,Eu passeava com o cachorro pela praça próxima ao local e o som dos pneus cantando no asfalto chamou a minha atenção imediata por esse motivo não tenho detalhes relevantes sobre o suspeito para oferecer ao inquérito policial no momento atual.
Miguel Martins Medeiros,Eu passeava com o cachorro pela praça próxima ao local então decidi entrar em casa rapidamente para buscar proteção contra a violência urbana por esse motivo não tenho detalhes relevantes sobre o suspeito para oferecer ao inquérito policial no momento atual.
Beatriz Amorim Nascimento,Eu passeava com o cachorro pela praça próxima ao local então decidi entrar em casa rapidamente para buscar proteção contra a violência urbana por esse motivo não tenho detalhes relevantes sobre o suspeito para oferecer ao inquérito policial no momento atual.
João Medeiros Matos,Eu passeava com o cachorro pela praça próxima ao local mas a iluminação precária do bairro impediu qualquer identificação visual clara por esse motivo não tenho detalhes relevantes sobre o suspeito para oferecer ao inquérito policial no momento atual.
Clara Oliveira Ferreira,No momento exato do barulho eu conferia as minhas mensagens no celular e o som dos pneus cantando no asfalto chamou a minha atenção imediata por esse motivo não tenho detalhes relevantes sobre o suspeito para oferecer ao inquérito policial no momento atual.
Thiago Bellini Queiroz,Eu estava voltando do supermercado com as compras da semana então decidi entrar em casa rapidamente para buscar proteção contra a violência urbana por esse motivo não tenho detalhes relevantes sobre o suspeito para oferecer ao inquérito policial no momento atual.
Larissa Amorim Nascimento,No momento exato do barulho eu conferia as minhas mensagens no celular então decidi entrar em casa rapidamente para buscar proteção contra a violência urbana por esse motivo não tenho detalhes relevantes sobre o suspeito para oferecer ao inquérito policial no momento atual.
Clara Paschoalino Alves,Eu passeava com o cachorro pela praça próxima ao local e o som dos pneus cantando no asfalto chamou a minha atenção imediata por esse motivo não tenho detalhes relevantes sobre o suspeito para oferecer ao inquérito policial no momento atual.
Sofia Ferreira Cruz,Eu estava voltando do supermercado com as compras da semana e o som dos pneus cantando no asfalto chamou a minha atenção imediata por esse motivo não tenho detalhes relevantes sobre o suspeito para oferecer ao inquérito policial no momento atual.
Victor Melo Paschoalino,Eu passeava com o cachorro pela praça próxima ao local mas a iluminação precária do bairro impediu qualquer identificação visual clara por esse motivo não tenho detalhes relevantes sobre o suspeito para oferecer ao inquérito policial no momento atual.
Rafael Amorim Queiroz,Eu passeava com o cachorro pela praça próxima ao local mas a iluminação precária do bairro impediu qualquer identificação visual clara por esse motivo não tenho detalhes relevantes sobre o suspeito para oferecer ao inquérito policial no momento atual.
Gabriel Silva Paschoalino,Eu estava voltando do supermercado com as compras da semana e o som dos pneus cantando no asfalto chamou a minha atenção imediata por esse motivo não tenho detalhes relevantes sobre o suspeito para oferecer ao inquérito policial no momento atual.
Larissa Vieira Santana,Eu estava voltando do supermercado com as compras da semana mas a iluminação precária do bairro impediu qualquer identificação visual clara por esse motivo não tenho detalhes relevantes sobre o suspeito para oferecer ao inquérito policial no momento atual.
Rafael Ferreira Ribeiro,Eu passeava com o cachorro pela praça próxima ao local mas a iluminação precária do bairro impediu qualquer identificação visual clara por esse motivo não tenho detalhes relevantes sobre o suspeito para oferecer ao inquérito policial no momento atual.
João Matos Oliveira,Eu estava voltando do supermercado com as compras da semana mas a iluminação precária do bairro impediu qualquer identificação visual clara por esse motivo não tenho detalhes relevantes sobre o suspeito para oferecer ao inquérito policial no momento atual.
Samuel Matos Alves,No momento exato do barulho eu conferia as minhas mensagens no celular mas a iluminação precária do bairro impediu qualquer identificação visual clara por esse motivo não tenho detalhes relevantes sobre o suspeito para oferecer ao inquérito policial no momento atual.
Eduardo Oliveira Oliveira,No momento exato do barulho eu conferia as minhas mensagens no celular mas a iluminação precária do bairro impediu qualquer identificação visual clara por esse motivo não tenho detalhes relevantes sobre o suspeito para oferecer ao inquérito policial no momento atual.
Giovanna Oliveira Martins,Eu estava voltando do supermercado com as compras da semana mas a iluminação precária do bairro impediu qualquer identificação visual clara por esse motivo não tenho detalhes relevantes sobre o suspeito para oferecer ao inquérito policial no momento atual.
Samuel Vieira Oliveira,Eu passeava com o cachorro pela praça próxima ao local então decidi entrar em casa rapidamente para buscar proteção contra a violência urbana por esse motivo não tenho detalhes relevantes sobre o suspeito para oferecer ao inquérito policial no momento atual.
Beatriz Paschoalino Alves,No momento exato do barulho eu conferia as minhas mensagens no celular mas a iluminação precária do bairro impediu qualquer identificação visual clara por esse motivo não tenho detalhes relevantes sobre o suspeito para oferecer ao inquérito policial no momento atual.
Felipe Cruz Amorim,Eu estava voltando do supermercado com as compras da semana então decidi entrar em casa rapidamente para buscar proteção contra a violência urbana por esse motivo não tenho detalhes relevantes sobre o suspeito para oferecer ao inquérito policial no momento atual.
Beatriz Matos Ribeiro,Eu passeava com o cachorro pela praça próxima ao local e o som dos pneus cantando no asfalto chamou a minha atenção imediata por esse motivo não tenho detalhes relevantes sobre o suspeito para oferecer ao inquérito policial no momento atual.
Maria Santana Matos,Eu estava voltando do supermercado com as compras da semana então decidi entrar em casa rapidamente para buscar proteção contra a violência urbana por esse motivo não tenho detalhes relevantes sobre o suspeito para oferecer ao inquérito policial no momento atual.
Maria Fernandes Alves,No momento exato do barulho eu conferia as minhas mensagens no celular e o som dos pneus cantando no asfalto chamou a minha atenção imediata por esse motivo não tenho detalhes relevantes sobre o suspeito para oferecer ao inquérito policial no momento atual.
Henrique Alves Silva,Eu estava voltando do supermercado com as compras da semana então decidi entrar em casa rapidamente para buscar proteção contra a violência urbana por esse motivo não tenho detalhes relevantes sobre o suspeito para oferecer ao inquérito policial no momento atual.
Daniel Campos Bellini,Eu passeava com o cachorro pela praça próxima ao local mas a iluminação precária do bairro impediu qualquer identificação visual clara por esse motivo não tenho detalhes relevantes sobre o suspeito para oferecer ao inquérito policial no momento atual.
Felipe Silva Oliveira,No momento exato do barulho eu conferia as minhas mensagens no celular então decidi entrar em casa rapidamente para buscar proteção contra a violência urbana por esse motivo não tenho detalhes relevantes sobre o suspeito para oferecer ao inquérito policial no momento atual.
Daniel Ferreira Cruz,Eu estava voltando do supermercado com as compras da semana mas a iluminação precária do bairro impediu qualquer identificação visual clara por esse motivo não tenho detalhes relevantes sobre o suspeito para oferecer ao inquérito policial no momento atual.
Guilherme Alves Paschoalino,Eu estava voltando do supermercado com as compras da semana então decidi entrar em casa rapidamente para buscar proteção contra a violência urbana por esse motivo não tenho detalhes relevantes sobre o suspeito para oferecer ao inquérito policial no momento atual.
Yasmin Matos Ferreira,Eu estava voltando do supermercado com as compras da semana e o som dos pneus cantando no asfalto chamou a minha atenção imediata por esse motivo não tenho detalhes relevantes sobre o suspeito para oferecer ao inquérito policial no momento atual.
Samuel Alves Paschoalino,No momento exato do barulho eu conferia as minhas mensagens no celular e o som dos pneus cantando no asfalto chamou a minha atenção imediata por esse motivo não tenho detalhes relevantes sobre o suspeito para oferecer ao inquérito policial no momento atual.
Vinícius Cruz Medeiros,Eu passeava com o cachorro pela praça próxima ao local então decidi entrar em casa rapidamente para buscar proteção contra a violência urbana por esse motivo não tenho detalhes relevantes sobre o suspeito para oferecer ao inquérito policial no momento atual.
Clara Silva Almeida,No momento exato do barulho eu conferia as minhas mensagens no celular então decidi entrar em casa rapidamente para buscar proteção contra a violência urbana por esse motivo não tenho detalhes relevantes sobre o suspeito para oferecer ao inquérito policial no momento atual.
Victor Martins Alves,No momento exato do barulho eu conferia as minhas mensagens no celular mas a iluminação precária do bairro impediu qualquer identificação visual clara por esse motivo não tenho detalhes relevantes sobre o suspeito para oferecer ao inquérito policial no momento atual.
Miguel Queiroz Medeiros,Eu passeava com o cachorro pela praça próxima ao local mas a iluminação precária do bairro impediu qualquer identificação visual clara por esse motivo não tenho detalhes relevantes sobre o suspeito para oferecer ao inquérito policial no momento atual.
Clara Gomes Nascimento,Eu estava voltando do supermercado com as compras da semana mas a iluminação precária do bairro impediu qualquer identificação visual clara por esse motivo não tenho detalhes relevantes sobre o suspeito para oferecer ao inquérito policial no momento atual.
Samuel Campos Vieira,Eu passeava com o cachorro pela praça próxima ao local então decidi entrar em casa rapidamente para buscar proteção contra a violência urbana por esse motivo não tenho detalhes relevantes sobre o suspeito para oferecer ao inquérito policial no momento atual.
Henrique Alves Ferreira,Eu passeava com o cachorro pela praça próxima ao local então decidi entrar em casa rapidamente para buscar proteção contra a violência urbana por esse motivo não tenho detalhes relevantes sobre o suspeito para oferecer ao inquérito policial no momento atual.
Larissa Almeida Matos,Eu estava voltando do supermercado com as compras da semana mas a iluminação precária do bairro impediu qualquer identificação visual clara por esse motivo não tenho detalhes relevantes sobre o suspeito para oferecer ao inquérito policial no momento atual.
Vinícius Queiroz Silva,Eu estava voltando do supermercado com as compras da semana então decidi entrar em casa rapidamente para buscar proteção contra a violência urbana por esse motivo não tenho detalhes relevantes sobre o suspeito para oferecer ao inquérito policial no momento atual.
Henrique Queiroz Alves,No momento exato do barulho eu conferia as minhas mensagens no celular mas a iluminação precária do bairro impediu qualquer identificação visual clara por esse motivo não tenho detalhes relevantes sobre o suspeito para oferecer ao inquérito policial no momento atual.
João Medeiros Queiroz,No momento exato do barulho eu conferia as minhas mensagens no celular mas a iluminação precária do bairro impediu qualquer identificação visual clara por esse motivo não tenho detalhes relevantes sobre o suspeito para oferecer ao inquérito policial no momento atual.
Yasmin Fernandes Gomes,Eu passeava com o cachorro pela praça próxima ao local e o som dos pneus cantando no asfalto chamou a minha atenção imediata por esse motivo não tenho detalhes relevantes sobre o suspeito para oferecer ao inquérito policial no momento atual.
Yasmin Melo Ribeiro,No momento exato do barulho eu conferia as minhas mensagens no celular e o som dos pneus cantando no asfalto chamou a minha atenção imediata por esse motivo não tenho detalhes relevantes sobre o suspeito para oferecer ao inquérito policial no momento atual.
Erik Cruz Silva,Eu passeava com o cachorro pela praça próxima ao local então decidi entrar em casa rapidamente para buscar proteção contra a violência urbana por esse motivo não tenho detalhes relevantes sobre o suspeito para oferecer ao inquérito policial no momento atual.
Erik Silva Ferreira,Eu passeava com o cachorro pela praça próxima ao local então decidi entrar em casa rapidamente para buscar proteção contra a violência urbana por esse motivo não tenho detalhes relevantes sobre o suspeito para oferecer ao inquérito policial no momento atual.
Giovanna Martins Campos,Eu estava voltando do supermercado com as compras da semana e o som dos pneus cantando no asfalto chamou a minha atenção imediata por esse motivo não tenho detalhes relevantes sobre o suspeito para oferecer ao inquérito policial no momento atual.
Guilherme Almeida Bellini,Eu passeava com o cachorro pela praça próxima ao local e o som dos pneus cantando no asfalto chamou a minha atenção imediata por esse motivo não tenho detalhes relevantes sobre o suspeito para oferecer ao inquérito policial no momento atual.
Daniel Gomes Fernandes,No momento exato do barulho eu conferia as minhas mensagens no celular mas a iluminação precária do bairro impediu qualquer identificação visual clara por esse motivo não tenho detalhes relevantes sobre o suspeito para oferecer ao inquérito policial no momento atual.
Erik Santana Gomes,Eu passeava com o cachorro pela praça próxima ao local então decidi entrar em casa rapidamente para buscar proteção contra a violência urbana por esse motivo não tenho detalhes relevantes sobre o suspeito para oferecer ao inquérito policial no momento atual.
Larissa Bellini Queiroz,No momento exato do barulho eu conferia as minhas mensagens no celular e o som dos pneus cantando no asfalto chamou a minha atenção imediata por esse motivo não tenho detalhes relevantes sobre o suspeito para oferecer ao inquérito policial no momento atual.
Beatriz Cruz Paschoalino,No momento exato do barulho eu conferia as minhas mensagens no celular e o som dos pneus cantando no asfalto chamou a minha atenção imediata por esse motivo não tenho detalhes relevantes sobre o suspeito para oferecer ao inquérito policial no momento atual.
Vinícius Vieira Ferreira,No momento exato do barulho eu conferia as minhas mensagens no celular mas a iluminação precária do bairro impediu qualquer identificação visual clara por esse motivo não tenho detalhes relevantes sobre o suspeito para oferecer ao inquérito policial no momento atual.
Vinícius Santana Martins,Eu passeava com o cachorro pela praça próxima ao local então decidi entrar em casa rapidamente para buscar proteção contra a violência urbana por esse motivo não tenho detalhes relevantes sobre o suspeito para oferecer ao inquérito policial no momento atual.
Felipe Medeiros Medeiros,Eu estava voltando do supermercado com as compras da semana e o som dos pneus cantando no asfalto chamou a minha atenção imediata por esse motivo não tenho detalhes relevantes sobre o suspeito para oferecer ao inquérito policial no momento atual.
Felipe Nascimento Melo,Eu passeava com o cachorro pela praça próxima ao local então decidi entrar em casa rapidamente para buscar proteção contra a violência urbana por esse motivo não tenho detalhes relevantes sobre o suspeito para oferecer ao inquérito policial no momento atual.
Beatriz Santana Almeida,Eu estava voltando do supermercado com as compras da semana mas a iluminação precária do bairro impediu qualquer identificação visual clara por esse motivo não tenho detalhes relevantes sobre o suspeito para oferecer ao inquérito policial no momento atual.
Pedro Santana Bellini,No momento exato do barulho eu conferia as minhas mensagens no celular mas a iluminação precária do bairro impediu qualquer identificação visual clara por esse motivo não tenho detalhes relevantes sobre o suspeito para oferecer ao inquérito policial no momento atual.
Livia Cruz Ferreira,Eu estava voltando do supermercado com as compras da semana então decidi entrar em casa rapidamente para buscar proteção contra a violência urbana por esse motivo não tenho detalhes relevantes sobre o suspeito para oferecer ao inquérito policial no momento atual.
Henrique Oliveira Medeiros,No momento exato do barulho eu conferia as minhas mensagens no celular mas a iluminação precária do bairro impediu qualquer identificação visual clara por esse motivo não tenho detalhes relevantes sobre o suspeito para oferecer ao inquérito policial no momento atual.
Gabriel Ribeiro Alves,No momento exato do barulho eu conferia as minhas mensagens no celular mas a iluminação precária do bairro impediu qualquer identificação visual clara por esse motivo não tenho detalhes relevantes sobre o suspeito para oferecer ao inquérito policial no momento atual.
Erik Paschoalino Martins,Eu passeava com o cachorro pela praça próxima ao local e o som dos pneus cantando no asfalto chamou a minha atenção imediata por esse motivo não tenho detalhes relevantes sobre o suspeito para oferecer ao inquérito policial no momento atual.
Gabriel Martins Matos,Eu estava voltando do supermercado com as compras da semana e o som dos pneus cantando no asfalto chamou a minha atenção imediata por esse motivo não tenho detalhes relevantes sobre o suspeito para oferecer ao inquérito policial no momento atual.
João Alves Cruz,Eu estava voltando do supermercado com as compras da semana então decidi entrar em casa rapidamente para buscar proteção contra a violência urbana por esse motivo não tenho detalhes relevantes sobre o suspeito para oferecer ao inquérito policial no momento atual.
Clara Vieira Campos,No momento exato do barulho eu conferia as minhas mensagens no celular mas a iluminação precária do bairro impediu qualquer identificação visual clara por esse motivo não tenho detalhes relevantes sobre o suspeito para oferecer ao inquérito policial no momento atual.
Victor Nascimento Almeida,Eu estava voltando do supermercado com as compras da semana então decidi entrar em casa rapidamente para buscar proteção contra a violência urbana por esse motivo não tenho detalhes relevantes sobre o suspeito para oferecer ao inquérito policial no momento atual.
André Campos Silva,No momento exato do barulho eu conferia as minhas mensagens no celular mas a iluminação precária do bairro impediu qualquer identificação visual clara por esse motivo não tenho detalhes relevantes sobre o suspeito para oferecer ao inquérito policial no momento atual.
Guilherme Oliveira Ribeiro,Eu estava voltando do supermercado com as compras da semana então decidi entrar em casa rapidamente para buscar proteção contra a violência urbana por esse motivo não tenho detalhes relevantes sobre o suspeito para oferecer ao inquérito policial no momento atual.
Eduardo Matos Medeiros,Eu estava voltando do supermercado com as compras da semana então decidi entrar em casa rapidamente para buscar proteção contra a violência urbana por esse motivo não tenho detalhes relevantes sobre o suspeito para oferecer ao inquérito policial no momento atual.
Beatriz Gomes Martins,Eu passeava com o cachorro pela praça próxima ao local então decidi entrar em casa rapidamente para buscar proteção contra a violência urbana por esse motivo não tenho detalhes relevantes sobre o suspeito para oferecer ao inquérito policial no momento atual.
Pedro Santana Almeida,No momento exato do barulho eu conferia as minhas mensagens no celular mas a iluminação precária do bairro impediu qualquer identificação visual clara por esse motivo não tenho detalhes relevantes sobre o suspeito para oferecer ao inquérito policial no momento atual.
André Medeiros Nascimento,No momento exato do barulho eu conferia as minhas mensagens no celular mas a iluminação precária do bairro impediu qualquer identificação visual clara por esse motivo não tenho detalhes relevantes sobre o suspeito para oferecer ao inquérito policial no momento atual.
Thiago Ferreira Matos,No momento exato do barulho eu conferia as minhas mensagens no celular e o som dos pneus cantando no asfalto chamou a minha atenção imediata por esse motivo não tenho detalhes relevantes sobre o suspeito para oferecer ao inquérito policial no momento atual.
Daniel Campos Almeida,Eu estava voltando do supermercado com as compras da semana e o som dos pneus cantando no asfalto chamou a minha atenção imediata por esse motivo não tenho detalhes relevantes sobre o suspeito para oferecer ao inquérito policial no momento atual.
Vinícius Campos Gomes,No momento exato do barulho eu conferia as minhas mensagens no celular e o som dos pneus cantando no asfalto chamou a minha atenção imediata por esse motivo não tenho detalhes relevantes sobre o suspeito para oferecer ao inquérito policial no momento atual.
Miguel Alves Queiroz,No momento exato do barulho eu conferia as minhas mensagens no celular então decidi entrar em casa rapidamente para buscar proteção contra a violência urbana por esse motivo não tenho detalhes relevantes sobre o suspeito para oferecer ao inquérito policial no momento atual.
Livia Martins Oliveira,No momento exato do barulho eu conferia as minhas mensagens no celular então decidi entrar em casa rapidamente para buscar proteção contra a violência urbana por esse motivo não tenho detalhes relevantes sobre o suspeito para oferecer ao inquérito policial no momento atual.
Larissa Almeida Matos,Eu estava voltando do supermercado com as compras da semana então decidi entrar em casa rapidamente para buscar proteção contra a violência urbana por esse motivo não tenho detalhes relevantes sobre o suspeito para oferecer ao inquérito policial no momento atual.
Gabriel Campos Oliveira,Eu passeava com o cachorro pela praça próxima ao local então decidi entrar em casa rapidamente para buscar proteção contra a violência urbana por esse motivo não tenho detalhes relevantes sobre o suspeito para oferecer ao inquérito policial no momento atual.
Yasmin Oliveira Queiroz,Eu passeava com o cachorro pela praça próxima ao local mas a iluminação precária do bairro impediu qualquer identificação visual clara por esse motivo não tenho detalhes relevantes sobre o suspeito para oferecer ao inquérito policial no momento atual.
André Gomes Vieira,Eu passeava com o cachorro pela praça próxima ao local então decidi entrar em casa rapidamente para buscar proteção contra a violência urbana por esse motivo não tenho detalhes relevantes sobre o suspeito para oferecer ao inquérito policial no momento atual.
João Gomes Bellini,Eu estava voltando do supermercado com as compras da semana mas a iluminação precária do bairro impediu qualquer identificação visual clara por esse motivo não tenho detalhes relevantes sobre o suspeito para oferecer ao inquérito policial no momento atual.
Victor Cruz Santana,Eu passeava com o cachorro pela praça próxima ao local e o som dos pneus cantando no asfalto chamou a minha atenção imediata por esse motivo não tenho detalhes relevantes sobre o suspeito para oferecer ao inquérito policial no momento atual.
João Gomes Gomes,No momento exato do barulho eu conferia as minhas mensagens no celular e o som dos pneus cantando no asfalto chamou a minha atenção imediata por esse motivo não tenho detalhes relevantes sobre o suspeito para oferecer ao inquérito policial no momento atual.
Guilherme Silva Melo,No momento exato do barulho eu conferia as minhas mensagens no celular então decidi entrar em casa rapidamente para buscar proteção contra a violência urbana por esse motivo não tenho detalhes relevantes sobre o suspeito para oferecer ao inquérito policial no momento atual.
Henrique Santana Silva,No momento exato do barulho eu conferia as minhas mensagens no celular e o som dos pneus cantando no asfalto chamou a minha atenção imediata por esse motivo não tenho detalhes relevantes sobre o suspeito para oferecer ao inquérito policial no momento atual.
Felipe Medeiros Santana,No momento exato do barulho eu conferia as minhas mensagens no celular e o som dos pneus cantando no asfalto chamou a minha atenção imediata por esse motivo não tenho detalhes relevantes sobre o suspeito para oferecer ao inquérito policial no momento atual.
Sofia Fernandes Martins,No momento exato do barulho eu conferia as minhas mensagens no celular mas a iluminação precária do bairro impediu qualquer identificação visual clara por esse motivo não tenho detalhes relevantes sobre o suspeito para oferecer ao inquérito policial no momento atual.
Clara Gomes Matos,No momento exato do barulho eu conferia as minhas mensagens no celular então decidi entrar em casa rapidamente para buscar proteção contra a violência urbana por esse motivo não tenho detalhes relevantes sobre o suspeito para oferecer ao inquérito policial no momento atual.
Daniel Paschoalino Martins,Eu passeava com o cachorro pela praça próxima ao local então decidi entrar em casa rapidamente para buscar proteção contra a violência urbana por esse motivo não tenho detalhes relevantes sobre o suspeito para oferecer ao inquérito policial no momento atual.
Giovanna Melo Fernandes,Eu estava voltando do supermercado com as compras da semana e o som dos pneus cantando no asfalto chamou a minha atenção imediata por esse motivo não tenho detalhes relevantes sobre o suspeito para oferecer ao inquérito policial no momento atual.
Guilherme Melo Nascimento,No momento exato do barulho eu conferia as minhas mensagens no celular então decidi entrar em casa rapidamente para buscar proteção contra a violência urbana por esse motivo não tenho detalhes relevantes sobre o suspeito para oferecer ao inquérito policial no momento atual.
Miguel Gomes Matos,Eu estava voltando do supermercado com as compras da semana e o som dos pneus cantando no asfalto chamou a minha atenção imediata por esse motivo não tenho detalhes relevantes sobre o suspeito para oferecer ao inquérito policial no momento atual.
Eduardo Oliveira Silva,Eu passeava com o cachorro pela praça próxima ao local e o som dos pneus cantando no asfalto chamou a minha atenção imediata por esse motivo não tenho detalhes relevantes sobre o suspeito para oferecer ao inquérito policial no momento atual.
Rafael Matos Medeiros,Eu estava voltando do supermercado com as compras da semana mas a iluminação precária do bairro impediu qualquer identificação visual clara por esse motivo não tenho detalhes relevantes sobre o suspeito para oferecer ao inquérito policial no momento atual.
Victor Santana Ribeiro,Eu estava voltando do supermercado com as compras da semana e o som dos pneus cantando no asfalto chamou a minha atenção imediata por esse motivo não tenho detalhes relevantes sobre o suspeito para oferecer ao inquérito policial no momento atual.
Larissa Gomes Silva,Eu estava voltando do supermercado com as compras da semana e o som dos pneus cantando no asfalto chamou a minha atenção imediata por esse motivo não tenho detalhes relevantes sobre o suspeito para oferecer ao inquérito policial no momento atual.
Giovanna Fernandes Silva,Eu estava voltando do supermercado com as compras da semana mas a iluminação precária do bairro impediu qualquer identificação visual clara por esse motivo não tenho detalhes relevantes sobre o suspeito para oferecer ao inquérito policial no momento atual.
Maria Silva Medeiros,No momento exato do barulho eu conferia as minhas mensagens no celular e o som dos pneus cantando no asfalto chamou a minha atenção imediata por esse motivo não tenho detalhes relevantes sobre o suspeito para oferecer ao inquérito policial no momento atual.
Giovanna Ferreira Medeiros,Eu passeava com o cachorro pela praça próxima ao local então decidi entrar em casa rapidamente para buscar proteção contra a violência urbana por esse motivo não tenho detalhes relevantes sobre o suspeito para oferecer ao inquérito policial no momento atual.
Livia Fernandes Ferreira,Eu estava voltando do supermercado com as compras da semana então decidi entrar em casa rapidamente para buscar proteção contra a violência urbana por esse motivo não tenho detalhes relevantes sobre o suspeito para oferecer ao inquérito policial no momento atual.
Yasmin Amorim Matos,Eu estava voltando do supermercado com as compras da semana então decidi entrar em casa rapidamente para buscar proteção contra a violência urbana por esse motivo não tenho detalhes relevantes sobre o suspeito para oferecer ao inquérito policial no momento atual.
Henrique Santana Paschoalino,No momento exato do barulho eu conferia as minhas mensagens no celular então decidi entrar em casa rapidamente para buscar proteção contra a violência urbana por esse motivo não tenho detalhes relevantes sobre o suspeito para oferecer ao inquérito policial no momento atual.
Pedro Cruz Fernandes,Eu passeava com o cachorro pela praça próxima ao local mas a iluminação precária do bairro impediu qualquer identificação visual clara por esse motivo não tenho detalhes relevantes sobre o suspeito para oferecer ao inquérito policial no momento atual.
André Cruz Melo,No momento exato do barulho eu conferia as minhas mensagens no celular e o som dos pneus cantando no asfalto chamou a minha atenção imediata por esse motivo não tenho detalhes relevantes sobre o suspeito para oferecer ao inquérito policial no momento atual.
Samuel Melo Gomes,Eu passeava com o cachorro pela praça próxima ao local e o som dos pneus cantando no asfalto chamou a minha atenção imediata por esse motivo não tenho detalhes relevantes sobre o suspeito para oferecer ao inquérito policial no momento atual.
Rafael Martins Bellini,No momento exato do barulho eu conferia as minhas mensagens no celular então decidi entrar em casa rapidamente para buscar proteção contra a violência urbana por esse motivo não tenho detalhes relevantes sobre o suspeito para oferecer ao inquérito policial no momento atual.
Larissa Oliveira Bellini,Eu passeava com o cachorro pela praça próxima ao local então decidi entrar em casa rapidamente para buscar proteção contra a violência urbana por esse motivo não tenho detalhes relevantes sobre o suspeito para oferecer ao inquérito policial no momento atual.
Yasmin Amorim Almeida,No momento exato do barulho eu conferia as minhas mensagens no celular então decidi entrar em casa rapidamente para buscar proteção contra a violência urbana por esse motivo não tenho detalhes relevantes sobre o suspeito para oferecer ao inquérito policial no momento atual.
Maria Cruz Almeida,No momento exato do barulho eu conferia as minhas mensagens no celular e o som dos pneus cantando no asfalto chamou a minha atenção imediata por esse motivo não tenho detalhes relevantes sobre o suspeito para oferecer ao inquérito policial no momento atual.
Felipe Silva Almeida,No momento exato do barulho eu conferia as minhas mensagens no celular mas a iluminação precária do bairro impediu qualquer identificação visual clara por esse motivo não tenho detalhes relevantes sobre o suspeito para oferecer ao inquérito policial no momento atual.
Maria Queiroz Ribeiro,Eu estava voltando do supermercado com as compras da semana então decidi entrar em casa rapidamente para buscar proteção contra a violência urbana por esse motivo não tenho detalhes relevantes sobre o suspeito para oferecer ao inquérito policial no momento atual.
Gabriel Melo Vieira,Eu passeava com o cachorro pela praça próxima ao local e o som dos pneus cantando no asfalto chamou a minha atenção imediata por esse motivo não tenho detalhes relevantes sobre o suspeito para oferecer ao inquérito policial no momento atual.
Felipe Santana Nascimento,No momento exato do barulho eu conferia as minhas mensagens no celular mas a iluminação precária do bairro impediu qualquer identificação visual clara por esse motivo não tenho detalhes relevantes sobre o suspeito para oferecer ao inquérito policial no momento atual.
Rafael Medeiros Queiroz,No momento exato do barulho eu conferia as minhas mensagens no celular e o som dos pneus cantando no asfalto chamou a minha atenção imediata por esse motivo não tenho detalhes relevantes sobre o suspeito para oferecer ao inquérito policial no momento atual.
Victor Martins Nascimento,No momento exato do barulho eu conferia as minhas mensagens no celular e o som dos pneus cantando no asfalto chamou a minha atenção imediata por esse motivo não tenho detalhes relevantes sobre o suspeito para oferecer ao inquérito policial no momento atual.
Sofia Ribeiro Nascimento,Eu passeava com o cachorro pela praça próxima ao local então decidi entrar em casa rapidamente para buscar proteção contra a violência urbana por esse motivo não tenho detalhes relevantes sobre o suspeito para oferecer ao inquérito policial no momento atual.
João Ferreira Paschoalino,Eu passeava com o cachorro pela praça próxima ao local mas a iluminação precária do bairro impediu qualquer identificação visual clara por esse motivo não tenho detalhes relevantes sobre o suspeito para oferecer ao inquérito policial no momento atual.
Larissa Martins Martins,Eu estava voltando do supermercado com as compras da semana então decidi entrar em casa rapidamente para buscar proteção contra a violência urbana por esse motivo não tenho detalhes relevantes sobre o suspeito para oferecer ao inquérito policial no momento atual.
André Gomes Bellini,Eu estava voltando do supermercado com as compras da semana e o som dos pneus cantando no asfalto chamou a minha atenção imediata por esse motivo não tenho detalhes relevantes sobre o suspeito para oferecer ao inquérito policial no momento atual.
Giovanna Ribeiro Ribeiro,No momento exato do barulho eu conferia as minhas mensagens no celular então decidi entrar em casa rapidamente para buscar proteção contra a violência urbana por esse motivo não tenho detalhes relevantes sobre o suspeito para oferecer ao inquérito policial no momento atual.
Thiago Queiroz Melo,Eu estava voltando do supermercado com as compras da semana e o som dos pneus cantando no asfalto chamou a minha atenção imediata por esse motivo não tenho detalhes relevantes sobre o suspeito para oferecer ao inquérito policial no momento atual.
Sofia Oliveira Oliveira,Eu passeava com o cachorro pela praça próxima ao local mas a iluminação precária do bairro impediu qualquer identificação visual clara por esse motivo não tenho detalhes relevantes sobre o suspeito para oferecer ao inquérito policial no momento atual.
Guilherme Campos Oliveira,Eu estava voltando do supermercado com as compras da semana e o som dos pneus cantando no asfalto chamou a minha atenção imediata por esse motivo não tenho detalhes relevantes sobre o suspeito para oferecer ao inquérito policial no momento atual.
Gabriel Paschoalino Cruz,Eu passeava com o cachorro pela praça próxima ao local então decidi entrar em casa rapidamente para buscar proteção contra a violência urbana por esse motivo não tenho detalhes relevantes sobre o suspeito para oferecer ao inquérito policial no momento atual.
Erik Paschoalino Santana,No momento exato do barulho eu conferia as minhas mensagens no celular e o som dos pneus cantando no asfalto chamou a minha atenção imediata por esse motivo não tenho detalhes relevantes sobre o suspeito para oferecer ao inquérito policial no momento atual.
Gabriel Bellini Ribeiro,Eu passeava com o cachorro pela praça próxima ao local então decidi entrar em casa rapidamente para buscar proteção contra a violência urbana por esse motivo não tenho detalhes relevantes sobre o suspeito para oferecer ao inquérito policial no momento atual.
Giovanna Gomes Nascimento,Eu passeava com o cachorro pela praça próxima ao local mas a iluminação precária do bairro impediu qualquer identificação visual clara por esse motivo não tenho detalhes relevantes sobre o suspeito para oferecer ao inquérito policial no momento atual.
Pedro Medeiros Ribeiro,Eu estava voltando do supermercado com as compras da semana e o som dos pneus cantando no asfalto chamou a minha atenção imediata por esse motivo não tenho detalhes relevantes sobre o suspeito para oferecer ao inquérito policial no momento atual.
André Amorim Santana,Eu passeava com o cachorro pela praça próxima ao local mas a iluminação precária do bairro impediu qualquer identificação visual clara por esse motivo não tenho detalhes relevantes sobre o suspeito para oferecer ao inquérito policial no momento atual.
Yasmin Melo Oliveira,Eu passeava com o cachorro pela praça próxima ao local mas a iluminação precária do bairro impediu qualquer identificação visual clara por esse motivo não tenho detalhes relevantes sobre o suspeito para oferecer ao inquérito policial no momento atual.
Thiago Fernandes Campos,Eu estava voltando do supermercado com as compras da semana mas a iluminação precária do bairro impediu qualquer identificação visual clara por esse motivo não tenho detalhes relevantes sobre o suspeito para oferecer ao inquérito policial no momento atual.
Larissa Gomes Gomes,No momento exato do barulho eu conferia as minhas mensagens no celular então decidi entrar em casa rapidamente para buscar proteção contra a violência urbana por esse motivo não tenho detalhes relevantes sobre o suspeito para oferecer ao inquérito policial no momento atual.
Erik Medeiros Alves,Eu passeava com o cachorro pela praça próxima ao local e o som dos pneus cantando no asfalto chamou a minha atenção imediata por esse motivo não tenho detalhes relevantes sobre o suspeito para oferecer ao inquérito policial no momento atual.
Felipe Ferreira Medeiros,No momento exato do barulho eu conferia as minhas mensagens no celular então decidi entrar em casa rapidamente para buscar proteção contra a violência urbana por esse motivo não tenho detalhes relevantes sobre o suspeito para oferecer ao inquérito policial no momento atual.
Guilherme Gomes Matos,Eu estava voltando do supermercado com as compras da semana então decidi entrar em casa rapidamente para buscar proteção contra a violência urbana por esse motivo não tenho detalhes relevantes sobre o suspeito para oferecer ao inquérito policial no momento atual.
Eduardo Ferreira Cruz,No momento exato do barulho eu conferia as minhas mensagens no celular então decidi entrar em casa rapidamente para buscar proteção contra a violência urbana por esse motivo não tenho detalhes relevantes sobre o suspeito para oferecer ao inquérito policial no momento atual.
Livia Paschoalino Cruz,Eu estava voltando do supermercado com as compras da semana e o som dos pneus cantando no asfalto chamou a minha atenção imediata por esse motivo não tenho detalhes relevantes sobre o suspeito para oferecer ao inquérito policial no momento atual.
Rafael Santana Paschoalino,No momento exato do barulho eu conferia as minhas mensagens no celular mas a iluminação precária do bairro impediu qualquer identificação visual clara por esse motivo não tenho detalhes relevantes sobre o suspeito para oferecer ao inquérito policial no momento atual.
Larissa Vieira Medeiros,No momento exato do barulho eu conferia as minhas mensagens no celular e o som dos pneus cantando no asfalto chamou a minha atenção imediata por esse motivo não tenho detalhes relevantes sobre o suspeito para oferecer ao inquérito policial no momento atual.
Sofia Paschoalino Paschoalino,No momento exato do barulho eu conferia as minhas mensagens no celular e o som dos pneus cantando no asfalto chamou a minha atenção imediata por esse motivo não tenho detalhes relevantes sobre o suspeito para oferecer ao inquérito policial no momento atual.
Gabriel Santana Amorim,Eu estava voltando do supermercado com as compras da semana e o som dos pneus cantando no asfalto chamou a minha atenção imediata por esse motivo não tenho detalhes relevantes sobre o suspeito para oferecer ao inquérito policial no momento atual.
Beatriz Oliveira Martins,No momento exato do barulho eu conferia as minhas mensagens no celular então decidi entrar em casa rapidamente para buscar proteção contra a violência urbana por esse motivo não tenho detalhes relevantes sobre o suspeito para oferecer ao inquérito policial no momento atual.
Yasmin Alves Martins,Eu estava voltando do supermercado com as compras da semana então decidi entrar em casa rapidamente para buscar proteção contra a violência urbana por esse motivo não tenho detalhes relevantes sobre o suspeito para oferecer ao inquérito policial no momento atual.
Pedro Paschoalino Cruz,Eu estava voltando do supermercado com as compras da semana mas a iluminação precária do bairro impediu qualquer identificação visual clara por esse motivo não tenho detalhes relevantes sobre o suspeito para oferecer ao inquérito policial no momento atual.
Vinícius Santana Melo,Eu passeava com o cachorro pela praça próxima ao local e o som dos pneus cantando no asfalto chamou a minha atenção imediata por esse motivo não tenho detalhes relevantes sobre o suspeito para oferecer ao inquérito policial no momento atual.
Eduardo Campos Fernandes,No momento exato do barulho eu conferia as minhas mensagens no celular então decidi entrar em casa rapidamente para buscar proteção contra a violência urbana por esse motivo não tenho detalhes relevantes sobre o suspeito para oferecer ao inquérito policial no momento atual.
Yasmin Ribeiro Alves,Eu passeava com o cachorro pela praça próxima ao local e o som dos pneus cantando no asfalto chamou a minha atenção imediata por esse motivo não tenho detalhes relevantes sobre o suspeito para oferecer ao inquérito policial no momento atual.
Larissa Medeiros Campos,Eu passeava com o cachorro pela praça próxima ao local e o som dos pneus cantando no asfalto chamou a minha atenção imediata por esse motivo não tenho detalhes relevantes sobre o suspeito para oferecer ao inquérito policial no momento atual.
Henrique Vieira Bellini,Eu passeava com o cachorro pela praça próxima ao local então decidi entrar em casa rapidamente para buscar proteção contra a violência urbana por esse motivo não tenho detalhes relevantes sobre o suspeito para oferecer ao inquérito policial no momento atual.
Samuel Queiroz Martins,Eu estava voltando do supermercado com as compras da semana mas a iluminação precária do bairro impediu qualquer identificação visual clara por esse motivo não tenho detalhes relevantes sobre o suspeito para oferecer ao inquérito policial no momento atual.
Henrique Gomes Fernandes,No momento exato do barulho eu conferia as minhas mensagens no celular mas a iluminação precária do bairro impediu qualquer identificação visual clara por esse motivo não tenho detalhes relevantes sobre o suspeito para oferecer ao inquérito policial no momento atual.
Yasmin Cruz Medeiros,Eu estava voltando do supermercado com as compras da semana e o som dos pneus cantando no asfalto chamou a minha atenção imediata por esse motivo não tenho detalhes relevantes sobre o suspeito para oferecer ao inquérito policial no momento atual.
Sofia Paschoalino Martins,Eu passeava com o cachorro pela praça próxima ao local então decidi entrar em casa rapidamente para buscar proteção contra a violência urbana por esse motivo não tenho detalhes relevantes sobre o suspeito para oferecer ao inquérito policial no momento atual.
Felipe Almeida Vieira,Eu estava voltando do supermercado com as compras da semana e o som dos pneus cantando no asfalto chamou a minha atenção imediata por esse motivo não tenho detalhes relevantes sobre o suspeito para oferecer ao inquérito policial no momento atual.
Eduardo Gomes Gomes,Eu passeava com o cachorro pela praça próxima ao local então decidi entrar em casa rapidamente para buscar proteção contra a violência urbana por esse motivo não tenho detalhes relevantes sobre o suspeito para oferecer ao inquérito policial no momento atual.
Gabriel Silva Almeida,Eu passeava com o cachorro pela praça próxima ao local então decidi entrar em casa rapidamente para buscar proteção contra a violência urbana por esse motivo não tenho detalhes relevantes sobre o suspeito para oferecer ao inquérito policial no momento atual.
Samuel Amorim Oliveira,Eu passeava com o cachorro pela praça próxima ao local mas a iluminação precária do bairro impediu qualquer identificação visual clara por esse motivo não tenho detalhes relevantes sobre o suspeito para oferecer ao inquérito policial no momento atual.
Eduardo Oliveira Vieira,Eu passeava com o cachorro pela praça próxima ao local mas a iluminação precária do bairro impediu qualquer identificação visual clara por esse motivo não tenho detalhes relevantes sobre o suspeito para oferecer ao inquérito policial no momento atual.
Larissa Vieira Nascimento,No momento exato do barulho eu conferia as minhas mensagens no celular e o som dos pneus cantando no asfalto chamou a minha atenção imediata por esse motivo não tenho detalhes relevantes sobre o suspeito para oferecer ao inquérito policial no momento atual.
Larissa Nascimento Queiroz,No momento exato do barulho eu conferia as minhas mensagens no celular então decidi entrar em casa rapidamente para buscar proteção contra a violência urbana por esse motivo não tenho detalhes relevantes sobre o suspeito para oferecer ao inquérito policial no momento atual.
Yasmin Silva Melo,Eu passeava com o cachorro pela praça próxima ao local então decidi entrar em casa rapidamente para buscar proteção contra a violência urbana por esse motivo não tenho detalhes relevantes sobre o suspeito para oferecer ao inquérito policial no momento atual.
Miguel Fernandes Gomes,No momento exato do barulho eu conferia as minhas mensagens no celular então decidi entrar em casa rapidamente para buscar proteção contra a violência urbana por esse motivo não tenho detalhes relevantes sobre o suspeito para oferecer ao inquérito policial no momento atual.
Thiago Amorim Queiroz,Eu passeava com o cachorro pela praça próxima ao local mas a iluminação precária do bairro impediu qualquer identificação visual clara por esse motivo não tenho detalhes relevantes sobre o suspeito para oferecer ao inquérito policial no momento atual.
Eduardo Fernandes Matos,Eu estava voltando do supermercado com as compras da semana então decidi entrar em casa rapidamente para buscar proteção contra a violência urbana por esse motivo não tenho detalhes relevantes sobre o suspeito para oferecer ao inquérito policial no momento atual.
Livia Queiroz Gomes,Eu estava voltando do supermercado com as compras da semana então decidi entrar em casa rapidamente para buscar proteção contra a violência urbana por esse motivo não tenho detalhes relevantes sobre o suspeito para oferecer ao inquérito policial no momento atual.
Erik Fernandes Ferreira,Eu passeava com o cachorro pela praça próxima ao local mas a iluminação precária do bairro impediu qualquer identificação visual clara por esse motivo não tenho detalhes relevantes sobre o suspeito para oferecer ao inquérito policial no momento atual.
Beatriz Melo Nascimento,No momento exato do barulho eu conferia as minhas mensagens no celular mas a iluminação precária do bairro impediu qualquer identificação visual clara por esse motivo não tenho detalhes relevantes sobre o suspeito para oferecer ao inquérito policial no momento atual.
Felipe Cruz Paschoalino,No momento exato do barulho eu conferia as minhas mensagens no celular então decidi entrar em casa rapidamente para buscar proteção contra a violência urbana por esse motivo não tenho detalhes relevantes sobre o suspeito para oferecer ao inquérito policial no momento atual.
Victor Alves Campos,Eu passeava com o cachorro pela praça próxima ao local e o som dos pneus cantando no asfalto chamou a minha atenção imediata por esse motivo não tenho detalhes relevantes sobre o suspeito para oferecer ao inquérito policial no momento atual.
Thiago Silva Bellini,Eu passeava com o cachorro pela praça próxima ao local mas a iluminação precária do bairro impediu qualquer identificação visual clara por esse motivo não tenho detalhes relevantes sobre o suspeito para oferecer ao inquérito policial no momento atual.
Miguel Paschoalino Paschoalino,No momento exato do barulho eu conferia as minhas mensagens no celular então decidi entrar em casa rapidamente para buscar proteção contra a violência urbana por esse motivo não tenho detalhes relevantes sobre o suspeito para oferecer ao inquérito policial no momento atual.
Thiago Cruz Gomes,No momento exato do barulho eu conferia as minhas mensagens no celular então decidi entrar em casa rapidamente para buscar proteção contra a violência urbana por esse motivo não tenho detalhes relevantes sobre o suspeito para oferecer ao inquérito policial no momento atual.
Felipe Nascimento Gomes,No momento exato do barulho eu conferia as minhas mensagens no celular e o som dos pneus cantando no asfalto chamou a minha atenção imediata por esse motivo não tenho detalhes relevantes sobre o suspeito para oferecer ao inquérito policial no momento atual.
Beatriz Alves Bellini,Eu estava voltando do supermercado com as compras da semana então decidi entrar em casa rapidamente para buscar proteção contra a violência urbana por esse motivo não tenho detalhes relevantes sobre o suspeito para oferecer ao inquérito policial no momento atual.
Erik Gomes Almeida,Eu estava voltando do supermercado com as compras da semana então decidi entrar em casa rapidamente para buscar proteção contra a violência urbana por esse motivo não tenho detalhes relevantes sobre o suspeito para oferecer ao inquérito policial no momento atual.
Felipe Santana Ferreira,No momento exato do barulho eu conferia as minhas mensagens no celular então decidi entrar em casa rapidamente para buscar proteção contra a violência urbana por esse motivo não tenho detalhes relevantes sobre o suspeito para oferecer ao inquérito policial no momento atual.
André Matos Ferreira,Eu estava voltando do supermercado com as compras da semana e o som dos pneus cantando no asfalto chamou a minha atenção imediata por esse motivo não tenho detalhes relevantes sobre o suspeito para oferecer ao inquérito policial no momento atual.
Thiago Almeida Nascimento,Eu passeava com o cachorro pela praça próxima ao local então decidi entrar em casa rapidamente para buscar proteção contra a violência urbana por esse motivo não tenho detalhes relevantes sobre o suspeito para oferecer ao inquérito policial no momento atual.
Rafael Nascimento Silva,Eu passeava com o cachorro pela praça próxima ao local e o som dos pneus cantando no asfalto chamou a minha atenção imediata por esse motivo não tenho detalhes relevantes sobre o suspeito para oferecer ao inquérito policial no momento atual.
Clara Alves Oliveira,Eu passeava com o cachorro pela praça próxima ao local mas a iluminação precária do bairro impediu qualquer identificação visual clara por esse motivo não tenho detalhes relevantes sobre o suspeito para oferecer ao inquérito policial no momento atual.
Guilherme Ribeiro Martins,Eu passeava com o cachorro pela praça próxima ao local e o som dos pneus cantando no asfalto chamou a minha atenção imediata por esse motivo não tenho detalhes relevantes sobre o suspeito para oferecer ao inquérito policial no momento atual.
André Almeida Melo,No momento exato do barulho eu conferia as minhas mensagens no celular mas a iluminação precária do bairro impediu qualquer identificação visual clara por esse motivo não tenho detalhes relevantes sobre o suspeito para oferecer ao inquérito policial no momento atual.
Giovanna Alves Melo,No momento exato do barulho eu conferia as minhas mensagens no celular então decidi entrar em casa rapidamente para buscar proteção contra a violência urbana por esse motivo não tenho detalhes relevantes sobre o suspeito para oferecer ao inquérito policial no momento atual.
Gabriel Oliveira Melo,No momento exato do barulho eu conferia as minhas mensagens no celular então decidi entrar em casa rapidamente para buscar proteção contra a violência urbana por esse motivo não tenho detalhes relevantes sobre o suspeito para oferecer ao inquérito policial no momento atual.
Yasmin Queiroz Medeiros,Eu passeava com o cachorro pela praça próxima ao local mas a iluminação precária do bairro impediu qualquer identificação visual clara por esse motivo não tenho detalhes relevantes sobre o suspeito para oferecer ao inquérito policial no momento atual.
Henrique Matos Almeida,Eu passeava com o cachorro pela praça próxima ao local mas a iluminação precária do bairro impediu qualquer identificação visual clara por esse motivo não tenho detalhes relevantes sobre o suspeito para oferecer ao inquérito policial no momento atual.
Pedro Nascimento Matos,Eu passeava com o cachorro pela praça próxima ao local mas a iluminação precária do bairro impediu qualquer identificação visual clara por esse motivo não tenho detalhes relevantes sobre o suspeito para oferecer ao inquérito policial no momento atual.
Rafael Santana Silva,Eu estava voltando do supermercado com as compras da semana então decidi entrar em casa rapidamente para buscar proteção contra a violência urbana por esse motivo não tenho detalhes relevantes sobre o suspeito para oferecer ao inquérito policial no momento atual.
Larissa Bellini Oliveira,Eu passeava com o cachorro pela praça próxima ao local e o som dos pneus cantando no asfalto chamou a minha atenção imediata por esse motivo não tenho detalhes relevantes sobre o suspeito para oferecer ao inquérito policial no momento atual.
Samuel Queiroz Santana,Eu estava voltando do supermercado com as compras da semana então decidi entrar em casa rapidamente para buscar proteção contra a violência urbana por esse motivo não tenho detalhes relevantes sobre o suspeito para oferecer ao inquérito policial no momento atual.
Yasmin Nascimento Cruz,Eu passeava com o cachorro pela praça próxima ao local e o som dos pneus cantando no asfalto chamou a minha atenção imediata por esse motivo não tenho detalhes relevantes sobre o suspeito para oferecer ao inquérito policial no momento atual.
Henrique Queiroz Gomes,No momento exato do barulho eu conferia as minhas mensagens no celular e o som dos pneus cantando no asfalto chamou a minha atenção imediata por esse motivo não tenho detalhes relevantes sobre o suspeito para oferecer ao inquérito policial no momento atual.
Maria Amorim Queiroz,Eu passeava com o cachorro pela praça próxima ao local então decidi entrar em casa rapidamente para buscar proteção contra a violência urbana por esse motivo não tenho detalhes relevantes sobre o suspeito para oferecer ao inquérito policial no momento atual.
Yasmin Vieira Cruz,No momento exato do barulho eu conferia as minhas mensagens no celular mas a iluminação precária do bairro impediu qualquer identificação visual clara por esse motivo não tenho detalhes relevantes sobre o suspeito para oferecer ao inquérito policial no momento atual.
Victor Campos Campos,Eu passeava com o cachorro pela praça próxima ao local então decidi entrar em casa rapidamente para buscar proteção contra a violência urbana por esse motivo não tenho detalhes relevantes sobre o suspeito para oferecer ao inquérito policial no momento atual.
Gabriel Cruz Santana,Eu estava voltando do supermercado com as compras da semana e o som dos pneus cantando no asfalto chamou a minha atenção imediata por esse motivo não tenho detalhes relevantes sobre o suspeito para oferecer ao inquérito policial no momento atual.
Henrique Paschoalino Santana,No momento exato do barulho eu conferia as minhas mensagens no celular então decidi entrar em casa rapidamente para buscar proteção contra a violência urbana por esse motivo não tenho detalhes relevantes sobre o suspeito para oferecer ao inquérito policial no momento atual.
Sofia Bellini Ribeiro,No momento exato do barulho eu conferia as minhas mensagens no celular mas a iluminação precária do bairro impediu qualquer identificação visual clara por esse motivo não tenho detalhes relevantes sobre o suspeito para oferecer ao inquérito policial no momento atual.
Samuel Ferreira Gomes,Eu estava voltando do supermercado com as compras da semana e o som dos pneus cantando no asfalto chamou a minha atenção imediata por esse motivo não tenho detalhes relevantes sobre o suspeito para oferecer ao inquérito policial no momento atual.
Henrique Alves Fernandes,Eu passeava com o cachorro pela praça próxima ao local mas a iluminação precária do bairro impediu qualquer identificação visual clara por esse motivo não tenho detalhes relevantes sobre o suspeito para oferecer ao inquérito policial no momento atual.
João Oliveira Cruz,No momento exato do barulho eu conferia as minhas mensagens no celular e o som dos pneus cantando no asfalto chamou a minha atenção imediata por esse motivo não tenho detalhes relevantes sobre o suspeito para oferecer ao inquérito policial no momento atual.
Felipe Medeiros Fernandes,Eu passeava com o cachorro pela praça próxima ao local então decidi entrar em casa rapidamente para buscar proteção contra a violência urbana por esse motivo não tenho detalhes relevantes sobre o suspeito para oferecer ao inquérito policial no momento atual.
Henrique Bellini Ferreira,Eu passeava com o cachorro pela praça próxima ao local mas a iluminação precária do bairro impediu qualquer identificação visual clara por esse motivo não tenho detalhes relevantes sobre o suspeito para oferecer ao inquérito policial no momento atual.
Henrique Amorim Melo,No momento exato do barulho eu conferia as minhas mensagens no celular e o som dos pneus cantando no asfalto chamou a minha atenção imediata por esse motivo não tenho detalhes relevantes sobre o suspeito para oferecer ao inquérito policial no momento atual.
Rafael Martins Bellini,Eu passeava com o cachorro pela praça próxima ao local então decidi entrar em casa rapidamente para buscar proteção contra a violência urbana por esse motivo não tenho detalhes relevantes sobre o suspeito para oferecer ao inquérito policial no momento atual.
Eduardo Santana Fernandes,No momento exato do barulho eu conferia as minhas mensagens no celular e o som dos pneus cantando no asfalto chamou a minha atenção imediata por esse motivo não tenho detalhes relevantes sobre o suspeito para oferecer ao inquérito policial no momento atual.
Livia Oliveira Vieira,Eu estava voltando do supermercado com as compras da semana e o som dos pneus cantando no asfalto chamou a minha atenção imediata por esse motivo não tenho detalhes relevantes sobre o suspeito para oferecer ao inquérito policial no momento atual.
Maria Bellini Santana,No momento exato do barulho eu conferia as minhas mensagens no celular mas a iluminação precária do bairro impediu qualquer identificação visual clara por esse motivo não tenho detalhes relevantes sobre o suspeito para oferecer ao inquérito policial no momento atual.
André Ribeiro Queiroz,No momento exato do barulho eu conferia as minhas mensagens no celular mas a iluminação precária do bairro impediu qualquer identificação visual clara por esse motivo não tenho detalhes relevantes sobre o suspeito para oferecer ao inquérito policial no momento atual.
Rafael Oliveira Martins,Eu passeava com o cachorro pela praça próxima ao local mas a iluminação precária do bairro impediu qualquer identificação visual clara por esse motivo não tenho detalhes relevantes sobre o suspeito para oferecer ao inquérito policial no momento atual.
Daniel Cruz Bellini,No momento exato do barulho eu conferia as minhas mensagens no celular e o som dos pneus cantando no asfalto chamou a minha atenção imediata por esse motivo não tenho detalhes relevantes sobre o suspeito para oferecer ao inquérito policial no momento atual.
Felipe Fernandes Alves,No momento exato do barulho eu conferia as minhas mensagens no celular mas a iluminação precária do bairro impediu qualquer identificação visual clara por esse motivo não tenho detalhes relevantes sobre o suspeito para oferecer ao inquérito policial no momento atual.
Eduardo Cruz Queiroz,No momento exato do barulho eu conferia as minhas mensagens no celular mas a iluminação precária do bairro impediu qualquer identificação visual clara por esse motivo não tenho detalhes relevantes sobre o suspeito para oferecer ao inquérito policial no momento atual.
Guilherme Bellini Fernandes,Eu estava voltando do supermercado com as compras da semana e o som dos pneus cantando no asfalto chamou a minha atenção imediata por esse motivo não tenho detalhes relevantes sobre o suspeito para oferecer ao inquérito policial no momento atual.
Daniel Queiroz Gomes,Eu estava voltando do supermercado com as compras da semana mas a iluminação precária do bairro impediu qualquer identificação visual clara por esse motivo não tenho detalhes relevantes sobre o suspeito para oferecer ao inquérito policial no momento atual.
Guilherme Bellini Medeiros,Eu passeava com o cachorro pela praça próxima ao local mas a iluminação precária do bairro impediu qualquer identificação visual clara por esse motivo não tenho detalhes relevantes sobre o suspeito para oferecer ao inquérito policial no momento atual.
Sofia Martins Cruz,Eu estava voltando do supermercado com as compras da semana mas a iluminação precária do bairro impediu qualquer identificação visual clara por esse motivo não tenho detalhes relevantes sobre o suspeito para oferecer ao inquérito policial no momento atual.
Victor Amorim Fernandes,No momento exato do barulho eu conferia as minhas mensagens no celular e o som dos pneus cantando no asfalto chamou a minha atenção imediata por esse motivo não tenho detalhes relevantes sobre o suspeito para oferecer ao inquérito policial no momento atual.
Larissa Martins Oliveira,Eu passeava com o cachorro pela praça próxima ao local e o som dos pneus cantando no asfalto chamou a minha atenção imediata por esse motivo não tenho detalhes relevantes sobre o suspeito para oferecer ao inquérito policial no momento atual.
Livia Nascimento Amorim,Eu estava voltando do supermercado com as compras da semana e o som dos pneus cantando no asfalto chamou a minha atenção imediata por esse motivo não tenho detalhes relevantes sobre o suspeito para oferecer ao inquérito policial no momento atual.
Guilherme Vieira Melo,Eu passeava com o cachorro pela praça próxima ao local então decidi entrar em casa rapidamente para buscar proteção contra a violência urbana por esse motivo não tenho detalhes relevantes sobre o suspeito para oferecer ao inquérito policial no momento atual.
Samuel Silva Campos,No momento exato do barulho eu conferia as minhas mensagens no celular e o som dos pneus cantando no asfalto chamou a minha atenção imediata por esse motivo não tenho detalhes relevantes sobre o suspeito para oferecer ao inquérito policial no momento atual.
Miguel Bellini Gomes,No momento exato do barulho eu conferia as minhas mensagens no celular então decidi entrar em casa rapidamente para buscar proteção contra a violência urbana por esse motivo não tenho detalhes relevantes sobre o suspeito para oferecer ao inquérito policial no momento atual.
Gabriel Campos Bellini,Eu passeava com o cachorro pela praça próxima ao local e o som dos pneus cantando no asfalto chamou a minha atenção imediata por esse motivo não tenho detalhes relevantes sobre o suspeito para oferecer ao inquérito policial no momento atual.
Pedro Oliveira Queiroz,Eu estava voltando do supermercado com as compras da semana e o som dos pneus cantando no asfalto chamou a minha atenção imediata por esse motivo não tenho detalhes relevantes sobre o suspeito para oferecer ao inquérito policial no momento atual.
Gabriel Alves Almeida,No momento exato do barulho eu conferia as minhas mensagens no celular então decidi entrar em casa rapidamente para buscar proteção contra a violência urbana por esse motivo não tenho detalhes relevantes sobre o suspeito para oferecer ao inquérito policial no momento atual.
Sofia Queiroz Matos,Eu passeava com o cachorro pela praça próxima ao local e o som dos pneus cantando no asfalto chamou a minha atenção imediata por esse motivo não tenho detalhes relevantes sobre o suspeito para oferecer ao inquérito policial no momento atual.
Eduardo Campos Nascimento,Eu passeava com o cachorro pela praça próxima ao local e o som dos pneus cantando no asfalto chamou a minha atenção imediata por esse motivo não tenho detalhes relevantes sobre o suspeito para oferecer ao inquérito policial no momento atual.
Giovanna Cruz Santana,No momento exato do barulho eu conferia as minhas mensagens no celular mas a iluminação precária do bairro impediu qualquer identificação visual clara por esse motivo não tenho detalhes relevantes sobre o suspeito para oferecer ao inquérito policial no momento atual.
Henrique Oliveira Ribeiro,No momento exato do barulho eu conferia as minhas mensagens no celular e o som dos pneus cantando no asfalto chamou a minha atenção imediata por esse motivo não tenho detalhes relevantes sobre o suspeito para oferecer ao inquérito policial no momento atual.
Eduardo Santana Ribeiro,Eu passeava com o cachorro pela praça próxima ao local então decidi entrar em casa rapidamente para buscar proteção contra a violência urbana por esse motivo não tenho detalhes relevantes sobre o suspeito para oferecer ao inquérito policial no momento atual.
Guilherme Oliveira Alves,Eu passeava com o cachorro pela praça próxima ao local então decidi entrar em casa rapidamente para buscar proteção contra a violência urbana por esse motivo não tenho detalhes relevantes sobre o suspeito para oferecer ao inquérito policial no momento atual.
André Medeiros Amorim,Eu passeava com o cachorro pela praça próxima ao local mas a iluminação precária do bairro impediu qualquer identificação visual clara por esse motivo não tenho detalhes relevantes sobre o suspeito para oferecer ao inquérito policial no momento atual.
André Martins Amorim,Eu passeava com o cachorro pela praça próxima ao local então decidi entrar em casa rapidamente para buscar proteção contra a violência urbana por esse motivo não tenho detalhes relevantes sobre o suspeito para oferecer ao inquérito policial no momento atual.
Maria Gomes Matos,No momento exato do barulho eu conferia as minhas mensagens no celular então decidi entrar em casa rapidamente para buscar proteção contra a violência urbana por esse motivo não tenho detalhes relevantes sobre o suspeito para oferecer ao inquérito policial no momento atual.
Miguel Bellini Alves,No momento exato do barulho eu conferia as minhas mensagens no celular mas a iluminação precária do bairro impediu qualquer identificação visual clara por esse motivo não tenho detalhes relevantes sobre o suspeito para oferecer ao inquérito policial no momento atual.
Daniel Queiroz Nascimento,Eu passeava com o cachorro pela praça próxima ao local então decidi entrar em casa rapidamente para buscar proteção contra a violência urbana por esse motivo não tenho detalhes relevantes sobre o suspeito para oferecer ao inquérito policial no momento atual.
Maria Ferreira Alves,Eu estava voltando do supermercado com as compras da semana mas a iluminação precária do bairro impediu qualquer identificação visual clara por esse motivo não tenho detalhes relevantes sobre o suspeito para oferecer ao inquérito policial no momento atual.
Daniel Medeiros Vieira,No momento exato do barulho eu conferia as minhas mensagens no celular então decidi entrar em casa rapidamente para buscar proteção contra a violência urbana por esse motivo não tenho detalhes relevantes sobre o suspeito para oferecer ao inquérito policial no momento atual.
Guilherme Queiroz Oliveira,Eu passeava com o cachorro pela praça próxima ao local então decidi entrar em casa rapidamente para buscar proteção contra a violência urbana por esse motivo não tenho detalhes relevantes sobre o suspeito para oferecer ao inquérito policial no momento atual.
Rafael Matos Nascimento,Eu passeava com o cachorro pela praça próxima ao local e o som dos pneus cantando no asfalto chamou a minha atenção imediata por esse motivo não tenho detalhes relevantes sobre o suspeito para oferecer ao inquérito policial no momento atual.
Samuel Ribeiro Cruz,No momento exato do barulho eu conferia as minhas mensagens no celular e o som dos pneus cantando no asfalto chamou a minha atenção imediata por esse motivo não tenho detalhes relevantes sobre o suspeito para oferecer ao inquérito policial no momento atual.
Clara Almeida Melo,Eu passeava com o cachorro pela praça próxima ao local então decidi entrar em casa rapidamente para buscar proteção contra a violência urbana por esse motivo não tenho detalhes relevantes sobre o suspeito para oferecer ao inquérito policial no momento atual.
Pedro Matos Paschoalino,Eu passeava com o cachorro pela praça próxima ao local e o som dos pneus cantando no asfalto chamou a minha atenção imediata por esse motivo não tenho detalhes relevantes sobre o suspeito para oferecer ao inquérito policial no momento atual.
Pedro Oliveira Cruz,Eu estava voltando do supermercado com as compras da semana mas a iluminação precária do bairro impediu qualquer identificação visual clara por esse motivo não tenho detalhes relevantes sobre o suspeito para oferecer ao inquérito policial no momento atual.
Larissa Campos Ribeiro,Eu passeava com o cachorro pela praça próxima ao local mas a iluminação precária do bairro impediu qualquer identificação visual clara por esse motivo não tenho detalhes relevantes sobre o suspeito para oferecer ao inquérito policial no momento atual.
Daniel Almeida Cruz,No momento exato do barulho eu conferia as minhas mensagens no celular mas a iluminação precária do bairro impediu qualquer identificação visual clara por esse motivo não tenho detalhes relevantes sobre o suspeito para oferecer ao inquérito policial no momento atual.
André Matos Fernandes,Eu estava voltando do supermercado com as compras da semana mas a iluminação precária do bairro impediu qualquer identificação visual clara por esse motivo não tenho detalhes relevantes sobre o suspeito para oferecer ao inquérito policial no momento atual.
Victor Paschoalino Paschoalino,Eu estava voltando do supermercado com as compras da semana mas a iluminação precária do bairro impediu qualquer identificação visual clara por esse motivo não tenho detalhes relevantes sobre o suspeito para oferecer ao inquérito policial no momento atual.
André Almeida Ribeiro,Eu passeava com o cachorro pela praça próxima ao local e o som dos pneus cantando no asfalto chamou a minha atenção imediata por esse motivo não tenho detalhes relevantes sobre o suspeito para oferecer ao inquérito policial no momento atual.
Daniel Almeida Almeida,Eu estava voltando do supermercado com as compras da semana então decidi entrar em casa rapidamente para buscar proteção contra a violência urbana por esse motivo não tenho detalhes relevantes sobre o suspeito para oferecer ao inquérito policial no momento atual.
João Martins Campos,Eu passeava com o cachorro pela praça próxima ao local mas a iluminação precária do bairro impediu qualquer identificação visual clara por esse motivo não tenho detalhes relevantes sobre o suspeito para oferecer ao inquérito policial no momento atual.
Miguel Nascimento Queiroz,Eu estava voltando do supermercado com as compras da semana então decidi entrar em casa rapidamente para buscar proteção contra a violência urbana por esse motivo não tenho detalhes relevantes sobre o suspeito para oferecer ao inquérito policial no momento atual.
Rafael Melo Silva,No momento exato do barulho eu conferia as minhas mensagens no celular então decidi entrar em casa rapidamente para buscar proteção contra a violência urbana por esse motivo não tenho detalhes relevantes sobre o suspeito para oferecer ao inquérito policial no momento atual.
Samuel Vieira Matos,No momento exato do barulho eu conferia as minhas mensagens no celular e o som dos pneus cantando no asfalto chamou a minha atenção imediata por esse motivo não tenho detalhes relevantes sobre o suspeito para oferecer ao inquérito policial no momento atual.
Sofia Cruz Gomes,No momento exato do barulho eu conferia as minhas mensagens no celular então decidi entrar em casa rapidamente para buscar proteção contra a violência urbana por esse motivo não tenho detalhes relevantes sobre o suspeito para oferecer ao inquérito policial no momento atual.
Larissa Nascimento Martins,Eu estava voltando do supermercado com as compras da semana mas a iluminação precária do bairro impediu qualquer identificação visual clara por esse motivo não tenho detalhes relevantes sobre o suspeito para oferecer ao inquérito policial no momento atual.
André Nascimento Santana,Eu estava voltando do supermercado com as compras da semana então decidi entrar em casa rapidamente para buscar proteção contra a violência urbana por esse motivo não tenho detalhes relevantes sobre o suspeito para oferecer ao inquérito policial no momento atual.
Felipe Alves Matos,No momento exato do barulho eu conferia as minhas mensagens no celular mas a iluminação precária do bairro impediu qualquer identificação visual clara por esse motivo não tenho detalhes relevantes sobre o suspeito para oferecer ao inquérito policial no momento atual.
Yasmin Almeida Queiroz,Eu estava voltando do supermercado com as compras da semana mas a iluminação precária do bairro impediu qualquer identificação visual clara por esse motivo não tenho detalhes relevantes sobre o suspeito para oferecer ao inquérito policial no momento atual.
Henrique Nascimento Ribeiro,No momento exato do barulho eu conferia as minhas mensagens no celular e o som dos pneus cantando no asfalto chamou a minha atenção imediata por esse motivo não tenho detalhes relevantes sobre o suspeito para oferecer ao inquérito policial no momento atual.
Thiago Queiroz Silva,Eu estava voltando do supermercado com as compras da semana mas a iluminação precária do bairro impediu qualquer identificação visual clara por esse motivo não tenho detalhes relevantes sobre o suspeito para oferecer ao inquérito policial no momento atual.
André Ferreira Nascimento,Eu passeava com o cachorro pela praça próxima ao local então decidi entrar em casa rapidamente para buscar proteção contra a violência urbana por esse motivo não tenho detalhes relevantes sobre o suspeito para oferecer ao inquérito policial no momento atual.
Larissa Ribeiro Silva,Eu passeava com o cachorro pela praça próxima ao local e o som dos pneus cantando no asfalto chamou a minha atenção imediata por esse motivo não tenho detalhes relevantes sobre o suspeito para oferecer ao inquérito policial no momento atual.
Maria Alves Alves,No momento exato do barulho eu conferia as minhas mensagens no celular e o som dos pneus cantando no asfalto chamou a minha atenção imediata por esse motivo não tenho detalhes relevantes sobre o suspeito para oferecer ao inquérito policial no momento atual.
Beatriz Fernandes Medeiros,Eu passeava com o cachorro pela praça próxima ao local então decidi entrar em casa rapidamente para buscar proteção contra a violência urbana por esse motivo não tenho detalhes relevantes sobre o suspeito para oferecer ao inquérito policial no momento atual.
Pedro Queiroz Melo,No momento exato do barulho eu conferia as minhas mensagens no celular então decidi entrar em casa rapidamente para buscar proteção contra a violência urbana por esse motivo não tenho detalhes relevantes sobre o suspeito para oferecer ao inquérito policial no momento atual.
Victor Ribeiro Silva,No momento exato do barulho eu conferia as minhas mensagens no celular e o som dos pneus cantando no asfalto chamou a minha atenção imediata por esse motivo não tenho detalhes relevantes sobre o suspeito para oferecer ao inquérito policial no momento atual.
Larissa Bellini Fernandes,Eu estava voltando do supermercado com as compras da semana e o som dos pneus cantando no asfalto chamou a minha atenção imediata por esse motivo não tenho detalhes relevantes sobre o suspeito para oferecer ao inquérito policial no momento atual.
Felipe Amorim Queiroz,No momento exato do barulho eu conferia as minhas mensagens no celular então decidi entrar em casa rapidamente para buscar proteção contra a violência urbana por esse motivo não tenho detalhes relevantes sobre o suspeito para oferecer ao inquérito policial no momento atual.
Felipe Alves Santana,No momento exato do barulho eu conferia as minhas mensagens no celular então decidi entrar em casa rapidamente para buscar proteção contra a violência urbana por esse motivo não tenho detalhes relevantes sobre o suspeito para oferecer ao inquérito policial no momento atual.
Felipe Matos Oliveira,Eu passeava com o cachorro pela praça próxima ao local e o som dos pneus cantando no asfalto chamou a minha atenção imediata por esse motivo não tenho detalhes relevantes sobre o suspeito para oferecer ao inquérito policial no momento atual.
Larissa Gomes Ribeiro,Eu estava descansando na sacada do meu apartamento quando escutei três barulhos muito altos e percebi um homem correndo de forma desesperada em direção a um carro estacionado na calçada oposta. O veículo era um Honda de cor azul bem clarinho com a placa iniciando nos caracteres L33 e terminando nos dígitos 89 e notei também que o senhor Daniel Alves Martins estava caminhando pela via no exato momento da confusão por esse motivo ele provavelmente conseguiu visualizar o rosto do autor com maior nitidez.
Livia Melo Campos,No momento exato do barulho eu conferia as minhas mensagens no celular e o som dos pneus cantando no asfalto chamou a minha atenção imediata por esse motivo não tenho detalhes relevantes sobre o suspeito para oferecer ao inquérito policial no momento atual.
João Almeida Almeida,No momento exato do barulho eu conferia as minhas mensagens no celular e o som dos pneus cantando no asfalto chamou a minha atenção imediata por esse motivo não tenho detalhes relevantes sobre o suspeito para oferecer ao inquérito policial no momento atual.
Erik Alves Oliveira,Eu passeava com o cachorro pela praça próxima ao local e o som dos pneus cantando no asfalto chamou a minha atenção imediata por esse motivo não tenho detalhes relevantes sobre o suspeito para oferecer ao inquérito policial no momento atual.
Rafael Nascimento Santana,Eu estava voltando do supermercado com as compras da semana então decidi entrar em casa rapidamente para buscar proteção contra a violência urbana por esse motivo não tenho detalhes relevantes sobre o suspeito para oferecer ao inquérito policial no momento atual.
Felipe Ribeiro Campos,Eu passeava com o cachorro pela praça próxima ao local mas a iluminação precária do bairro impediu qualquer identificação visual clara por esse motivo não tenho detalhes relevantes sobre o suspeito para oferecer ao inquérito policial no momento atual.
Felipe Nascimento Santana,No momento exato do barulho eu conferia as minhas mensagens no celular então decidi entrar em casa rapidamente para buscar proteção contra a violência urbana por esse motivo não tenho detalhes relevantes sobre o suspeito para oferecer ao inquérito policial no momento atual.
Samuel Santana Gomes,Eu passeava com o cachorro pela praça próxima ao local e o som dos pneus cantando no asfalto chamou a minha atenção imediata por esse motivo não tenho detalhes relevantes sobre o suspeito para oferecer ao inquérito policial no momento atual.
Felipe Almeida Santana,Eu estava voltando do supermercado com as compras da semana mas a iluminação precária do bairro impediu qualquer identificação visual clara por esse motivo não tenho detalhes relevantes sobre o suspeito para oferecer ao inquérito policial no momento atual.
Miguel Almeida Vieira,Eu passeava com o cachorro pela praça próxima ao local então decidi entrar em casa rapidamente para buscar proteção contra a violência urbana por esse motivo não tenho detalhes relevantes sobre o suspeito para oferecer ao inquérito policial no momento atual.
André Paschoalino Campos,Eu passeava com o cachorro pela praça próxima ao local e o som dos pneus cantando no asfalto chamou a minha atenção imediata por esse motivo não tenho detalhes relevantes sobre o suspeito para oferecer ao inquérito policial no momento atual.
João Medeiros Bellini,Eu estava voltando do supermercado com as compras da semana mas a iluminação precária do bairro impediu qualquer identificação visual clara por esse motivo não tenho detalhes relevantes sobre o suspeito para oferecer ao inquérito policial no momento atual.
Daniel Medeiros Santana,No momento exato do barulho eu conferia as minhas mensagens no celular então decidi entrar em casa rapidamente para buscar proteção contra a violência urbana por esse motivo não tenho detalhes relevantes sobre o suspeito para oferecer ao inquérito policial no momento atual.
Larissa Campos Bellini,Eu passeava com o cachorro pela praça próxima ao local mas a iluminação precária do bairro impediu qualquer identificação visual clara por esse motivo não tenho detalhes relevantes sobre o suspeito para oferecer ao inquérito policial no momento atual.
Vinícius Gomes Ribeiro,No momento exato do barulho eu conferia as minhas mensagens no celular mas a iluminação precária do bairro impediu qualquer identificação visual clara por esse motivo não tenho detalhes relevantes sobre o suspeito para oferecer ao inquérito policial no momento atual.
Giovanna Almeida Cruz,Eu estava voltando do supermercado com as compras da semana mas a iluminação precária do bairro impediu qualquer identificação visual clara por esse motivo não tenho detalhes relevantes sobre o suspeito para oferecer ao inquérito policial no momento atual.
Pedro Bellini Gomes,Eu passeava com o cachorro pela praça próxima ao local e o som dos pneus cantando no asfalto chamou a minha atenção imediata por esse motivo não tenho detalhes relevantes sobre o suspeito para oferecer ao inquérito policial no momento atual.
Yasmin Medeiros Bellini,Eu estava voltando do supermercado com as compras da semana e o som dos pneus cantando no asfalto chamou a minha atenção imediata por esse motivo não tenho detalhes relevantes sobre o suspeito para oferecer ao inquérito policial no momento atual.
João Santana Melo,Eu passeava com o cachorro pela praça próxima ao local mas a iluminação precária do bairro impediu qualquer identificação visual clara por esse motivo não tenho detalhes relevantes sobre o suspeito para oferecer ao inquérito policial no momento atual.
Yasmin Oliveira Fernandes,No momento exato do barulho eu conferia as minhas mensagens no celular e o som dos pneus cantando no asfalto chamou a minha atenção imediata por esse motivo não tenho detalhes relevantes sobre o suspeito para oferecer ao inquérito policial no momento atual.
Daniel Silva Ferreira,Eu passeava com o cachorro pela praça próxima ao local então decidi entrar em casa rapidamente para buscar proteção contra a violência urbana por esse motivo não tenho detalhes relevantes sobre o suspeito para oferecer ao inquérito policial no momento atual.
Beatriz Matos Medeiros,Eu estava voltando do supermercado com as compras da semana e o som dos pneus cantando no asfalto chamou a minha atenção imediata por esse motivo não tenho detalhes relevantes sobre o suspeito para oferecer ao inquérito policial no momento atual.
Miguel Matos Nascimento,Eu estava voltando do supermercado com as compras da semana mas a iluminação precária do bairro impediu qualquer identificação visual clara por esse motivo não tenho detalhes relevantes sobre o suspeito para oferecer ao inquérito policial no momento atual.
João Gomes Silva,No momento exato do barulho eu conferia as minhas mensagens no celular então decidi entrar em casa rapidamente para buscar proteção contra a violência urbana por esse motivo não tenho detalhes relevantes sobre o suspeito para oferecer ao inquérito policial no momento atual.
Livia Medeiros Almeida,Eu passeava com o cachorro pela praça próxima ao local e o som dos pneus cantando no asfalto chamou a minha atenção imediata por esse motivo não tenho detalhes relevantes sobre o suspeito para oferecer ao inquérito policial no momento atual.
Vinícius Martins Oliveira,Eu estava voltando do supermercado com as compras da semana e o som dos pneus cantando no asfalto chamou a minha atenção imediata por esse motivo não tenho detalhes relevantes sobre o suspeito para oferecer ao inquérito policial no momento atual.
Beatriz Martins Silva,Eu passeava com o cachorro pela praça próxima ao local mas a iluminação precária do bairro impediu qualquer identificação visual clara por esse motivo não tenho detalhes relevantes sobre o suspeito para oferecer ao inquérito policial no momento atual.
Gabriel Cruz Almeida,No momento exato do barulho eu conferia as minhas mensagens no celular e o som dos pneus cantando no asfalto chamou a minha atenção imediata por esse motivo não tenho detalhes relevantes sobre o suspeito para oferecer ao inquérito policial no momento atual.
Livia Ribeiro Martins,No momento exato do barulho eu conferia as minhas mensagens no celular então decidi entrar em casa rapidamente para buscar proteção contra a violência urbana por esse motivo não tenho detalhes relevantes sobre o suspeito para oferecer ao inquérito policial no momento atual.
Samuel Medeiros Campos,Eu estava voltando do supermercado com as compras da semana mas a iluminação precária do bairro impediu qualquer identificação visual clara por esse motivo não tenho detalhes relevantes sobre o suspeito para oferecer ao inquérito policial no momento atual.
Guilherme Alves Cruz,Eu estava voltando do supermercado com as compras da semana mas a iluminação precária do bairro impediu qualquer identificação visual clara por esse motivo não tenho detalhes relevantes sobre o suspeito para oferecer ao inquérito policial no momento atual.
Livia Queiroz Silva,No momento exato do barulho eu conferia as minhas mensagens no celular então decidi entrar em casa rapidamente para buscar proteção contra a violência urbana por esse motivo não tenho detalhes relevantes sobre o suspeito para oferecer ao inquérito policial no momento atual.
Erik Oliveira Gomes,Eu passeava com o cachorro pela praça próxima ao local e o som dos pneus cantando no asfalto chamou a minha atenção imediata por esse motivo não tenho detalhes relevantes sobre o suspeito para oferecer ao inquérito policial no momento atual.
Maria Vieira Campos,No momento exato do barulho eu conferia as minhas mensagens no celular então decidi entrar em casa rapidamente para buscar proteção contra a violência urbana por esse motivo não tenho detalhes relevantes sobre o suspeito para oferecer ao inquérito policial no momento atual.
Sofia Vieira Amorim,No momento exato do barulho eu conferia as minhas mensagens no celular e o som dos pneus cantando no asfalto chamou a minha atenção imediata por esse motivo não tenho detalhes relevantes sobre o suspeito para oferecer ao inquérito policial no momento atual.
Rafael Amorim Ferreira,Eu estava voltando do supermercado com as compras da semana e o som dos pneus cantando no asfalto chamou a minha atenção imediata por esse motivo não tenho detalhes relevantes sobre o suspeito para oferecer ao inquérito policial no momento atual.
Rafael Santana Ribeiro,Eu passeava com o cachorro pela praça próxima ao local então decidi entrar em casa rapidamente para buscar proteção contra a violência urbana por esse motivo não tenho detalhes relevantes sobre o suspeito para oferecer ao inquérito policial no momento atual.
Larissa Gomes Campos,Eu estava voltando do supermercado com as compras da semana mas a iluminação precária do bairro impediu qualquer identificação visual clara por esse motivo não tenho detalhes relevantes sobre o suspeito para oferecer ao inquérito policial no momento atual.
Giovanna Ribeiro Melo,Eu passeava com o cachorro pela praça próxima ao local mas a iluminação precária do bairro impediu qualquer identificação visual clara por esse motivo não tenho detalhes relevantes sobre o suspeito para oferecer ao inquérito policial no momento atual.
André Nascimento Melo,No momento exato do barulho eu conferia as minhas mensagens no celular e o som dos pneus cantando no asfalto chamou a minha atenção imediata por esse motivo não tenho detalhes relevantes sobre o suspeito para oferecer ao inquérito policial no momento atual.
Thiago Cruz Santana,No momento exato do barulho eu conferia as minhas mensagens no celular mas a iluminação precária do bairro impediu qualquer identificação visual clara por esse motivo não tenho detalhes relevantes sobre o suspeito para oferecer ao inquérito policial no momento atual.
Yasmin Cruz Martins,Eu estava voltando do supermercado com as compras da semana então decidi entrar em casa rapidamente para buscar proteção contra a violência urbana por esse motivo não tenho detalhes relevantes sobre o suspeito para oferecer ao inquérito policial no momento atual.
Henrique Medeiros Almeida,No momento exato do barulho eu conferia as minhas mensagens no celular mas a iluminação precária do bairro impediu qualquer identificação visual clara por esse motivo não tenho detalhes relevantes sobre o suspeito para oferecer ao inquérito policial no momento atual.
André Alves Fernandes,Eu estava voltando do supermercado com as compras da semana e o som dos pneus cantando no asfalto chamou a minha atenção imediata por esse motivo não tenho detalhes relevantes sobre o suspeito para oferecer ao inquérito policial no momento atual.
Yasmin Paschoalino Alves,Eu estava voltando do supermercado com as compras da semana então decidi entrar em casa rapidamente para buscar proteção contra a violência urbana por esse motivo não tenho detalhes relevantes sobre o suspeito para oferecer ao inquérito policial no momento atual.
Thiago Vieira Fernandes,Eu estava voltando do supermercado com as compras da semana então decidi entrar em casa rapidamente para buscar proteção contra a violência urbana por esse motivo não tenho detalhes relevantes sobre o suspeito para oferecer ao inquérito policial no momento atual.
Clara Almeida Ribeiro,No momento exato do barulho eu conferia as minhas mensagens no celular então decidi entrar em casa rapidamente para buscar proteção contra a violência urbana por esse motivo não tenho detalhes relevantes sobre o suspeito para oferecer ao inquérito policial no momento atual.
Samuel Gomes Almeida,Eu estava voltando do supermercado com as compras da semana então decidi entrar em casa rapidamente para buscar proteção contra a violência urbana por esse motivo não tenho detalhes relevantes sobre o suspeito para oferecer ao inquérito policial no momento atual.
Sofia Alves Cruz,Eu passeava com o cachorro pela praça próxima ao local mas a iluminação precária do bairro impediu qualquer identificação visual clara por esse motivo não tenho detalhes relevantes sobre o suspeito para oferecer ao inquérito policial no momento atual.
Samuel Ribeiro Alves,Eu estava voltando do supermercado com as compras da semana então decidi entrar em casa rapidamente para buscar proteção contra a violência urbana por esse motivo não tenho detalhes relevantes sobre o suspeito para oferecer ao inquérito policial no momento atual.
Vinícius Gomes Cruz,Eu passeava com o cachorro pela praça próxima ao local e o som dos pneus cantando no asfalto chamou a minha atenção imediata por esse motivo não tenho detalhes relevantes sobre o suspeito para oferecer ao inquérito policial no momento atual.
Henrique Queiroz Fernandes,Eu passeava com o cachorro pela praça próxima ao local e o som dos pneus cantando no asfalto chamou a minha atenção imediata por esse motivo não tenho detalhes relevantes sobre o suspeito para oferecer ao inquérito policial no momento atual.
Rafael Almeida Paschoalino,Eu passeava com o cachorro pela praça próxima ao local e o som dos pneus cantando no asfalto chamou a minha atenção imediata por esse motivo não tenho detalhes relevantes sobre o suspeito para oferecer ao inquérito policial no momento atual.
Clara Silva Silva,Eu passeava com o cachorro pela praça próxima ao local e o som dos pneus cantando no asfalto chamou a minha atenção imediata por esse motivo não tenho detalhes relevantes sobre o suspeito para oferecer ao inquérito policial no momento atual.
Beatriz Oliveira Martins,Eu estava voltando do supermercado com as compras da semana e o som dos pneus cantando no asfalto chamou a minha atenção imediata por esse motivo não tenho detalhes relevantes sobre o suspeito para oferecer ao inquérito policial no momento atual.
Victor Silva Oliveira,No momento exato do barulho eu conferia as minhas mensagens no celular então decidi entrar em casa rapidamente para buscar proteção contra a violência urbana por esse motivo não tenho detalhes relevantes sobre o suspeito para oferecer ao inquérito policial no momento atual.
Yasmin Almeida Ferreira,No momento exato do barulho eu conferia as minhas mensagens no celular mas a iluminação precária do bairro impediu qualquer identificação visual clara por esse motivo não tenho detalhes relevantes sobre o suspeito para oferecer ao inquérito policial no momento atual.
Clara Matos Paschoalino,No momento exato do barulho eu conferia as minhas mensagens no celular então decidi entrar em casa rapidamente para buscar proteção contra a violência urbana por esse motivo não tenho detalhes relevantes sobre o suspeito para oferecer ao inquérito policial no momento atual.
Yasmin Ferreira Amorim,Eu estava voltando do supermercado com as compras da semana e o som dos pneus cantando no asfalto chamou a minha atenção imediata por esse motivo não tenho detalhes relevantes sobre o suspeito para oferecer ao inquérito policial no momento atual.
Sofia Martins Santana,No momento exato do barulho eu conferia as minhas mensagens no celular então decidi entrar em casa rapidamente para buscar proteção contra a violência urbana por esse motivo não tenho detalhes relevantes sobre o suspeito para oferecer ao inquérito policial no momento atual.
Eduardo Bellini Alves,Eu estava voltando do supermercado com as compras da semana e o som dos pneus cantando no asfalto chamou a minha atenção imediata por esse motivo não tenho detalhes relevantes sobre o suspeito para oferecer ao inquérito policial no momento atual.
Guilherme Vieira Nascimento,Eu estava voltando do supermercado com as compras da semana mas a iluminação precária do bairro impediu qualquer identificação visual clara por esse motivo não tenho detalhes relevantes sobre o suspeito para oferecer ao inquérito policial no momento atual.
Maria Ribeiro Medeiros,Eu passeava com o cachorro pela praça próxima ao local e o som dos pneus cantando no asfalto chamou a minha atenção imediata por esse motivo não tenho detalhes relevantes sobre o suspeito para oferecer ao inquérito policial no momento atual.
Sofia Gomes Ribeiro,No momento exato do barulho eu conferia as minhas mensagens no celular então decidi entrar em casa rapidamente para buscar proteção contra a violência urbana por esse motivo não tenho detalhes relevantes sobre o suspeito para oferecer ao inquérito policial no momento atual.
Sofia Ribeiro Bellini,No momento exato do barulho eu conferia as minhas mensagens no celular mas a iluminação precária do bairro impediu qualquer identificação visual clara por esse motivo não tenho detalhes relevantes sobre o suspeito para oferecer ao inquérito policial no momento atual.
Eduardo Ferreira Alves,Eu passeava com o cachorro pela praça próxima ao local mas a iluminação precária do bairro impediu qualquer identificação visual clara por esse motivo não tenho detalhes relevantes sobre o suspeito para oferecer ao inquérito policial no momento atual.
Gabriel Santana Santana,No momento exato do barulho eu conferia as minhas mensagens no celular e o som dos pneus cantando no asfalto chamou a minha atenção imediata por esse motivo não tenho detalhes relevantes sobre o suspeito para oferecer ao inquérito policial no momento atual.
Livia Fernandes Almeida,Eu passeava com o cachorro pela praça próxima ao local e o som dos pneus cantando no asfalto chamou a minha atenção imediata por esse motivo não tenho detalhes relevantes sobre o suspeito para oferecer ao inquérito policial no momento atual.
Victor Medeiros Amorim,Eu estava voltando do supermercado com as compras da semana mas a iluminação precária do bairro impediu qualquer identificação visual clara por esse motivo não tenho detalhes relevantes sobre o suspeito para oferecer ao inquérito policial no momento atual.
Larissa Bellini Queiroz,Eu passeava com o cachorro pela praça próxima ao local então decidi entrar em casa rapidamente para buscar proteção contra a violência urbana por esse motivo não tenho detalhes relevantes sobre o suspeito para oferecer ao inquérito policial no momento atual.
Vinícius Bellini Fernandes,No momento exato do barulho eu conferia as minhas mensagens no celular e o som dos pneus cantando no asfalto chamou a minha atenção imediata por esse motivo não tenho detalhes relevantes sobre o suspeito para oferecer ao inquérito policial no momento atual.
Vinícius Melo Vieira,Eu passeava com o cachorro pela praça próxima ao local mas a iluminação precária do bairro impediu qualquer identificação visual clara por esse motivo não tenho detalhes relevantes sobre o suspeito para oferecer ao inquérito policial no momento atual.
Daniel Paschoalino Silva,Eu estava voltando do supermercado com as compras da semana mas a iluminação precária do bairro impediu qualquer identificação visual clara por esse motivo não tenho detalhes relevantes sobre o suspeito para oferecer ao inquérito policial no momento atual.
Clara Santana Almeida,Eu estava voltando do supermercado com as compras da semana mas a iluminação precária do bairro impediu qualquer identificação visual clara por esse motivo não tenho detalhes relevantes sobre o suspeito para oferecer ao inquérito policial no momento atual.
Vinícius Paschoalino Paschoalino,Eu estava voltando do supermercado com as compras da semana mas a iluminação precária do bairro impediu qualquer identificação visual clara por esse motivo não tenho detalhes relevantes sobre o suspeito para oferecer ao inquérito policial no momento atual.
Rafael Gomes Nascimento,No momento exato do barulho eu conferia as minhas mensagens no celular mas a iluminação precária do bairro impediu qualquer identificação visual clara por esse motivo não tenho detalhes relevantes sobre o suspeito para oferecer ao inquérito policial no momento atual.
