person_id,name,height,address
100000,Rafael Cruz Paschoalino,188,"Avenida Heitor Penteado, 237 - Taquaral"
100001,Thiago Silva Bellini,201,"Avenida Albino José Barbosa de Oliveira, 3327 - Barão Geraldo"
100002,Gabriel Almeida Cruz,178,"Avenida Heitor Penteado, 2389 - Taquaral"
100003,Yasmin Matos Vieira,164,"Avenida Heitor Penteado, 299 - Taquaral"
100004,Victor Gomes Medeiros,192,"Avenida Albino José Barbosa de Oliveira, 1733 - Barão Geraldo"
100005,André Vieira Santana,157,"Avenida Heitor Penteado, 1295 - Taquaral"
100006,Gabriel Queiroz Campos,170,"Rua Maria Monteiro, 1125 - Cambuí"
100007,André Matos Santana,188,"Avenida Albino José Barbosa de Oliveira, 3462 - Barão Geraldo"
100008,Larissa Ribeiro Matos,168,"Avenida Heitor Penteado, 1905 - Taquaral"
100009,Maria Bellini Ferreira,172,"Avenida Albino José Barbosa de Oliveira, 1454 - Barão Geraldo"
100010,Victor Silva Paschoalino,160,"Avenida Albino José Barbosa de Oliveira, 1322 - Barão Geraldo"
100011,Erik Gomes Fernandes,160,"Avenida Heitor Penteado, 2294 - Taquaral"
100012,Giovanna Almeida Santana,173,"Avenida Albino José Barbosa de Oliveira, 1523 - Barão Geraldo"
100013,Henrique Cruz Vieira,202,"Avenida Albino José Barbosa de Oliveira, 696 - Barão Geraldo"
100014,Livia Cruz Alves,185,"Avenida Heitor Penteado, 2080 - Taquaral"
100015,João Campos Silva,189,"Avenida Heitor Penteado, 1693 - Taquaral"
100016,Beatriz Ferreira Matos,173,"Rua Maria Monteiro, 328 - Cambuí"
100017,Daniel Martins Vieira,152,"Rua Coronel Quirino, 916 - Cambuí"
100018,Sofia Nascimento Ribeiro,171,"Rua Maria Monteiro, 497 - Cambuí"
100019,Vinícius Alves Melo,202,"Avenida Albino José Barbosa de Oliveira, 2800 - Barão Geraldo"
100020,Felipe Vieira Medeiros,151,"Rua Maria Monteiro, 244 - Cambuí"
100021,Yasmin Bellini Nascimento,173,"Avenida Albino José Barbosa de Oliveira, 2598 - Barão Geraldo"
100022,Clara Bellini Cruz,193,"Avenida Heitor Penteado, 2251 - Taquaral"
100023,Livia Silva Ferreira,179,"Avenida Albino José Barbosa de Oliveira, 643 - Barão Geraldo"
100024,Rafael Alves Oliveira,187,"Avenida Albino José Barbosa de Oliveira, 3480 - Barão Geraldo"
100025,João Alves Santana,151,"Avenida Albino José Barbosa de Oliveira, 2102 - Barão Geraldo"
100026,Yasmin Silva Ribeiro,170,"Rua Maria Monteiro, 1338 - Cambuí"
100027,Clara Campos Ribeiro,182,"Avenida Heitor Penteado, 1655 - Taquaral"
100028,Erik Matos Bellini,161,"Avenida Heitor Penteado, 495 - Taquaral"
100029,Erik Ferreira Martins,171,"Rua Coronel Quirino, 1300 - Cambuí"
100030,Giovanna Ribeiro Matos,193,"Rua Maria Monteiro, 995 - Cambuí"
100031,Gabriel Fernandes Medeiros,174,"Rua Maria Monteiro, 803 - Cambuí"
100032,Gabriel Medeiros Fernandes,198,"Avenida Albino José Barbosa de Oliveira, 927 - Barão Geraldo"
100033,Livia Silva Vieira,176,"Avenida Heitor Penteado, 2718 - Taquaral"
100034,Felipe Melo Fernandes,191,"Avenida Heitor Penteado, 199 - Taquaral"
100035,Felipe Ribeiro Amorim,177,"Rua Coronel Quirino, 190 - Cambuí"
100036,Livia Ribeiro Ferreira,165,"Avenida Heitor Penteado, 1353 - Taquaral"
100037,Eduardo Silva Almeida,164,"Avenida Heitor Penteado, 2134 - Taquaral"
100038,Gabriel Matos Matos,196,"Avenida Albino José Barbosa de Oliveira, 792 - Barão Geraldo"
100039,Giovanna Melo Gomes,200,"Avenida Heitor Penteado, 2838 - Taquaral"
100040,Victor Martins Alves,193,"Avenida Heitor Penteado, 2004 - Taquaral"
100041,Gabriel Almeida Queiroz,204,"Avenida Heitor Penteado, 425 - Taquaral"
100042,Pedro Vieira Medeiros,201,"Rua Maria Monteiro, 215 - Cambuí"
100043,Daniel Almeida Ribeiro,152,"Avenida Heitor Penteado, 1403 - Taquaral"
100044,Erik Gomes Campos,186,"Avenida Albino José Barbosa de Oliveira, 2800 - Barão Geraldo"
100045,Clara Martins Martins,200,"Avenida Heitor Penteado, 2779 - Taquaral"
100046,Vinícius Ferreira Queiroz,156,"Rua Coronel Quirino, 360 - Cambuí"
100047,Giovanna Matos Paschoalino,170,"Avenida Albino José Barbosa de Oliveira, 2159 - Barão Geraldo"
100048,Yasmin Cruz Matos,158,"Avenida Heitor Penteado, 2125 - Taquaral"
100049,Giovanna Ribeiro Fernandes,188,"Avenida Heitor Penteado, 1088 - Taquaral"
100050,Daniel Nascimento Gomes,167,"Rua Coronel Quirino, 852 - Cambuí"
100051,Erik Ferreira Paschoalino,153,"Avenida Albino José Barbosa de Oliveira, 438 - Barão Geraldo"
100052,Thiago Silva Queiroz,174,"Rua Coronel Quirino, 230 - Cambuí"
100053,Erik Queiroz Cruz,163,"Avenida Heitor Penteado, 220 - Taquaral"
100054,Rafael Nascimento Ribeiro,199,"Avenida Albino José Barbosa de Oliveira, 3092 - Barão Geraldo"
100055,Samuel Campos Santana,158,"Rua Maria Monteiro, 1337 - Cambuí"
100056,Eduardo Alves Oliveira,175,"Avenida Heitor Penteado, 822 - Taquaral"
100057,Sofia Queiroz Paschoalino,202,"Avenida Heitor Penteado, 476 - Taquaral"
100058,Vinícius Fernandes Amorim,151,"Avenida Heitor Penteado, 2196 - Taquaral"
100059,André Cruz Alves,169,"Avenida Albino José Barbosa de Oliveira, 3056 - Barão Geraldo"
100060,Guilherme Bellini Medeiros,177,"Rua Coronel Quirino, 1898 - Cambuí"
100061,Gabriel Melo Vieira,196,"Avenida Heitor Penteado, 2212 - Taquaral"
100062,Clara Amorim Vieira,156,"Rua Maria Monteiro, 485 - Cambuí"
100063,Sofia Almeida Almeida,193,"Avenida Albino José Barbosa de Oliveira, 3304 - Barão Geraldo"
100064,Yasmin Amorim Matos,157,"Avenida Albino José Barbosa de Oliveira, 1472 - Barão Geraldo"
100065,Erik Silva Queiroz,196,"Avenida Heitor Penteado, 1088 - Taquaral"
100066,Vinícius Gomes Santana,184,"Avenida Heitor Penteado, 2363 - Taquaral"
100067,Sofia Santana Nascimento,163,"Avenida Heitor Penteado, 959 - Taquaral"
100068,Livia Ribeiro Alves,166,"Avenida Heitor Penteado, 1231 - Taquaral"
100069,Miguel Queiroz Ferreira,185,"Rua Maria Monteiro, 894 - Cambuí"
100070,Daniel Bellini Bellini,199,"Rua Maria Monteiro, 1265 - Cambuí"
100071,Clara Fernandes Paschoalino,189,"Avenida Heitor Penteado, 905 - Taquaral"
100072,Victor Matos Bellini,153,"Avenida Heitor Penteado, 497 - Taquaral"
100073,Victor Bellini Paschoalino,151,"Avenida Heitor Penteado, 1509 - Taquaral"
100074,Clara Ribeiro Medeiros,155,"Avenida Heitor Penteado, 2473 - Taquaral"
100075,Gabriel Vieira Medeiros,203,"Avenida Albino José Barbosa de Oliveira, 2723 - Barão Geraldo"
100076,Henrique Vieira Queiroz,191,"Avenida Heitor Penteado, 437 - Taquaral"
100077,Gabriel Silva Amorim,153,"Avenida Albino José Barbosa de Oliveira, 2301 - Barão Geraldo"
100078,Felipe Matos Almeida,203,"Avenida Albino José Barbosa de Oliveira, 2920 - Barão Geraldo"
100079,Thiago Melo Melo,178,"Rua Maria Monteiro, 1166 - Cambuí"
100080,Pedro Bellini Amorim,167,"Rua Coronel Quirino, 1245 - Cambuí"
100081,Maria Santana Cruz,175,"Avenida Heitor Penteado, 2641 - Taquaral"
100082,Daniel Gomes Alves,193,"Rua Maria Monteiro, 474 - Cambuí"
100083,Maria Gomes Ferreira,183,"Rua Coronel Quirino, 285 - Cambuí"
100084,Thiago Medeiros Ribeiro,159,"Avenida Heitor Penteado, 292 - Taquaral"
100085,Rafael Cruz Medeiros,185,"Avenida Albino José Barbosa de Oliveira, 2577 - Barão Geraldo"
100086,Livia Fernandes Cruz,163,"Avenida Albino José Barbosa de Oliveira, 2211 - Barão Geraldo"
100087,Gabriel Santana Santana,180,"Rua Coronel Quirino, 1732 - Cambuí"
100088,Sofia Ferreira Almeida,197,"Avenida Heitor Penteado, 1921 - Taquaral"
100089,Maria Oliveira Silva,164,"Rua Coronel Quirino, 697 - Cambuí"
100090,Miguel Bellini Vieira,157,"Avenida Heitor Penteado, 2914 - Taquaral"
100091,Miguel Matos Cruz,163,"Avenida Heitor Penteado, 733 - Taquaral"
100092,Beatriz Ribeiro Matos,172,"Avenida Albino José Barbosa de Oliveira, 1424 - Barão Geraldo"
100093,André Vieira Bellini,189,"Avenida Albino José Barbosa de Oliveira, 2241 - Barão Geraldo"
100094,Erik Gomes Amorim,170,"Avenida Heitor Penteado, 2578 - Taquaral"
100095,Pedro Santana Martins,165,"Avenida Heitor Penteado, 2507 - Taquaral"
100096,Beatriz Oliveira Martins,194,"Rua Coronel Quirino, 230 - Cambuí"
100097,André Martins Silva,167,"Avenida Heitor Penteado, 1389 - Taquaral"
100098,Miguel Nascimento Gomes,196,"Rua Maria Monteiro, 349 - Cambuí"
100099,Larissa Matos Amorim,202,"Rua Maria Monteiro, 838 - Cambuí"
100100,Eduardo Santana Nascimento,173,"Avenida Albino José Barbosa de Oliveira, 2654 - Barão Geraldo"
100101,Felipe Medeiros Melo,175,"Avenida Heitor Penteado, 943 - Taquaral"
100102,Thiago Matos Medeiros,174,"Avenida Heitor Penteado, 2744 - Taquaral"
100103,Thiago Fernandes Medeiros,194,"Avenida Heitor Penteado, 2873 - Taquaral"
100104,Beatriz Melo Amorim,190,"Rua Coronel Quirino, 1773 - Cambuí"
100105,Samuel Queiroz Oliveira,178,"Avenida Albino José Barbosa de Oliveira, 2852 - Barão Geraldo"
100106,Beatriz Queiroz Vieira,164,"Avenida Heitor Penteado, 1188 - Taquaral"
100107,Erik Vieira Campos,194,"Rua Maria Monteiro, 1221 - Cambuí"
100108,Clara Bellini Martins,150,"Avenida Albino José Barbosa de Oliveira, 2205 - Barão Geraldo"
100109,Daniel Melo Bellini,174,"Avenida Heitor Penteado, 2731 - Taquaral"
100110,Victor Campos Medeiros,156,"Avenida Albino José Barbosa de Oliveira, 834 - Barão Geraldo"
100111,Vinícius Vieira Gomes,158,"Rua Maria Monteiro, 879 - Cambuí"
100112,Yasmin Melo Melo,173,"Avenida Albino José Barbosa de Oliveira, 3078 - Barão Geraldo"
100113,Samuel Fernandes Silva,150,"Rua Coronel Quirino, 1548 - Cambuí"
100114,Felipe Fernandes Bellini,193,"Rua Maria Monteiro, 1152 - Cambuí"
100115,Giovanna Martins Almeida,157,"Rua Coronel Quirino, 872 - Cambuí"
100116,Yasmin Ribeiro Nascimento,173,"Avenida Heitor Penteado, 514 - Taquaral"
100117,Miguel Fernandes Vieira,160,"Avenida Albino José Barbosa de Oliveira, 1711 - Barão Geraldo"
100118,André Ferreira Campos,200,"Avenida Heitor Penteado, 329 - Taquaral"
100119,Victor Cruz Vieira,166,"Rua Maria Monteiro, 651 - Cambuí"
100120,Sofia Santana Queiroz,157,"Avenida Albino José Barbosa de Oliveira, 995 - Barão Geraldo"
100121,Giovanna Almeida Alves,184,"Avenida Heitor Penteado, 141 - Taquaral"
100122,Clara Bellini Alves,184,"Rua Maria Monteiro, 283 - Cambuí"
100123,Larissa Gomes Ribeiro,182,"Rua Maria Monteiro, 450 - Cambuí"
100124,Sofia Nascimento Campos,154,"Avenida Albino José Barbosa de Oliveira, 306 - Barão Geraldo"
100125,Rafael Queiroz Paschoalino,191,"Rua Coronel Quirino, 967 - Cambuí"
100126,Yasmin Matos Nascimento,188,"Avenida Albino José Barbosa de Oliveira, 1734 - Barão Geraldo"
100127,Yasmin Cruz Almeida,190,"Avenida Heitor Penteado, 2538 - Taquaral"
100128,Giovanna Cruz Cruz,177,"Avenida Albino José Barbosa de Oliveira, 394 - Barão Geraldo"
100129,Thiago Matos Almeida,156,"Avenida Heitor Penteado, 2526 - Taquaral"
100130,Giovanna Nascimento Campos,158,"Rua Coronel Quirino, 406 - Cambuí"
100131,Felipe Fernandes Santana,157,"Avenida Albino José Barbosa de Oliveira, 1140 - Barão Geraldo"
100132,Yasmin Ribeiro Silva,161,"Avenida Heitor Penteado, 1133 - Taquaral"
100133,Samuel Amorim Silva,183,"Avenida Heitor Penteado, 2536 - Taquaral"
100134,Beatriz Vieira Ribeiro,182,"Rua Maria Monteiro, 512 - Cambuí"
100135,Maria Silva Medeiros,197,"Avenida Heitor Penteado, 1885 - Taquaral"
100136,André Fernandes Almeida,204,"Avenida Heitor Penteado, 1486 - Taquaral"
100137,Rafael Silva Oliveira,172,"Avenida Heitor Penteado, 583 - Taquaral"
100138,Thiago Ferreira Matos,173,"Avenida Heitor Penteado, 460 - Taquaral"
100139,Larissa Gomes Matos,186,"Avenida Albino José Barbosa de Oliveira, 1018 - Barão Geraldo"
100140,André Cruz Vieira,184,"Avenida Heitor Penteado, 1564 - Taquaral"
100141,Larissa Almeida Matos,193,"Rua Maria Monteiro, 1172 - Cambuí"
100142,Beatriz Alves Melo,189,"Avenida Albino José Barbosa de Oliveira, 3020 - Barão Geraldo"
100143,Sofia Almeida Gomes,171,"Avenida Albino José Barbosa de Oliveira, 2518 - Barão Geraldo"
100144,Eduardo Medeiros Nascimento,176,"Avenida Albino José Barbosa de Oliveira, 1468 - Barão Geraldo"
100145,João Medeiros Alves,184,"Avenida Albino José Barbosa de Oliveira, 2628 - Barão Geraldo"
100146,Felipe Bellini Cruz,150,"Rua Coronel Quirino, 1503 - Cambuí"
100147,João Matos Gomes,184,"Avenida Heitor Penteado, 1086 - Taquaral"
100148,Vinícius Almeida Bellini,186,"Rua Coronel Quirino, 1344 - Cambuí"
100149,Erik Oliveira Gomes,196,"Rua Maria Monteiro, 453 - Cambuí"
100150,André Oliveira Fernandes,163,"Avenida Albino José Barbosa de Oliveira, 20 - Barão Geraldo"
100151,Maria Bellini Silva,152,"Rua Coronel Quirino, 803 - Cambuí"
100152,Erik Cruz Martins,150,"Rua Maria Monteiro, 565 - Cambuí"
100153,Beatriz Amorim Bellini,154,"Avenida Heitor Penteado, 2260 - Taquaral"
100154,Felipe Ferreira Alves,175,"Avenida Heitor Penteado, 586 - Taquaral"
100155,Guilherme Bellini Bellini,204,"Rua Maria Monteiro, 1182 - Cambuí"
100156,André Santana Martins,163,"Rua Coronel Quirino, 1060 - Cambuí"
100157,Henrique Silva Vieira,188,"Rua Maria Monteiro, 145 - Cambuí"
100158,Giovanna Alves Ribeiro,176,"Avenida Heitor Penteado, 1140 - Taquaral"
100159,Samuel Martins Matos,158,"Avenida Heitor Penteado, 1541 - Taquaral"
100160,Henrique Paschoalino Cruz,164,"Avenida Albino José Barbosa de Oliveira, 1207 - Barão Geraldo"
100161,Giovanna Oliveira Melo,164,"Avenida Albino José Barbosa de Oliveira, 619 - Barão Geraldo"
100162,Giovanna Medeiros Cruz,175,"Avenida Heitor Penteado, 478 - Taquaral"
100163,Vinícius Gomes Alves,191,"Avenida Heitor Penteado, 2164 - Taquaral"
100164,Thiago Fernandes Gomes,162,"Avenida Albino José Barbosa de Oliveira, 2425 - Barão Geraldo"
100165,Vinícius Queiroz Cruz,200,"Avenida Heitor Penteado, 270 - Taquaral"
100166,Livia Melo Santana,181,"Rua Maria Monteiro, 602 - Cambuí"
100167,Giovanna Medeiros Gomes,188,"Rua Coronel Quirino, 684 - Cambuí"
100168,André Queiroz Matos,198,"Rua Coronel Quirino, 1114 - Cambuí"
100169,Yasmin Santana Alves,201,"Avenida Albino José Barbosa de Oliveira, 1750 - Barão Geraldo"
100170,Maria Vieira Fernandes,181,"Rua Maria Monteiro, 116 - Cambuí"
100171,Vinícius Fernandes Cruz,153,"Avenida Albino José Barbosa de Oliveira, 2066 - Barão Geraldo"
100172,Thiago Nascimento Queiroz,179,"Rua Maria Monteiro, 214 - Cambuí"
100173,Guilherme Gomes Fernandes,186,"Avenida Albino José Barbosa de Oliveira, 1006 - Barão Geraldo"
100174,Livia Nascimento Matos,172,"Rua Coronel Quirino, 522 - Cambuí"
100175,Eduardo Santana Gomes,188,"Avenida Albino José Barbosa de Oliveira, 1339 - Barão Geraldo"
100176,Yasmin Martins Oliveira,194,"Rua Maria Monteiro, 522 - Cambuí"
100177,Vinícius Melo Nascimento,164,"Rua Coronel Quirino, 1085 - Cambuí"
100178,Livia Matos Paschoalino,192,"Avenida Albino José Barbosa de Oliveira, 709 - Barão Geraldo"
100179,Guilherme Nascimento Santana,178,"Avenida Albino José Barbosa de Oliveira, 3287 - Barão Geraldo"
100180,Maria Melo Campos,185,"Rua Coronel Quirino, 1735 - Cambuí"
100181,Rafael Fernandes Ferreira,162,"Avenida Albino José Barbosa de Oliveira, 2257 - Barão Geraldo"
100182,Miguel Ferreira Santana,181,"Avenida Heitor Penteado, 195 - Taquaral"
100183,Samuel Amorim Oliveira,156,"Avenida Albino José Barbosa de Oliveira, 2594 - Barão Geraldo"
100184,Yasmin Vieira Nascimento,200,"Avenida Albino José Barbosa de Oliveira, 1743 - Barão Geraldo"
100185,Samuel Ribeiro Campos,171,"Avenida Heitor Penteado, 1364 - Taquaral"
100186,Henrique Vieira Bellini,177,"Avenida Heitor Penteado, 1675 - Taquaral"
100187,Yasmin Nascimento Bellini,151,"Avenida Albino José Barbosa de Oliveira, 594 - Barão Geraldo"
100188,Felipe Almeida Paschoalino,191,"Avenida Heitor Penteado, 1011 - Taquaral"
100189,Beatriz Bellini Amorim,194,"Avenida Albino José Barbosa de Oliveira, 1534 - Barão Geraldo"
100190,Vinícius Vieira Ferreira,202,"Avenida Heitor Penteado, 2904 - Taquaral"
100191,Maria Ribeiro Melo,155,"Avenida Albino José Barbosa de Oliveira, 60 - Barão Geraldo"
100192,Felipe Martins Amorim,177,"Avenida Heitor Penteado, 226 - Taquaral"
100193,Livia Bellini Almeida,177,"Rua Maria Monteiro, 121 - Cambuí"
100194,Rafael Paschoalino Cruz,193,"Rua Coronel Quirino, 1890 - Cambuí"
100195,Maria Bellini Oliveira,193,"Avenida Heitor Penteado, 2858 - Taquaral"
100196,Larissa Queiroz Ferreira,169,"Rua Coronel Quirino, 1974 - Cambuí"
100197,Beatriz Matos Bellini,179,"Rua Maria Monteiro, 600 - Cambuí"
100198,Daniel Ferreira Almeida,160,"Avenida Albino José Barbosa de Oliveira, 402 - Barão Geraldo"
100199,Miguel Queiroz Matos,204,"Avenida Heitor Penteado, 121 - Taquaral"
100200,Vinícius Fernandes Ferreira,177,"Avenida Heitor Penteado, 1977 - Taquaral"
100201,Vinícius Queiroz Gomes,174,"Rua Maria Monteiro, 655 - Cambuí"
100202,Sofia Ferreira Oliveira,188,"Rua Coronel Quirino, 754 - Cambuí"
100203,Thiago Amorim Ferreira,182,"Avenida Albino José Barbosa de Oliveira, 88 - Barão Geraldo"
100204,Giovanna Bellini Ribeiro,150,"Rua Coronel Quirino, 969 - Cambuí"
100205,Giovanna Queiroz Amorim,176,"Rua Maria Monteiro, 1525 - Cambuí"
100206,Rafael Bellini Silva,201,"Avenida Albino José Barbosa de Oliveira, 537 - Barão Geraldo"
100207,Miguel Vieira Nascimento,162,"Rua Maria Monteiro, 579 - Cambuí"
100208,Gabriel Silva Fernandes,190,"Rua Maria Monteiro, 664 - Cambuí"
100209,Henrique Matos Vieira,152,"Rua Maria Monteiro, 387 - Cambuí"
100210,Eduardo Almeida Bellini,188,"Avenida Albino José Barbosa de Oliveira, 203 - Barão Geraldo"
100211,Livia Almeida Santana,155,"Avenida Heitor Penteado, 582 - Taquaral"
100212,Clara Gomes Gomes,157,"Avenida Albino José Barbosa de Oliveira, 401 - Barão Geraldo"
100213,Henrique Matos Ferreira,176,"Avenida Albino José Barbosa de Oliveira, 3492 - Barão Geraldo"
100214,Maria Medeiros Santana,158,"Rua Maria Monteiro, 1562 - Cambuí"
100215,Maria Martins Melo,186,"Rua Coronel Quirino, 1194 - Cambuí"
100216,Larissa Paschoalino Melo,182,"Avenida Heitor Penteado, 925 - Taquaral"
100217,Livia Amorim Paschoalino,200,"Avenida Albino José Barbosa de Oliveira, 798 - Barão Geraldo"
100218,João Nascimento Martins,191,"Rua Maria Monteiro, 754 - Cambuí"
100219,Maria Matos Matos,193,"Rua Coronel Quirino, 339 - Cambuí"
100220,Vinícius Bellini Amorim,173,"Rua Maria Monteiro, 508 - Cambuí"
100221,Gabriel Silva Gomes,164,"Avenida Albino José Barbosa de Oliveira, 1384 - Barão Geraldo"
100222,Pedro Paschoalino Martins,203,"Avenida Heitor Penteado, 1375 - Taquaral"
100223,Henrique Martins Oliveira,181,"Rua Maria Monteiro, 633 - Cambuí"
100224,Miguel Almeida Campos,181,"Rua Coronel Quirino, 711 - Cambuí"
100225,Sofia Paschoalino Martins,173,"Avenida Heitor Penteado, 1763 - Taquaral"
100226,Victor Melo Paschoalino,190,"Rua Maria Monteiro, 550 - Cambuí"
100227,Clara Ribeiro Gomes,201,"Avenida Albino José Barbosa de Oliveira, 1768 - Barão Geraldo"
100228,Eduardo Ferreira Oliveira,198,"Rua Coronel Quirino, 456 - Cambuí"
100229,Beatriz Silva Martins,198,"Avenida Albino José Barbosa de Oliveira, 2998 - Barão Geraldo"
100230,Henrique Santana Ferreira,201,"Avenida Albino José Barbosa de Oliveira, 1023 - Barão Geraldo"
100231,Henrique Fernandes Martins,161,"Avenida Heitor Penteado, 2617 - Taquaral"
100232,Giovanna Gomes Silva,188,"Avenida Albino José Barbosa de Oliveira, 2570 - Barão Geraldo"
100233,Clara Amorim Paschoalino,151,"Rua Coronel Quirino, 1455 - Cambuí"
100234,Thiago Matos Medeiros,152,"Avenida Albino José Barbosa de Oliveira, 736 - Barão Geraldo"
100235,João Bellini Ribeiro,198,"Avenida Albino José Barbosa de Oliveira, 3411 - Barão Geraldo"
100236,Clara Ribeiro Medeiros,186,"Rua Coronel Quirino, 928 - Cambuí"
100237,André Bellini Santana,198,"Rua Coronel Quirino, 1509 - Cambuí"
100238,André Campos Almeida,166,"Rua Coronel Quirino, 927 - Cambuí"
100239,Gabriel Almeida Amorim,198,"Avenida Heitor Penteado, 2314 - Taquaral"
100240,Yasmin Cruz Melo,151,"Rua Coronel Quirino, 1099 - Cambuí"
100241,Felipe Ferreira Silva,151,"Avenida Heitor Penteado, 1524 - Taquaral"
100242,João Oliveira Campos,177,"Rua Maria Monteiro, 1278 - Cambuí"
100243,Vinícius Cruz Oliveira,203,"Avenida Heitor Penteado, 1239 - Taquaral"
100244,Guilherme Cruz Melo,172,"Rua Coronel Quirino, 1068 - Cambuí"
100245,André Nascimento Melo,186,"Avenida Heitor Penteado, 1030 - Taquaral"
100246,Yasmin Martins Martins,181,"Avenida Heitor Penteado, 662 - Taquaral"
100247,Larissa Santana Vieira,182,"Avenida Heitor Penteado, 1119 - Taquaral"
100248,Victor Ribeiro Bellini,150,"Avenida Heitor Penteado, 2957 - Taquaral"
100249,Daniel Nascimento Campos,168,"Avenida Heitor Penteado, 1394 - Taquaral"
100250,Daniel Melo Medeiros,151,"Rua Coronel Quirino, 360 - Cambuí"
100251,João Matos Gomes,202,"Avenida Albino José Barbosa de Oliveira, 3073 - Barão Geraldo"
100252,Yasmin Alves Vieira,193,"Rua Maria Monteiro, 603 - Cambuí"
100253,Samuel Ribeiro Fernandes,175,"Rua Coronel Quirino, 1111 - Cambuí"
100254,André Gomes Amorim,181,"Avenida Albino José Barbosa de Oliveira, 1229 - Barão Geraldo"
100255,Daniel Gomes Alves,155,"Rua Coronel Quirino, 1072 - Cambuí"
100256,Rafael Ferreira Almeida,181,"Rua Maria Monteiro, 1322 - Cambuí"
100257,Maria Oliveira Queiroz,204,"Avenida Heitor Penteado, 814 - Taquaral"
100258,Rafael Silva Campos,153,"Avenida Albino José Barbosa de Oliveira, 1337 - Barão Geraldo"
100259,Sofia Amorim Ferreira,204,"Avenida Heitor Penteado, 2710 - Taquaral"
100260,Maria Melo Silva,160,"Avenida Heitor Penteado, 2256 - Taquaral"
100261,Henrique Bellini Vieira,166,"Avenida Heitor Penteado, 1019 - Taquaral"
100262,Giovanna Ferreira Bellini,187,"Avenida Albino José Barbosa de Oliveira, 1701 - Barão Geraldo"
100263,Miguel Melo Campos,173,"Rua Coronel Quirino, 1596 - Cambuí"
100264,Yasmin Martins Fernandes,154,"Avenida Albino José Barbosa de Oliveira, 1222 - Barão Geraldo"
100265,André Amorim Fernandes,201,"Avenida Albino José Barbosa de Oliveira, 2427 - Barão Geraldo"
100266,Erik Amorim Santana,183,"Avenida Albino José Barbosa de Oliveira, 2532 - Barão Geraldo"
100267,João Silva Fernandes,155,"Avenida Albino José Barbosa de Oliveira, 1710 - Barão Geraldo"
100268,Giovanna Campos Silva,171,"Rua Coronel Quirino, 1862 - Cambuí"
100269,Sofia Paschoalino Queiroz,160,"Rua Maria Monteiro, 217 - Cambuí"
100270,Felipe Vieira Bellini,197,"Avenida Heitor Penteado, 2855 - Taquaral"
100271,Thiago Gomes Amorim,165,"Avenida Heitor Penteado, 129 - Taquaral"
100272,Sofia Bellini Amorim,182,"Rua Maria Monteiro, 1028 - Cambuí"
100273,Rafael Amorim Ferreira,158,"Rua Coronel Quirino, 367 - Cambuí"
100274,André Vieira Nascimento,155,"Avenida Heitor Penteado, 1941 - Taquaral"
100275,Gabriel Martins Bellini,165,"Avenida Albino José Barbosa de Oliveira, 3184 - Barão Geraldo"
100276,Guilherme Melo Alves,178,"Rua Maria Monteiro, 570 - Cambuí"
100277,Pedro Matos Queiroz,152,"Avenida Albino José Barbosa de Oliveira, 3346 - Barão Geraldo"
100278,João Gomes Matos,169,"Avenida Heitor Penteado, 2287 - Taquaral"
100279,Henrique Alves Ferreira,185,"Rua Coronel Quirino, 1598 - Cambuí"
100280,Giovanna Nascimento Silva,168,"Avenida Heitor Penteado, 492 - Taquaral"
100281,Gabriel Cruz Santana,175,"Rua Maria Monteiro, 594 - Cambuí"
100282,Henrique Cruz Matos,152,"Avenida Heitor Penteado, 2435 - Taquaral"
100283,Larissa Oliveira Santana,168,"Avenida Heitor Penteado, 1635 - Taquaral"
100284,Felipe Amorim Silva,169,"Rua Coronel Quirino, 1415 - Cambuí"
100285,Thiago Melo Queiroz,181,"Avenida Heitor Penteado, 2378 - Taquaral"
100286,Vinícius Nascimento Cruz,156,"Avenida Albino José Barbosa de Oliveira, 1601 - Barão Geraldo"
100287,Felipe Nascimento Bellini,201,"Avenida Albino José Barbosa de Oliveira, 1420 - Barão Geraldo"
100288,João Oliveira Nascimento,190,"Avenida Heitor Penteado, 793 - Taquaral"
100289,André Matos Almeida,182,"Avenida Albino José Barbosa de Oliveira, 1894 - Barão Geraldo"
100290,Giovanna Medeiros Medeiros,189,"Rua Coronel Quirino, 123 - Cambuí"
100291,Sofia Nascimento Almeida,188,"Rua Coronel Quirino, 1780 - Cambuí"
100292,Rafael Amorim Cruz,167,"Avenida Albino José Barbosa de Oliveira, 2081 - Barão Geraldo"
100293,André Melo Nascimento,189,"Avenida Albino José Barbosa de Oliveira, 2745 - Barão Geraldo"
100294,Pedro Amorim Ferreira,150,"Rua Maria Monteiro, 1324 - Cambuí"
100295,Henrique Oliveira Medeiros,160,"Avenida Heitor Penteado, 2953 - Taquaral"
100296,Giovanna Amorim Cruz,177,"Avenida Heitor Penteado, 372 - Taquaral"
100297,Clara Martins Amorim,174,"Avenida Albino José Barbosa de Oliveira, 1859 - Barão Geraldo"
100298,Clara Melo Ribeiro,199,"Avenida Albino José Barbosa de Oliveira, 1696 - Barão Geraldo"
100299,Yasmin Medeiros Almeida,172,"Avenida Albino José Barbosa de Oliveira, 904 - Barão Geraldo"
100300,Eduardo Melo Nascimento,180,"Avenida Heitor Penteado, 2467 - Taquaral"
100301,Clara Bellini Cruz,179,"Rua Maria Monteiro, 224 - Cambuí"
100302,Sofia Gomes Campos,191,"Avenida Heitor Penteado, 705 - Taquaral"
100303,Vinícius Campos Bellini,184,"Avenida Heitor Penteado, 475 - Taquaral"
100304,Samuel Martins Ferreira,156,"Avenida Heitor Penteado, 2335 - Taquaral"
100305,Miguel Nascimento Melo,165,"Avenida Albino José Barbosa de Oliveira, 3005 - Barão Geraldo"
100306,Maria Nascimento Melo,175,"Avenida Albino José Barbosa de Oliveira, 3128 - Barão Geraldo"
100307,Vinícius Medeiros Campos,197,"Rua Maria Monteiro, 473 - Cambuí"
100308,Thiago Cruz Santana,201,"Rua Coronel Quirino, 656 - Cambuí"
100309,Rafael Santana Silva,198,"Rua Coronel Quirino, 1979 - Cambuí"
100310,Yasmin Vieira Oliveira,151,"Avenida Albino José Barbosa de Oliveira, 3422 - Barão Geraldo"
100311,Gabriel Oliveira Matos,150,"Avenida Heitor Penteado, 2818 - Taquaral"
100312,Clara Oliveira Paschoalino,197,"Avenida Heitor Penteado, 1162 - Taquaral"
100313,Maria Ferreira Campos,161,"Rua Coronel Quirino, 281 - Cambuí"
100314,Pedro Nascimento Medeiros,154,"Avenida Albino José Barbosa de Oliveira, 301 - Barão Geraldo"
100315,Gabriel Nascimento Nascimento,186,"Avenida Heitor Penteado, 2469 - Taquaral"
100316,Larissa Ferreira Vieira,181,"Rua Maria Monteiro, 161 - Cambuí"
100317,Yasmin Bellini Silva,204,"Avenida Heitor Penteado, 434 - Taquaral"
100318,Rafael Melo Santana,158,"Avenida Heitor Penteado, 1168 - Taquaral"
100319,Maria Cruz Matos,190,"Avenida Albino José Barbosa de Oliveira, 3170 - Barão Geraldo"
100320,Gabriel Ribeiro Almeida,184,"Rua Maria Monteiro, 648 - Cambuí"
100321,Giovanna Almeida Vieira,168,"Avenida Albino José Barbosa de Oliveira, 168 - Barão Geraldo"
100322,Beatriz Oliveira Nascimento,197,"Rua Coronel Quirino, 1847 - Cambuí"
100323,Vinícius Melo Nascimento,165,"Avenida Heitor Penteado, 1665 - Taquaral"
100324,Miguel Cruz Ferreira,152,"Avenida Albino José Barbosa de Oliveira, 3073 - Barão Geraldo"
100325,Larissa Nascimento Martins,169,"Rua Maria Monteiro, 514 - Cambuí"
100326,Giovanna Queiroz Matos,173,"Avenida Heitor Penteado, 509 - Taquaral"
100327,Pedro Ferreira Vieira,203,"Rua Coronel Quirino, 1127 - Cambuí"
100328,Vinícius Medeiros Gomes,182,"Avenida Albino José Barbosa de Oliveira, 1248 - Barão Geraldo"
100329,Thiago Fernandes Campos,173,"Avenida Albino José Barbosa de Oliveira, 648 - Barão Geraldo"
100330,Giovanna Paschoalino Vieira,201,"Rua Maria Monteiro, 663 - Cambuí"
100331,Gabriel Melo Melo,160,"Rua Maria Monteiro, 881 - Cambuí"
100332,André Silva Melo,198,"Rua Coronel Quirino, 1258 - Cambuí"
100333,Beatriz Oliveira Amorim,157,"Avenida Albino José Barbosa de Oliveira, 1999 - Barão Geraldo"
100334,Samuel Ribeiro Ferreira,185,"Avenida Albino José Barbosa de Oliveira, 851 - Barão Geraldo"
100335,Giovanna Oliveira Melo,187,"Avenida Albino José Barbosa de Oliveira, 250 - Barão Geraldo"
100336,Maria Ribeiro Amorim,189,"Rua Coronel Quirino, 1712 - Cambuí"
100337,Clara Amorim Alves,169,"Avenida Heitor Penteado, 2884 - Taquaral"
100338,Maria Fernandes Fernandes,184,"Rua Coronel Quirino, 337 - Cambuí"
100339,Yasmin Cruz Oliveira,197,"Rua Maria Monteiro, 1454 - Cambuí"
100340,Henrique Gomes Amorim,174,"Rua Coronel Quirino, 1996 - Cambuí"
100341,Guilherme Martins Matos,184,"Rua Maria Monteiro, 631 - Cambuí"
100342,Beatriz Ferreira Vieira,174,"Avenida Heitor Penteado, 671 - Taquaral"
100343,Henrique Silva Fernandes,178,"Avenida Albino José Barbosa de Oliveira, 1195 - Barão Geraldo"
100344,Daniel Martins Queiroz,167,"Rua Maria Monteiro, 281 - Cambuí"
100345,André Matos Ferreira,195,"Avenida Albino José Barbosa de Oliveira, 3496 - Barão Geraldo"
100346,Maria Medeiros Santana,167,"Avenida Albino José Barbosa de Oliveira, 1308 - Barão Geraldo"
100347,Samuel Alves Campos,151,"Rua Coronel Quirino, 1527 - Cambuí"
100348,Pedro Ribeiro Ferreira,203,"Rua Maria Monteiro, 903 - Cambuí"
100349,Beatriz Santana Silva,184,"Avenida Heitor Penteado, 2020 - Taquaral"
100350,Sofia Almeida Nascimento,165,"Avenida Heitor Penteado, 1765 - Taquaral"
100351,Miguel Amorim Cruz,190,"Rua Maria Monteiro, 499 - Cambuí"
100352,André Ribeiro Campos,185,"Avenida Albino José Barbosa de Oliveira, 163 - Barão Geraldo"
100353,Gabriel Oliveira Nascimento,182,"Avenida Albino José Barbosa de Oliveira, 1245 - Barão Geraldo"
100354,Sofia Paschoalino Matos,153,"Avenida Albino José Barbosa de Oliveira, 2703 - Barão Geraldo"
100355,Maria Vieira Bellini,182,"Avenida Heitor Penteado, 2375 - Taquaral"
100356,Daniel Ferreira Cruz,163,"Avenida Heitor Penteado, 1031 - Taquaral"
100357,Rafael Almeida Amorim,170,"Avenida Albino José Barbosa de Oliveira, 497 - Barão Geraldo"
100358,Larissa Nascimento Queiroz,197,"Avenida Heitor Penteado, 206 - Taquaral"
100359,Larissa Silva Gomes,169,"Rua Maria Monteiro, 178 - Cambuí"
100360,Pedro Amorim Bellini,157,"Avenida Heitor Penteado, 1367 - Taquaral"
100361,Miguel Matos Almeida,156,"Rua Coronel Quirino, 1322 - Cambuí"
100362,Livia Santana Campos,152,"Avenida Albino José Barbosa de Oliveira, 2721 - Barão Geraldo"
100363,Samuel Almeida Vieira,166,"Rua Coronel Quirino, 236 - Cambuí"
100364,Giovanna Gomes Fernandes,182,"Avenida Heitor Penteado, 1420 - Taquaral"
100365,Samuel Silva Paschoalino,197,"Avenida Heitor Penteado, 1333 - Taquaral"
100366,Guilherme Nascimento Melo,161,"Rua Coronel Quirino, 1614 - Cambuí"
100367,Victor Amorim Almeida,200,"Avenida Heitor Penteado, 18 - Taquaral"
100368,Miguel Matos Amorim,171,"Rua Coronel Quirino, 679 - Cambuí"
100369,João Fernandes Matos,204,"Avenida Heitor Penteado, 2908 - Taquaral"
100370,Sofia Martins Ferreira,171,"Avenida Heitor Penteado, 2142 - Taquaral"
100371,Henrique Santana Bellini,195,"Avenida Albino José Barbosa de Oliveira, 1754 - Barão Geraldo"
100372,Victor Martins Bellini,179,"Avenida Heitor Penteado, 2085 - Taquaral"
100373,Maria Medeiros Fernandes,187,"Avenida Albino José Barbosa de Oliveira, 249 - Barão Geraldo"
100374,Thiago Amorim Martins,187,"Rua Coronel Quirino, 317 - Cambuí"
100375,Livia Ribeiro Almeida,194,"Avenida Albino José Barbosa de Oliveira, 1782 - Barão Geraldo"
100376,Pedro Medeiros Almeida,200,"Avenida Heitor Penteado, 2727 - Taquaral"
100377,Samuel Melo Fernandes,203,"Avenida Heitor Penteado, 1507 - Taquaral"
100378,Daniel Ferreira Cruz,157,"Avenida Heitor Penteado, 606 - Taquaral"
100379,Samuel Ferreira Paschoalino,176,"Rua Coronel Quirino, 1406 - Cambuí"
100380,Thiago Almeida Gomes,176,"Avenida Albino José Barbosa de Oliveira, 1876 - Barão Geraldo"
100381,Rafael Almeida Vieira,183,"Rua Coronel Quirino, 927 - Cambuí"
100382,Pedro Silva Fernandes,170,"Rua Coronel Quirino, 929 - Cambuí"
100383,Vinícius Martins Ribeiro,179,"Avenida Heitor Penteado, 1070 - Taquaral"
100384,Clara Fernandes Matos,182,"Avenida Heitor Penteado, 1961 - Taquaral"
100385,Livia Fernandes Ribeiro,177,"Rua Maria Monteiro, 179 - Cambuí"
100386,Larissa Amorim Matos,196,"Avenida Heitor Penteado, 465 - Taquaral"
100387,Beatriz Campos Vieira,182,"Rua Maria Monteiro, 784 - Cambuí"
100388,Gabriel Ribeiro Nascimento,154,"Avenida Albino José Barbosa de Oliveira, 747 - Barão Geraldo"
100389,Gabriel Vieira Gomes,197,"Avenida Heitor Penteado, 2878 - Taquaral"
100390,Daniel Ribeiro Cruz,168,"Avenida Albino José Barbosa de Oliveira, 3196 - Barão Geraldo"
100391,Miguel Oliveira Nascimento,153,"Rua Maria Monteiro, 17 - Cambuí"
100392,André Medeiros Fernandes,184,"Avenida Albino José Barbosa de Oliveira, 1685 - Barão Geraldo"
100393,Beatriz Nascimento Alves,198,"Avenida Albino José Barbosa de Oliveira, 2763 - Barão Geraldo"
100394,João Gomes Almeida,166,"Avenida Heitor Penteado, 2000 - Taquaral"
100395,Gabriel Queiroz Gomes,193,"Rua Maria Monteiro, 25 - Cambuí"
100396,Victor Oliveira Oliveira,177,"Avenida Heitor Penteado, 700 - Taquaral"
100397,Erik Vieira Campos,179,"Rua Maria Monteiro, 259 - Cambuí"
100398,Livia Campos Bellini,178,"Avenida Heitor Penteado, 583 - Taquaral"
100399,Pedro Melo Almeida,195,"Rua Maria Monteiro, 1140 - Cambuí"
100400,Gabriel Ferreira Ribeiro,202,"Rua Maria Monteiro, 368 - Cambuí"
100401,Giovanna Ferreira Silva,155,"Avenida Albino José Barbosa de Oliveira, 1172 - Barão Geraldo"
100402,Yasmin Paschoalino Ferreira,184,"Rua Coronel Quirino, 1064 - Cambuí"
100403,Guilherme Matos Oliveira,190,"Avenida Heitor Penteado, 2164 - Taquaral"
100404,Clara Ferreira Alves,186,"Rua Coronel Quirino, 1341 - Cambuí"
100405,Victor Nascimento Ribeiro,173,"Avenida Albino José Barbosa de Oliveira, 140 - Barão Geraldo"
100406,Maria Silva Ferreira,178,"Rua Coronel Quirino, 288 - Cambuí"
100407,Guilherme Santana Martins,198,"Rua Coronel Quirino, 1026 - Cambuí"
100408,Pedro Cruz Bellini,195,"Avenida Albino José Barbosa de Oliveira, 944 - Barão Geraldo"
100409,Livia Melo Alves,202,"Avenida Heitor Penteado, 2895 - Taquaral"
100410,Victor Nascimento Nascimento,180,"Rua Maria Monteiro, 720 - Cambuí"
100411,André Martins Silva,184,"Avenida Albino José Barbosa de Oliveira, 3393 - Barão Geraldo"
100412,André Melo Medeiros,182,"Avenida Heitor Penteado, 1315 - Taquaral"
100413,Vinícius Amorim Nascimento,201,"Avenida Heitor Penteado, 684 - Taquaral"
100414,Gabriel Campos Alves,170,"Avenida Albino José Barbosa de Oliveira, 3391 - Barão Geraldo"
100415,Gabriel Ribeiro Santana,181,"Rua Coronel Quirino, 692 - Cambuí"
100416,Vinícius Silva Almeida,172,"Rua Coronel Quirino, 1102 - Cambuí"
100417,Rafael Cruz Ribeiro,182,"Avenida Albino José Barbosa de Oliveira, 2462 - Barão Geraldo"
100418,Rafael Medeiros Nascimento,152,"Avenida Heitor Penteado, 129 - Taquaral"
100419,Miguel Medeiros Melo,167,"Rua Maria Monteiro, 159 - Cambuí"
100420,João Almeida Vieira,174,"Rua Coronel Quirino, 309 - Cambuí"
100421,Guilherme Fernandes Gomes,191,"Avenida Albino José Barbosa de Oliveira, 2927 - Barão Geraldo"
100422,Erik Santana Almeida,180,"Avenida Heitor Penteado, 1244 - Taquaral"
100423,Sofia Alves Queiroz,203,"Rua Coronel Quirino, 1885 - Cambuí"
100424,Samuel Silva Oliveira,152,"Rua Maria Monteiro, 1353 - Cambuí"
100425,Giovanna Amorim Nascimento,189,"Avenida Heitor Penteado, 1933 - Taquaral"
100426,Thiago Fernandes Cruz,195,"Avenida Albino José Barbosa de Oliveira, 3286 - Barão Geraldo"
100427,Miguel Vieira Almeida,173,"Avenida Heitor Penteado, 2585 - Taquaral"
100428,Gabriel Martins Matos,199,"Rua Maria Monteiro, 368 - Cambuí"
100429,João Vieira Martins,181,"Rua Maria Monteiro, 56 - Cambuí"
100430,André Silva Matos,196,"Avenida Heitor Penteado, 1420 - Taquaral"
100431,Daniel Ferreira Alves,171,"Avenida Heitor Penteado, 2769 - Taquaral"
100432,Yasmin Silva Melo,172,"Rua Coronel Quirino, 1243 - Cambuí"
100433,Livia Ribeiro Alves,151,"Avenida Albino José Barbosa de Oliveira, 2744 - Barão Geraldo"
100434,Daniel Bellini Amorim,176,"Rua Maria Monteiro, 464 - Cambuí"
100435,André Campos Matos,191,"Avenida Albino José Barbosa de Oliveira, 1036 - Barão Geraldo"
100436,Henrique Campos Bellini,151,"Rua Coronel Quirino, 1321 - Cambuí"
100437,Rafael Vieira Ribeiro,175,"Avenida Albino José Barbosa de Oliveira, 1316 - Barão Geraldo"
100438,Miguel Nascimento Ribeiro,166,"Avenida Heitor Penteado, 1420 - Taquaral"
100439,Maria Cruz Almeida,189,"Avenida Heitor Penteado, 2436 - Taquaral"
100440,Beatriz Medeiros Nascimento,182,"Avenida Albino José Barbosa de Oliveira, 2868 - Barão Geraldo"
100441,Pedro Cruz Cruz,158,"Rua Coronel Quirino, 482 - Cambuí"
100442,Gabriel Matos Almeida,192,"Avenida Albino José Barbosa de Oliveira, 3426 - Barão Geraldo"
100443,Livia Ferreira Alves,203,"Avenida Heitor Penteado, 2330 - Taquaral"
100444,Daniel Alves Martins,197,"Avenida Albino José Barbosa de Oliveira, 2834 - Barão Geraldo"
100445,Victor Almeida Gomes,188,"Avenida Heitor Penteado, 637 - Taquaral"
100446,Rafael Cruz Amorim,178,"Avenida Albino José Barbosa de Oliveira, 70 - Barão Geraldo"
100447,Vinícius Gomes Silva,191,"Avenida Heitor Penteado, 2991 - Taquaral"
100448,Beatriz Alves Santana,204,"Rua Coronel Quirino, 779 - Cambuí"
100449,Miguel Ferreira Bellini,175,"Avenida Heitor Penteado, 995 - Taquaral"
100450,João Cruz Alves,184,"Rua Coronel Quirino, 1648 - Cambuí"
100451,Sofia Ribeiro Alves,199,"Avenida Heitor Penteado, 1828 - Taquaral"
100452,Beatriz Martins Silva,174,"Rua Maria Monteiro, 827 - Cambuí"
100453,Felipe Cruz Ferreira,173,"Avenida Heitor Penteado, 1829 - Taquaral"
100454,Clara Santana Ribeiro,162,"Avenida Heitor Penteado, 922 - Taquaral"
100455,Rafael Campos Paschoalino,156,"Avenida Heitor Penteado, 1234 - Taquaral"
100456,Beatriz Fernandes Bellini,185,"Avenida Albino José Barbosa de Oliveira, 583 - Barão Geraldo"
100457,Eduardo Melo Santana,194,"Avenida Heitor Penteado, 2611 - Taquaral"
100458,Clara Matos Santana,169,"Rua Coronel Quirino, 498 - Cambuí"
100459,Victor Santana Bellini,150,"Avenida Heitor Penteado, 2532 - Taquaral"
100460,Henrique Almeida Campos,157,"Avenida Albino José Barbosa de Oliveira, 2632 - Barão Geraldo"
100461,André Silva Almeida,195,"Avenida Albino José Barbosa de Oliveira, 1221 - Barão Geraldo"
100462,Eduardo Matos Silva,165,"Avenida Heitor Penteado, 1893 - Taquaral"
100463,Erik Cruz Paschoalino,163,"Avenida Heitor Penteado, 1333 - Taquaral"
100464,Eduardo Paschoalino Alves,161,"Rua Coronel Quirino, 1483 - Cambuí"
100465,Gabriel Melo Fernandes,200,"Rua Maria Monteiro, 1533 - Cambuí"
100466,André Oliveira Silva,172,"Rua Coronel Quirino, 456 - Cambuí"
100467,Beatriz Almeida Gomes,164,"Rua Coronel Quirino, 1149 - Cambuí"
100468,Samuel Cruz Vieira,177,"Rua Maria Monteiro, 570 - Cambuí"
100469,Pedro Ferreira Alves,183,"Rua Coronel Quirino, 1552 - Cambuí"
100470,Samuel Melo Cruz,151,"Rua Coronel Quirino, 326 - Cambuí"
100471,Miguel Queiroz Bellini,181,"Avenida Albino José Barbosa de Oliveira, 1410 - Barão Geraldo"
100472,Vinícius Medeiros Queiroz,172,"Rua Coronel Quirino, 1329 - Cambuí"
100473,Guilherme Ferreira Ribeiro,171,"Rua Coronel Quirino, 1194 - Cambuí"
100474,André Medeiros Amorim,200,"Avenida Heitor Penteado, 1888 - Taquaral"
100475,Livia Gomes Cruz,174,"Avenida Heitor Penteado, 1583 - Taquaral"
100476,Pedro Ferreira Vieira,171,"Rua Coronel Quirino, 1253 - Cambuí"
100477,Clara Fernandes Campos,171,"Avenida Heitor Penteado, 674 - Taquaral"
100478,Eduardo Vieira Almeida,198,"Avenida Heitor Penteado, 1521 - Taquaral"
100479,Giovanna Campos Ribeiro,201,"Avenida Heitor Penteado, 989 - Taquaral"
100480,Victor Matos Fernandes,191,"Rua Maria Monteiro, 1355 - Cambuí"
100481,Livia Campos Queiroz,155,"Rua Coronel Quirino, 1483 - Cambuí"
100482,Guilherme Ferreira Queiroz,164,"Avenida Albino José Barbosa de Oliveira, 1479 - Barão Geraldo"
100483,Vinícius Gomes Cruz,203,"Rua Maria Monteiro, 179 - Cambuí"
100484,Larissa Cruz Ribeiro,192,"Avenida Heitor Penteado, 2161 - Taquaral"
100485,Rafael Matos Santana,186,"Avenida Heitor Penteado, 198 - Taquaral"
100486,Maria Ferreira Bellini,182,"Avenida Heitor Penteado, 582 - Taquaral"
100487,Maria Fernandes Ferreira,157,"Avenida Albino José Barbosa de Oliveira, 1616 - Barão Geraldo"
100488,Livia Gomes Cruz,202,"Rua Maria Monteiro, 916 - Cambuí"
100489,Henrique Gomes Fernandes,193,"Rua Maria Monteiro, 1004 - Cambuí"
100490,Yasmin Silva Alves,193,"Avenida Heitor Penteado, 2468 - Taquaral"
100491,Eduardo Amorim Vieira,154,"Rua Maria Monteiro, 64 - Cambuí"
100492,Clara Vieira Vieira,188,"Avenida Heitor Penteado, 1678 - Taquaral"
100493,Maria Cruz Alves,153,"Avenida Heitor Penteado, 498 - Taquaral"
100494,Eduardo Matos Medeiros,155,"Avenida Heitor Penteado, 2428 - Taquaral"
100495,Victor Matos Matos,194,"Rua Coronel Quirino, 883 - Cambuí"
100496,Henrique Cruz Gomes,181,"Avenida Albino José Barbosa de Oliveira, 1954 - Barão Geraldo"
100497,João Gomes Medeiros,201,"Rua Coronel Quirino, 553 - Cambuí"
100498,Guilherme Campos Nascimento,179,"Rua Coronel Quirino, 1639 - Cambuí"
100499,João Cruz Melo,196,"Rua Maria Monteiro, 258 - Cambuí"
100500,Samuel Santana Almeida,184,"Rua Maria Monteiro, 1034 - Cambuí"
100501,Yasmin Amorim Bellini,204,"Rua Coronel Quirino, 1188 - Cambuí"
100502,Daniel Alves Matos,189,"Avenida Heitor Penteado, 767 - Taquaral"
100503,João Cruz Silva,201,"Rua Maria Monteiro, 866 - Cambuí"
100504,Victor Bellini Gomes,165,"Rua Maria Monteiro, 227 - Cambuí"
100505,Sofia Campos Campos,162,"Avenida Albino José Barbosa de Oliveira, 2643 - Barão Geraldo"
100506,Yasmin Ribeiro Matos,199,"Rua Maria Monteiro, 775 - Cambuí"
100507,André Campos Silva,191,"Avenida Albino José Barbosa de Oliveira, 2014 - Barão Geraldo"
100508,André Oliveira Silva,179,"Avenida Albino José Barbosa de Oliveira, 357 - Barão Geraldo"
100509,Larissa Nascimento Fernandes,168,"Avenida Albino José Barbosa de Oliveira, 18 - Barão Geraldo"
100510,João Paschoalino Oliveira,166,"Rua Maria Monteiro, 386 - Cambuí"
100511,Eduardo Melo Martins,168,"Avenida Albino José Barbosa de Oliveira, 1772 - Barão Geraldo"
100512,Clara Almeida Ribeiro,177,"Rua Coronel Quirino, 399 - Cambuí"
100513,André Vieira Queiroz,204,"Rua Coronel Quirino, 871 - Cambuí"
100514,Felipe Martins Gomes,175,"Avenida Albino José Barbosa de Oliveira, 2877 - Barão Geraldo"
100515,Miguel Fernandes Oliveira,186,"Avenida Heitor Penteado, 2115 - Taquaral"
100516,João Nascimento Fernandes,175,"Avenida Albino José Barbosa de Oliveira, 1459 - Barão Geraldo"
100517,Victor Campos Vieira,202,"Avenida Albino José Barbosa de Oliveira, 20 - Barão Geraldo"
100518,Beatriz Almeida Oliveira,172,"Avenida Albino José Barbosa de Oliveira, 2383 - Barão Geraldo"
100519,Vinícius Medeiros Vieira,158,"Avenida Albino José Barbosa de Oliveira, 939 - Barão Geraldo"
100520,Giovanna Ferreira Gomes,161,"Rua Coronel Quirino, 1725 - Cambuí"
100521,Pedro Campos Ferreira,202,"Avenida Heitor Penteado, 569 - Taquaral"
100522,Maria Silva Santana,150,"Avenida Albino José Barbosa de Oliveira, 349 - Barão Geraldo"
100523,Samuel Cruz Alves,150,"Avenida Heitor Penteado, 1916 - Taquaral"
100524,Maria Cruz Nascimento,196,"Avenida Albino José Barbosa de Oliveira, 1176 - Barão Geraldo"
100525,Yasmin Melo Amorim,183,"Avenida Heitor Penteado, 1196 - Taquaral"
100526,Samuel Nascimento Medeiros,181,"Avenida Heitor Penteado, 1013 - Taquaral"
100527,Gabriel Martins Campos,203,"Avenida Heitor Penteado, 494 - Taquaral"
100528,Beatriz Paschoalino Santana,197,"Avenida Albino José Barbosa de Oliveira, 3110 - Barão Geraldo"
100529,Guilherme Santana Almeida,174,"Avenida Heitor Penteado, 2785 - Taquaral"
100530,Giovanna Nascimento Fernandes,189,"Avenida Albino José Barbosa de Oliveira, 338 - Barão Geraldo"
100531,Daniel Paschoalino Amorim,194,"Avenida Albino José Barbosa de Oliveira, 2053 - Barão Geraldo"
100532,Thiago Gomes Oliveira,202,"Avenida Heitor Penteado, 2924 - Taquaral"
100533,Eduardo Martins Matos,150,"Avenida Heitor Penteado, 249 - Taquaral"
100534,Larissa Bellini Queiroz,165,"Avenida Heitor Penteado, 2708 - Taquaral"
100535,Sofia Alves Vieira,188,"Avenida Heitor Penteado, 284 - Taquaral"
100536,Livia Medeiros Gomes,154,"Rua Maria Monteiro, 1188 - Cambuí"
100537,André Ferreira Vieira,171,"Rua Maria Monteiro, 1444 - Cambuí"
100538,Henrique Melo Gomes,178,"Avenida Albino José Barbosa de Oliveira, 1962 - Barão Geraldo"
100539,Victor Martins Ribeiro,204,"Avenida Albino José Barbosa de Oliveira, 1676 - Barão Geraldo"
100540,Maria Nascimento Cruz,152,"Avenida Albino José Barbosa de Oliveira, 3275 - Barão Geraldo"
100541,Livia Paschoalino Fernandes,161,"Avenida Albino José Barbosa de Oliveira, 648 - Barão Geraldo"
100542,Erik Campos Ferreira,175,"Rua Maria Monteiro, 151 - Cambuí"
100543,Larissa Alves Vieira,165,"Avenida Albino José Barbosa de Oliveira, 1610 - Barão Geraldo"
100544,Maria Cruz Bellini,200,"Avenida Heitor Penteado, 108 - Taquaral"
100545,Maria Melo Martins,186,"Avenida Heitor Penteado, 2601 - Taquaral"
100546,Samuel Vieira Martins,171,"Avenida Heitor Penteado, 1383 - Taquaral"
100547,Guilherme Fernandes Bellini,178,"Rua Maria Monteiro, 319 - Cambuí"
100548,Henrique Oliveira Vieira,163,"Rua Coronel Quirino, 352 - Cambuí"
100549,Samuel Ribeiro Cruz,177,"Avenida Albino José Barbosa de Oliveira, 2409 - Barão Geraldo"
100550,Samuel Queiroz Santana,154,"Rua Maria Monteiro, 292 - Cambuí"
100551,João Alves Ribeiro,196,"Avenida Heitor Penteado, 2660 - Taquaral"
100552,Eduardo Bellini Cruz,198,"Avenida Albino José Barbosa de Oliveira, 1706 - Barão Geraldo"
100553,Eduardo Silva Santana,179,"Rua Coronel Quirino, 271 - Cambuí"
100554,Erik Campos Almeida,195,"Rua Coronel Quirino, 1832 - Cambuí"
100555,Rafael Vieira Oliveira,201,"Rua Coronel Quirino, 494 - Cambuí"
100556,Rafael Amorim Ferreira,154,"Rua Maria Monteiro, 69 - Cambuí"
100557,Victor Melo Ferreira,161,"Avenida Albino José Barbosa de Oliveira, 1867 - Barão Geraldo"
100558,Yasmin Melo Ribeiro,165,"Avenida Heitor Penteado, 2343 - Taquaral"
100559,Rafael Campos Fernandes,175,"Avenida Albino José Barbosa de Oliveira, 1006 - Barão Geraldo"
100560,Rafael Fernandes Almeida,175,"Avenida Albino José Barbosa de Oliveira, 858 - Barão Geraldo"
100561,Miguel Vieira Amorim,197,"Rua Coronel Quirino, 995 - Cambuí"
100562,Miguel Ribeiro Nascimento,170,"Avenida Heitor Penteado, 1566 - Taquaral"
100563,Giovanna Melo Medeiros,188,"Avenida Albino José Barbosa de Oliveira, 529 - Barão Geraldo"
100564,João Queiroz Vieira,185,"Avenida Heitor Penteado, 433 - Taquaral"
100565,Guilherme Ferreira Ferreira,182,"Avenida Heitor Penteado, 2807 - Taquaral"
100566,Beatriz Medeiros Alves,179,"Avenida Heitor Penteado, 1412 - Taquaral"
100567,Guilherme Vieira Ribeiro,186,"Avenida Albino José Barbosa de Oliveira, 1406 - Barão Geraldo"
100568,Clara Campos Campos,172,"Rua Maria Monteiro, 94 - Cambuí"
100569,Samuel Martins Ferreira,159,"Rua Maria Monteiro, 572 - Cambuí"
100570,Victor Matos Medeiros,203,"Avenida Albino José Barbosa de Oliveira, 3346 - Barão Geraldo"
100571,Miguel Melo Ribeiro,154,"Avenida Heitor Penteado, 680 - Taquaral"
100572,Felipe Fernandes Campos,185,"Avenida Albino José Barbosa de Oliveira, 1619 - Barão Geraldo"
100573,Pedro Queiroz Almeida,183,"Avenida Heitor Penteado, 1775 - Taquaral"
100574,Beatriz Ferreira Cruz,201,"Avenida Heitor Penteado, 1520 - Taquaral"
100575,Henrique Vieira Queiroz,180,"Rua Maria Monteiro, 1009 - Cambuí"
100576,Rafael Oliveira Medeiros,159,"Rua Coronel Quirino, 747 - Cambuí"
100577,Gabriel Ferreira Ferreira,168,"Avenida Heitor Penteado, 1029 - Taquaral"
100578,Samuel Queiroz Campos,181,"Avenida Heitor Penteado, 2765 - Taquaral"
100579,Erik Alves Alves,150,"Avenida Heitor Penteado, 1590 - Taquaral"
100580,Guilherme Martins Gomes,154,"Avenida Albino José Barbosa de Oliveira, 1692 - Barão Geraldo"
100581,Henrique Campos Medeiros,194,"Avenida Heitor Penteado, 2104 - Taquaral"
100582,Rafael Ribeiro Fernandes,153,"Avenida Heitor Penteado, 664 - Taquaral"
100583,Clara Fernandes Cruz,165,"Rua Coronel Quirino, 1767 - Cambuí"
100584,Sofia Martins Nascimento,173,"Avenida Albino José Barbosa de Oliveira, 2910 - Barão Geraldo"
100585,Giovanna Campos Almeida,165,"Avenida Heitor Penteado, 98 - Taquaral"
100586,Henrique Vieira Melo,204,"Avenida Heitor Penteado, 2571 - Taquaral"
100587,Yasmin Almeida Alves,151,"Rua Coronel Quirino, 111 - Cambuí"
100588,Guilherme Ribeiro Martins,198,"Avenida Heitor Penteado, 2334 - Taquaral"
100589,Eduardo Campos Vieira,177,"Avenida Heitor Penteado, 1579 - Taquaral"
100590,Guilherme Matos Martins,181,"Avenida Albino José Barbosa de Oliveira, 459 - Barão Geraldo"
100591,Rafael Fernandes Almeida,176,"Rua Maria Monteiro, 873 - Cambuí"
100592,Yasmin Queiroz Vieira,169,"Rua Coronel Quirino, 1893 - Cambuí"
100593,Rafael Gomes Queiroz,173,"Avenida Heitor Penteado, 744 - Taquaral"
100594,João Paschoalino Alves,161,"Avenida Albino José Barbosa de Oliveira, 3039 - Barão Geraldo"
100595,Guilherme Oliveira Santana,199,"Avenida Heitor Penteado, 2524 - Taquaral"
100596,Henrique Amorim Santana,184,"Avenida Heitor Penteado, 1064 - Taquaral"
100597,Gabriel Almeida Almeida,182,"Avenida Albino José Barbosa de Oliveira, 577 - Barão Geraldo"
100598,Clara Nascimento Cruz,182,"Rua Maria Monteiro, 1188 - Cambuí"
100599,Samuel Matos Queiroz,200,"Rua Coronel Quirino, 995 - Cambuí"
100600,Beatriz Fernandes Campos,192,"Avenida Albino José Barbosa de Oliveira, 27 - Barão Geraldo"
100601,Eduardo Campos Martins,186,"Rua Maria Monteiro, 411 - Cambuí"
100602,Eduardo Oliveira Oliveira,161,"Avenida Heitor Penteado, 1900 - Taquaral"
100603,Larissa Campos Oliveira,152,"Avenida Albino José Barbosa de Oliveira, 1185 - Barão Geraldo"
100604,Thiago Ferreira Medeiros,150,"Avenida Heitor Penteado, 2971 - Taquaral"
100605,Maria Alves Bellini,182,"Avenida Albino José Barbosa de Oliveira, 570 - Barão Geraldo"
100606,Miguel Campos Nascimento,189,"Avenida Heitor Penteado, 2138 - Taquaral"
100607,Thiago Ferreira Bellini,159,"Avenida Heitor Penteado, 1889 - Taquaral"
100608,Sofia Bellini Nascimento,192,"Rua Maria Monteiro, 481 - Cambuí"
100609,Pedro Santana Alves,193,"Avenida Albino José Barbosa de Oliveira, 393 - Barão Geraldo"
100610,Yasmin Melo Ferreira,178,"Avenida Heitor Penteado, 2285 - Taquaral"
100611,Miguel Nascimento Martins,162,"Avenida Albino José Barbosa de Oliveira, 3181 - Barão Geraldo"
100612,Samuel Queiroz Gomes,161,"Rua Maria Monteiro, 920 - Cambuí"
100613,Erik Santana Campos,180,"Avenida Albino José Barbosa de Oliveira, 2850 - Barão Geraldo"
100614,Eduardo Silva Medeiros,195,"Rua Coronel Quirino, 748 - Cambuí"
100615,Rafael Amorim Alves,151,"Rua Coronel Quirino, 1099 - Cambuí"
100616,Sofia Cruz Queiroz,200,"Avenida Heitor Penteado, 58 - Taquaral"
100617,Daniel Nascimento Vieira,199,"Avenida Heitor Penteado, 1677 - Taquaral"
100618,Erik Silva Ferreira,184,"Avenida Albino José Barbosa de Oliveira, 2758 - Barão Geraldo"
100619,Samuel Almeida Gomes,172,"Rua Coronel Quirino, 510 - Cambuí"
100620,Clara Bellini Ferreira,166,"Rua Maria Monteiro, 147 - Cambuí"
100621,João Paschoalino Gomes,175,"Rua Maria Monteiro, 65 - Cambuí"
100622,Beatriz Martins Queiroz,157,"Rua Coronel Quirino, 1130 - Cambuí"
100623,João Bellini Martins,178,"Avenida Heitor Penteado, 1598 - Taquaral"
100624,Clara Alves Bellini,175,"Avenida Heitor Penteado, 848 - Taquaral"
100625,André Fernandes Cruz,159,"Rua Coronel Quirino, 1838 - Cambuí"
100626,Larissa Ribeiro Fernandes,175,"Avenida Heitor Penteado, 103 - Taquaral"
100627,Eduardo Almeida Medeiros,183,"Avenida Albino José Barbosa de Oliveira, 2841 - Barão Geraldo"
100628,Guilherme Amorim Almeida,200,"Avenida Albino José Barbosa de Oliveira, 2052 - Barão Geraldo"
100629,Larissa Amorim Ferreira,190,"Avenida Albino José Barbosa de Oliveira, 2866 - Barão Geraldo"
100630,Vinícius Paschoalino Vieira,156,"Rua Coronel Quirino, 117 - Cambuí"
100631,André Silva Santana,153,"Avenida Heitor Penteado, 2494 - Taquaral"
100632,Eduardo Matos Campos,202,"Avenida Heitor Penteado, 2465 - Taquaral"
100633,Samuel Gomes Cruz,199,"Rua Maria Monteiro, 1161 - Cambuí"
100634,Guilherme Bellini Nascimento,194,"Avenida Heitor Penteado, 1156 - Taquaral"
100635,Daniel Medeiros Bellini,160,"Avenida Albino José Barbosa de Oliveira, 475 - Barão Geraldo"
100636,Maria Ribeiro Campos,178,"Rua Maria Monteiro, 545 - Cambuí"
100637,Miguel Vieira Cruz,185,"Avenida Albino José Barbosa de Oliveira, 3137 - Barão Geraldo"
100638,Pedro Campos Matos,174,"Rua Maria Monteiro, 776 - Cambuí"
100639,André Ribeiro Queiroz,170,"Rua Maria Monteiro, 168 - Cambuí"
100640,Victor Bellini Almeida,185,"Rua Coronel Quirino, 697 - Cambuí"
100641,Guilherme Gomes Paschoalino,159,"Avenida Heitor Penteado, 1956 - Taquaral"
100642,Vinícius Alves Bellini,186,"Avenida Heitor Penteado, 2225 - Taquaral"
100643,Victor Gomes Oliveira,158,"Rua Maria Monteiro, 1082 - Cambuí"
100644,Yasmin Vieira Queiroz,173,"Avenida Albino José Barbosa de Oliveira, 1180 - Barão Geraldo"
100645,João Vieira Queiroz,184,"Avenida Heitor Penteado, 260 - Taquaral"
100646,Sofia Queiroz Queiroz,198,"Avenida Heitor Penteado, 1123 - Taquaral"
100647,Sofia Paschoalino Martins,184,"Rua Maria Monteiro, 723 - Cambuí"
100648,Pedro Medeiros Ribeiro,197,"Avenida Heitor Penteado, 2094 - Taquaral"
100649,Livia Alves Silva,185,"Avenida Heitor Penteado, 2824 - Taquaral"
100650,Thiago Paschoalino Alves,167,"Rua Coronel Quirino, 491 - Cambuí"
100651,Clara Alves Bellini,198,"Avenida Albino José Barbosa de Oliveira, 1134 - Barão Geraldo"
100652,Thiago Ribeiro Cruz,188,"Avenida Albino José Barbosa de Oliveira, 1965 - Barão Geraldo"
100653,Victor Fernandes Almeida,181,"Avenida Heitor Penteado, 1319 - Taquaral"
100654,Beatriz Alves Matos,173,"Avenida Heitor Penteado, 817 - Taquaral"
100655,Henrique Ribeiro Oliveira,172,"Rua Maria Monteiro, 221 - Cambuí"
100656,Yasmin Ferreira Amorim,181,"Avenida Heitor Penteado, 1572 - Taquaral"
100657,Rafael Oliveira Almeida,186,"Avenida Heitor Penteado, 460 - Taquaral"
100658,Clara Ferreira Medeiros,161,"Avenida Heitor Penteado, 2258 - Taquaral"
100659,Guilherme Santana Medeiros,198,"Avenida Heitor Penteado, 383 - Taquaral"
100660,Felipe Medeiros Fernandes,204,"Avenida Albino José Barbosa de Oliveira, 643 - Barão Geraldo"
100661,Guilherme Queiroz Martins,162,"Avenida Heitor Penteado, 1668 - Taquaral"
100662,Sofia Amorim Silva,172,"Avenida Albino José Barbosa de Oliveira, 1991 - Barão Geraldo"
100663,Beatriz Ribeiro Santana,174,"Avenida Albino José Barbosa de Oliveira, 1795 - Barão Geraldo"
100664,Guilherme Alves Medeiros,184,"Rua Maria Monteiro, 759 - Cambuí"
100665,Rafael Fernandes Silva,190,"Avenida Albino José Barbosa de Oliveira, 1747 - Barão Geraldo"
100666,Daniel Alves Gomes,179,"Avenida Albino José Barbosa de Oliveira, 472 - Barão Geraldo"
100667,Livia Ferreira Martins,166,"Rua Coronel Quirino, 1792 - Cambuí"
100668,Henrique Oliveira Amorim,198,"Avenida Heitor Penteado, 1469 - Taquaral"
100669,Larissa Amorim Alves,169,"Avenida Albino José Barbosa de Oliveira, 2729 - Barão Geraldo"
100670,Samuel Silva Vieira,197,"Rua Maria Monteiro, 857 - Cambuí"
100671,Thiago Gomes Vieira,174,"Rua Coronel Quirino, 1881 - Cambuí"
100672,Maria Campos Oliveira,171,"Rua Coronel Quirino, 1871 - Cambuí"
100673,Sofia Nascimento Fernandes,162,"Rua Coronel Quirino, 1198 - Cambuí"
100674,Daniel Vieira Fernandes,168,"Rua Coronel Quirino, 488 - Cambuí"
100675,Yasmin Nascimento Nascimento,198,"Avenida Heitor Penteado, 2646 - Taquaral"
100676,Miguel Campos Gomes,185,"Avenida Albino José Barbosa de Oliveira, 2418 - Barão Geraldo"
100677,Erik Ferreira Alves,161,"Avenida Heitor Penteado, 1350 - Taquaral"
100678,Miguel Medeiros Alves,190,"Avenida Heitor Penteado, 2244 - Taquaral"
100679,Vinícius Gomes Silva,168,"Avenida Heitor Penteado, 1503 - Taquaral"
100680,Rafael Medeiros Vieira,161,"Rua Maria Monteiro, 1194 - Cambuí"
100681,Yasmin Ribeiro Martins,158,"Avenida Albino José Barbosa de Oliveira, 1166 - Barão Geraldo"
100682,João Queiroz Oliveira,156,"Rua Coronel Quirino, 919 - Cambuí"
100683,André Almeida Campos,177,"Avenida Albino José Barbosa de Oliveira, 396 - Barão Geraldo"
100684,Yasmin Ferreira Medeiros,163,"Avenida Heitor Penteado, 1382 - Taquaral"
100685,Eduardo Vieira Bellini,180,"Avenida Albino José Barbosa de Oliveira, 282 - Barão Geraldo"
100686,Rafael Alves Alves,201,"Avenida Albino José Barbosa de Oliveira, 2219 - Barão Geraldo"
100687,Livia Melo Medeiros,168,"Avenida Heitor Penteado, 1762 - Taquaral"
100688,Vinícius Almeida Ferreira,196,"Avenida Albino José Barbosa de Oliveira, 2487 - Barão Geraldo"
100689,João Alves Ferreira,165,"Rua Maria Monteiro, 1600 - Cambuí"
100690,Clara Melo Almeida,202,"Rua Maria Monteiro, 320 - Cambuí"
100691,Samuel Alves Martins,154,"Avenida Albino José Barbosa de Oliveira, 847 - Barão Geraldo"
100692,Henrique Ribeiro Silva,184,"Rua Coronel Quirino, 466 - Cambuí"
100693,Gabriel Cruz Paschoalino,161,"Avenida Heitor Penteado, 1771 - Taquaral"
100694,Thiago Oliveira Amorim,174,"Avenida Albino José Barbosa de Oliveira, 1054 - Barão Geraldo"
100695,Samuel Martins Matos,201,"Avenida Heitor Penteado, 2623 - Taquaral"
100696,Daniel Silva Silva,170,"Avenida Heitor Penteado, 684 - Taquaral"
100697,Larissa Ferreira Santana,185,"Avenida Heitor Penteado, 2131 - Taquaral"
100698,Vinícius Nascimento Amorim,202,"Avenida Heitor Penteado, 1756 - Taquaral"
100699,Felipe Cruz Almeida,172,"Rua Maria Monteiro, 19 - Cambuí"
100700,Clara Ferreira Oliveira,165,"Avenida Albino José Barbosa de Oliveira, 3361 - Barão Geraldo"
100701,Larissa Ferreira Vieira,188,"Rua Maria Monteiro, 1106 - Cambuí"
100702,Yasmin Fernandes Alves,194,"Avenida Albino José Barbosa de Oliveira, 522 - Barão Geraldo"
100703,Larissa Vieira Matos,202,"Avenida Albino José Barbosa de Oliveira, 2626 - Barão Geraldo"
100704,Sofia Nascimento Nascimento,191,"Avenida Heitor Penteado, 2285 - Taquaral"
100705,Erik Ribeiro Oliveira,188,"Avenida Albino José Barbosa de Oliveira, 1991 - Barão Geraldo"
100706,João Queiroz Bellini,163,"Avenida Heitor Penteado, 1877 - Taquaral"
100707,Daniel Santana Almeida,180,"Avenida Albino José Barbosa de Oliveira, 505 - Barão Geraldo"
100708,Gabriel Amorim Paschoalino,154,"Avenida Albino José Barbosa de Oliveira, 584 - Barão Geraldo"
100709,João Matos Melo,184,"Avenida Heitor Penteado, 2849 - Taquaral"
100710,João Ferreira Matos,172,"Avenida Albino José Barbosa de Oliveira, 2682 - Barão Geraldo"
100711,Eduardo Campos Vieira,178,"Avenida Albino José Barbosa de Oliveira, 822 - Barão Geraldo"
100712,Clara Nascimento Martins,192,"Rua Maria Monteiro, 27 - Cambuí"
100713,Larissa Amorim Queiroz,160,"Avenida Heitor Penteado, 609 - Taquaral"
100714,Maria Gomes Melo,167,"Rua Maria Monteiro, 299 - Cambuí"
100715,Clara Almeida Fernandes,196,"Avenida Albino José Barbosa de Oliveira, 586 - Barão Geraldo"
100716,Rafael Vieira Ferreira,161,"Rua Coronel Quirino, 1482 - Cambuí"
100717,Miguel Queiroz Alves,158,"Avenida Heitor Penteado, 897 - Taquaral"
100718,Eduardo Matos Ribeiro,159,"Avenida Albino José Barbosa de Oliveira, 1438 - Barão Geraldo"
100719,Victor Oliveira Almeida,193,"Avenida Albino José Barbosa de Oliveira, 3486 - Barão Geraldo"
100720,Maria Queiroz Medeiros,166,"Avenida Albino José Barbosa de Oliveira, 1933 - Barão Geraldo"
100721,Daniel Queiroz Almeida,187,"Rua Coronel Quirino, 346 - Cambuí"
100722,Guilherme Oliveira Oliveira,156,"Avenida Albino José Barbosa de Oliveira, 453 - Barão Geraldo"
100723,Henrique Bellini Alves,195,"Avenida Heitor Penteado, 2917 - Taquaral"
100724,Samuel Nascimento Vieira,162,"Avenida Albino José Barbosa de Oliveira, 1443 - Barão Geraldo"
100725,Giovanna Santana Ribeiro,189,"Avenida Heitor Penteado, 1874 - Taquaral"
100726,Sofia Silva Almeida,191,"Avenida Heitor Penteado, 176 - Taquaral"
100727,Rafael Nascimento Campos,158,"Avenida Albino José Barbosa de Oliveira, 2156 - Barão Geraldo"
100728,Sofia Vieira Queiroz,199,"Rua Maria Monteiro, 598 - Cambuí"
100729,Rafael Oliveira Melo,176,"Avenida Heitor Penteado, 81 - Taquaral"
100730,Victor Almeida Oliveira,151,"Avenida Albino José Barbosa de Oliveira, 633 - Barão Geraldo"
100731,Yasmin Campos Campos,154,"Rua Coronel Quirino, 383 - Cambuí"
100732,Henrique Melo Medeiros,178,"Avenida Albino José Barbosa de Oliveira, 2804 - Barão Geraldo"
100733,André Vieira Medeiros,186,"Avenida Albino José Barbosa de Oliveira, 813 - Barão Geraldo"
100734,Rafael Melo Silva,187,"Avenida Heitor Penteado, 2854 - Taquaral"
100735,Rafael Santana Melo,168,"Rua Maria Monteiro, 190 - Cambuí"
100736,Maria Campos Ribeiro,157,"Avenida Albino José Barbosa de Oliveira, 3123 - Barão Geraldo"
100737,André Amorim Ribeiro,197,"Avenida Heitor Penteado, 2564 - Taquaral"
100738,Sofia Nascimento Ribeiro,194,"Avenida Albino José Barbosa de Oliveira, 1888 - Barão Geraldo"
100739,Guilherme Amorim Bellini,150,"Rua Coronel Quirino, 1519 - Cambuí"
100740,Yasmin Martins Nascimento,171,"Avenida Heitor Penteado, 2761 - Taquaral"
100741,Miguel Vieira Medeiros,201,"Rua Coronel Quirino, 202 - Cambuí"
100742,Erik Ferreira Gomes,166,"Rua Coronel Quirino, 1109 - Cambuí"
100743,Pedro Ferreira Santana,156,"Avenida Albino José Barbosa de Oliveira, 348 - Barão Geraldo"
100744,Henrique Campos Almeida,174,"Avenida Heitor Penteado, 2885 - Taquaral"
100745,Henrique Fernandes Alves,194,"Rua Maria Monteiro, 151 - Cambuí"
100746,Livia Almeida Alves,153,"Avenida Heitor Penteado, 1726 - Taquaral"
100747,Samuel Matos Cruz,185,"Rua Maria Monteiro, 1042 - Cambuí"
100748,Henrique Bellini Ferreira,155,"Rua Maria Monteiro, 831 - Cambuí"
100749,Daniel Silva Ferreira,180,"Avenida Heitor Penteado, 2751 - Taquaral"
100750,Gabriel Almeida Cruz,168,"Avenida Heitor Penteado, 1387 - Taquaral"
100751,Beatriz Nascimento Martins,193,"Avenida Albino José Barbosa de Oliveira, 2288 - Barão Geraldo"
100752,Vinícius Gomes Bellini,203,"Rua Maria Monteiro, 662 - Cambuí"
100753,Erik Fernandes Melo,188,"Avenida Heitor Penteado, 1477 - Taquaral"
100754,Thiago Fernandes Santana,176,"Avenida Heitor Penteado, 2468 - Taquaral"
100755,Erik Amorim Queiroz,159,"Rua Maria Monteiro, 590 - Cambuí"
100756,Miguel Amorim Nascimento,175,"Avenida Albino José Barbosa de Oliveira, 1943 - Barão Geraldo"
100757,Pedro Paschoalino Vieira,168,"Avenida Albino José Barbosa de Oliveira, 3361 - Barão Geraldo"
100758,Livia Queiroz Ferreira,188,"Avenida Heitor Penteado, 1003 - Taquaral"
100759,Gabriel Santana Melo,152,"Avenida Albino José Barbosa de Oliveira, 2605 - Barão Geraldo"
100760,João Medeiros Medeiros,194,"Avenida Heitor Penteado, 2790 - Taquaral"
100761,Guilherme Amorim Campos,162,"Rua Maria Monteiro, 56 - Cambuí"
100762,Rafael Amorim Nascimento,199,"Rua Maria Monteiro, 1023 - Cambuí"
100763,Sofia Paschoalino Cruz,177,"Avenida Albino José Barbosa de Oliveira, 3357 - Barão Geraldo"
100764,Maria Almeida Silva,169,"Avenida Albino José Barbosa de Oliveira, 1743 - Barão Geraldo"
100765,Thiago Alves Martins,177,"Avenida Heitor Penteado, 2133 - Taquaral"
100766,João Medeiros Martins,157,"Rua Coronel Quirino, 904 - Cambuí"
100767,Beatriz Melo Matos,190,"Avenida Albino José Barbosa de Oliveira, 1090 - Barão Geraldo"
100768,Felipe Alves Matos,188,"Avenida Albino José Barbosa de Oliveira, 2961 - Barão Geraldo"
100769,Guilherme Vieira Martins,150,"Avenida Heitor Penteado, 1198 - Taquaral"
100770,Samuel Ferreira Matos,152,"Rua Maria Monteiro, 80 - Cambuí"
100771,Giovanna Campos Campos,162,"Avenida Albino José Barbosa de Oliveira, 95 - Barão Geraldo"
100772,Daniel Almeida Cruz,177,"Avenida Albino José Barbosa de Oliveira, 2730 - Barão Geraldo"
100773,Livia Alves Fernandes,198,"Rua Maria Monteiro, 632 - Cambuí"
100774,Sofia Alves Almeida,174,"Avenida Albino José Barbosa de Oliveira, 3245 - Barão Geraldo"
100775,Felipe Campos Queiroz,182,"Rua Coronel Quirino, 276 - Cambuí"
100776,Livia Queiroz Medeiros,187,"Avenida Albino José Barbosa de Oliveira, 2301 - Barão Geraldo"
100777,Beatriz Medeiros Almeida,202,"Avenida Heitor Penteado, 863 - Taquaral"
100778,Larissa Fernandes Amorim,155,"Rua Coronel Quirino, 1896 - Cambuí"
100779,Samuel Ferreira Almeida,193,"Rua Coronel Quirino, 1434 - Cambuí"
100780,Vinícius Queiroz Almeida,194,"Rua Maria Monteiro, 1330 - Cambuí"
100781,Henrique Campos Fernandes,181,"Avenida Albino José Barbosa de Oliveira, 970 - Barão Geraldo"
100782,Erik Martins Campos,194,"Avenida Heitor Penteado, 2694 - Taquaral"
100783,Thiago Nascimento Melo,196,"Rua Coronel Quirino, 1325 - Cambuí"
100784,Henrique Queiroz Queiroz,170,"Avenida Albino José Barbosa de Oliveira, 3335 - Barão Geraldo"
100785,Sofia Amorim Melo,165,"Rua Maria Monteiro, 129 - Cambuí"
100786,Guilherme Amorim Paschoalino,203,"Rua Maria Monteiro, 1216 - Cambuí"
100787,João Fernandes Cruz,170,"Rua Maria Monteiro, 145 - Cambuí"
100788,Maria Melo Nascimento,160,"Avenida Albino José Barbosa de Oliveira, 2144 - Barão Geraldo"
100789,Thiago Ribeiro Paschoalino,186,"Rua Maria Monteiro, 644 - Cambuí"
100790,Vinícius Amorim Silva,185,"Avenida Albino José Barbosa de Oliveira, 720 - Barão Geraldo"
100791,Rafael Melo Melo,184,"Avenida Albino José Barbosa de Oliveira, 1385 - Barão Geraldo"
100792,Gabriel Medeiros Melo,168,"Avenida Albino José Barbosa de Oliveira, 274 - Barão Geraldo"
100793,Pedro Oliveira Queiroz,169,"Avenida Heitor Penteado, 2569 - Taquaral"
100794,Rafael Campos Martins,167,"Avenida Albino José Barbosa de Oliveira, 2556 - Barão Geraldo"
100795,Eduardo Bellini Medeiros,196,"Avenida Albino José Barbosa de Oliveira, 212 - Barão Geraldo"
100796,Victor Cruz Santana,190,"Avenida Heitor Penteado, 2604 - Taquaral"
100797,André Ferreira Fernandes,198,"Avenida Heitor Penteado, 1749 - Taquaral"
100798,Maria Almeida Gomes,163,"Rua Maria Monteiro, 1587 - Cambuí"
100799,Larissa Santana Gomes,164,"Avenida Heitor Penteado, 707 - Taquaral"
100800,Samuel Campos Amorim,180,"Avenida Albino José Barbosa de Oliveira, 2106 - Barão Geraldo"
100801,Thiago Medeiros Almeida,150,"Rua Maria Monteiro, 290 - Cambuí"
100802,Samuel Santana Matos,202,"Avenida Albino José Barbosa de Oliveira, 2139 - Barão Geraldo"
100803,Henrique Amorim Queiroz,203,"Rua Coronel Quirino, 1847 - Cambuí"
100804,Livia Fernandes Oliveira,203,"Avenida Albino José Barbosa de Oliveira, 3204 - Barão Geraldo"
100805,Miguel Matos Fernandes,152,"Avenida Heitor Penteado, 1885 - Taquaral"
100806,Sofia Alves Ribeiro,165,"Rua Coronel Quirino, 1966 - Cambuí"
100807,Larissa Silva Campos,172,"Avenida Albino José Barbosa de Oliveira, 311 - Barão Geraldo"
100808,Pedro Santana Bellini,160,"Rua Maria Monteiro, 724 - Cambuí"
100809,Giovanna Matos Nascimento,161,"Avenida Albino José Barbosa de Oliveira, 2772 - Barão Geraldo"
100810,Gabriel Nascimento Nascimento,159,"Avenida Albino José Barbosa de Oliveira, 44 - Barão Geraldo"
100811,Larissa Santana Amorim,181,"Avenida Albino José Barbosa de Oliveira, 2046 - Barão Geraldo"
100812,Henrique Amorim Alves,165,"Rua Coronel Quirino, 1367 - Cambuí"
100813,Sofia Silva Nascimento,157,"Avenida Albino José Barbosa de Oliveira, 581 - Barão Geraldo"
100814,Daniel Melo Matos,187,"Rua Maria Monteiro, 1539 - Cambuí"
100815,Livia Martins Alves,161,"Avenida Heitor Penteado, 2743 - Taquaral"
100816,Eduardo Nascimento Medeiros,173,"Avenida Heitor Penteado, 1953 - Taquaral"
100817,Guilherme Vieira Alves,177,"Avenida Heitor Penteado, 2662 - Taquaral"
100818,Miguel Ribeiro Silva,202,"Rua Maria Monteiro, 840 - Cambuí"
100819,Thiago Amorim Santana,157,"Avenida Heitor Penteado, 1971 - Taquaral"
100820,Felipe Matos Silva,177,"Avenida Albino José Barbosa de Oliveira, 2095 - Barão Geraldo"
100821,Sofia Silva Almeida,185,"Avenida Heitor Penteado, 1640 - Taquaral"
100822,Daniel Campos Melo,175,"Rua Maria Monteiro, 847 - Cambuí"
100823,Gabriel Bellini Medeiros,157,"Rua Coronel Quirino, 1215 - Cambuí"
100824,Yasmin Queiroz Bellini,199,"Avenida Albino José Barbosa de Oliveira, 110 - Barão Geraldo"
100825,Rafael Bellini Medeiros,177,"Rua Coronel Quirino, 1900 - Cambuí"
100826,Daniel Gomes Fernandes,177,"Avenida Albino José Barbosa de Oliveira, 1893 - Barão Geraldo"
100827,Larissa Amorim Cruz,186,"Avenida Heitor Penteado, 2435 - Taquaral"
100828,Yasmin Almeida Paschoalino,190,"Rua Maria Monteiro, 880 - Cambuí"
100829,Sofia Oliveira Gomes,185,"Avenida Heitor Penteado, 1828 - Taquaral"
100830,Rafael Amorim Amorim,176,"Avenida Albino José Barbosa de Oliveira, 2344 - Barão Geraldo"
100831,Rafael Santana Nascimento,203,"Avenida Albino José Barbosa de Oliveira, 1843 - Barão Geraldo"
100832,Henrique Nascimento Ribeiro,166,"Avenida Albino José Barbosa de Oliveira, 360 - Barão Geraldo"
100833,Beatriz Vieira Ribeiro,158,"Avenida Heitor Penteado, 702 - Taquaral"
100834,Victor Bellini Matos,182,"Rua Maria Monteiro, 959 - Cambuí"
100835,Thiago Medeiros Oliveira,202,"Avenida Heitor Penteado, 1312 - Taquaral"
100836,Maria Oliveira Medeiros,169,"Avenida Albino José Barbosa de Oliveira, 565 - Barão Geraldo"
100837,Livia Amorim Oliveira,162,"Avenida Heitor Penteado, 2559 - Taquaral"
100838,Thiago Nascimento Medeiros,177,"Avenida Heitor Penteado, 1914 - Taquaral"
100839,André Nascimento Melo,197,"Rua Coronel Quirino, 760 - Cambuí"
100840,Vinícius Cruz Fernandes,178,"Avenida Albino José Barbosa de Oliveira, 1567 - Barão Geraldo"
100841,Guilherme Ferreira Ribeiro,162,"Avenida Heitor Penteado, 2258 - Taquaral"
100842,Sofia Queiroz Amorim,195,"Rua Coronel Quirino, 1619 - Cambuí"
100843,Eduardo Queiroz Ferreira,184,"Avenida Albino José Barbosa de Oliveira, 1308 - Barão Geraldo"
100844,Giovanna Santana Cruz,155,"Rua Maria Monteiro, 1465 - Cambuí"
100845,Henrique Oliveira Ferreira,167,"Avenida Heitor Penteado, 1815 - Taquaral"
100846,Rafael Silva Oliveira,200,"Rua Coronel Quirino, 775 - Cambuí"
100847,André Fernandes Nascimento,154,"Avenida Heitor Penteado, 2351 - Taquaral"
100848,Victor Santana Oliveira,196,"Rua Maria Monteiro, 1218 - Cambuí"
100849,Vinícius Ribeiro Martins,174,"Avenida Heitor Penteado, 1447 - Taquaral"
100850,Eduardo Fernandes Melo,192,"Rua Coronel Quirino, 264 - Cambuí"
100851,Clara Martins Cruz,159,"Avenida Albino José Barbosa de Oliveira, 3456 - Barão Geraldo"
100852,Erik Almeida Amorim,179,"Avenida Heitor Penteado, 171 - Taquaral"
100853,Henrique Bellini Paschoalino,199,"Rua Coronel Quirino, 1684 - Cambuí"
100854,Giovanna Martins Bellini,194,"Rua Maria Monteiro, 1481 - Cambuí"
100855,Miguel Silva Fernandes,154,"Avenida Albino José Barbosa de Oliveira, 1082 - Barão Geraldo"
100856,Guilherme Melo Melo,204,"Avenida Heitor Penteado, 2151 - Taquaral"
100857,André Silva Ribeiro,182,"Avenida Heitor Penteado, 1441 - Taquaral"
100858,João Bellini Medeiros,203,"Avenida Albino José Barbosa de Oliveira, 213 - Barão Geraldo"
100859,Yasmin Cruz Ferreira,150,"Avenida Albino José Barbosa de Oliveira, 2641 - Barão Geraldo"
100860,Guilherme Oliveira Martins,167,"Rua Maria Monteiro, 1217 - Cambuí"
100861,Yasmin Queiroz Nascimento,181,"Rua Maria Monteiro, 262 - Cambuí"
100862,Larissa Cruz Ribeiro,196,"Rua Maria Monteiro, 706 - Cambuí"
100863,Guilherme Alves Campos,198,"Avenida Albino José Barbosa de Oliveira, 271 - Barão Geraldo"
100864,Gabriel Bellini Almeida,160,"Avenida Albino José Barbosa de Oliveira, 3432 - Barão Geraldo"
100865,Pedro Almeida Ferreira,170,"Avenida Albino José Barbosa de Oliveira, 2030 - Barão Geraldo"
100866,Thiago Campos Alves,175,"Avenida Heitor Penteado, 2351 - Taquaral"
100867,Maria Matos Amorim,174,"Rua Coronel Quirino, 1454 - Cambuí"
100868,Sofia Santana Bellini,171,"Avenida Albino José Barbosa de Oliveira, 621 - Barão Geraldo"
100869,Yasmin Campos Vieira,176,"Rua Maria Monteiro, 475 - Cambuí"
100870,Samuel Ferreira Queiroz,198,"Rua Coronel Quirino, 1338 - Cambuí"
100871,Larissa Alves Vieira,162,"Rua Maria Monteiro, 1308 - Cambuí"
100872,Victor Cruz Medeiros,182,"Avenida Albino José Barbosa de Oliveira, 1584 - Barão Geraldo"
100873,Sofia Queiroz Santana,183,"Rua Maria Monteiro, 37 - Cambuí"
100874,Victor Matos Almeida,190,"Avenida Heitor Penteado, 91 - Taquaral"
100875,Erik Fernandes Queiroz,184,"Rua Coronel Quirino, 1708 - Cambuí"
100876,Miguel Cruz Santana,150,"Rua Coronel Quirino, 1433 - Cambuí"
100877,Larissa Melo Amorim,170,"Avenida Albino José Barbosa de Oliveira, 578 - Barão Geraldo"
100878,Clara Queiroz Ferreira,197,"Avenida Heitor Penteado, 1498 - Taquaral"
100879,Beatriz Ferreira Almeida,204,"Rua Coronel Quirino, 1723 - Cambuí"
100880,Samuel Gomes Ferreira,155,"Avenida Albino José Barbosa de Oliveira, 111 - Barão Geraldo"
100881,Victor Medeiros Matos,177,"Avenida Albino José Barbosa de Oliveira, 2036 - Barão Geraldo"
100882,Miguel Nascimento Paschoalino,166,"Avenida Albino José Barbosa de Oliveira, 3314 - Barão Geraldo"
100883,Livia Silva Paschoalino,154,"Avenida Albino José Barbosa de Oliveira, 1259 - Barão Geraldo"
100884,Thiago Santana Melo,180,"Avenida Heitor Penteado, 1681 - Taquaral"
100885,Clara Medeiros Gomes,154,"Avenida Albino José Barbosa de Oliveira, 1057 - Barão Geraldo"
100886,João Vieira Matos,187,"Rua Coronel Quirino, 1211 - Cambuí"
100887,Beatriz Vieira Amorim,152,"Avenida Heitor Penteado, 1492 - Taquaral"
100888,Beatriz Nascimento Gomes,202,"Avenida Albino José Barbosa de Oliveira, 1046 - Barão Geraldo"
100889,Erik Almeida Ribeiro,172,"Avenida Heitor Penteado, 1051 - Taquaral"
100890,Thiago Ribeiro Gomes,186,"Avenida Heitor Penteado, 1159 - Taquaral"
100891,João Martins Ferreira,202,"Avenida Heitor Penteado, 2258 - Taquaral"
100892,Livia Martins Vieira,186,"Avenida Albino José Barbosa de Oliveira, 1459 - Barão Geraldo"
100893,Yasmin Matos Almeida,159,"Avenida Albino José Barbosa de Oliveira, 2738 - Barão Geraldo"
100894,Rafael Alves Cruz,159,"Avenida Albino José Barbosa de Oliveira, 2085 - Barão Geraldo"
100895,Erik Matos Martins,168,"Rua Coronel Quirino, 1250 - Cambuí"
100896,Samuel Almeida Bellini,166,"Avenida Albino José Barbosa de Oliveira, 2718 - Barão Geraldo"
100897,André Paschoalino Nascimento,170,"Avenida Heitor Penteado, 2590 - Taquaral"
100898,Miguel Matos Gomes,163,"Rua Coronel Quirino, 1804 - Cambuí"
100899,Sofia Martins Bellini,158,"Avenida Heitor Penteado, 1788 - Taquaral"
100900,Gabriel Ferreira Alves,195,"Avenida Heitor Penteado, 2130 - Taquaral"
100901,Eduardo Silva Santana,150,"Avenida Heitor Penteado, 641 - Taquaral"
100902,Thiago Cruz Medeiros,200,"Rua Coronel Quirino, 1068 - Cambuí"
100903,Yasmin Gomes Campos,194,"Avenida Heitor Penteado, 28 - Taquaral"
100904,André Bellini Santana,162,"Avenida Albino José Barbosa de Oliveira, 1008 - Barão Geraldo"
100905,Clara Cruz Campos,153,"Rua Coronel Quirino, 1679 - Cambuí"
100906,Beatriz Ferreira Campos,150,"Avenida Albino José Barbosa de Oliveira, 2700 - Barão Geraldo"
100907,Yasmin Medeiros Bellini,198,"Avenida Albino José Barbosa de Oliveira, 1241 - Barão Geraldo"
100908,Thiago Medeiros Martins,189,"Rua Coronel Quirino, 1322 - Cambuí"
100909,Miguel Bellini Matos,181,"Avenida Albino José Barbosa de Oliveira, 2203 - Barão Geraldo"
100910,Felipe Medeiros Almeida,183,"Rua Coronel Quirino, 148 - Cambuí"
100911,Samuel Nascimento Bellini,177,"Avenida Albino José Barbosa de Oliveira, 1317 - Barão Geraldo"
100912,Thiago Melo Fernandes,180,"Rua Coronel Quirino, 1576 - Cambuí"
100913,Victor Campos Fernandes,157,"Rua Maria Monteiro, 1099 - Cambuí"
100914,Gabriel Nascimento Almeida,188,"Avenida Heitor Penteado, 1908 - Taquaral"
100915,Yasmin Queiroz Bellini,175,"Rua Maria Monteiro, 114 - Cambuí"
100916,Maria Nascimento Silva,183,"Avenida Heitor Penteado, 1158 - Taquaral"
100917,Beatriz Matos Melo,203,"Rua Maria Monteiro, 1171 - Cambuí"
100918,Thiago Oliveira Ribeiro,203,"Rua Coronel Quirino, 1015 - Cambuí"
100919,Yasmin Gomes Matos,152,"Rua Coronel Quirino, 1957 - Cambuí"
100920,Pedro Medeiros Alves,199,"Rua Coronel Quirino, 652 - Cambuí"
100921,Rafael Martins Queiroz,161,"Avenida Albino José Barbosa de Oliveira, 2741 - Barão Geraldo"
100922,Henrique Gomes Gomes,150,"Avenida Albino José Barbosa de Oliveira, 999 - Barão Geraldo"
100923,Eduardo Nascimento Martins,203,"Avenida Albino José Barbosa de Oliveira, 269 - Barão Geraldo"
100924,Erik Matos Amorim,193,"Avenida Heitor Penteado, 1382 - Taquaral"
100925,Gabriel Bellini Nascimento,154,"Avenida Albino José Barbosa de Oliveira, 460 - Barão Geraldo"
100926,Larissa Almeida Ferreira,179,"Avenida Heitor Penteado, 2781 - Taquaral"
100927,Beatriz Matos Gomes,179,"Rua Maria Monteiro, 624 - Cambuí"
100928,Maria Matos Queiroz,166,"Avenida Heitor Penteado, 2704 - Taquaral"
100929,Eduardo Martins Bellini,197,"Rua Maria Monteiro, 648 - Cambuí"
100930,Giovanna Santana Fernandes,196,"Rua Coronel Quirino, 564 - Cambuí"
100931,Rafael Vieira Ferreira,172,"Rua Maria Monteiro, 960 - Cambuí"
100932,João Vieira Matos,164,"Avenida Albino José Barbosa de Oliveira, 3171 - Barão Geraldo"
100933,Thiago Santana Medeiros,186,"Avenida Albino José Barbosa de Oliveira, 3386 - Barão Geraldo"
100934,Giovanna Martins Campos,170,"Rua Coronel Quirino, 1370 - Cambuí"
100935,Vinícius Medeiros Vieira,163,"Avenida Heitor Penteado, 332 - Taquaral"
100936,Felipe Melo Matos,151,"Avenida Albino José Barbosa de Oliveira, 467 - Barão Geraldo"
100937,Felipe Amorim Santana,160,"Rua Maria Monteiro, 1355 - Cambuí"
100938,Henrique Nascimento Paschoalino,200,"Avenida Heitor Penteado, 1135 - Taquaral"
100939,Felipe Santana Cruz,188,"Rua Coronel Quirino, 833 - Cambuí"
100940,Thiago Amorim Bellini,187,"Rua Coronel Quirino, 1773 - Cambuí"
100941,Larissa Campos Santana,183,"Avenida Heitor Penteado, 2268 - Taquaral"
100942,Livia Bellini Matos,187,"Avenida Heitor Penteado, 760 - Taquaral"
100943,Henrique Nascimento Martins,199,"Avenida Albino José Barbosa de Oliveira, 464 - Barão Geraldo"
100944,Miguel Matos Ribeiro,183,"Avenida Albino José Barbosa de Oliveira, 2154 - Barão Geraldo"
100945,João Nascimento Silva,167,"Avenida Heitor Penteado, 925 - Taquaral"
100946,João Queiroz Amorim,179,"Avenida Albino José Barbosa de Oliveira, 2279 - Barão Geraldo"
100947,Miguel Cruz Amorim,164,"Avenida Albino José Barbosa de Oliveira, 1437 - Barão Geraldo"
100948,Henrique Santana Alves,176,"Avenida Heitor Penteado, 338 - Taquaral"
100949,Henrique Gomes Medeiros,200,"Avenida Heitor Penteado, 177 - Taquaral"
100950,Victor Bellini Almeida,183,"Avenida Albino José Barbosa de Oliveira, 2404 - Barão Geraldo"
100951,André Silva Matos,201,"Rua Coronel Quirino, 292 - Cambuí"
100952,Victor Melo Gomes,187,"Rua Coronel Quirino, 1463 - Cambuí"
100953,Guilherme Almeida Santana,182,"Avenida Heitor Penteado, 1474 - Taquaral"
100954,Henrique Bellini Martins,173,"Avenida Heitor Penteado, 2830 - Taquaral"
100955,Victor Bellini Amorim,164,"Avenida Heitor Penteado, 1721 - Taquaral"
100956,Sofia Ribeiro Fernandes,179,"Rua Coronel Quirino, 481 - Cambuí"
100957,Giovanna Amorim Ribeiro,204,"Avenida Albino José Barbosa de Oliveira, 1712 - Barão Geraldo"
100958,Thiago Amorim Ferreira,191,"Avenida Heitor Penteado, 1023 - Taquaral"
100959,Erik Alves Oliveira,200,"Avenida Heitor Penteado, 1588 - Taquaral"
100960,Eduardo Matos Amorim,166,"Rua Maria Monteiro, 187 - Cambuí"
100961,Erik Matos Ribeiro,154,"Avenida Albino José Barbosa de Oliveira, 3411 - Barão Geraldo"
100962,Beatriz Queiroz Medeiros,178,"Avenida Heitor Penteado, 1743 - Taquaral"
100963,Clara Medeiros Paschoalino,153,"Avenida Albino José Barbosa de Oliveira, 3127 - Barão Geraldo"
100964,Maria Almeida Ribeiro,159,"Avenida Heitor Penteado, 425 - Taquaral"
100965,Gabriel Vieira Almeida,166,"Rua Coronel Quirino, 158 - Cambuí"
100966,André Santana Queiroz,159,"Avenida Albino José Barbosa de Oliveira, 2163 - Barão Geraldo"
100967,Miguel Alves Medeiros,166,"Rua Coronel Quirino, 903 - Cambuí"
100968,Vinícius Ribeiro Campos,169,"Rua Maria Monteiro, 1216 - Cambuí"
100969,Pedro Amorim Paschoalino,173,"Avenida Albino José Barbosa de Oliveira, 1746 - Barão Geraldo"
100970,André Matos Matos,154,"Avenida Albino José Barbosa de Oliveira, 353 - Barão Geraldo"
100971,Maria Paschoalino Paschoalino,183,"Avenida Albino José Barbosa de Oliveira, 995 - Barão Geraldo"
100972,Samuel Silva Matos,155,"Rua Maria Monteiro, 1276 - Cambuí"
100973,Guilherme Paschoalino Queiroz,202,"Avenida Albino José Barbosa de Oliveira, 312 - Barão Geraldo"
100974,Larissa Gomes Oliveira,151,"Avenida Heitor Penteado, 252 - Taquaral"
100975,Daniel Cruz Queiroz,162,"Avenida Heitor Penteado, 143 - Taquaral"
100976,Eduardo Bellini Santana,192,"Avenida Albino José Barbosa de Oliveira, 2963 - Barão Geraldo"
100977,Vinícius Queiroz Silva,192,"Avenida Albino José Barbosa de Oliveira, 3372 - Barão Geraldo"
100978,João Silva Martins,197,"Rua Coronel Quirino, 1002 - Cambuí"
100979,Clara Alves Martins,160,"Rua Maria Monteiro, 364 - Cambuí"
100980,Miguel Melo Bellini,200,"Rua Coronel Quirino, 1700 - Cambuí"
100981,Larissa Bellini Nascimento,196,"Rua Maria Monteiro, 641 - Cambuí"
100982,Yasmin Vieira Ribeiro,172,"Avenida Albino José Barbosa de Oliveira, 3492 - Barão Geraldo"
100983,Rafael Medeiros Vieira,204,"Rua Coronel Quirino, 1431 - Cambuí"
100984,Livia Martins Martins,165,"Rua Maria Monteiro, 307 - Cambuí"
100985,Sofia Amorim Medeiros,180,"Avenida Heitor Penteado, 1651 - Taquaral"
100986,Rafael Paschoalino Oliveira,160,"Avenida Heitor Penteado, 199 - Taquaral"
100987,Clara Amorim Gomes,203,"Avenida Albino José Barbosa de Oliveira, 2274 - Barão Geraldo"
100988,Rafael Fernandes Melo,165,"Rua Maria Monteiro, 229 - Cambuí"
100989,Daniel Queiroz Medeiros,157,"Rua Coronel Quirino, 371 - Cambuí"
100990,Gabriel Santana Melo,153,"Avenida Heitor Penteado, 1529 - Taquaral"
100991,Pedro Silva Medeiros,189,"Avenida Heitor Penteado, 1921 - Taquaral"
100992,Clara Silva Matos,153,"Rua Maria Monteiro, 235 - Cambuí"
100993,Victor Medeiros Oliveira,174,"Avenida Albino José Barbosa de Oliveira, 1209 - Barão Geraldo"
100994,Henrique Paschoalino Santana,152,"Avenida Albino José Barbosa de Oliveira, 3075 - Barão Geraldo"
100995,Victor Almeida Martins,181,"Avenida Heitor Penteado, 804 - Taquaral"
100996,Clara Nascimento Oliveira,152,"Rua Maria Monteiro, 1334 - Cambuí"
100997,Victor Bellini Melo,176,"Avenida Heitor Penteado, 1795 - Taquaral"
100998,Livia Matos Fernandes,178,"Avenida Albino José Barbosa de Oliveira, 931 - Barão Geraldo"
100999,Livia Almeida Vieira,181,"Rua Maria Monteiro, 1414 - Cambuí"
101000,Samuel Alves Medeiros,199,"Avenida Albino José Barbosa de Oliveira, 2731 - Barão Geraldo"
101001,Daniel Gomes Bellini,200,"Avenida Albino José Barbosa de Oliveira, 1991 - Barão Geraldo"
101002,Clara Fernandes Campos,168,"Rua Maria Monteiro, 666 - Cambuí"
101003,Vinícius Campos Martins,170,"Rua Coronel Quirino, 401 - Cambuí"
101004,Henrique Paschoalino Ribeiro,154,"Avenida Albino José Barbosa de Oliveira, 2767 - Barão Geraldo"
101005,Giovanna Ferreira Amorim,167,"Avenida Heitor Penteado, 1606 - Taquaral"
101006,Gabriel Alves Matos,177,"Avenida Heitor Penteado, 1861 - Taquaral"
101007,Livia Gomes Oliveira,191,"Rua Maria Monteiro, 1052 - Cambuí"
101008,Yasmin Melo Martins,171,"Rua Coronel Quirino, 389 - Cambuí"
101009,Clara Campos Nascimento,170,"Avenida Albino José Barbosa de Oliveira, 3055 - Barão Geraldo"
101010,Gabriel Vieira Vieira,155,"Rua Coronel Quirino, 568 - Cambuí"
101011,Giovanna Almeida Martins,150,"Avenida Albino José Barbosa de Oliveira, 651 - Barão Geraldo"
101012,Larissa Ribeiro Almeida,154,"Rua Maria Monteiro, 823 - Cambuí"
101013,Thiago Martins Fernandes,190,"Avenida Albino José Barbosa de Oliveira, 3232 - Barão Geraldo"
101014,João Cruz Vieira,161,"Avenida Heitor Penteado, 902 - Taquaral"
101015,André Nascimento Ferreira,175,"Avenida Albino José Barbosa de Oliveira, 1792 - Barão Geraldo"
101016,João Silva Cruz,195,"Avenida Heitor Penteado, 120 - Taquaral"
101017,Eduardo Vieira Oliveira,183,"Avenida Heitor Penteado, 2323 - Taquaral"
101018,Maria Ferreira Matos,198,"Avenida Albino José Barbosa de Oliveira, 2006 - Barão Geraldo"
101019,Sofia Queiroz Gomes,163,"Rua Coronel Quirino, 1417 - Cambuí"
101020,Daniel Paschoalino Vieira,175,"Avenida Heitor Penteado, 2446 - Taquaral"
101021,João Matos Vieira,194,"Avenida Albino José Barbosa de Oliveira, 1538 - Barão Geraldo"
101022,Vinícius Campos Fernandes,176,"Rua Maria Monteiro, 530 - Cambuí"
101023,Livia Paschoalino Nascimento,158,"Avenida Heitor Penteado, 219 - Taquaral"
101024,Maria Martins Vieira,175,"Rua Maria Monteiro, 22 - Cambuí"
101025,Thiago Matos Bellini,196,"Rua Coronel Quirino, 1620 - Cambuí"
101026,Victor Queiroz Oliveira,171,"Avenida Albino José Barbosa de Oliveira, 2305 - Barão Geraldo"
101027,Yasmin Martins Oliveira,196,"Avenida Heitor Penteado, 882 - Taquaral"
101028,Eduardo Silva Nascimento,179,"Avenida Albino José Barbosa de Oliveira, 2623 - Barão Geraldo"
101029,Giovanna Amorim Almeida,192,"Avenida Heitor Penteado, 706 - Taquaral"
101030,Clara Oliveira Gomes,197,"Avenida Albino José Barbosa de Oliveira, 2070 - Barão Geraldo"
101031,Giovanna Gomes Nascimento,166,"Avenida Heitor Penteado, 1634 - Taquaral"
101032,Pedro Vieira Alves,175,"Rua Maria Monteiro, 1338 - Cambuí"
101033,Giovanna Bellini Ribeiro,185,"Rua Coronel Quirino, 117 - Cambuí"
101034,Pedro Campos Campos,150,"Avenida Albino José Barbosa de Oliveira, 1128 - Barão Geraldo"
101035,Felipe Ferreira Cruz,157,"Avenida Heitor Penteado, 2792 - Taquaral"
101036,Eduardo Nascimento Paschoalino,198,"Avenida Heitor Penteado, 2571 - Taquaral"
101037,Livia Fernandes Campos,184,"Rua Maria Monteiro, 501 - Cambuí"
101038,Livia Fernandes Ferreira,201,"Avenida Heitor Penteado, 192 - Taquaral"
101039,Henrique Gomes Ribeiro,164,"Rua Maria Monteiro, 1135 - Cambuí"
101040,Vinícius Almeida Nascimento,196,"Avenida Albino José Barbosa de Oliveira, 1838 - Barão Geraldo"
101041,Henrique Campos Santana,171,"Rua Maria Monteiro, 109 - Cambuí"
101042,Pedro Fernandes Oliveira,163,"Avenida Heitor Penteado, 1008 - Taquaral"
101043,Livia Fernandes Nascimento,175,"Rua Coronel Quirino, 868 - Cambuí"
101044,Thiago Ribeiro Amorim,177,"Rua Maria Monteiro, 1127 - Cambuí"
101045,Victor Bellini Fernandes,172,"Avenida Heitor Penteado, 619 - Taquaral"
101046,Livia Silva Martins,163,"Rua Maria Monteiro, 491 - Cambuí"
101047,João Cruz Melo,173,"Avenida Albino José Barbosa de Oliveira, 1491 - Barão Geraldo"
101048,Felipe Melo Matos,151,"Rua Maria Monteiro, 74 - Cambuí"
101049,Erik Matos Paschoalino,194,"Avenida Albino José Barbosa de Oliveira, 2816 - Barão Geraldo"
101050,Thiago Ferreira Santana,175,"Avenida Albino José Barbosa de Oliveira, 3091 - Barão Geraldo"
101051,Miguel Nascimento Vieira,163,"Avenida Albino José Barbosa de Oliveira, 2152 - Barão Geraldo"
101052,Maria Amorim Almeida,200,"Rua Coronel Quirino, 555 - Cambuí"
101053,Rafael Nascimento Bellini,156,"Avenida Heitor Penteado, 983 - Taquaral"
101054,Giovanna Almeida Gomes,152,"Avenida Albino José Barbosa de Oliveira, 2666 - Barão Geraldo"
101055,Livia Vieira Ferreira,196,"Avenida Albino José Barbosa de Oliveira, 1015 - Barão Geraldo"
101056,Vinícius Amorim Melo,172,"Avenida Albino José Barbosa de Oliveira, 2468 - Barão Geraldo"
101057,Livia Matos Queiroz,195,"Rua Coronel Quirino, 1634 - Cambuí"
101058,Larissa Gomes Matos,192,"Avenida Albino José Barbosa de Oliveira, 2664 - Barão Geraldo"
101059,Beatriz Alves Matos,196,"Avenida Heitor Penteado, 1984 - Taquaral"
101060,Vinícius Ribeiro Vieira,194,"Rua Maria Monteiro, 97 - Cambuí"
101061,Daniel Bellini Alves,167,"Rua Coronel Quirino, 365 - Cambuí"
101062,Erik Ribeiro Campos,187,"Rua Coronel Quirino, 1531 - Cambuí"
101063,Beatriz Melo Ribeiro,184,"Avenida Albino José Barbosa de Oliveira, 3207 - Barão Geraldo"
101064,Yasmin Ribeiro Martins,200,"Rua Coronel Quirino, 1970 - Cambuí"
101065,Henrique Gomes Cruz,164,"Rua Coronel Quirino, 333 - Cambuí"
101066,André Cruz Silva,174,"Avenida Heitor Penteado, 1111 - Taquaral"
101067,Gabriel Queiroz Queiroz,204,"Avenida Albino José Barbosa de Oliveira, 3263 - Barão Geraldo"
101068,Sofia Melo Melo,186,"Rua Coronel Quirino, 313 - Cambuí"
101069,Gabriel Ferreira Alves,177,"Rua Maria Monteiro, 949 - Cambuí"
101070,Livia Ferreira Melo,159,"Rua Coronel Quirino, 265 - Cambuí"
101071,Larissa Queiroz Almeida,188,"Rua Maria Monteiro, 1284 - Cambuí"
101072,João Paschoalino Amorim,166,"Avenida Heitor Penteado, 1491 - Taquaral"
101073,Daniel Nascimento Gomes,188,"Avenida Heitor Penteado, 1731 - Taquaral"
101074,Clara Cruz Almeida,171,"Avenida Albino José Barbosa de Oliveira, 590 - Barão Geraldo"
101075,João Nascimento Fernandes,175,"Avenida Albino José Barbosa de Oliveira, 1419 - Barão Geraldo"
101076,Miguel Santana Queiroz,193,"Avenida Heitor Penteado, 480 - Taquaral"
101077,Pedro Alves Amorim,174,"Avenida Albino José Barbosa de Oliveira, 1867 - Barão Geraldo"
101078,Daniel Ferreira Ferreira,166,"Avenida Heitor Penteado, 330 - Taquaral"
101079,Henrique Vieira Nascimento,162,"Rua Coronel Quirino, 1013 - Cambuí"
101080,Beatriz Cruz Paschoalino,169,"Avenida Albino José Barbosa de Oliveira, 2828 - Barão Geraldo"
101081,Henrique Ribeiro Cruz,174,"Avenida Albino José Barbosa de Oliveira, 3082 - Barão Geraldo"
101082,Yasmin Oliveira Bellini,153,"Rua Coronel Quirino, 592 - Cambuí"
101083,Samuel Oliveira Matos,159,"Avenida Albino José Barbosa de Oliveira, 1651 - Barão Geraldo"
101084,Erik Fernandes Matos,152,"Rua Maria Monteiro, 1529 - Cambuí"
101085,Maria Ferreira Bellini,190,"Avenida Heitor Penteado, 1814 - Taquaral"
101086,Livia Ribeiro Oliveira,194,"Avenida Albino José Barbosa de Oliveira, 113 - Barão Geraldo"
101087,Erik Ribeiro Gomes,167,"Avenida Heitor Penteado, 2035 - Taquaral"
101088,Livia Paschoalino Campos,196,"Rua Coronel Quirino, 301 - Cambuí"
101089,Felipe Ferreira Melo,185,"Rua Coronel Quirino, 1630 - Cambuí"
101090,Maria Martins Paschoalino,196,"Avenida Heitor Penteado, 689 - Taquaral"
101091,Larissa Santana Santana,171,"Avenida Albino José Barbosa de Oliveira, 900 - Barão Geraldo"
101092,Giovanna Vieira Melo,183,"Avenida Albino José Barbosa de Oliveira, 2742 - Barão Geraldo"
101093,Daniel Matos Oliveira,196,"Avenida Heitor Penteado, 1246 - Taquaral"
101094,João Fernandes Santana,157,"Avenida Heitor Penteado, 1571 - Taquaral"
101095,Miguel Cruz Silva,189,"Rua Coronel Quirino, 968 - Cambuí"
101096,Yasmin Amorim Queiroz,198,"Rua Maria Monteiro, 11 - Cambuí"
101097,Rafael Fernandes Campos,193,"Avenida Heitor Penteado, 303 - Taquaral"
101098,Livia Campos Martins,168,"Avenida Heitor Penteado, 406 - Taquaral"
101099,Victor Cruz Alves,191,"Avenida Albino José Barbosa de Oliveira, 723 - Barão Geraldo"
101100,João Ferreira Campos,190,"Avenida Albino José Barbosa de Oliveira, 1544 - Barão Geraldo"
101101,Erik Nascimento Campos,186,"Rua Coronel Quirino, 1147 - Cambuí"
101102,Victor Vieira Almeida,155,"Rua Maria Monteiro, 1240 - Cambuí"
101103,Henrique Cruz Bellini,201,"Avenida Heitor Penteado, 858 - Taquaral"
101104,Guilherme Cruz Oliveira,175,"Avenida Heitor Penteado, 1972 - Taquaral"
101105,João Almeida Queiroz,183,"Rua Coronel Quirino, 895 - Cambuí"
101106,Livia Gomes Campos,194,"Avenida Heitor Penteado, 2216 - Taquaral"
101107,Eduardo Melo Martins,155,"Avenida Albino José Barbosa de Oliveira, 2439 - Barão Geraldo"
101108,Maria Oliveira Amorim,186,"Avenida Albino José Barbosa de Oliveira, 99 - Barão Geraldo"
101109,Rafael Matos Ribeiro,182,"Rua Coronel Quirino, 1228 - Cambuí"
101110,Erik Matos Oliveira,202,"Avenida Albino José Barbosa de Oliveira, 22 - Barão Geraldo"
101111,Pedro Nascimento Almeida,171,"Rua Coronel Quirino, 1208 - Cambuí"
101112,Erik Fernandes Ferreira,170,"Rua Coronel Quirino, 1498 - Cambuí"
101113,Vinícius Medeiros Alves,155,"Avenida Albino José Barbosa de Oliveira, 1654 - Barão Geraldo"
101114,André Amorim Almeida,155,"Avenida Albino José Barbosa de Oliveira, 2836 - Barão Geraldo"
101115,Felipe Martins Matos,204,"Rua Coronel Quirino, 1280 - Cambuí"
101116,Samuel Ribeiro Amorim,197,"Rua Maria Monteiro, 1457 - Cambuí"
101117,Maria Amorim Gomes,153,"Avenida Albino José Barbosa de Oliveira, 2718 - Barão Geraldo"
101118,Larissa Ferreira Amorim,179,"Avenida Albino José Barbosa de Oliveira, 1986 - Barão Geraldo"
101119,Erik Vieira Melo,160,"Rua Coronel Quirino, 775 - Cambuí"
101120,André Bellini Nascimento,179,"Avenida Albino José Barbosa de Oliveira, 1157 - Barão Geraldo"
101121,Beatriz Silva Bellini,180,"Rua Maria Monteiro, 551 - Cambuí"
101122,Sofia Nascimento Oliveira,173,"Rua Coronel Quirino, 1621 - Cambuí"
101123,Miguel Melo Amorim,204,"Avenida Albino José Barbosa de Oliveira, 2381 - Barão Geraldo"
101124,Sofia Queiroz Cruz,158,"Rua Maria Monteiro, 1122 - Cambuí"
101125,Victor Cruz Silva,204,"Avenida Heitor Penteado, 535 - Taquaral"
101126,Sofia Alves Matos,152,"Avenida Albino José Barbosa de Oliveira, 1160 - Barão Geraldo"
101127,Beatriz Ferreira Matos,200,"Avenida Heitor Penteado, 2134 - Taquaral"
101128,Felipe Gomes Cruz,180,"Rua Maria Monteiro, 189 - Cambuí"
101129,Thiago Ribeiro Bellini,189,"Avenida Albino José Barbosa de Oliveira, 1838 - Barão Geraldo"
101130,Guilherme Medeiros Ferreira,186,"Avenida Albino José Barbosa de Oliveira, 2680 - Barão Geraldo"
101131,Giovanna Alves Vieira,185,"Rua Coronel Quirino, 785 - Cambuí"
101132,Miguel Cruz Bellini,173,"Avenida Albino José Barbosa de Oliveira, 2163 - Barão Geraldo"
101133,Felipe Melo Alves,180,"Avenida Albino José Barbosa de Oliveira, 3420 - Barão Geraldo"
101134,Larissa Campos Ribeiro,155,"Avenida Albino José Barbosa de Oliveira, 1176 - Barão Geraldo"
101135,Maria Oliveira Campos,151,"Avenida Albino José Barbosa de Oliveira, 2567 - Barão Geraldo"
101136,Eduardo Santana Santana,169,"Avenida Albino José Barbosa de Oliveira, 1303 - Barão Geraldo"
101137,Beatriz Melo Alves,177,"Rua Maria Monteiro, 228 - Cambuí"
101138,Sofia Silva Campos,160,"Avenida Heitor Penteado, 462 - Taquaral"
101139,Sofia Oliveira Fernandes,153,"Avenida Heitor Penteado, 1385 - Taquaral"
101140,Larissa Nascimento Nascimento,164,"Avenida Heitor Penteado, 2126 - Taquaral"
101141,Victor Silva Queiroz,155,"Avenida Albino José Barbosa de Oliveira, 2274 - Barão Geraldo"
101142,Yasmin Cruz Almeida,203,"Avenida Albino José Barbosa de Oliveira, 48 - Barão Geraldo"
101143,Maria Medeiros Silva,198,"Avenida Heitor Penteado, 2027 - Taquaral"
101144,Rafael Almeida Almeida,179,"Rua Coronel Quirino, 932 - Cambuí"
101145,Gabriel Almeida Fernandes,187,"Rua Maria Monteiro, 845 - Cambuí"
101146,Gabriel Martins Amorim,200,"Rua Maria Monteiro, 354 - Cambuí"
101147,Eduardo Melo Ribeiro,151,"Avenida Albino José Barbosa de Oliveira, 1511 - Barão Geraldo"
101148,Giovanna Ribeiro Gomes,164,"Avenida Heitor Penteado, 739 - Taquaral"
101149,Livia Ferreira Vieira,160,"Avenida Albino José Barbosa de Oliveira, 433 - Barão Geraldo"
101150,Rafael Vieira Martins,157,"Avenida Heitor Penteado, 2503 - Taquaral"
101151,Samuel Silva Alves,175,"Avenida Heitor Penteado, 2008 - Taquaral"
101152,Miguel Amorim Fernandes,200,"Avenida Albino José Barbosa de Oliveira, 373 - Barão Geraldo"
101153,Victor Paschoalino Vieira,194,"Avenida Albino José Barbosa de Oliveira, 2162 - Barão Geraldo"
101154,Thiago Ferreira Ribeiro,193,"Avenida Albino José Barbosa de Oliveira, 1615 - Barão Geraldo"
101155,Yasmin Alves Vieira,154,"Avenida Albino José Barbosa de Oliveira, 2867 - Barão Geraldo"
101156,Sofia Martins Santana,155,"Rua Maria Monteiro, 1573 - Cambuí"
101157,Maria Santana Amorim,175,"Rua Maria Monteiro, 1033 - Cambuí"
101158,Giovanna Fernandes Nascimento,203,"Rua Coronel Quirino, 1111 - Cambuí"
101159,Henrique Matos Melo,153,"Avenida Heitor Penteado, 2808 - Taquaral"
101160,Eduardo Melo Amorim,168,"Avenida Albino José Barbosa de Oliveira, 480 - Barão Geraldo"
101161,Henrique Medeiros Medeiros,169,"Avenida Heitor Penteado, 2840 - Taquaral"
101162,Daniel Ribeiro Ferreira,182,"Rua Coronel Quirino, 1986 - Cambuí"
101163,André Cruz Oliveira,169,"Rua Maria Monteiro, 167 - Cambuí"
101164,Miguel Ferreira Paschoalino,198,"Avenida Heitor Penteado, 1106 - Taquaral"
101165,Maria Santana Almeida,161,"Avenida Albino José Barbosa de Oliveira, 3099 - Barão Geraldo"
101166,Rafael Nascimento Oliveira,196,"Rua Coronel Quirino, 1511 - Cambuí"
101167,Giovanna Vieira Ribeiro,150,"Avenida Albino José Barbosa de Oliveira, 1003 - Barão Geraldo"
101168,João Silva Vieira,175,"Avenida Heitor Penteado, 2473 - Taquaral"
101169,João Ribeiro Oliveira,163,"Avenida Heitor Penteado, 1531 - Taquaral"
101170,Beatriz Martins Ribeiro,187,"Avenida Albino José Barbosa de Oliveira, 2072 - Barão Geraldo"
101171,Guilherme Bellini Gomes,186,"Rua Coronel Quirino, 1523 - Cambuí"
101172,Rafael Vieira Cruz,160,"Avenida Heitor Penteado, 2795 - Taquaral"
101173,André Santana Amorim,185,"Avenida Albino José Barbosa de Oliveira, 637 - Barão Geraldo"
101174,Clara Almeida Melo,162,"Avenida Heitor Penteado, 902 - Taquaral"
101175,Gabriel Queiroz Ferreira,192,"Avenida Albino José Barbosa de Oliveira, 605 - Barão Geraldo"
101176,André Paschoalino Fernandes,152,"Avenida Heitor Penteado, 443 - Taquaral"
101177,Daniel Gomes Almeida,182,"Avenida Heitor Penteado, 295 - Taquaral"
101178,Pedro Vieira Bellini,155,"Avenida Albino José Barbosa de Oliveira, 1331 - Barão Geraldo"
101179,Livia Vieira Cruz,199,"Avenida Albino José Barbosa de Oliveira, 2587 - Barão Geraldo"
101180,Daniel Fernandes Alves,159,"Avenida Albino José Barbosa de Oliveira, 3418 - Barão Geraldo"
101181,Guilherme Almeida Martins,154,"Avenida Heitor Penteado, 745 - Taquaral"
101182,Eduardo Ribeiro Almeida,172,"Rua Maria Monteiro, 1457 - Cambuí"
101183,Clara Queiroz Melo,159,"Rua Coronel Quirino, 1761 - Cambuí"
101184,André Campos Ribeiro,193,"Rua Maria Monteiro, 1435 - Cambuí"
101185,Erik Ferreira Alves,151,"Avenida Albino José Barbosa de Oliveira, 965 - Barão Geraldo"
101186,Thiago Santana Ribeiro,162,"Avenida Albino José Barbosa de Oliveira, 1476 - Barão Geraldo"
101187,Thiago Almeida Gomes,189,"Avenida Heitor Penteado, 861 - Taquaral"
101188,Vinícius Ferreira Santana,151,"Avenida Albino José Barbosa de Oliveira, 1313 - Barão Geraldo"
101189,Clara Cruz Almeida,169,"Rua Maria Monteiro, 652 - Cambuí"
101190,Daniel Melo Martins,150,"Avenida Heitor Penteado, 225 - Taquaral"
101191,João Gomes Fernandes,186,"Avenida Albino José Barbosa de Oliveira, 45 - Barão Geraldo"
101192,Eduardo Bellini Silva,158,"Avenida Heitor Penteado, 2145 - Taquaral"
101193,Rafael Vieira Bellini,166,"Avenida Albino José Barbosa de Oliveira, 3185 - Barão Geraldo"
101194,Sofia Campos Campos,158,"Avenida Albino José Barbosa de Oliveira, 2674 - Barão Geraldo"
101195,Thiago Campos Nascimento,160,"Avenida Albino José Barbosa de Oliveira, 2859 - Barão Geraldo"
101196,Larissa Paschoalino Nascimento,164,"Avenida Albino José Barbosa de Oliveira, 1494 - Barão Geraldo"
101197,Felipe Queiroz Campos,173,"Avenida Albino José Barbosa de Oliveira, 565 - Barão Geraldo"
101198,Samuel Santana Martins,187,"Avenida Albino José Barbosa de Oliveira, 2997 - Barão Geraldo"
101199,Guilherme Ribeiro Medeiros,204,"Rua Maria Monteiro, 1448 - Cambuí"
101200,Gabriel Amorim Martins,184,"Rua Coronel Quirino, 1090 - Cambuí"
101201,Daniel Bellini Amorim,179,"Avenida Albino José Barbosa de Oliveira, 1356 - Barão Geraldo"
101202,Rafael Campos Vieira,180,"Avenida Albino José Barbosa de Oliveira, 1724 - Barão Geraldo"
101203,Samuel Paschoalino Alves,198,"Avenida Heitor Penteado, 282 - Taquaral"
101204,Henrique Almeida Martins,154,"Rua Maria Monteiro, 1283 - Cambuí"
101205,Victor Gomes Alves,193,"Avenida Heitor Penteado, 1766 - Taquaral"
101206,Sofia Oliveira Amorim,199,"Avenida Heitor Penteado, 1968 - Taquaral"
101207,Clara Paschoalino Melo,163,"Avenida Albino José Barbosa de Oliveira, 505 - Barão Geraldo"
101208,Clara Paschoalino Silva,202,"Avenida Heitor Penteado, 2904 - Taquaral"
101209,Felipe Medeiros Medeiros,160,"Avenida Heitor Penteado, 2903 - Taquaral"
101210,Livia Queiroz Nascimento,158,"Rua Coronel Quirino, 371 - Cambuí"
101211,Rafael Queiroz Gomes,183,"Avenida Albino José Barbosa de Oliveira, 2657 - Barão Geraldo"
101212,Maria Martins Vieira,161,"Rua Coronel Quirino, 292 - Cambuí"
101213,Rafael Matos Matos,184,"Avenida Albino José Barbosa de Oliveira, 3330 - Barão Geraldo"
101214,Vinícius Almeida Silva,184,"Rua Coronel Quirino, 1479 - Cambuí"
101215,Clara Nascimento Vieira,150,"Rua Maria Monteiro, 1512 - Cambuí"
101216,Samuel Santana Almeida,189,"Rua Coronel Quirino, 740 - Cambuí"
101217,Sofia Fernandes Martins,171,"Avenida Heitor Penteado, 395 - Taquaral"
101218,Victor Ribeiro Ribeiro,178,"Avenida Albino José Barbosa de Oliveira, 2667 - Barão Geraldo"
101219,Yasmin Ribeiro Vieira,157,"Avenida Heitor Penteado, 1109 - Taquaral"
101220,Guilherme Gomes Bellini,160,"Rua Coronel Quirino, 1658 - Cambuí"
101221,Beatriz Bellini Vieira,190,"Avenida Albino José Barbosa de Oliveira, 646 - Barão Geraldo"
101222,Maria Cruz Ferreira,186,"Avenida Albino José Barbosa de Oliveira, 654 - Barão Geraldo"
101223,Vinícius Campos Medeiros,163,"Avenida Albino José Barbosa de Oliveira, 1012 - Barão Geraldo"
101224,Guilherme Oliveira Cruz,179,"Avenida Heitor Penteado, 2867 - Taquaral"
101225,André Almeida Paschoalino,184,"Avenida Albino José Barbosa de Oliveira, 1809 - Barão Geraldo"
101226,Erik Amorim Alves,170,"Avenida Heitor Penteado, 2883 - Taquaral"
101227,Samuel Queiroz Silva,186,"Rua Maria Monteiro, 1378 - Cambuí"
101228,Erik Alves Almeida,154,"Avenida Albino José Barbosa de Oliveira, 2702 - Barão Geraldo"
101229,Thiago Silva Cruz,168,"Rua Coronel Quirino, 953 - Cambuí"
101230,André Fernandes Gomes,163,"Avenida Heitor Penteado, 2519 - Taquaral"
101231,Giovanna Queiroz Vieira,175,"Avenida Albino José Barbosa de Oliveira, 432 - Barão Geraldo"
101232,Giovanna Melo Ribeiro,153,"Avenida Heitor Penteado, 1449 - Taquaral"
101233,Clara Amorim Ferreira,174,"Rua Maria Monteiro, 404 - Cambuí"
101234,Samuel Alves Medeiros,194,"Avenida Heitor Penteado, 1320 - Taquaral"
101235,Pedro Melo Oliveira,191,"Avenida Heitor Penteado, 1239 - Taquaral"
101236,João Oliveira Silva,174,"Avenida Heitor Penteado, 2813 - Taquaral"
101237,Daniel Melo Cruz,167,"Avenida Albino José Barbosa de Oliveira, 2093 - Barão Geraldo"
101238,Gabriel Queiroz Paschoalino,189,"Rua Coronel Quirino, 1861 - Cambuí"
101239,Beatriz Paschoalino Bellini,157,"Rua Maria Monteiro, 65 - Cambuí"
101240,Beatriz Amorim Alves,188,"Avenida Albino José Barbosa de Oliveira, 1313 - Barão Geraldo"
101241,Livia Almeida Oliveira,189,"Avenida Heitor Penteado, 2535 - Taquaral"
101242,Beatriz Matos Ribeiro,163,"Avenida Heitor Penteado, 2377 - Taquaral"
101243,Maria Bellini Fernandes,181,"Avenida Albino José Barbosa de Oliveira, 154 - Barão Geraldo"
101244,Gabriel Gomes Fernandes,200,"Avenida Albino José Barbosa de Oliveira, 1000 - Barão Geraldo"
101245,Giovanna Vieira Melo,187,"Avenida Heitor Penteado, 2922 - Taquaral"
101246,João Cruz Queiroz,182,"Avenida Heitor Penteado, 2398 - Taquaral"
101247,Yasmin Medeiros Oliveira,172,"Avenida Albino José Barbosa de Oliveira, 2467 - Barão Geraldo"
101248,Gabriel Queiroz Medeiros,164,"Rua Maria Monteiro, 1177 - Cambuí"
101249,Livia Vieira Ferreira,182,"Avenida Heitor Penteado, 959 - Taquaral"
101250,Guilherme Nascimento Fernandes,174,"Avenida Albino José Barbosa de Oliveira, 392 - Barão Geraldo"
101251,Clara Matos Ferreira,166,"Avenida Albino José Barbosa de Oliveira, 390 - Barão Geraldo"
101252,André Alves Santana,182,"Rua Maria Monteiro, 1256 - Cambuí"
101253,Guilherme Melo Nascimento,196,"Avenida Albino José Barbosa de Oliveira, 3433 - Barão Geraldo"
101254,Thiago Campos Bellini,204,"Avenida Albino José Barbosa de Oliveira, 3218 - Barão Geraldo"
101255,Miguel Alves Melo,151,"Avenida Heitor Penteado, 1158 - Taquaral"
101256,Pedro Santana Matos,163,"Avenida Albino José Barbosa de Oliveira, 1214 - Barão Geraldo"
101257,Gabriel Almeida Paschoalino,202,"Rua Coronel Quirino, 969 - Cambuí"
101258,Maria Paschoalino Bellini,189,"Avenida Albino José Barbosa de Oliveira, 2108 - Barão Geraldo"
101259,Sofia Alves Ribeiro,189,"Avenida Albino José Barbosa de Oliveira, 1116 - Barão Geraldo"
101260,Larissa Paschoalino Fernandes,200,"Avenida Heitor Penteado, 835 - Taquaral"
101261,André Martins Nascimento,188,"Avenida Heitor Penteado, 985 - Taquaral"
101262,Daniel Santana Queiroz,200,"Avenida Heitor Penteado, 1945 - Taquaral"
101263,Gabriel Gomes Amorim,155,"Avenida Heitor Penteado, 2167 - Taquaral"
101264,Beatriz Almeida Silva,155,"Avenida Heitor Penteado, 2517 - Taquaral"
101265,Clara Medeiros Bellini,152,"Avenida Heitor Penteado, 2089 - Taquaral"
101266,Samuel Gomes Alves,156,"Avenida Heitor Penteado, 1189 - Taquaral"
101267,Miguel Vieira Melo,200,"Rua Coronel Quirino, 610 - Cambuí"
101268,Daniel Queiroz Almeida,157,"Avenida Albino José Barbosa de Oliveira, 1581 - Barão Geraldo"
101269,Rafael Martins Vieira,191,"Avenida Albino José Barbosa de Oliveira, 2281 - Barão Geraldo"
101270,Victor Melo Medeiros,201,"Avenida Heitor Penteado, 95 - Taquaral"
101271,Maria Almeida Bellini,164,"Avenida Heitor Penteado, 846 - Taquaral"
101272,Guilherme Silva Fernandes,196,"Avenida Heitor Penteado, 2375 - Taquaral"
101273,Livia Fernandes Fernandes,178,"Avenida Heitor Penteado, 2301 - Taquaral"
101274,Miguel Silva Bellini,182,"Avenida Albino José Barbosa de Oliveira, 2503 - Barão Geraldo"
101275,Clara Santana Almeida,201,"Avenida Heitor Penteado, 2596 - Taquaral"
101276,Victor Cruz Almeida,179,"Rua Maria Monteiro, 1175 - Cambuí"
101277,Daniel Oliveira Ferreira,188,"Avenida Heitor Penteado, 1170 - Taquaral"
101278,Miguel Fernandes Gomes,176,"Avenida Heitor Penteado, 1331 - Taquaral"
101279,Daniel Matos Alves,185,"Avenida Albino José Barbosa de Oliveira, 3448 - Barão Geraldo"
101280,Felipe Ferreira Nascimento,178,"Avenida Heitor Penteado, 1354 - Taquaral"
101281,Miguel Silva Cruz,187,"Rua Coronel Quirino, 1037 - Cambuí"
101282,Clara Oliveira Nascimento,182,"Rua Maria Monteiro, 19 - Cambuí"
101283,Larissa Campos Medeiros,186,"Rua Coronel Quirino, 661 - Cambuí"
101284,Felipe Fernandes Almeida,176,"Rua Coronel Quirino, 534 - Cambuí"
101285,Clara Bellini Alves,204,"Avenida Heitor Penteado, 2998 - Taquaral"
101286,Livia Queiroz Medeiros,182,"Avenida Albino José Barbosa de Oliveira, 2741 - Barão Geraldo"
101287,Yasmin Nascimento Silva,153,"Avenida Heitor Penteado, 1770 - Taquaral"
101288,Erik Paschoalino Martins,171,"Avenida Heitor Penteado, 1881 - Taquaral"
101289,Miguel Matos Matos,151,"Rua Coronel Quirino, 1535 - Cambuí"
101290,Gabriel Cruz Ferreira,159,"Rua Coronel Quirino, 1534 - Cambuí"
101291,Daniel Almeida Cruz,154,"Avenida Albino José Barbosa de Oliveira, 1784 - Barão Geraldo"
101292,André Medeiros Bellini,159,"Avenida Albino José Barbosa de Oliveira, 358 - Barão Geraldo"
101293,Eduardo Santana Martins,182,"Avenida Heitor Penteado, 346 - Taquaral"
101294,João Ribeiro Ribeiro,203,"Rua Maria Monteiro, 1563 - Cambuí"
101295,Clara Melo Melo,187,"Rua Coronel Quirino, 1730 - Cambuí"
101296,Giovanna Vieira Paschoalino,162,"Avenida Albino José Barbosa de Oliveira, 430 - Barão Geraldo"
101297,Clara Santana Ribeiro,180,"Avenida Heitor Penteado, 1977 - Taquaral"
101298,Miguel Almeida Vieira,196,"Avenida Heitor Penteado, 1780 - Taquaral"
101299,Henrique Cruz Medeiros,185,"Avenida Albino José Barbosa de Oliveira, 10 - Barão Geraldo"
101300,Miguel Medeiros Oliveira,194,"Avenida Albino José Barbosa de Oliveira, 323 - Barão Geraldo"
101301,Victor Gomes Martins,173,"Avenida Albino José Barbosa de Oliveira, 91 - Barão Geraldo"
101302,Pedro Paschoalino Martins,201,"Avenida Albino José Barbosa de Oliveira, 1584 - Barão Geraldo"
101303,Yasmin Gomes Oliveira,164,"Avenida Heitor Penteado, 1078 - Taquaral"
101304,João Santana Oliveira,178,"Avenida Albino José Barbosa de Oliveira, 847 - Barão Geraldo"
101305,Giovanna Silva Ferreira,157,"Avenida Heitor Penteado, 1517 - Taquaral"
101306,Eduardo Medeiros Campos,154,"Avenida Albino José Barbosa de Oliveira, 2367 - Barão Geraldo"
101307,Vinícius Campos Bellini,178,"Avenida Albino José Barbosa de Oliveira, 86 - Barão Geraldo"
101308,Rafael Nascimento Amorim,196,"Avenida Heitor Penteado, 78 - Taquaral"
101309,Maria Matos Amorim,153,"Avenida Albino José Barbosa de Oliveira, 3211 - Barão Geraldo"
101310,Beatriz Vieira Silva,161,"Avenida Heitor Penteado, 2907 - Taquaral"
101311,Livia Almeida Gomes,194,"Avenida Albino José Barbosa de Oliveira, 1994 - Barão Geraldo"
101312,Felipe Ribeiro Queiroz,151,"Avenida Heitor Penteado, 196 - Taquaral"
101313,Gabriel Ribeiro Matos,176,"Rua Coronel Quirino, 1945 - Cambuí"
101314,André Martins Alves,180,"Rua Coronel Quirino, 247 - Cambuí"
101315,Pedro Matos Amorim,200,"Avenida Heitor Penteado, 1366 - Taquaral"
101316,João Melo Queiroz,200,"Avenida Heitor Penteado, 1241 - Taquaral"
101317,Henrique Martins Silva,185,"Rua Maria Monteiro, 686 - Cambuí"
101318,Erik Paschoalino Fernandes,185,"Rua Maria Monteiro, 1113 - Cambuí"
101319,Vinícius Bellini Paschoalino,175,"Avenida Heitor Penteado, 1762 - Taquaral"
101320,Giovanna Medeiros Amorim,192,"Avenida Albino José Barbosa de Oliveira, 3104 - Barão Geraldo"
101321,Samuel Alves Melo,176,"Avenida Heitor Penteado, 2116 - Taquaral"
101322,Gabriel Oliveira Cruz,154,"Rua Coronel Quirino, 1657 - Cambuí"
101323,Gabriel Bellini Silva,169,"Rua Coronel Quirino, 1273 - Cambuí"
101324,Sofia Medeiros Bellini,160,"Rua Coronel Quirino, 1860 - Cambuí"
101325,Victor Martins Alves,159,"Avenida Albino José Barbosa de Oliveira, 2759 - Barão Geraldo"
101326,Erik Oliveira Bellini,189,"Avenida Heitor Penteado, 1333 - Taquaral"
101327,Victor Fernandes Alves,187,"Avenida Albino José Barbosa de Oliveira, 914 - Barão Geraldo"
101328,Victor Paschoalino Alves,155,"Rua Maria Monteiro, 54 - Cambuí"
101329,Victor Melo Almeida,157,"Rua Maria Monteiro, 909 - Cambuí"
101330,Victor Santana Amorim,172,"Avenida Albino José Barbosa de Oliveira, 2472 - Barão Geraldo"
101331,Sofia Nascimento Oliveira,196,"Avenida Heitor Penteado, 2510 - Taquaral"
101332,Pedro Medeiros Vieira,175,"Avenida Albino José Barbosa de Oliveira, 16 - Barão Geraldo"
101333,Beatriz Bellini Campos,195,"Avenida Heitor Penteado, 613 - Taquaral"
101334,Gabriel Paschoalino Queiroz,192,"Avenida Albino José Barbosa de Oliveira, 1892 - Barão Geraldo"
101335,Pedro Paschoalino Fernandes,161,"Avenida Heitor Penteado, 1954 - Taquaral"
101336,Vinícius Santana Almeida,175,"Rua Maria Monteiro, 803 - Cambuí"
101337,Henrique Oliveira Fernandes,162,"Avenida Heitor Penteado, 610 - Taquaral"
101338,Beatriz Paschoalino Almeida,189,"Rua Maria Monteiro, 1540 - Cambuí"
101339,Victor Almeida Cruz,167,"Avenida Heitor Penteado, 1049 - Taquaral"
101340,Samuel Alves Vieira,174,"Avenida Heitor Penteado, 875 - Taquaral"
101341,João Martins Melo,182,"Avenida Albino José Barbosa de Oliveira, 1660 - Barão Geraldo"
101342,Daniel Fernandes Nascimento,196,"Avenida Albino José Barbosa de Oliveira, 3070 - Barão Geraldo"
101343,Henrique Almeida Oliveira,189,"Avenida Albino José Barbosa de Oliveira, 962 - Barão Geraldo"
101344,Thiago Gomes Ribeiro,192,"Rua Maria Monteiro, 1390 - Cambuí"
101345,Pedro Ribeiro Fernandes,161,"Rua Maria Monteiro, 465 - Cambuí"
101346,Erik Matos Campos,193,"Avenida Heitor Penteado, 2793 - Taquaral"
101347,João Bellini Melo,185,"Avenida Heitor Penteado, 1962 - Taquaral"
101348,Erik Martins Nascimento,197,"Avenida Albino José Barbosa de Oliveira, 1847 - Barão Geraldo"
101349,Thiago Nascimento Almeida,153,"Rua Maria Monteiro, 924 - Cambuí"
101350,Erik Paschoalino Melo,154,"Avenida Heitor Penteado, 1473 - Taquaral"
101351,Livia Melo Medeiros,186,"Avenida Heitor Penteado, 1763 - Taquaral"
101352,Erik Campos Fernandes,157,"Rua Coronel Quirino, 1923 - Cambuí"
101353,Vinícius Bellini Ribeiro,191,"Rua Coronel Quirino, 601 - Cambuí"
101354,Victor Cruz Amorim,198,"Avenida Heitor Penteado, 2214 - Taquaral"
101355,Eduardo Fernandes Vieira,177,"Avenida Heitor Penteado, 2096 - Taquaral"
101356,Gabriel Alves Fernandes,180,"Avenida Albino José Barbosa de Oliveira, 3342 - Barão Geraldo"
101357,Erik Ribeiro Vieira,158,"Avenida Heitor Penteado, 2040 - Taquaral"
101358,Larissa Ribeiro Fernandes,203,"Avenida Heitor Penteado, 2812 - Taquaral"
101359,Miguel Paschoalino Silva,200,"Avenida Heitor Penteado, 1178 - Taquaral"
101360,Felipe Bellini Vieira,178,"Avenida Albino José Barbosa de Oliveira, 576 - Barão Geraldo"
101361,João Silva Cruz,163,"Avenida Albino José Barbosa de Oliveira, 3485 - Barão Geraldo"
101362,Thiago Paschoalino Medeiros,189,"Rua Coronel Quirino, 1635 - Cambuí"
101363,Livia Ferreira Gomes,190,"Avenida Heitor Penteado, 122 - Taquaral"
101364,Erik Gomes Amorim,171,"Rua Coronel Quirino, 897 - Cambuí"
101365,Livia Alves Matos,160,"Avenida Heitor Penteado, 2293 - Taquaral"
101366,Livia Cruz Amorim,172,"Avenida Heitor Penteado, 112 - Taquaral"
101367,Victor Ribeiro Bellini,150,"Avenida Heitor Penteado, 102 - Taquaral"
101368,Erik Ferreira Vieira,195,"Avenida Heitor Penteado, 1923 - Taquaral"
101369,Beatriz Nascimento Paschoalino,186,"Avenida Heitor Penteado, 1272 - Taquaral"
101370,Henrique Silva Cruz,170,"Avenida Albino José Barbosa de Oliveira, 1446 - Barão Geraldo"
101371,Clara Fernandes Oliveira,175,"Rua Coronel Quirino, 280 - Cambuí"
101372,Livia Oliveira Vieira,195,"Rua Coronel Quirino, 1644 - Cambuí"
101373,Sofia Vieira Fernandes,185,"Avenida Heitor Penteado, 2679 - Taquaral"
101374,Vinícius Campos Amorim,203,"Rua Maria Monteiro, 1283 - Cambuí"
101375,Larissa Paschoalino Gomes,172,"Avenida Albino José Barbosa de Oliveira, 3240 - Barão Geraldo"
101376,Rafael Oliveira Campos,150,"Rua Maria Monteiro, 1179 - Cambuí"
101377,Maria Oliveira Medeiros,203,"Avenida Heitor Penteado, 1685 - Taquaral"
101378,Daniel Fernandes Santana,204,"Avenida Heitor Penteado, 1472 - Taquaral"
101379,Felipe Gomes Matos,200,"Avenida Albino José Barbosa de Oliveira, 1001 - Barão Geraldo"
101380,Thiago Matos Silva,189,"Avenida Albino José Barbosa de Oliveira, 2968 - Barão Geraldo"
101381,Yasmin Nascimento Nascimento,164,"Avenida Heitor Penteado, 1010 - Taquaral"
101382,Gabriel Cruz Medeiros,170,"Avenida Albino José Barbosa de Oliveira, 2691 - Barão Geraldo"
101383,Livia Melo Matos,196,"Avenida Albino José Barbosa de Oliveira, 1506 - Barão Geraldo"
101384,Pedro Almeida Medeiros,158,"Rua Coronel Quirino, 469 - Cambuí"
101385,João Paschoalino Gomes,202,"Rua Maria Monteiro, 852 - Cambuí"
101386,Clara Nascimento Ribeiro,158,"Avenida Heitor Penteado, 2595 - Taquaral"
101387,Vinícius Amorim Santana,159,"Avenida Albino José Barbosa de Oliveira, 160 - Barão Geraldo"
101388,Daniel Paschoalino Santana,201,"Avenida Heitor Penteado, 128 - Taquaral"
101389,Erik Ribeiro Nascimento,202,"Avenida Albino José Barbosa de Oliveira, 297 - Barão Geraldo"
101390,Clara Amorim Cruz,175,"Rua Maria Monteiro, 640 - Cambuí"
101391,Guilherme Martins Amorim,190,"Avenida Albino José Barbosa de Oliveira, 3387 - Barão Geraldo"
101392,Pedro Silva Vieira,184,"Avenida Heitor Penteado, 332 - Taquaral"
101393,Rafael Matos Martins,201,"Avenida Albino José Barbosa de Oliveira, 3424 - Barão Geraldo"
101394,Erik Alves Martins,174,"Avenida Heitor Penteado, 365 - Taquaral"
101395,João Oliveira Ferreira,175,"Avenida Albino José Barbosa de Oliveira, 2806 - Barão Geraldo"
101396,Beatriz Silva Ferreira,160,"Avenida Heitor Penteado, 1844 - Taquaral"
101397,Miguel Silva Bellini,187,"Avenida Heitor Penteado, 1756 - Taquaral"
101398,Giovanna Melo Medeiros,151,"Rua Coronel Quirino, 1595 - Cambuí"
101399,Eduardo Cruz Vieira,156,"Avenida Heitor Penteado, 1847 - Taquaral"
101400,Yasmin Alves Matos,167,"Avenida Heitor Penteado, 2101 - Taquaral"
101401,Maria Melo Bellini,176,"Avenida Albino José Barbosa de Oliveira, 2103 - Barão Geraldo"
101402,Sofia Medeiros Martins,183,"Avenida Heitor Penteado, 1159 - Taquaral"
101403,Samuel Gomes Matos,176,"Avenida Albino José Barbosa de Oliveira, 3012 - Barão Geraldo"
101404,Yasmin Amorim Melo,166,"Avenida Albino José Barbosa de Oliveira, 1647 - Barão Geraldo"
101405,Gabriel Amorim Nascimento,192,"Avenida Albino José Barbosa de Oliveira, 2252 - Barão Geraldo"
101406,Clara Martins Medeiros,193,"Rua Maria Monteiro, 1526 - Cambuí"
101407,Samuel Melo Queiroz,200,"Avenida Heitor Penteado, 1520 - Taquaral"
101408,Victor Campos Almeida,203,"Avenida Heitor Penteado, 2469 - Taquaral"
101409,Daniel Ferreira Oliveira,173,"Avenida Albino José Barbosa de Oliveira, 78 - Barão Geraldo"
101410,Erik Santana Santana,174,"Avenida Albino José Barbosa de Oliveira, 1141 - Barão Geraldo"
101411,Eduardo Medeiros Gomes,156,"Avenida Albino José Barbosa de Oliveira, 2882 - Barão Geraldo"
101412,Clara Gomes Santana,201,"Rua Maria Monteiro, 17 - Cambuí"
101413,Rafael Almeida Campos,155,"Avenida Albino José Barbosa de Oliveira, 2362 - Barão Geraldo"
101414,Giovanna Fernandes Vieira,202,"Avenida Albino José Barbosa de Oliveira, 2043 - Barão Geraldo"
101415,Clara Martins Matos,173,"Avenida Heitor Penteado, 81 - Taquaral"
101416,Livia Matos Fernandes,182,"Avenida Heitor Penteado, 1980 - Taquaral"
101417,Giovanna Queiroz Ferreira,198,"Avenida Albino José Barbosa de Oliveira, 2562 - Barão Geraldo"
101418,André Campos Melo,178,"Avenida Albino José Barbosa de Oliveira, 725 - Barão Geraldo"
101419,Samuel Gomes Cruz,192,"Rua Maria Monteiro, 528 - Cambuí"
101420,Maria Almeida Almeida,171,"Rua Coronel Quirino, 237 - Cambuí"
101421,Victor Melo Melo,175,"Rua Maria Monteiro, 1099 - Cambuí"
101422,Daniel Cruz Melo,177,"Avenida Heitor Penteado, 142 - Taquaral"
101423,Daniel Nascimento Matos,199,"Avenida Heitor Penteado, 1269 - Taquaral"
101424,João Gomes Silva,170,"Avenida Heitor Penteado, 883 - Taquaral"
101425,Livia Ribeiro Amorim,198,"Avenida Albino José Barbosa de Oliveira, 1047 - Barão Geraldo"
101426,Victor Campos Amorim,156,"Avenida Heitor Penteado, 696 - Taquaral"
101427,Beatriz Oliveira Silva,166,"Avenida Heitor Penteado, 1235 - Taquaral"
101428,Livia Almeida Campos,169,"Avenida Heitor Penteado, 20 - Taquaral"
101429,Vinícius Martins Medeiros,190,"Rua Coronel Quirino, 1340 - Cambuí"
101430,Livia Fernandes Bellini,198,"Avenida Heitor Penteado, 432 - Taquaral"
101431,Beatriz Amorim Silva,169,"Rua Maria Monteiro, 1488 - Cambuí"
101432,João Paschoalino Fernandes,203,"Rua Coronel Quirino, 1421 - Cambuí"
101433,Guilherme Nascimento Silva,171,"Rua Coronel Quirino, 268 - Cambuí"
101434,Pedro Cruz Bellini,177,"Avenida Albino José Barbosa de Oliveira, 1704 - Barão Geraldo"
101435,Eduardo Nascimento Ferreira,189,"Avenida Heitor Penteado, 1972 - Taquaral"
101436,Henrique Silva Gomes,198,"Avenida Heitor Penteado, 844 - Taquaral"
101437,Vinícius Ribeiro Vieira,156,"Rua Maria Monteiro, 760 - Cambuí"
101438,Felipe Ferreira Santana,150,"Rua Maria Monteiro, 27 - Cambuí"
101439,Maria Amorim Queiroz,181,"Rua Coronel Quirino, 1152 - Cambuí"
101440,João Medeiros Queiroz,162,"Avenida Heitor Penteado, 1105 - Taquaral"
101441,Erik Vieira Nascimento,179,"Avenida Heitor Penteado, 2199 - Taquaral"
101442,Larissa Queiroz Martins,172,"Rua Coronel Quirino, 530 - Cambuí"
101443,Eduardo Queiroz Melo,200,"Avenida Albino José Barbosa de Oliveira, 2622 - Barão Geraldo"
101444,André Oliveira Santana,168,"Rua Maria Monteiro, 1011 - Cambuí"
101445,Felipe Medeiros Bellini,181,"Avenida Albino José Barbosa de Oliveira, 1417 - Barão Geraldo"
101446,Beatriz Ferreira Medeiros,179,"Avenida Albino José Barbosa de Oliveira, 3323 - Barão Geraldo"
101447,João Santana Silva,178,"Avenida Albino José Barbosa de Oliveira, 2901 - Barão Geraldo"
101448,João Ferreira Queiroz,198,"Avenida Albino José Barbosa de Oliveira, 709 - Barão Geraldo"
101449,Livia Ribeiro Cruz,194,"Avenida Albino José Barbosa de Oliveira, 1362 - Barão Geraldo"
101450,Yasmin Paschoalino Bellini,178,"Avenida Heitor Penteado, 1553 - Taquaral"
101451,João Amorim Campos,179,"Avenida Heitor Penteado, 2552 - Taquaral"
101452,Miguel Oliveira Amorim,165,"Rua Maria Monteiro, 1111 - Cambuí"
101453,Victor Matos Alves,189,"Rua Maria Monteiro, 1213 - Cambuí"
101454,João Oliveira Silva,168,"Rua Coronel Quirino, 1190 - Cambuí"
101455,Thiago Vieira Nascimento,167,"Avenida Albino José Barbosa de Oliveira, 2253 - Barão Geraldo"
101456,André Martins Medeiros,150,"Avenida Albino José Barbosa de Oliveira, 3009 - Barão Geraldo"
101457,Erik Melo Santana,163,"Rua Maria Monteiro, 1101 - Cambuí"
101458,Gabriel Ribeiro Bellini,200,"Rua Coronel Quirino, 1873 - Cambuí"
101459,Yasmin Santana Silva,196,"Avenida Heitor Penteado, 1071 - Taquaral"
101460,Rafael Gomes Queiroz,199,"Rua Maria Monteiro, 648 - Cambuí"
101461,André Paschoalino Amorim,151,"Rua Maria Monteiro, 1421 - Cambuí"
101462,Eduardo Ribeiro Oliveira,203,"Avenida Albino José Barbosa de Oliveira, 2362 - Barão Geraldo"
101463,Vinícius Paschoalino Bellini,177,"Avenida Heitor Penteado, 223 - Taquaral"
101464,Giovanna Campos Nascimento,198,"Avenida Albino José Barbosa de Oliveira, 720 - Barão Geraldo"
101465,Larissa Ribeiro Silva,199,"Rua Coronel Quirino, 416 - Cambuí"
101466,Maria Martins Alves,179,"Avenida Heitor Penteado, 1219 - Taquaral"
101467,Miguel Silva Santana,187,"Rua Maria Monteiro, 615 - Cambuí"
101468,Miguel Nascimento Queiroz,200,"Avenida Albino José Barbosa de Oliveira, 370 - Barão Geraldo"
101469,Vinícius Martins Melo,153,"Rua Maria Monteiro, 181 - Cambuí"
101470,Daniel Paschoalino Queiroz,150,"Avenida Heitor Penteado, 1494 - Taquaral"
101471,Yasmin Alves Matos,157,"Rua Maria Monteiro, 138 - Cambuí"
101472,Rafael Campos Campos,178,"Avenida Heitor Penteado, 169 - Taquaral"
101473,Guilherme Nascimento Cruz,204,"Rua Maria Monteiro, 639 - Cambuí"
101474,Pedro Vieira Fernandes,188,"Avenida Heitor Penteado, 1852 - Taquaral"
101475,Giovanna Ribeiro Fernandes,152,"Avenida Heitor Penteado, 2761 - Taquaral"
101476,Giovanna Silva Ribeiro,181,"Avenida Albino José Barbosa de Oliveira, 204 - Barão Geraldo"
101477,Larissa Ribeiro Nascimento,159,"Avenida Albino José Barbosa de Oliveira, 1486 - Barão Geraldo"
101478,Felipe Almeida Queiroz,159,"Avenida Albino José Barbosa de Oliveira, 2728 - Barão Geraldo"
101479,Gabriel Medeiros Campos,168,"Avenida Heitor Penteado, 1880 - Taquaral"
101480,Livia Fernandes Almeida,195,"Avenida Heitor Penteado, 982 - Taquaral"
101481,Thiago Paschoalino Ribeiro,183,"Avenida Albino José Barbosa de Oliveira, 1343 - Barão Geraldo"
101482,Pedro Nascimento Silva,182,"Avenida Heitor Penteado, 2297 - Taquaral"
101483,Maria Martins Martins,172,"Avenida Albino José Barbosa de Oliveira, 2457 - Barão Geraldo"
101484,Thiago Medeiros Melo,204,"Avenida Albino José Barbosa de Oliveira, 589 - Barão Geraldo"
101485,Larissa Melo Santana,177,"Avenida Heitor Penteado, 1407 - Taquaral"
101486,Henrique Bellini Matos,181,"Rua Maria Monteiro, 863 - Cambuí"
101487,Rafael Amorim Alves,199,"Avenida Heitor Penteado, 2541 - Taquaral"
101488,Samuel Nascimento Oliveira,156,"Avenida Albino José Barbosa de Oliveira, 103 - Barão Geraldo"
101489,Yasmin Matos Oliveira,178,"Avenida Heitor Penteado, 2855 - Taquaral"
101490,Guilherme Cruz Amorim,157,"Avenida Albino José Barbosa de Oliveira, 2634 - Barão Geraldo"
101491,Eduardo Silva Matos,150,"Avenida Heitor Penteado, 80 - Taquaral"
101492,Erik Fernandes Ribeiro,204,"Rua Maria Monteiro, 337 - Cambuí"
101493,Clara Bellini Alves,152,"Avenida Albino José Barbosa de Oliveira, 558 - Barão Geraldo"
101494,Gabriel Nascimento Gomes,173,"Avenida Albino José Barbosa de Oliveira, 1666 - Barão Geraldo"
101495,Henrique Alves Silva,172,"Avenida Albino José Barbosa de Oliveira, 1719 - Barão Geraldo"
101496,Victor Nascimento Ferreira,157,"Avenida Albino José Barbosa de Oliveira, 632 - Barão Geraldo"
101497,Daniel Amorim Medeiros,203,"Avenida Albino José Barbosa de Oliveira, 2602 - Barão Geraldo"
101498,Rafael Melo Melo,196,"Avenida Heitor Penteado, 2623 - Taquaral"
101499,Vinícius Vieira Amorim,186,"Avenida Heitor Penteado, 2673 - Taquaral"
101500,Felipe Queiroz Cruz,152,"Avenida Heitor Penteado, 608 - Taquaral"
101501,Yasmin Martins Queiroz,200,"Rua Maria Monteiro, 1303 - Cambuí"
101502,Guilherme Gomes Medeiros,182,"Avenida Heitor Penteado, 2356 - Taquaral"
101503,Eduardo Almeida Santana,177,"Avenida Albino José Barbosa de Oliveira, 3064 - Barão Geraldo"
101504,Henrique Gomes Melo,196,"Rua Maria Monteiro, 717 - Cambuí"
101505,Miguel Almeida Fernandes,157,"Avenida Albino José Barbosa de Oliveira, 579 - Barão Geraldo"
101506,Larissa Oliveira Vieira,183,"Avenida Albino José Barbosa de Oliveira, 2026 - Barão Geraldo"
101507,Pedro Fernandes Ribeiro,184,"Rua Maria Monteiro, 1138 - Cambuí"
101508,Erik Fernandes Ribeiro,181,"Avenida Albino José Barbosa de Oliveira, 211 - Barão Geraldo"
101509,Beatriz Paschoalino Ferreira,173,"Avenida Albino José Barbosa de Oliveira, 656 - Barão Geraldo"
101510,Giovanna Santana Oliveira,163,"Rua Maria Monteiro, 105 - Cambuí"
101511,Victor Oliveira Amorim,181,"Avenida Albino José Barbosa de Oliveira, 3472 - Barão Geraldo"
101512,Clara Almeida Campos,195,"Avenida Heitor Penteado, 2531 - Taquaral"
101513,Maria Ribeiro Gomes,192,"Avenida Heitor Penteado, 1050 - Taquaral"
101514,Livia Gomes Amorim,165,"Rua Coronel Quirino, 350 - Cambuí"
101515,Livia Paschoalino Medeiros,153,"Rua Coronel Quirino, 280 - Cambuí"
101516,Sofia Santana Alves,201,"Avenida Heitor Penteado, 772 - Taquaral"
101517,André Fernandes Queiroz,186,"Avenida Albino José Barbosa de Oliveira, 1366 - Barão Geraldo"
101518,Felipe Paschoalino Paschoalino,203,"Avenida Albino José Barbosa de Oliveira, 2903 - Barão Geraldo"
101519,Rafael Bellini Bellini,170,"Rua Coronel Quirino, 132 - Cambuí"
101520,Larissa Alves Nascimento,163,"Avenida Heitor Penteado, 1189 - Taquaral"
101521,Eduardo Cruz Martins,180,"Avenida Albino José Barbosa de Oliveira, 720 - Barão Geraldo"
101522,Samuel Melo Nascimento,204,"Rua Coronel Quirino, 126 - Cambuí"
101523,Erik Vieira Medeiros,197,"Avenida Heitor Penteado, 1240 - Taquaral"
101524,Guilherme Nascimento Ferreira,167,"Avenida Heitor Penteado, 1857 - Taquaral"
101525,Thiago Queiroz Campos,156,"Avenida Heitor Penteado, 180 - Taquaral"
101526,Samuel Fernandes Gomes,159,"Avenida Albino José Barbosa de Oliveira, 1063 - Barão Geraldo"
101527,Yasmin Almeida Fernandes,156,"Rua Coronel Quirino, 992 - Cambuí"
101528,Pedro Alves Santana,182,"Avenida Heitor Penteado, 846 - Taquaral"
101529,Erik Martins Paschoalino,172,"Rua Maria Monteiro, 806 - Cambuí"
101530,Gabriel Bellini Almeida,170,"Avenida Heitor Penteado, 1777 - Taquaral"
101531,Felipe Paschoalino Melo,168,"Rua Maria Monteiro, 1064 - Cambuí"
101532,Samuel Oliveira Cruz,197,"Avenida Albino José Barbosa de Oliveira, 2184 - Barão Geraldo"
101533,João Ribeiro Medeiros,168,"Avenida Albino José Barbosa de Oliveira, 2991 - Barão Geraldo"
101534,Livia Ribeiro Silva,185,"Avenida Heitor Penteado, 1753 - Taquaral"
101535,Sofia Campos Medeiros,178,"Avenida Albino José Barbosa de Oliveira, 313 - Barão Geraldo"
101536,Vinícius Medeiros Cruz,167,"Rua Coronel Quirino, 1449 - Cambuí"
101537,Rafael Paschoalino Medeiros,151,"Rua Coronel Quirino, 1425 - Cambuí"
101538,Larissa Cruz Gomes,150,"Rua Maria Monteiro, 1221 - Cambuí"
101539,Miguel Martins Cruz,196,"Rua Maria Monteiro, 210 - Cambuí"
101540,Sofia Silva Amorim,154,"Avenida Albino José Barbosa de Oliveira, 2287 - Barão Geraldo"
101541,Larissa Almeida Santana,169,"Avenida Heitor Penteado, 1154 - Taquaral"
101542,Larissa Ribeiro Paschoalino,160,"Avenida Heitor Penteado, 2735 - Taquaral"
101543,Guilherme Gomes Cruz,191,"Avenida Heitor Penteado, 2375 - Taquaral"
101544,Yasmin Queiroz Silva,151,"Avenida Albino José Barbosa de Oliveira, 887 - Barão Geraldo"
101545,Vinícius Campos Almeida,152,"Avenida Albino José Barbosa de Oliveira, 859 - Barão Geraldo"
101546,Maria Cruz Queiroz,172,"Avenida Heitor Penteado, 2963 - Taquaral"
101547,Thiago Campos Cruz,204,"Avenida Albino José Barbosa de Oliveira, 2144 - Barão Geraldo"
101548,Guilherme Cruz Cruz,161,"Avenida Albino José Barbosa de Oliveira, 2999 - Barão Geraldo"
101549,Pedro Santana Campos,169,"Rua Maria Monteiro, 1480 - Cambuí"
101550,Felipe Silva Queiroz,154,"Avenida Albino José Barbosa de Oliveira, 1271 - Barão Geraldo"
101551,Felipe Alves Gomes,186,"Rua Maria Monteiro, 541 - Cambuí"
101552,Guilherme Oliveira Medeiros,187,"Avenida Heitor Penteado, 1491 - Taquaral"
101553,Sofia Amorim Santana,179,"Rua Coronel Quirino, 1002 - Cambuí"
101554,Larissa Amorim Fernandes,158,"Rua Maria Monteiro, 1215 - Cambuí"
101555,Gabriel Paschoalino Paschoalino,183,"Avenida Heitor Penteado, 1684 - Taquaral"
101556,Yasmin Vieira Cruz,202,"Avenida Heitor Penteado, 2629 - Taquaral"
101557,Victor Amorim Almeida,193,"Rua Coronel Quirino, 1592 - Cambuí"
101558,Clara Queiroz Vieira,184,"Rua Maria Monteiro, 1356 - Cambuí"
101559,Thiago Cruz Silva,201,"Avenida Albino José Barbosa de Oliveira, 2031 - Barão Geraldo"
101560,Rafael Bellini Ferreira,171,"Rua Coronel Quirino, 1870 - Cambuí"
101561,Guilherme Silva Ferreira,193,"Avenida Albino José Barbosa de Oliveira, 3346 - Barão Geraldo"
101562,Beatriz Cruz Oliveira,173,"Avenida Albino José Barbosa de Oliveira, 3428 - Barão Geraldo"
101563,Beatriz Nascimento Alves,166,"Avenida Heitor Penteado, 2831 - Taquaral"
101564,Yasmin Fernandes Gomes,159,"Avenida Albino José Barbosa de Oliveira, 2438 - Barão Geraldo"
101565,Thiago Cruz Cruz,179,"Rua Coronel Quirino, 1685 - Cambuí"
101566,Beatriz Paschoalino Almeida,195,"Avenida Albino José Barbosa de Oliveira, 660 - Barão Geraldo"
101567,Yasmin Ribeiro Oliveira,172,"Avenida Albino José Barbosa de Oliveira, 2946 - Barão Geraldo"
101568,Henrique Alves Ferreira,181,"Avenida Albino José Barbosa de Oliveira, 3123 - Barão Geraldo"
101569,Vinícius Silva Vieira,166,"Rua Maria Monteiro, 325 - Cambuí"
101570,João Fernandes Oliveira,199,"Rua Coronel Quirino, 529 - Cambuí"
101571,Daniel Martins Martins,200,"Rua Coronel Quirino, 1939 - Cambuí"
101572,Miguel Silva Martins,166,"Avenida Albino José Barbosa de Oliveira, 1759 - Barão Geraldo"
101573,Larissa Amorim Gomes,163,"Avenida Albino José Barbosa de Oliveira, 2801 - Barão Geraldo"
101574,Rafael Oliveira Cruz,158,"Avenida Heitor Penteado, 1687 - Taquaral"
101575,Eduardo Medeiros Oliveira,189,"Avenida Albino José Barbosa de Oliveira, 2067 - Barão Geraldo"
101576,Daniel Gomes Melo,151,"Rua Coronel Quirino, 670 - Cambuí"
101577,Pedro Melo Ferreira,194,"Avenida Heitor Penteado, 1974 - Taquaral"
101578,Erik Campos Martins,174,"Avenida Heitor Penteado, 2363 - Taquaral"
101579,João Campos Paschoalino,188,"Avenida Heitor Penteado, 1381 - Taquaral"
101580,Yasmin Almeida Amorim,158,"Rua Maria Monteiro, 483 - Cambuí"
101581,Pedro Cruz Gomes,203,"Avenida Heitor Penteado, 342 - Taquaral"
101582,Miguel Medeiros Vieira,171,"Avenida Heitor Penteado, 1421 - Taquaral"
101583,Giovanna Ribeiro Fernandes,192,"Avenida Albino José Barbosa de Oliveira, 2466 - Barão Geraldo"
101584,André Queiroz Melo,195,"Avenida Albino José Barbosa de Oliveira, 2070 - Barão Geraldo"
101585,Thiago Melo Bellini,153,"Avenida Albino José Barbosa de Oliveira, 1134 - Barão Geraldo"
101586,Yasmin Fernandes Queiroz,175,"Avenida Albino José Barbosa de Oliveira, 1142 - Barão Geraldo"
101587,Samuel Campos Cruz,178,"Rua Maria Monteiro, 1455 - Cambuí"
101588,Maria Bellini Amorim,194,"Avenida Albino José Barbosa de Oliveira, 2166 - Barão Geraldo"
101589,João Ribeiro Martins,183,"Avenida Heitor Penteado, 1765 - Taquaral"
101590,Eduardo Matos Campos,172,"Avenida Heitor Penteado, 502 - Taquaral"
101591,Beatriz Paschoalino Ribeiro,186,"Avenida Albino José Barbosa de Oliveira, 3245 - Barão Geraldo"
101592,Erik Queiroz Amorim,160,"Avenida Albino José Barbosa de Oliveira, 1748 - Barão Geraldo"
101593,Pedro Oliveira Vieira,155,"Avenida Heitor Penteado, 927 - Taquaral"
101594,Pedro Fernandes Bellini,167,"Avenida Heitor Penteado, 1466 - Taquaral"
101595,Henrique Silva Medeiros,170,"Avenida Heitor Penteado, 1477 - Taquaral"
101596,Samuel Bellini Matos,191,"Avenida Albino José Barbosa de Oliveira, 1282 - Barão Geraldo"
101597,Rafael Martins Martins,185,"Rua Coronel Quirino, 1002 - Cambuí"
101598,Gabriel Vieira Ferreira,190,"Avenida Albino José Barbosa de Oliveira, 983 - Barão Geraldo"
101599,Miguel Melo Ferreira,187,"Avenida Albino José Barbosa de Oliveira, 3323 - Barão Geraldo"
101600,Clara Amorim Ferreira,183,"Rua Maria Monteiro, 728 - Cambuí"
101601,Henrique Cruz Amorim,166,"Avenida Albino José Barbosa de Oliveira, 259 - Barão Geraldo"
101602,Thiago Ribeiro Paschoalino,186,"Rua Coronel Quirino, 1706 - Cambuí"
101603,Daniel Martins Gomes,174,"Rua Maria Monteiro, 185 - Cambuí"
101604,Beatriz Matos Matos,187,"Avenida Albino José Barbosa de Oliveira, 2367 - Barão Geraldo"
101605,André Vieira Campos,161,"Avenida Heitor Penteado, 716 - Taquaral"
101606,Vinícius Ribeiro Nascimento,172,"Avenida Heitor Penteado, 527 - Taquaral"
101607,Samuel Matos Santana,202,"Avenida Albino José Barbosa de Oliveira, 3120 - Barão Geraldo"
101608,Rafael Ferreira Fernandes,191,"Avenida Albino José Barbosa de Oliveira, 1260 - Barão Geraldo"
101609,João Medeiros Bellini,171,"Avenida Albino José Barbosa de Oliveira, 1974 - Barão Geraldo"
101610,Miguel Fernandes Matos,170,"Avenida Heitor Penteado, 2276 - Taquaral"
101611,Vinícius Campos Amorim,176,"Rua Coronel Quirino, 992 - Cambuí"
101612,Larissa Alves Ferreira,180,"Avenida Albino José Barbosa de Oliveira, 349 - Barão Geraldo"
101613,Daniel Cruz Bellini,155,"Avenida Albino José Barbosa de Oliveira, 1134 - Barão Geraldo"
101614,André Fernandes Alves,176,"Rua Maria Monteiro, 412 - Cambuí"
101615,Rafael Nascimento Matos,189,"Avenida Heitor Penteado, 304 - Taquaral"
101616,Samuel Alves Cruz,183,"Avenida Heitor Penteado, 1806 - Taquaral"
101617,Beatriz Oliveira Amorim,161,"Avenida Albino José Barbosa de Oliveira, 1544 - Barão Geraldo"
101618,Eduardo Gomes Cruz,194,"Avenida Albino José Barbosa de Oliveira, 1649 - Barão Geraldo"
101619,Giovanna Campos Santana,202,"Avenida Albino José Barbosa de Oliveira, 437 - Barão Geraldo"
101620,Felipe Cruz Martins,156,"Avenida Heitor Penteado, 1079 - Taquaral"
101621,Felipe Ferreira Santana,159,"Avenida Heitor Penteado, 74 - Taquaral"
101622,Larissa Fernandes Cruz,194,"Avenida Heitor Penteado, 2409 - Taquaral"
101623,Maria Medeiros Ribeiro,166,"Rua Coronel Quirino, 183 - Cambuí"
101624,Yasmin Melo Cruz,175,"Avenida Albino José Barbosa de Oliveira, 1994 - Barão Geraldo"
101625,Miguel Ferreira Melo,170,"Avenida Heitor Penteado, 2602 - Taquaral"
101626,Samuel Almeida Amorim,177,"Avenida Albino José Barbosa de Oliveira, 2040 - Barão Geraldo"
101627,André Queiroz Medeiros,195,"Rua Maria Monteiro, 1298 - Cambuí"
101628,Sofia Gomes Melo,151,"Avenida Heitor Penteado, 1628 - Taquaral"
101629,Pedro Queiroz Oliveira,203,"Avenida Albino José Barbosa de Oliveira, 2566 - Barão Geraldo"
101630,Larissa Melo Oliveira,192,"Avenida Albino José Barbosa de Oliveira, 448 - Barão Geraldo"
101631,Thiago Almeida Cruz,150,"Avenida Albino José Barbosa de Oliveira, 2920 - Barão Geraldo"
101632,Livia Campos Campos,200,"Avenida Albino José Barbosa de Oliveira, 1684 - Barão Geraldo"
101633,Henrique Queiroz Martins,202,"Avenida Heitor Penteado, 2063 - Taquaral"
101634,Maria Campos Bellini,185,"Avenida Heitor Penteado, 709 - Taquaral"
101635,Giovanna Martins Fernandes,200,"Rua Coronel Quirino, 757 - Cambuí"
101636,Guilherme Ferreira Almeida,175,"Avenida Albino José Barbosa de Oliveira, 2291 - Barão Geraldo"
101637,Eduardo Gomes Campos,178,"Rua Maria Monteiro, 1389 - Cambuí"
101638,Larissa Queiroz Nascimento,170,"Avenida Heitor Penteado, 1403 - Taquaral"
101639,Larissa Matos Fernandes,160,"Avenida Heitor Penteado, 375 - Taquaral"
101640,Larissa Matos Ribeiro,189,"Rua Coronel Quirino, 473 - Cambuí"
101641,Felipe Santana Santana,160,"Avenida Heitor Penteado, 901 - Taquaral"
101642,Vinícius Nascimento Alves,185,"Avenida Albino José Barbosa de Oliveira, 1638 - Barão Geraldo"
101643,Yasmin Almeida Ribeiro,198,"Avenida Heitor Penteado, 1191 - Taquaral"
101644,Erik Queiroz Matos,188,"Avenida Albino José Barbosa de Oliveira, 20 - Barão Geraldo"
101645,Larissa Ribeiro Fernandes,189,"Avenida Heitor Penteado, 1978 - Taquaral"
101646,Larissa Cruz Alves,184,"Avenida Heitor Penteado, 2739 - Taquaral"
101647,Sofia Amorim Melo,203,"Avenida Albino José Barbosa de Oliveira, 2496 - Barão Geraldo"
101648,Victor Gomes Matos,183,"Avenida Albino José Barbosa de Oliveira, 1878 - Barão Geraldo"
101649,Guilherme Gomes Paschoalino,204,"Avenida Heitor Penteado, 1526 - Taquaral"
101650,Samuel Cruz Paschoalino,196,"Rua Maria Monteiro, 1182 - Cambuí"
101651,Livia Almeida Medeiros,173,"Avenida Albino José Barbosa de Oliveira, 1234 - Barão Geraldo"
101652,Yasmin Medeiros Santana,203,"Rua Coronel Quirino, 1337 - Cambuí"
101653,Giovanna Oliveira Nascimento,171,"Rua Coronel Quirino, 521 - Cambuí"
101654,Yasmin Silva Almeida,154,"Avenida Albino José Barbosa de Oliveira, 1769 - Barão Geraldo"
101655,Beatriz Nascimento Santana,182,"Avenida Heitor Penteado, 2139 - Taquaral"
101656,Sofia Medeiros Alves,185,"Avenida Albino José Barbosa de Oliveira, 2129 - Barão Geraldo"
101657,Miguel Cruz Campos,196,"Avenida Albino José Barbosa de Oliveira, 2725 - Barão Geraldo"
101658,Yasmin Matos Bellini,169,"Avenida Albino José Barbosa de Oliveira, 1124 - Barão Geraldo"
101659,Thiago Ribeiro Matos,168,"Avenida Heitor Penteado, 1789 - Taquaral"
101660,Livia Bellini Queiroz,184,"Avenida Heitor Penteado, 1317 - Taquaral"
101661,Larissa Nascimento Medeiros,201,"Avenida Albino José Barbosa de Oliveira, 1981 - Barão Geraldo"
101662,Livia Martins Gomes,192,"Rua Coronel Quirino, 767 - Cambuí"
101663,Yasmin Fernandes Matos,166,"Avenida Heitor Penteado, 2666 - Taquaral"
101664,Beatriz Paschoalino Silva,194,"Avenida Albino José Barbosa de Oliveira, 2625 - Barão Geraldo"
101665,Felipe Campos Ferreira,192,"Avenida Heitor Penteado, 1779 - Taquaral"
101666,Gabriel Ribeiro Ribeiro,183,"Avenida Albino José Barbosa de Oliveira, 2702 - Barão Geraldo"
101667,João Melo Matos,158,"Avenida Heitor Penteado, 1387 - Taquaral"
101668,Thiago Campos Santana,175,"Avenida Heitor Penteado, 586 - Taquaral"
101669,Thiago Santana Nascimento,151,"Avenida Albino José Barbosa de Oliveira, 3409 - Barão Geraldo"
101670,Miguel Oliveira Vieira,202,"Avenida Albino José Barbosa de Oliveira, 3154 - Barão Geraldo"
101671,Erik Oliveira Queiroz,158,"Avenida Albino José Barbosa de Oliveira, 2004 - Barão Geraldo"
101672,Daniel Martins Medeiros,158,"Avenida Heitor Penteado, 1232 - Taquaral"
101673,Maria Silva Matos,189,"Rua Coronel Quirino, 531 - Cambuí"
101674,Giovanna Almeida Oliveira,166,"Avenida Heitor Penteado, 1921 - Taquaral"
101675,Victor Silva Paschoalino,150,"Rua Maria Monteiro, 1369 - Cambuí"
101676,Henrique Ferreira Almeida,174,"Rua Maria Monteiro, 262 - Cambuí"
101677,Beatriz Almeida Fernandes,192,"Avenida Heitor Penteado, 1903 - Taquaral"
101678,Vinícius Medeiros Ribeiro,189,"Avenida Heitor Penteado, 1188 - Taquaral"
101679,Vinícius Nascimento Amorim,191,"Avenida Albino José Barbosa de Oliveira, 994 - Barão Geraldo"
101680,Victor Matos Alves,174,"Avenida Albino José Barbosa de Oliveira, 3363 - Barão Geraldo"
101681,Clara Fernandes Queiroz,188,"Avenida Albino José Barbosa de Oliveira, 2853 - Barão Geraldo"
101682,Gabriel Oliveira Queiroz,184,"Avenida Albino José Barbosa de Oliveira, 556 - Barão Geraldo"
101683,Clara Queiroz Oliveira,152,"Rua Coronel Quirino, 848 - Cambuí"
101684,Maria Matos Matos,199,"Avenida Heitor Penteado, 1653 - Taquaral"
101685,Livia Vieira Alves,186,"Avenida Heitor Penteado, 924 - Taquaral"
101686,Gabriel Santana Fernandes,193,"Avenida Heitor Penteado, 2664 - Taquaral"
101687,Henrique Alves Nascimento,193,"Avenida Albino José Barbosa de Oliveira, 1275 - Barão Geraldo"
101688,Felipe Campos Queiroz,200,"Rua Coronel Quirino, 1193 - Cambuí"
101689,Pedro Matos Ribeiro,179,"Avenida Heitor Penteado, 1925 - Taquaral"
101690,André Cruz Alves,187,"Rua Coronel Quirino, 410 - Cambuí"
101691,Miguel Bellini Ribeiro,183,"Rua Maria Monteiro, 1108 - Cambuí"
101692,Vinícius Campos Bellini,161,"Avenida Heitor Penteado, 1441 - Taquaral"
101693,Beatriz Fernandes Martins,168,"Avenida Albino José Barbosa de Oliveira, 3426 - Barão Geraldo"
101694,Daniel Martins Silva,186,"Avenida Albino José Barbosa de Oliveira, 2000 - Barão Geraldo"
101695,Sofia Nascimento Paschoalino,193,"Avenida Albino José Barbosa de Oliveira, 3421 - Barão Geraldo"
101696,Samuel Alves Queiroz,198,"Avenida Heitor Penteado, 2064 - Taquaral"
101697,Samuel Ferreira Amorim,166,"Rua Coronel Quirino, 924 - Cambuí"
101698,Beatriz Nascimento Ribeiro,159,"Rua Maria Monteiro, 1097 - Cambuí"
101699,Felipe Fernandes Queiroz,204,"Avenida Heitor Penteado, 802 - Taquaral"
101700,Clara Cruz Oliveira,198,"Avenida Heitor Penteado, 986 - Taquaral"
101701,Sofia Matos Paschoalino,196,"Rua Coronel Quirino, 1009 - Cambuí"
101702,Rafael Vieira Santana,161,"Rua Coronel Quirino, 137 - Cambuí"
101703,Yasmin Ribeiro Santana,165,"Avenida Heitor Penteado, 1040 - Taquaral"
101704,Yasmin Gomes Cruz,173,"Avenida Heitor Penteado, 2605 - Taquaral"
101705,Felipe Matos Gomes,168,"Avenida Albino José Barbosa de Oliveira, 1052 - Barão Geraldo"
101706,Rafael Vieira Almeida,157,"Avenida Albino José Barbosa de Oliveira, 2752 - Barão Geraldo"
101707,André Ferreira Fernandes,180,"Avenida Albino José Barbosa de Oliveira, 2960 - Barão Geraldo"
101708,Beatriz Vieira Vieira,170,"Avenida Albino José Barbosa de Oliveira, 1201 - Barão Geraldo"
101709,Beatriz Oliveira Silva,166,"Rua Coronel Quirino, 1561 - Cambuí"
101710,Sofia Vieira Melo,172,"Avenida Heitor Penteado, 180 - Taquaral"
101711,Gabriel Silva Gomes,186,"Avenida Albino José Barbosa de Oliveira, 2055 - Barão Geraldo"
101712,Livia Ferreira Ribeiro,203,"Avenida Heitor Penteado, 2934 - Taquaral"
101713,Livia Gomes Fernandes,165,"Avenida Heitor Penteado, 512 - Taquaral"
101714,André Martins Cruz,155,"Avenida Heitor Penteado, 792 - Taquaral"
101715,Sofia Paschoalino Ribeiro,157,"Avenida Albino José Barbosa de Oliveira, 422 - Barão Geraldo"
101716,Thiago Campos Vieira,174,"Rua Maria Monteiro, 952 - Cambuí"
101717,Thiago Melo Medeiros,167,"Avenida Heitor Penteado, 2709 - Taquaral"
101718,Larissa Vieira Alves,174,"Rua Maria Monteiro, 907 - Cambuí"
101719,Samuel Cruz Nascimento,161,"Avenida Albino José Barbosa de Oliveira, 1579 - Barão Geraldo"
101720,Yasmin Nascimento Campos,164,"Avenida Heitor Penteado, 2363 - Taquaral"
101721,Clara Nascimento Ferreira,175,"Rua Coronel Quirino, 1212 - Cambuí"
101722,Livia Martins Paschoalino,190,"Avenida Heitor Penteado, 2176 - Taquaral"
101723,Pedro Oliveira Matos,194,"Avenida Heitor Penteado, 2794 - Taquaral"
101724,Gabriel Almeida Martins,175,"Rua Coronel Quirino, 1951 - Cambuí"
101725,Sofia Nascimento Ribeiro,196,"Avenida Albino José Barbosa de Oliveira, 459 - Barão Geraldo"
101726,Eduardo Nascimento Ribeiro,181,"Avenida Albino José Barbosa de Oliveira, 2378 - Barão Geraldo"
101727,João Paschoalino Matos,159,"Rua Coronel Quirino, 1011 - Cambuí"
101728,Sofia Almeida Cruz,165,"Avenida Heitor Penteado, 1455 - Taquaral"
101729,Beatriz Paschoalino Melo,156,"Rua Coronel Quirino, 1096 - Cambuí"
101730,Vinícius Martins Matos,166,"Rua Coronel Quirino, 1900 - Cambuí"
101731,Sofia Vieira Nascimento,172,"Avenida Albino José Barbosa de Oliveira, 2890 - Barão Geraldo"
101732,Felipe Alves Santana,175,"Avenida Albino José Barbosa de Oliveira, 196 - Barão Geraldo"
101733,Maria Ribeiro Queiroz,170,"Avenida Heitor Penteado, 1871 - Taquaral"
101734,Eduardo Oliveira Oliveira,171,"Rua Maria Monteiro, 1103 - Cambuí"
101735,Gabriel Campos Silva,156,"Avenida Albino José Barbosa de Oliveira, 1116 - Barão Geraldo"
101736,Felipe Cruz Oliveira,163,"Rua Maria Monteiro, 482 - Cambuí"
101737,Yasmin Melo Medeiros,164,"Avenida Heitor Penteado, 804 - Taquaral"
101738,Sofia Ferreira Ribeiro,202,"Avenida Albino José Barbosa de Oliveira, 314 - Barão Geraldo"
101739,Sofia Vieira Nascimento,156,"Avenida Heitor Penteado, 203 - Taquaral"
101740,Yasmin Vieira Silva,158,"Avenida Albino José Barbosa de Oliveira, 1279 - Barão Geraldo"
101741,Daniel Santana Melo,200,"Rua Coronel Quirino, 1400 - Cambuí"
101742,Pedro Fernandes Alves,197,"Avenida Heitor Penteado, 1780 - Taquaral"
101743,Eduardo Ribeiro Bellini,157,"Avenida Heitor Penteado, 1294 - Taquaral"
101744,Daniel Nascimento Campos,199,"Avenida Heitor Penteado, 1818 - Taquaral"
101745,Clara Santana Fernandes,172,"Rua Coronel Quirino, 1165 - Cambuí"
101746,Pedro Ferreira Fernandes,178,"Rua Maria Monteiro, 1450 - Cambuí"
101747,Vinícius Nascimento Melo,167,"Avenida Albino José Barbosa de Oliveira, 2730 - Barão Geraldo"
101748,Eduardo Melo Melo,180,"Rua Coronel Quirino, 1479 - Cambuí"
101749,João Fernandes Gomes,179,"Avenida Albino José Barbosa de Oliveira, 3305 - Barão Geraldo"
101750,Erik Paschoalino Fernandes,201,"Avenida Heitor Penteado, 1504 - Taquaral"
101751,Gabriel Bellini Ribeiro,188,"Avenida Albino José Barbosa de Oliveira, 1606 - Barão Geraldo"
101752,Maria Silva Alves,184,"Rua Maria Monteiro, 711 - Cambuí"
101753,Eduardo Fernandes Amorim,167,"Rua Coronel Quirino, 585 - Cambuí"
101754,Miguel Ferreira Alves,191,"Avenida Albino José Barbosa de Oliveira, 3326 - Barão Geraldo"
101755,Guilherme Amorim Matos,188,"Avenida Albino José Barbosa de Oliveira, 2908 - Barão Geraldo"
101756,Daniel Oliveira Ribeiro,166,"Rua Maria Monteiro, 1047 - Cambuí"
101757,Vinícius Vieira Silva,163,"Avenida Albino José Barbosa de Oliveira, 1767 - Barão Geraldo"
101758,Eduardo Matos Santana,180,"Avenida Albino José Barbosa de Oliveira, 372 - Barão Geraldo"
101759,Giovanna Ribeiro Vieira,173,"Rua Maria Monteiro, 411 - Cambuí"
101760,Thiago Vieira Paschoalino,184,"Rua Maria Monteiro, 550 - Cambuí"
101761,Samuel Ribeiro Paschoalino,193,"Avenida Albino José Barbosa de Oliveira, 1330 - Barão Geraldo"
101762,Victor Melo Martins,194,"Rua Coronel Quirino, 269 - Cambuí"
101763,Victor Santana Medeiros,183,"Rua Coronel Quirino, 1717 - Cambuí"
101764,Sofia Silva Matos,152,"Avenida Albino José Barbosa de Oliveira, 3462 - Barão Geraldo"
101765,Sofia Amorim Ribeiro,186,"Avenida Heitor Penteado, 1625 - Taquaral"
101766,Eduardo Alves Martins,192,"Avenida Heitor Penteado, 1091 - Taquaral"
101767,Gabriel Melo Nascimento,189,"Avenida Albino José Barbosa de Oliveira, 1556 - Barão Geraldo"
101768,Eduardo Ferreira Queiroz,175,"Avenida Heitor Penteado, 750 - Taquaral"
101769,Samuel Vieira Martins,204,"Avenida Heitor Penteado, 1157 - Taquaral"
101770,João Queiroz Paschoalino,172,"Avenida Heitor Penteado, 458 - Taquaral"
101771,Yasmin Bellini Campos,193,"Avenida Albino José Barbosa de Oliveira, 3275 - Barão Geraldo"
101772,Yasmin Oliveira Queiroz,188,"Avenida Albino José Barbosa de Oliveira, 359 - Barão Geraldo"
101773,Eduardo Ferreira Oliveira,164,"Rua Coronel Quirino, 1986 - Cambuí"
101774,Erik Melo Melo,198,"Avenida Heitor Penteado, 2103 - Taquaral"
101775,Yasmin Almeida Amorim,153,"Rua Coronel Quirino, 395 - Cambuí"
101776,João Medeiros Bellini,178,"Rua Maria Monteiro, 1141 - Cambuí"
101777,Pedro Bellini Vieira,171,"Avenida Albino José Barbosa de Oliveira, 2836 - Barão Geraldo"
101778,Giovanna Alves Bellini,174,"Avenida Albino José Barbosa de Oliveira, 1830 - Barão Geraldo"
101779,Beatriz Santana Queiroz,162,"Avenida Albino José Barbosa de Oliveira, 2111 - Barão Geraldo"
101780,João Martins Amorim,167,"Avenida Heitor Penteado, 2209 - Taquaral"
101781,Miguel Medeiros Medeiros,182,"Avenida Heitor Penteado, 338 - Taquaral"
101782,Rafael Fernandes Cruz,165,"Avenida Heitor Penteado, 2757 - Taquaral"
101783,Larissa Queiroz Ribeiro,194,"Rua Maria Monteiro, 67 - Cambuí"
101784,Giovanna Silva Melo,191,"Rua Coronel Quirino, 1455 - Cambuí"
101785,Sofia Melo Oliveira,193,"Avenida Albino José Barbosa de Oliveira, 822 - Barão Geraldo"
101786,Livia Ribeiro Martins,151,"Rua Coronel Quirino, 646 - Cambuí"
101787,João Melo Ribeiro,204,"Rua Maria Monteiro, 237 - Cambuí"
101788,Clara Queiroz Silva,184,"Rua Coronel Quirino, 446 - Cambuí"
101789,Livia Bellini Queiroz,191,"Avenida Albino José Barbosa de Oliveira, 1604 - Barão Geraldo"
101790,Livia Alves Alves,183,"Rua Maria Monteiro, 13 - Cambuí"
101791,Pedro Amorim Campos,179,"Avenida Albino José Barbosa de Oliveira, 3195 - Barão Geraldo"
101792,André Queiroz Almeida,204,"Avenida Heitor Penteado, 1929 - Taquaral"
101793,Miguel Oliveira Bellini,162,"Avenida Heitor Penteado, 2357 - Taquaral"
101794,Clara Queiroz Ribeiro,162,"Rua Coronel Quirino, 1454 - Cambuí"
101795,Giovanna Santana Almeida,167,"Avenida Albino José Barbosa de Oliveira, 1793 - Barão Geraldo"
101796,Erik Oliveira Alves,181,"Rua Maria Monteiro, 1598 - Cambuí"
101797,Vinícius Cruz Bellini,181,"Avenida Heitor Penteado, 601 - Taquaral"
101798,Maria Fernandes Cruz,184,"Avenida Albino José Barbosa de Oliveira, 20 - Barão Geraldo"
101799,Pedro Amorim Amorim,188,"Avenida Heitor Penteado, 2689 - Taquaral"
101800,Felipe Melo Oliveira,195,"Avenida Heitor Penteado, 2617 - Taquaral"
101801,Rafael Gomes Paschoalino,201,"Avenida Heitor Penteado, 394 - Taquaral"
101802,Gabriel Medeiros Almeida,178,"Avenida Heitor Penteado, 181 - Taquaral"
101803,Victor Melo Oliveira,198,"Avenida Heitor Penteado, 2307 - Taquaral"
101804,Eduardo Ribeiro Queiroz,178,"Rua Coronel Quirino, 310 - Cambuí"
101805,Beatriz Melo Almeida,202,"Avenida Albino José Barbosa de Oliveira, 3343 - Barão Geraldo"
101806,Beatriz Oliveira Silva,193,"Avenida Albino José Barbosa de Oliveira, 193 - Barão Geraldo"
101807,Erik Queiroz Martins,165,"Rua Maria Monteiro, 802 - Cambuí"
101808,Vinícius Melo Ribeiro,193,"Avenida Heitor Penteado, 1650 - Taquaral"
101809,André Nascimento Vieira,196,"Avenida Heitor Penteado, 1923 - Taquaral"
101810,Felipe Ferreira Campos,159,"Avenida Heitor Penteado, 2421 - Taquaral"
101811,Pedro Amorim Oliveira,179,"Avenida Albino José Barbosa de Oliveira, 1653 - Barão Geraldo"
101812,Gabriel Gomes Campos,174,"Rua Coronel Quirino, 1570 - Cambuí"
101813,Eduardo Melo Oliveira,188,"Avenida Albino José Barbosa de Oliveira, 2505 - Barão Geraldo"
101814,Vinícius Queiroz Silva,169,"Avenida Albino José Barbosa de Oliveira, 1594 - Barão Geraldo"
101815,Erik Fernandes Ferreira,154,"Avenida Heitor Penteado, 2322 - Taquaral"
101816,Vinícius Melo Vieira,150,"Avenida Albino José Barbosa de Oliveira, 2652 - Barão Geraldo"
101817,Gabriel Martins Martins,179,"Rua Maria Monteiro, 621 - Cambuí"
101818,Eduardo Cruz Paschoalino,198,"Rua Coronel Quirino, 1767 - Cambuí"
101819,Felipe Queiroz Queiroz,152,"Avenida Albino José Barbosa de Oliveira, 2898 - Barão Geraldo"
101820,Yasmin Gomes Almeida,194,"Avenida Albino José Barbosa de Oliveira, 2806 - Barão Geraldo"
101821,Vinícius Cruz Oliveira,163,"Rua Maria Monteiro, 1141 - Cambuí"
101822,Pedro Campos Campos,179,"Rua Coronel Quirino, 1244 - Cambuí"
101823,Beatriz Matos Queiroz,199,"Avenida Albino José Barbosa de Oliveira, 779 - Barão Geraldo"
101824,Daniel Vieira Amorim,153,"Avenida Heitor Penteado, 2383 - Taquaral"
101825,Yasmin Almeida Campos,167,"Avenida Heitor Penteado, 54 - Taquaral"
101826,Sofia Paschoalino Ribeiro,186,"Avenida Heitor Penteado, 727 - Taquaral"
101827,Maria Queiroz Gomes,174,"Rua Coronel Quirino, 1988 - Cambuí"
101828,João Medeiros Queiroz,197,"Rua Maria Monteiro, 1235 - Cambuí"
101829,Maria Bellini Amorim,150,"Rua Coronel Quirino, 1592 - Cambuí"
101830,Livia Alves Melo,202,"Rua Coronel Quirino, 451 - Cambuí"
101831,Thiago Melo Cruz,195,"Avenida Heitor Penteado, 585 - Taquaral"
101832,Maria Almeida Silva,164,"Rua Maria Monteiro, 877 - Cambuí"
101833,Pedro Bellini Vieira,158,"Avenida Albino José Barbosa de Oliveira, 2264 - Barão Geraldo"
101834,Guilherme Campos Matos,164,"Avenida Albino José Barbosa de Oliveira, 1512 - Barão Geraldo"
101835,Maria Silva Santana,198,"Avenida Heitor Penteado, 589 - Taquaral"
101836,André Paschoalino Melo,173,"Avenida Albino José Barbosa de Oliveira, 825 - Barão Geraldo"
101837,Samuel Cruz Queiroz,153,"Avenida Heitor Penteado, 2072 - Taquaral"
101838,André Martins Ribeiro,161,"Avenida Heitor Penteado, 2805 - Taquaral"
101839,Felipe Fernandes Gomes,186,"Avenida Albino José Barbosa de Oliveira, 27 - Barão Geraldo"
101840,João Cruz Almeida,186,"Avenida Heitor Penteado, 1847 - Taquaral"
101841,Maria Ribeiro Melo,192,"Rua Coronel Quirino, 1843 - Cambuí"
101842,Giovanna Silva Matos,155,"Rua Coronel Quirino, 737 - Cambuí"
101843,Maria Melo Alves,188,"Avenida Heitor Penteado, 1555 - Taquaral"
101844,Vinícius Silva Martins,195,"Avenida Albino José Barbosa de Oliveira, 3170 - Barão Geraldo"
101845,Felipe Gomes Matos,173,"Avenida Albino José Barbosa de Oliveira, 510 - Barão Geraldo"
101846,Sofia Amorim Oliveira,160,"Rua Maria Monteiro, 1514 - Cambuí"
101847,João Matos Matos,162,"Rua Coronel Quirino, 196 - Cambuí"
101848,Pedro Silva Nascimento,183,"Rua Maria Monteiro, 1122 - Cambuí"
101849,Victor Alves Martins,174,"Rua Maria Monteiro, 187 - Cambuí"
101850,Thiago Almeida Cruz,156,"Avenida Albino José Barbosa de Oliveira, 1515 - Barão Geraldo"
101851,Thiago Bellini Ferreira,201,"Avenida Albino José Barbosa de Oliveira, 2329 - Barão Geraldo"
101852,Larissa Oliveira Cruz,153,"Avenida Albino José Barbosa de Oliveira, 913 - Barão Geraldo"
101853,Felipe Queiroz Martins,157,"Avenida Heitor Penteado, 419 - Taquaral"
101854,Henrique Matos Campos,169,"Avenida Heitor Penteado, 343 - Taquaral"
101855,Larissa Medeiros Oliveira,178,"Avenida Heitor Penteado, 797 - Taquaral"
101856,Livia Ribeiro Paschoalino,203,"Rua Coronel Quirino, 941 - Cambuí"
101857,Clara Almeida Amorim,202,"Avenida Albino José Barbosa de Oliveira, 243 - Barão Geraldo"
101858,Vinícius Gomes Vieira,200,"Avenida Albino José Barbosa de Oliveira, 311 - Barão Geraldo"
101859,Clara Silva Bellini,194,"Rua Coronel Quirino, 1963 - Cambuí"
101860,João Vieira Campos,195,"Avenida Albino José Barbosa de Oliveira, 29 - Barão Geraldo"
101861,Beatriz Martins Martins,159,"Avenida Heitor Penteado, 1616 - Taquaral"
101862,Vinícius Ribeiro Queiroz,192,"Avenida Heitor Penteado, 2609 - Taquaral"
101863,Guilherme Campos Medeiros,183,"Avenida Albino José Barbosa de Oliveira, 865 - Barão Geraldo"
101864,Erik Ribeiro Amorim,175,"Rua Coronel Quirino, 888 - Cambuí"
101865,Miguel Paschoalino Santana,190,"Avenida Albino José Barbosa de Oliveira, 482 - Barão Geraldo"
101866,Yasmin Queiroz Nascimento,198,"Avenida Albino José Barbosa de Oliveira, 3139 - Barão Geraldo"
101867,Felipe Medeiros Campos,152,"Avenida Heitor Penteado, 1913 - Taquaral"
101868,Samuel Queiroz Bellini,155,"Avenida Albino José Barbosa de Oliveira, 258 - Barão Geraldo"
101869,Vinícius Oliveira Medeiros,154,"Rua Coronel Quirino, 673 - Cambuí"
101870,João Bellini Ribeiro,154,"Rua Coronel Quirino, 764 - Cambuí"
101871,André Oliveira Vieira,203,"Avenida Albino José Barbosa de Oliveira, 2780 - Barão Geraldo"
101872,Giovanna Martins Alves,196,"Avenida Albino José Barbosa de Oliveira, 3461 - Barão Geraldo"
101873,Yasmin Martins Martins,172,"Rua Coronel Quirino, 1657 - Cambuí"
101874,Victor Santana Queiroz,198,"Rua Maria Monteiro, 476 - Cambuí"
101875,André Vieira Vieira,158,"Rua Maria Monteiro, 551 - Cambuí"
101876,Sofia Nascimento Matos,184,"Avenida Albino José Barbosa de Oliveira, 3075 - Barão Geraldo"
101877,Victor Alves Alves,169,"Avenida Albino José Barbosa de Oliveira, 1375 - Barão Geraldo"
101878,Giovanna Bellini Campos,198,"Avenida Heitor Penteado, 1403 - Taquaral"
101879,Felipe Ferreira Martins,191,"Rua Maria Monteiro, 628 - Cambuí"
101880,Victor Paschoalino Silva,184,"Avenida Albino José Barbosa de Oliveira, 2194 - Barão Geraldo"
101881,Erik Gomes Queiroz,199,"Rua Coronel Quirino, 1535 - Cambuí"
101882,Daniel Matos Vieira,167,"Avenida Heitor Penteado, 489 - Taquaral"
101883,Samuel Nascimento Fernandes,166,"Avenida Albino José Barbosa de Oliveira, 1420 - Barão Geraldo"
101884,Daniel Queiroz Silva,173,"Avenida Heitor Penteado, 1406 - Taquaral"
101885,Sofia Melo Silva,152,"Avenida Heitor Penteado, 1991 - Taquaral"
101886,Larissa Ferreira Martins,181,"Rua Coronel Quirino, 1317 - Cambuí"
101887,Victor Amorim Bellini,184,"Avenida Albino José Barbosa de Oliveira, 3359 - Barão Geraldo"
101888,Henrique Ferreira Ferreira,187,"Avenida Albino José Barbosa de Oliveira, 3298 - Barão Geraldo"
101889,Victor Paschoalino Amorim,162,"Avenida Heitor Penteado, 490 - Taquaral"
101890,Daniel Silva Vieira,196,"Rua Maria Monteiro, 114 - Cambuí"
101891,Livia Ribeiro Bellini,174,"Avenida Heitor Penteado, 1616 - Taquaral"
101892,Yasmin Bellini Fernandes,158,"Avenida Heitor Penteado, 1492 - Taquaral"
101893,Maria Alves Queiroz,153,"Avenida Heitor Penteado, 1723 - Taquaral"
101894,Sofia Paschoalino Silva,163,"Avenida Heitor Penteado, 623 - Taquaral"
101895,Gabriel Nascimento Vieira,186,"Avenida Albino José Barbosa de Oliveira, 631 - Barão Geraldo"
101896,Livia Fernandes Vieira,183,"Rua Coronel Quirino, 1499 - Cambuí"
101897,Sofia Oliveira Amorim,160,"Avenida Albino José Barbosa de Oliveira, 1222 - Barão Geraldo"
101898,Henrique Alves Santana,190,"Avenida Albino José Barbosa de Oliveira, 1109 - Barão Geraldo"
101899,Victor Silva Oliveira,152,"Avenida Albino José Barbosa de Oliveira, 3115 - Barão Geraldo"
101900,Thiago Santana Amorim,177,"Rua Maria Monteiro, 1256 - Cambuí"
101901,Thiago Santana Bellini,178,"Avenida Albino José Barbosa de Oliveira, 2816 - Barão Geraldo"
101902,Thiago Bellini Silva,158,"Avenida Heitor Penteado, 1717 - Taquaral"
101903,Felipe Bellini Santana,152,"Rua Coronel Quirino, 876 - Cambuí"
101904,Gabriel Campos Alves,174,"Avenida Albino José Barbosa de Oliveira, 2672 - Barão Geraldo"
101905,Eduardo Cruz Cruz,183,"Avenida Albino José Barbosa de Oliveira, 287 - Barão Geraldo"
101906,Clara Amorim Campos,161,"Rua Maria Monteiro, 849 - Cambuí"
101907,André Matos Medeiros,191,"Avenida Albino José Barbosa de Oliveira, 148 - Barão Geraldo"
101908,Pedro Alves Campos,158,"Avenida Albino José Barbosa de Oliveira, 1815 - Barão Geraldo"
101909,Henrique Amorim Melo,164,"Avenida Heitor Penteado, 2451 - Taquaral"
101910,Giovanna Amorim Oliveira,189,"Avenida Heitor Penteado, 177 - Taquaral"
101911,Samuel Silva Martins,174,"Avenida Albino José Barbosa de Oliveira, 2342 - Barão Geraldo"
101912,Gabriel Melo Almeida,154,"Avenida Albino José Barbosa de Oliveira, 601 - Barão Geraldo"
101913,Beatriz Queiroz Gomes,160,"Avenida Heitor Penteado, 2045 - Taquaral"
101914,Pedro Matos Medeiros,183,"Avenida Heitor Penteado, 1828 - Taquaral"
101915,Samuel Alves Martins,173,"Rua Maria Monteiro, 122 - Cambuí"
101916,Yasmin Oliveira Ferreira,164,"Avenida Heitor Penteado, 1474 - Taquaral"
101917,Daniel Queiroz Ferreira,187,"Rua Maria Monteiro, 1144 - Cambuí"
101918,Henrique Paschoalino Paschoalino,157,"Avenida Albino José Barbosa de Oliveira, 716 - Barão Geraldo"
101919,Yasmin Santana Martins,154,"Rua Maria Monteiro, 843 - Cambuí"
101920,Victor Cruz Fernandes,197,"Avenida Albino José Barbosa de Oliveira, 1187 - Barão Geraldo"
101921,João Campos Silva,175,"Rua Maria Monteiro, 484 - Cambuí"
101922,Erik Matos Silva,167,"Rua Maria Monteiro, 116 - Cambuí"
101923,Gabriel Silva Amorim,155,"Rua Maria Monteiro, 1273 - Cambuí"
101924,Vinícius Fernandes Alves,186,"Avenida Albino José Barbosa de Oliveira, 1043 - Barão Geraldo"
101925,Erik Amorim Gomes,197,"Avenida Heitor Penteado, 102 - Taquaral"
101926,Felipe Gomes Alves,162,"Avenida Heitor Penteado, 1557 - Taquaral"
101927,João Martins Silva,177,"Avenida Albino José Barbosa de Oliveira, 2908 - Barão Geraldo"
101928,Miguel Oliveira Melo,154,"Rua Maria Monteiro, 826 - Cambuí"
101929,Eduardo Melo Bellini,162,"Avenida Albino José Barbosa de Oliveira, 2690 - Barão Geraldo"
101930,Daniel Silva Bellini,166,"Rua Maria Monteiro, 708 - Cambuí"
101931,Sofia Gomes Martins,199,"Avenida Heitor Penteado, 1333 - Taquaral"
101932,Felipe Almeida Almeida,189,"Rua Coronel Quirino, 285 - Cambuí"
101933,Pedro Paschoalino Oliveira,194,"Rua Coronel Quirino, 596 - Cambuí"
101934,Maria Amorim Almeida,181,"Avenida Heitor Penteado, 145 - Taquaral"
101935,Rafael Queiroz Matos,178,"Avenida Heitor Penteado, 1049 - Taquaral"
101936,Thiago Fernandes Amorim,200,"Avenida Albino José Barbosa de Oliveira, 1186 - Barão Geraldo"
101937,Guilherme Silva Matos,152,"Avenida Albino José Barbosa de Oliveira, 3204 - Barão Geraldo"
101938,Victor Medeiros Martins,189,"Avenida Heitor Penteado, 446 - Taquaral"
101939,Daniel Oliveira Medeiros,183,"Rua Maria Monteiro, 534 - Cambuí"
101940,Felipe Silva Amorim,189,"Rua Coronel Quirino, 816 - Cambuí"
101941,Rafael Cruz Ferreira,176,"Avenida Heitor Penteado, 2178 - Taquaral"
101942,Thiago Fernandes Silva,162,"Rua Coronel Quirino, 607 - Cambuí"
101943,João Alves Matos,194,"Avenida Heitor Penteado, 1249 - Taquaral"
101944,Sofia Silva Alves,182,"Rua Coronel Quirino, 782 - Cambuí"
101945,André Gomes Cruz,155,"Rua Coronel Quirino, 1241 - Cambuí"
101946,João Campos Santana,173,"Avenida Heitor Penteado, 2239 - Taquaral"
101947,Victor Melo Ribeiro,168,"Avenida Heitor Penteado, 2790 - Taquaral"
101948,Rafael Matos Oliveira,165,"Rua Maria Monteiro, 478 - Cambuí"
101949,Guilherme Alves Fernandes,189,"Avenida Albino José Barbosa de Oliveira, 701 - Barão Geraldo"
101950,Yasmin Queiroz Amorim,177,"Rua Maria Monteiro, 163 - Cambuí"
101951,Thiago Ferreira Vieira,182,"Avenida Heitor Penteado, 391 - Taquaral"
101952,Livia Campos Nascimento,197,"Avenida Albino José Barbosa de Oliveira, 2304 - Barão Geraldo"
101953,Miguel Ribeiro Almeida,190,"Avenida Heitor Penteado, 865 - Taquaral"
101954,Erik Ribeiro Fernandes,162,"Avenida Albino José Barbosa de Oliveira, 2221 - Barão Geraldo"
101955,Maria Ribeiro Campos,192,"Avenida Heitor Penteado, 663 - Taquaral"
101956,Victor Martins Vieira,194,"Avenida Albino José Barbosa de Oliveira, 841 - Barão Geraldo"
101957,Clara Oliveira Fernandes,174,"Avenida Albino José Barbosa de Oliveira, 1040 - Barão Geraldo"
101958,Gabriel Fernandes Fernandes,202,"Rua Coronel Quirino, 1262 - Cambuí"
101959,Rafael Nascimento Silva,191,"Avenida Heitor Penteado, 721 - Taquaral"
101960,Vinícius Ribeiro Martins,185,"Avenida Albino José Barbosa de Oliveira, 1951 - Barão Geraldo"
101961,Giovanna Ferreira Alves,176,"Avenida Albino José Barbosa de Oliveira, 1278 - Barão Geraldo"
101962,Thiago Melo Queiroz,187,"Avenida Heitor Penteado, 1759 - Taquaral"
101963,Miguel Gomes Oliveira,156,"Rua Maria Monteiro, 408 - Cambuí"
101964,Erik Paschoalino Almeida,154,"Rua Maria Monteiro, 974 - Cambuí"
101965,Thiago Bellini Silva,192,"Rua Maria Monteiro, 673 - Cambuí"
101966,Thiago Vieira Santana,194,"Rua Maria Monteiro, 376 - Cambuí"
101967,Erik Martins Cruz,200,"Avenida Albino José Barbosa de Oliveira, 1288 - Barão Geraldo"
101968,Daniel Vieira Amorim,180,"Avenida Heitor Penteado, 624 - Taquaral"
101969,Sofia Medeiros Paschoalino,172,"Rua Maria Monteiro, 1404 - Cambuí"
101970,Livia Queiroz Vieira,191,"Rua Maria Monteiro, 178 - Cambuí"
101971,Daniel Silva Campos,159,"Avenida Albino José Barbosa de Oliveira, 1488 - Barão Geraldo"
101972,Eduardo Vieira Ribeiro,181,"Avenida Heitor Penteado, 1122 - Taquaral"
101973,Livia Nascimento Bellini,192,"Rua Coronel Quirino, 664 - Cambuí"
101974,Gabriel Nascimento Ferreira,202,"Avenida Albino José Barbosa de Oliveira, 2547 - Barão Geraldo"
101975,Rafael Almeida Almeida,179,"Rua Maria Monteiro, 123 - Cambuí"
101976,Samuel Oliveira Paschoalino,188,"Avenida Heitor Penteado, 1710 - Taquaral"
101977,Beatriz Alves Fernandes,180,"Rua Coronel Quirino, 754 - Cambuí"
101978,Pedro Ferreira Matos,167,"Avenida Albino José Barbosa de Oliveira, 3204 - Barão Geraldo"
101979,Giovanna Matos Ferreira,185,"Rua Coronel Quirino, 450 - Cambuí"
101980,Eduardo Matos Oliveira,151,"Avenida Heitor Penteado, 1045 - Taquaral"
101981,Victor Campos Ferreira,163,"Avenida Heitor Penteado, 218 - Taquaral"
101982,Rafael Ribeiro Melo,162,"Rua Coronel Quirino, 213 - Cambuí"
101983,Maria Queiroz Ribeiro,178,"Avenida Heitor Penteado, 1207 - Taquaral"
101984,Rafael Matos Nascimento,161,"Avenida Albino José Barbosa de Oliveira, 836 - Barão Geraldo"
101985,João Amorim Matos,188,"Rua Coronel Quirino, 1139 - Cambuí"
101986,Gabriel Vieira Ferreira,151,"Avenida Heitor Penteado, 984 - Taquaral"
101987,Guilherme Alves Gomes,181,"Avenida Albino José Barbosa de Oliveira, 1639 - Barão Geraldo"
101988,Giovanna Almeida Nascimento,162,"Avenida Albino José Barbosa de Oliveira, 1755 - Barão Geraldo"
101989,André Paschoalino Queiroz,195,"Rua Maria Monteiro, 541 - Cambuí"
101990,Eduardo Alves Nascimento,176,"Avenida Heitor Penteado, 2444 - Taquaral"
101991,Pedro Matos Paschoalino,198,"Rua Maria Monteiro, 285 - Cambuí"
101992,Larissa Amorim Amorim,190,"Avenida Heitor Penteado, 319 - Taquaral"
101993,Guilherme Paschoalino Gomes,166,"Avenida Heitor Penteado, 2058 - Taquaral"
101994,Guilherme Campos Bellini,189,"Avenida Albino José Barbosa de Oliveira, 2553 - Barão Geraldo"
101995,André Matos Alves,180,"Avenida Albino José Barbosa de Oliveira, 38 - Barão Geraldo"
101996,Felipe Gomes Matos,183,"Rua Coronel Quirino, 190 - Cambuí"
101997,Maria Martins Bellini,173,"Avenida Albino José Barbosa de Oliveira, 2326 - Barão Geraldo"
101998,Erik Ribeiro Martins,194,"Avenida Heitor Penteado, 2505 - Taquaral"
101999,Livia Bellini Silva,184,"Avenida Heitor Penteado, 123 - Taquaral"
102000,Clara Gomes Ribeiro,197,"Avenida Albino José Barbosa de Oliveira, 1445 - Barão Geraldo"
102001,Gabriel Queiroz Campos,155,"Rua Maria Monteiro, 104 - Cambuí"
102002,Larissa Silva Nascimento,168,"Rua Maria Monteiro, 1135 - Cambuí"
102003,Rafael Matos Silva,179,"Avenida Albino José Barbosa de Oliveira, 527 - Barão Geraldo"
102004,Maria Santana Vieira,156,"Rua Maria Monteiro, 1453 - Cambuí"
102005,Erik Almeida Nascimento,159,"Rua Coronel Quirino, 1823 - Cambuí"
102006,Daniel Ribeiro Ferreira,190,"Rua Coronel Quirino, 1278 - Cambuí"
102007,Vinícius Ferreira Silva,181,"Avenida Albino José Barbosa de Oliveira, 3098 - Barão Geraldo"
102008,Larissa Campos Amorim,183,"Avenida Heitor Penteado, 2080 - Taquaral"
102009,Felipe Fernandes Paschoalino,177,"Rua Maria Monteiro, 713 - Cambuí"
102010,Eduardo Medeiros Matos,164,"Avenida Albino José Barbosa de Oliveira, 1331 - Barão Geraldo"
102011,André Oliveira Cruz,179,"Rua Maria Monteiro, 889 - Cambuí"
102012,Guilherme Silva Almeida,186,"Rua Coronel Quirino, 270 - Cambuí"
102013,Larissa Ferreira Paschoalino,178,"Avenida Heitor Penteado, 89 - Taquaral"
102014,Gabriel Vieira Almeida,171,"Avenida Heitor Penteado, 1892 - Taquaral"
102015,André Amorim Santana,153,"Avenida Heitor Penteado, 1278 - Taquaral"
102016,Henrique Gomes Nascimento,169,"Rua Coronel Quirino, 1249 - Cambuí"
102017,Pedro Alves Ferreira,181,"Avenida Heitor Penteado, 2397 - Taquaral"
102018,Larissa Medeiros Fernandes,185,"Avenida Heitor Penteado, 1588 - Taquaral"
102019,Clara Almeida Medeiros,199,"Rua Coronel Quirino, 1331 - Cambuí"
102020,Giovanna Martins Vieira,153,"Rua Maria Monteiro, 1429 - Cambuí"
102021,Sofia Amorim Oliveira,176,"Rua Maria Monteiro, 625 - Cambuí"
102022,Felipe Silva Martins,166,"Avenida Albino José Barbosa de Oliveira, 2990 - Barão Geraldo"
102023,André Cruz Bellini,161,"Avenida Heitor Penteado, 2655 - Taquaral"
102024,Livia Ferreira Bellini,171,"Avenida Heitor Penteado, 1976 - Taquaral"
102025,Thiago Medeiros Santana,166,"Rua Coronel Quirino, 708 - Cambuí"
102026,Miguel Cruz Queiroz,159,"Rua Coronel Quirino, 504 - Cambuí"
102027,Yasmin Santana Amorim,203,"Avenida Albino José Barbosa de Oliveira, 1256 - Barão Geraldo"
102028,Livia Nascimento Fernandes,150,"Avenida Albino José Barbosa de Oliveira, 2135 - Barão Geraldo"
102029,Erik Ribeiro Medeiros,171,"Avenida Heitor Penteado, 2482 - Taquaral"
102030,Thiago Matos Queiroz,175,"Avenida Heitor Penteado, 1961 - Taquaral"
102031,Daniel Silva Amorim,167,"Rua Coronel Quirino, 1951 - Cambuí"
102032,Rafael Nascimento Santana,199,"Avenida Heitor Penteado, 922 - Taquaral"
102033,João Medeiros Santana,163,"Avenida Albino José Barbosa de Oliveira, 3429 - Barão Geraldo"
102034,Daniel Bellini Ribeiro,196,"Rua Maria Monteiro, 1572 - Cambuí"
102035,Maria Fernandes Paschoalino,178,"Rua Coronel Quirino, 2000 - Cambuí"
102036,Erik Silva Melo,161,"Avenida Albino José Barbosa de Oliveira, 2634 - Barão Geraldo"
102037,Daniel Martins Bellini,185,"Avenida Heitor Penteado, 1210 - Taquaral"
102038,André Medeiros Melo,184,"Avenida Heitor Penteado, 217 - Taquaral"
102039,Larissa Amorim Campos,201,"Avenida Albino José Barbosa de Oliveira, 2963 - Barão Geraldo"
102040,Eduardo Alves Vieira,161,"Rua Coronel Quirino, 119 - Cambuí"
102041,Gabriel Oliveira Amorim,156,"Avenida Albino José Barbosa de Oliveira, 1726 - Barão Geraldo"
102042,Clara Campos Fernandes,178,"Avenida Albino José Barbosa de Oliveira, 1988 - Barão Geraldo"
102043,Rafael Medeiros Medeiros,160,"Rua Coronel Quirino, 950 - Cambuí"
102044,João Ribeiro Almeida,182,"Rua Coronel Quirino, 1900 - Cambuí"
102045,Larissa Matos Cruz,155,"Rua Coronel Quirino, 882 - Cambuí"
102046,Eduardo Amorim Bellini,196,"Avenida Albino José Barbosa de Oliveira, 525 - Barão Geraldo"
102047,Henrique Matos Ribeiro,164,"Avenida Heitor Penteado, 2442 - Taquaral"
102048,João Ferreira Santana,181,"Rua Maria Monteiro, 462 - Cambuí"
102049,André Martins Alves,200,"Avenida Heitor Penteado, 227 - Taquaral"
102050,Thiago Almeida Silva,160,"Avenida Albino José Barbosa de Oliveira, 2950 - Barão Geraldo"
102051,Beatriz Amorim Ferreira,172,"Avenida Heitor Penteado, 420 - Taquaral"
102052,Sofia Nascimento Matos,175,"Avenida Albino José Barbosa de Oliveira, 617 - Barão Geraldo"
102053,Larissa Amorim Santana,183,"Avenida Heitor Penteado, 455 - Taquaral"
102054,Victor Oliveira Matos,195,"Avenida Albino José Barbosa de Oliveira, 3090 - Barão Geraldo"
102055,João Fernandes Ferreira,183,"Avenida Heitor Penteado, 756 - Taquaral"
102056,Giovanna Campos Matos,178,"Avenida Heitor Penteado, 279 - Taquaral"
102057,Erik Vieira Queiroz,153,"Avenida Heitor Penteado, 1354 - Taquaral"
102058,Eduardo Ferreira Nascimento,166,"Avenida Heitor Penteado, 57 - Taquaral"
102059,Giovanna Matos Alves,184,"Avenida Albino José Barbosa de Oliveira, 2146 - Barão Geraldo"
102060,Miguel Paschoalino Ribeiro,162,"Avenida Heitor Penteado, 2510 - Taquaral"
102061,Samuel Martins Oliveira,190,"Rua Maria Monteiro, 685 - Cambuí"
102062,André Campos Alves,188,"Avenida Albino José Barbosa de Oliveira, 1846 - Barão Geraldo"
102063,Vinícius Bellini Fernandes,164,"Avenida Heitor Penteado, 656 - Taquaral"
102064,Thiago Vieira Matos,204,"Avenida Albino José Barbosa de Oliveira, 3426 - Barão Geraldo"
102065,Livia Santana Queiroz,178,"Avenida Albino José Barbosa de Oliveira, 2535 - Barão Geraldo"
102066,Yasmin Amorim Matos,178,"Avenida Heitor Penteado, 2850 - Taquaral"
102067,Eduardo Campos Nascimento,160,"Avenida Heitor Penteado, 347 - Taquaral"
102068,Henrique Gomes Ribeiro,201,"Avenida Heitor Penteado, 2447 - Taquaral"
102069,Henrique Cruz Cruz,181,"Rua Maria Monteiro, 350 - Cambuí"
102070,Samuel Vieira Medeiros,151,"Avenida Heitor Penteado, 1243 - Taquaral"
102071,Eduardo Oliveira Medeiros,196,"Avenida Heitor Penteado, 1659 - Taquaral"
102072,Felipe Cruz Amorim,163,"Avenida Heitor Penteado, 184 - Taquaral"
102073,Felipe Cruz Medeiros,169,"Avenida Albino José Barbosa de Oliveira, 596 - Barão Geraldo"
102074,Victor Ribeiro Martins,171,"Avenida Albino José Barbosa de Oliveira, 2363 - Barão Geraldo"
102075,Yasmin Amorim Queiroz,160,"Rua Maria Monteiro, 895 - Cambuí"
102076,Vinícius Melo Silva,176,"Avenida Heitor Penteado, 1675 - Taquaral"
102077,Beatriz Alves Bellini,152,"Rua Coronel Quirino, 716 - Cambuí"
102078,Vinícius Vieira Paschoalino,166,"Rua Coronel Quirino, 1130 - Cambuí"
102079,Felipe Ribeiro Amorim,193,"Avenida Heitor Penteado, 2900 - Taquaral"
102080,Clara Ferreira Ribeiro,177,"Avenida Heitor Penteado, 1074 - Taquaral"
102081,Beatriz Alves Matos,178,"Avenida Albino José Barbosa de Oliveira, 2936 - Barão Geraldo"
102082,Thiago Gomes Alves,170,"Avenida Heitor Penteado, 2636 - Taquaral"
102083,Larissa Medeiros Campos,196,"Rua Maria Monteiro, 830 - Cambuí"
102084,Giovanna Queiroz Medeiros,165,"Avenida Albino José Barbosa de Oliveira, 2462 - Barão Geraldo"
102085,Thiago Vieira Nascimento,186,"Rua Maria Monteiro, 1514 - Cambuí"
102086,Clara Santana Queiroz,169,"Avenida Heitor Penteado, 1499 - Taquaral"
102087,Daniel Cruz Bellini,155,"Avenida Heitor Penteado, 2557 - Taquaral"
102088,Sofia Martins Santana,168,"Rua Coronel Quirino, 573 - Cambuí"
102089,Felipe Queiroz Bellini,154,"Avenida Albino José Barbosa de Oliveira, 2416 - Barão Geraldo"
102090,Victor Ribeiro Oliveira,152,"Rua Coronel Quirino, 754 - Cambuí"
102091,Sofia Matos Gomes,150,"Rua Maria Monteiro, 1420 - Cambuí"
102092,Thiago Cruz Ribeiro,187,"Avenida Heitor Penteado, 2112 - Taquaral"
102093,Victor Alves Ferreira,164,"Avenida Heitor Penteado, 1379 - Taquaral"
102094,Larissa Gomes Cruz,183,"Avenida Heitor Penteado, 1026 - Taquaral"
102095,Erik Oliveira Matos,184,"Avenida Albino José Barbosa de Oliveira, 916 - Barão Geraldo"
102096,Livia Queiroz Fernandes,198,"Rua Maria Monteiro, 995 - Cambuí"
102097,Yasmin Oliveira Matos,174,"Rua Coronel Quirino, 797 - Cambuí"
102098,Vinícius Ferreira Alves,173,"Rua Maria Monteiro, 113 - Cambuí"
102099,Henrique Matos Fernandes,161,"Rua Maria Monteiro, 876 - Cambuí"
102100,João Gomes Ribeiro,167,"Avenida Heitor Penteado, 742 - Taquaral"
102101,Maria Fernandes Campos,164,"Rua Coronel Quirino, 1652 - Cambuí"
102102,Gabriel Melo Matos,193,"Avenida Heitor Penteado, 98 - Taquaral"
102103,Felipe Martins Matos,165,"Avenida Albino José Barbosa de Oliveira, 791 - Barão Geraldo"
102104,Thiago Silva Alves,176,"Avenida Albino José Barbosa de Oliveira, 654 - Barão Geraldo"
102105,Miguel Ferreira Martins,157,"Rua Maria Monteiro, 481 - Cambuí"
102106,André Medeiros Nascimento,195,"Avenida Heitor Penteado, 1337 - Taquaral"
102107,Vinícius Paschoalino Queiroz,174,"Rua Coronel Quirino, 198 - Cambuí"
102108,Eduardo Nascimento Paschoalino,166,"Rua Maria Monteiro, 280 - Cambuí"
102109,Guilherme Bellini Santana,178,"Avenida Heitor Penteado, 126 - Taquaral"
102110,Henrique Paschoalino Silva,202,"Avenida Heitor Penteado, 1507 - Taquaral"
102111,Sofia Queiroz Matos,157,"Avenida Heitor Penteado, 2198 - Taquaral"
102112,Victor Melo Almeida,164,"Avenida Heitor Penteado, 2417 - Taquaral"
102113,Daniel Medeiros Ferreira,176,"Avenida Heitor Penteado, 1129 - Taquaral"
102114,João Almeida Almeida,195,"Rua Maria Monteiro, 1336 - Cambuí"
102115,Giovanna Alves Melo,199,"Avenida Albino José Barbosa de Oliveira, 1406 - Barão Geraldo"
102116,Gabriel Bellini Silva,201,"Avenida Heitor Penteado, 301 - Taquaral"
102117,Guilherme Vieira Melo,156,"Rua Maria Monteiro, 770 - Cambuí"
102118,Livia Melo Santana,152,"Avenida Heitor Penteado, 549 - Taquaral"
102119,Thiago Vieira Fernandes,178,"Avenida Heitor Penteado, 2101 - Taquaral"
102120,Pedro Oliveira Amorim,193,"Rua Coronel Quirino, 1678 - Cambuí"
102121,Larissa Melo Cruz,202,"Avenida Albino José Barbosa de Oliveira, 2411 - Barão Geraldo"
102122,Vinícius Ribeiro Nascimento,173,"Rua Maria Monteiro, 1510 - Cambuí"
102123,Beatriz Melo Martins,152,"Avenida Heitor Penteado, 1440 - Taquaral"
102124,Clara Medeiros Fernandes,169,"Avenida Albino José Barbosa de Oliveira, 2996 - Barão Geraldo"
102125,João Gomes Gomes,195,"Avenida Albino José Barbosa de Oliveira, 2513 - Barão Geraldo"
102126,Daniel Bellini Ribeiro,164,"Avenida Heitor Penteado, 2535 - Taquaral"
102127,Vinícius Paschoalino Ribeiro,174,"Avenida Albino José Barbosa de Oliveira, 460 - Barão Geraldo"
102128,Rafael Martins Medeiros,179,"Avenida Heitor Penteado, 1296 - Taquaral"
102129,Guilherme Queiroz Medeiros,163,"Avenida Heitor Penteado, 506 - Taquaral"
102130,Henrique Matos Melo,156,"Avenida Heitor Penteado, 954 - Taquaral"
102131,Eduardo Fernandes Queiroz,166,"Rua Maria Monteiro, 578 - Cambuí"
102132,Larissa Bellini Almeida,193,"Avenida Heitor Penteado, 81 - Taquaral"
102133,Beatriz Martins Ferreira,169,"Avenida Heitor Penteado, 1691 - Taquaral"
102134,Vinícius Melo Queiroz,185,"Rua Maria Monteiro, 1384 - Cambuí"
102135,Clara Bellini Gomes,158,"Avenida Albino José Barbosa de Oliveira, 2943 - Barão Geraldo"
102136,Guilherme Martins Almeida,187,"Avenida Heitor Penteado, 1304 - Taquaral"
102137,Eduardo Fernandes Vieira,197,"Rua Maria Monteiro, 11 - Cambuí"
102138,Pedro Melo Medeiros,171,"Avenida Heitor Penteado, 309 - Taquaral"
102139,Sofia Martins Silva,203,"Avenida Heitor Penteado, 1194 - Taquaral"
102140,Clara Martins Queiroz,202,"Rua Maria Monteiro, 653 - Cambuí"
102141,Maria Almeida Almeida,202,"Avenida Albino José Barbosa de Oliveira, 2061 - Barão Geraldo"
102142,Pedro Matos Santana,151,"Avenida Heitor Penteado, 2449 - Taquaral"
102143,Pedro Martins Ribeiro,173,"Avenida Heitor Penteado, 326 - Taquaral"
102144,Victor Santana Matos,157,"Avenida Heitor Penteado, 2819 - Taquaral"
102145,Vinícius Queiroz Bellini,160,"Rua Coronel Quirino, 149 - Cambuí"
102146,Gabriel Vieira Silva,162,"Avenida Albino José Barbosa de Oliveira, 3062 - Barão Geraldo"
102147,Maria Fernandes Melo,166,"Avenida Albino José Barbosa de Oliveira, 457 - Barão Geraldo"
102148,Clara Cruz Gomes,157,"Rua Maria Monteiro, 592 - Cambuí"
102149,Maria Alves Alves,170,"Avenida Heitor Penteado, 215 - Taquaral"
102150,Felipe Fernandes Alves,167,"Avenida Albino José Barbosa de Oliveira, 2467 - Barão Geraldo"
102151,Vinícius Ribeiro Paschoalino,179,"Rua Coronel Quirino, 1802 - Cambuí"
102152,Guilherme Oliveira Alves,167,"Avenida Albino José Barbosa de Oliveira, 2213 - Barão Geraldo"
102153,Vinícius Ferreira Campos,195,"Avenida Albino José Barbosa de Oliveira, 166 - Barão Geraldo"
102154,Eduardo Ferreira Medeiros,196,"Avenida Heitor Penteado, 2698 - Taquaral"
102155,Gabriel Santana Alves,180,"Rua Coronel Quirino, 597 - Cambuí"
102156,Eduardo Vieira Cruz,187,"Avenida Albino José Barbosa de Oliveira, 1679 - Barão Geraldo"
102157,Thiago Medeiros Bellini,181,"Avenida Albino José Barbosa de Oliveira, 2908 - Barão Geraldo"
102158,Vinícius Almeida Nascimento,160,"Avenida Albino José Barbosa de Oliveira, 372 - Barão Geraldo"
102159,André Fernandes Cruz,194,"Avenida Albino José Barbosa de Oliveira, 1732 - Barão Geraldo"
102160,Guilherme Ferreira Amorim,174,"Avenida Albino José Barbosa de Oliveira, 1445 - Barão Geraldo"
102161,André Fernandes Santana,182,"Avenida Albino José Barbosa de Oliveira, 2716 - Barão Geraldo"
102162,Thiago Matos Santana,187,"Avenida Albino José Barbosa de Oliveira, 1378 - Barão Geraldo"
102163,Felipe Matos Queiroz,190,"Avenida Heitor Penteado, 1567 - Taquaral"
102164,Giovanna Matos Amorim,157,"Avenida Heitor Penteado, 2156 - Taquaral"
102165,Vinícius Almeida Paschoalino,160,"Rua Maria Monteiro, 991 - Cambuí"
102166,Livia Melo Queiroz,171,"Rua Coronel Quirino, 420 - Cambuí"
102167,Beatriz Silva Oliveira,200,"Rua Maria Monteiro, 1388 - Cambuí"
102168,Beatriz Nascimento Santana,173,"Avenida Albino José Barbosa de Oliveira, 1842 - Barão Geraldo"
102169,Larissa Campos Silva,190,"Rua Maria Monteiro, 948 - Cambuí"
102170,Beatriz Ferreira Ribeiro,166,"Rua Coronel Quirino, 960 - Cambuí"
102171,André Vieira Martins,161,"Avenida Heitor Penteado, 1919 - Taquaral"
102172,Yasmin Silva Alves,195,"Avenida Albino José Barbosa de Oliveira, 2988 - Barão Geraldo"
102173,Daniel Paschoalino Nascimento,181,"Avenida Albino José Barbosa de Oliveira, 2195 - Barão Geraldo"
102174,Rafael Martins Bellini,164,"Rua Maria Monteiro, 1584 - Cambuí"
102175,Livia Queiroz Cruz,165,"Avenida Heitor Penteado, 2141 - Taquaral"
102176,Henrique Amorim Campos,203,"Avenida Albino José Barbosa de Oliveira, 432 - Barão Geraldo"
102177,Sofia Vieira Oliveira,171,"Avenida Albino José Barbosa de Oliveira, 1429 - Barão Geraldo"
102178,Felipe Queiroz Ferreira,177,"Avenida Heitor Penteado, 1696 - Taquaral"
102179,Sofia Paschoalino Medeiros,169,"Avenida Heitor Penteado, 1075 - Taquaral"
102180,Gabriel Queiroz Nascimento,182,"Avenida Heitor Penteado, 1089 - Taquaral"
102181,Henrique Amorim Martins,159,"Avenida Albino José Barbosa de Oliveira, 1790 - Barão Geraldo"
102182,Thiago Oliveira Paschoalino,189,"Avenida Heitor Penteado, 1850 - Taquaral"
102183,João Alves Alves,181,"Avenida Heitor Penteado, 2308 - Taquaral"
102184,Rafael Nascimento Bellini,199,"Avenida Heitor Penteado, 423 - Taquaral"
102185,Samuel Silva Medeiros,182,"Rua Coronel Quirino, 723 - Cambuí"
102186,Rafael Silva Martins,151,"Avenida Heitor Penteado, 196 - Taquaral"
102187,André Matos Silva,182,"Avenida Heitor Penteado, 1657 - Taquaral"
102188,Gabriel Almeida Fernandes,182,"Rua Coronel Quirino, 609 - Cambuí"
102189,Livia Almeida Vieira,190,"Rua Maria Monteiro, 1291 - Cambuí"
102190,Thiago Martins Queiroz,162,"Avenida Albino José Barbosa de Oliveira, 868 - Barão Geraldo"
102191,Yasmin Campos Ribeiro,179,"Avenida Albino José Barbosa de Oliveira, 76 - Barão Geraldo"
102192,Yasmin Bellini Gomes,182,"Avenida Albino José Barbosa de Oliveira, 561 - Barão Geraldo"
102193,Gabriel Melo Almeida,162,"Avenida Heitor Penteado, 1765 - Taquaral"
102194,Maria Nascimento Campos,201,"Avenida Heitor Penteado, 993 - Taquaral"
102195,Henrique Ferreira Matos,175,"Avenida Heitor Penteado, 1984 - Taquaral"
102196,Eduardo Santana Ribeiro,171,"Rua Maria Monteiro, 1396 - Cambuí"
102197,Eduardo Melo Matos,188,"Rua Maria Monteiro, 785 - Cambuí"
102198,Yasmin Santana Almeida,151,"Avenida Heitor Penteado, 453 - Taquaral"
102199,Guilherme Queiroz Almeida,187,"Avenida Albino José Barbosa de Oliveira, 3449 - Barão Geraldo"
102200,Maria Almeida Ribeiro,188,"Avenida Heitor Penteado, 1530 - Taquaral"
102201,Victor Oliveira Fernandes,175,"Avenida Heitor Penteado, 2767 - Taquaral"
102202,Clara Matos Matos,195,"Rua Maria Monteiro, 221 - Cambuí"
102203,Thiago Cruz Oliveira,199,"Rua Coronel Quirino, 1461 - Cambuí"
102204,Henrique Almeida Paschoalino,164,"Rua Maria Monteiro, 777 - Cambuí"
102205,Henrique Gomes Gomes,183,"Avenida Heitor Penteado, 1325 - Taquaral"
102206,Guilherme Ferreira Ribeiro,191,"Rua Maria Monteiro, 710 - Cambuí"
102207,Thiago Silva Almeida,204,"Avenida Heitor Penteado, 2087 - Taquaral"
102208,Felipe Cruz Almeida,193,"Avenida Albino José Barbosa de Oliveira, 2737 - Barão Geraldo"
102209,Erik Paschoalino Campos,198,"Avenida Albino José Barbosa de Oliveira, 2336 - Barão Geraldo"
102210,Vinícius Silva Campos,189,"Avenida Heitor Penteado, 2594 - Taquaral"
102211,Victor Campos Bellini,160,"Avenida Heitor Penteado, 2141 - Taquaral"
102212,Vinícius Bellini Bellini,152,"Avenida Albino José Barbosa de Oliveira, 563 - Barão Geraldo"
102213,Yasmin Paschoalino Alves,155,"Avenida Heitor Penteado, 408 - Taquaral"
102214,Clara Amorim Almeida,158,"Avenida Heitor Penteado, 64 - Taquaral"
102215,Samuel Campos Amorim,155,"Rua Coronel Quirino, 609 - Cambuí"
102216,Larissa Ribeiro Alves,158,"Avenida Albino José Barbosa de Oliveira, 3173 - Barão Geraldo"
102217,Erik Martins Amorim,188,"Avenida Albino José Barbosa de Oliveira, 122 - Barão Geraldo"
102218,Pedro Almeida Oliveira,180,"Rua Maria Monteiro, 606 - Cambuí"
102219,Felipe Bellini Medeiros,181,"Rua Coronel Quirino, 422 - Cambuí"
102220,Maria Paschoalino Silva,190,"Avenida Albino José Barbosa de Oliveira, 2543 - Barão Geraldo"
102221,Maria Bellini Santana,199,"Rua Maria Monteiro, 1017 - Cambuí"
102222,Felipe Vieira Oliveira,161,"Avenida Albino José Barbosa de Oliveira, 445 - Barão Geraldo"
102223,Miguel Campos Amorim,157,"Avenida Heitor Penteado, 1296 - Taquaral"
102224,Larissa Fernandes Ferreira,157,"Avenida Heitor Penteado, 1597 - Taquaral"
102225,Gabriel Gomes Martins,199,"Rua Coronel Quirino, 1519 - Cambuí"
102226,Beatriz Campos Martins,177,"Rua Coronel Quirino, 304 - Cambuí"
102227,Thiago Fernandes Martins,169,"Avenida Albino José Barbosa de Oliveira, 652 - Barão Geraldo"
102228,Vinícius Melo Campos,196,"Rua Coronel Quirino, 417 - Cambuí"
102229,Sofia Queiroz Ribeiro,156,"Avenida Heitor Penteado, 2598 - Taquaral"
102230,Larissa Medeiros Queiroz,160,"Avenida Heitor Penteado, 27 - Taquaral"
102231,Daniel Ferreira Ferreira,169,"Rua Maria Monteiro, 521 - Cambuí"
102232,Beatriz Bellini Queiroz,165,"Rua Maria Monteiro, 469 - Cambuí"
102233,Sofia Martins Medeiros,153,"Avenida Heitor Penteado, 1534 - Taquaral"
102234,Sofia Martins Queiroz,155,"Avenida Heitor Penteado, 1859 - Taquaral"
102235,Rafael Medeiros Santana,171,"Rua Maria Monteiro, 746 - Cambuí"
102236,Guilherme Ferreira Martins,175,"Rua Coronel Quirino, 1162 - Cambuí"
102237,Guilherme Nascimento Ferreira,152,"Avenida Albino José Barbosa de Oliveira, 3393 - Barão Geraldo"
102238,Erik Gomes Nascimento,190,"Avenida Heitor Penteado, 2125 - Taquaral"
102239,Vinícius Medeiros Queiroz,191,"Avenida Albino José Barbosa de Oliveira, 3172 - Barão Geraldo"
102240,Eduardo Ferreira Ribeiro,163,"Avenida Albino José Barbosa de Oliveira, 1389 - Barão Geraldo"
102241,Miguel Vieira Queiroz,160,"Rua Coronel Quirino, 924 - Cambuí"
102242,Daniel Oliveira Melo,167,"Avenida Heitor Penteado, 2916 - Taquaral"
102243,Larissa Matos Almeida,203,"Avenida Albino José Barbosa de Oliveira, 3490 - Barão Geraldo"
102244,Livia Gomes Fernandes,161,"Rua Maria Monteiro, 1196 - Cambuí"
102245,Miguel Paschoalino Oliveira,172,"Rua Coronel Quirino, 1179 - Cambuí"
102246,Miguel Melo Santana,161,"Avenida Albino José Barbosa de Oliveira, 3169 - Barão Geraldo"
102247,Miguel Vieira Silva,162,"Avenida Heitor Penteado, 2610 - Taquaral"
102248,Henrique Ribeiro Oliveira,174,"Avenida Albino José Barbosa de Oliveira, 2400 - Barão Geraldo"
102249,Larissa Cruz Vieira,194,"Avenida Albino José Barbosa de Oliveira, 3285 - Barão Geraldo"
102250,Daniel Ferreira Ribeiro,200,"Rua Coronel Quirino, 269 - Cambuí"
102251,João Vieira Queiroz,168,"Avenida Heitor Penteado, 1950 - Taquaral"
102252,Larissa Martins Queiroz,204,"Avenida Heitor Penteado, 2269 - Taquaral"
102253,Vinícius Oliveira Martins,195,"Avenida Heitor Penteado, 1250 - Taquaral"
102254,Sofia Martins Medeiros,185,"Rua Maria Monteiro, 306 - Cambuí"
102255,Erik Fernandes Melo,194,"Rua Coronel Quirino, 1521 - Cambuí"
102256,Yasmin Almeida Oliveira,157,"Avenida Albino José Barbosa de Oliveira, 1038 - Barão Geraldo"
102257,Eduardo Oliveira Medeiros,178,"Avenida Albino José Barbosa de Oliveira, 793 - Barão Geraldo"
102258,Maria Nascimento Nascimento,204,"Avenida Albino José Barbosa de Oliveira, 1010 - Barão Geraldo"
102259,Thiago Ferreira Nascimento,202,"Avenida Heitor Penteado, 1902 - Taquaral"
102260,Rafael Oliveira Cruz,204,"Rua Coronel Quirino, 851 - Cambuí"
102261,Eduardo Santana Paschoalino,181,"Rua Maria Monteiro, 160 - Cambuí"
102262,Vinícius Silva Paschoalino,200,"Rua Maria Monteiro, 1434 - Cambuí"
102263,Miguel Amorim Amorim,193,"Rua Coronel Quirino, 1490 - Cambuí"
102264,Sofia Paschoalino Campos,167,"Avenida Heitor Penteado, 1089 - Taquaral"
102265,Pedro Bellini Santana,155,"Rua Maria Monteiro, 1381 - Cambuí"
102266,Victor Amorim Ferreira,167,"Avenida Albino José Barbosa de Oliveira, 36 - Barão Geraldo"
102267,Maria Ferreira Vieira,168,"Avenida Heitor Penteado, 110 - Taquaral"
102268,Vinícius Campos Paschoalino,171,"Avenida Heitor Penteado, 388 - Taquaral"
102269,Gabriel Matos Silva,186,"Avenida Albino José Barbosa de Oliveira, 3413 - Barão Geraldo"
102270,Vinícius Ribeiro Matos,181,"Rua Maria Monteiro, 1512 - Cambuí"
102271,Felipe Medeiros Oliveira,190,"Avenida Heitor Penteado, 2704 - Taquaral"
102272,Eduardo Medeiros Ribeiro,152,"Avenida Albino José Barbosa de Oliveira, 1254 - Barão Geraldo"
102273,João Medeiros Almeida,177,"Avenida Albino José Barbosa de Oliveira, 1686 - Barão Geraldo"
102274,Beatriz Melo Campos,159,"Avenida Albino José Barbosa de Oliveira, 1195 - Barão Geraldo"
102275,Guilherme Fernandes Vieira,200,"Rua Maria Monteiro, 461 - Cambuí"
102276,Beatriz Cruz Gomes,184,"Avenida Heitor Penteado, 1160 - Taquaral"
102277,Erik Oliveira Nascimento,178,"Rua Maria Monteiro, 1557 - Cambuí"
102278,Vinícius Campos Melo,203,"Rua Maria Monteiro, 237 - Cambuí"
102279,Sofia Oliveira Ferreira,164,"Avenida Albino José Barbosa de Oliveira, 1288 - Barão Geraldo"
102280,Thiago Melo Alves,182,"Rua Coronel Quirino, 1987 - Cambuí"
102281,Beatriz Vieira Nascimento,156,"Rua Maria Monteiro, 330 - Cambuí"
102282,Henrique Alves Martins,161,"Avenida Heitor Penteado, 1832 - Taquaral"
102283,Clara Gomes Matos,198,"Avenida Albino José Barbosa de Oliveira, 1278 - Barão Geraldo"
102284,Clara Nascimento Amorim,179,"Avenida Heitor Penteado, 167 - Taquaral"
102285,Eduardo Cruz Silva,170,"Avenida Albino José Barbosa de Oliveira, 1706 - Barão Geraldo"
102286,Henrique Queiroz Gomes,180,"Rua Coronel Quirino, 1722 - Cambuí"
102287,Samuel Santana Santana,173,"Rua Coronel Quirino, 1028 - Cambuí"
102288,Vinícius Medeiros Cruz,169,"Rua Coronel Quirino, 1452 - Cambuí"
102289,Victor Ribeiro Queiroz,186,"Avenida Albino José Barbosa de Oliveira, 2166 - Barão Geraldo"
102290,Clara Amorim Campos,153,"Rua Maria Monteiro, 54 - Cambuí"
102291,Larissa Nascimento Gomes,177,"Rua Maria Monteiro, 547 - Cambuí"
102292,Vinícius Fernandes Silva,193,"Avenida Heitor Penteado, 1123 - Taquaral"
102293,Samuel Melo Campos,169,"Avenida Heitor Penteado, 522 - Taquaral"
102294,João Almeida Campos,173,"Rua Coronel Quirino, 771 - Cambuí"
102295,Victor Amorim Queiroz,199,"Avenida Albino José Barbosa de Oliveira, 2466 - Barão Geraldo"
102296,Thiago Ribeiro Amorim,198,"Avenida Heitor Penteado, 1873 - Taquaral"
102297,Pedro Oliveira Campos,200,"Avenida Albino José Barbosa de Oliveira, 121 - Barão Geraldo"
102298,Gabriel Nascimento Santana,181,"Rua Maria Monteiro, 931 - Cambuí"
102299,André Cruz Paschoalino,190,"Avenida Heitor Penteado, 2542 - Taquaral"
102300,Miguel Ribeiro Cruz,185,"Avenida Albino José Barbosa de Oliveira, 25 - Barão Geraldo"
102301,Thiago Santana Campos,202,"Avenida Albino José Barbosa de Oliveira, 1021 - Barão Geraldo"
102302,Maria Gomes Medeiros,183,"Avenida Albino José Barbosa de Oliveira, 2910 - Barão Geraldo"
102303,Henrique Alves Matos,185,"Rua Coronel Quirino, 1631 - Cambuí"
102304,Rafael Santana Paschoalino,151,"Avenida Albino José Barbosa de Oliveira, 374 - Barão Geraldo"
102305,Rafael Santana Nascimento,164,"Rua Coronel Quirino, 715 - Cambuí"
102306,Giovanna Vieira Nascimento,183,"Rua Maria Monteiro, 799 - Cambuí"
102307,Guilherme Queiroz Matos,185,"Rua Maria Monteiro, 353 - Cambuí"
102308,Henrique Paschoalino Cruz,155,"Avenida Heitor Penteado, 1446 - Taquaral"
102309,Yasmin Fernandes Fernandes,188,"Rua Maria Monteiro, 1449 - Cambuí"
102310,Livia Melo Campos,191,"Avenida Albino José Barbosa de Oliveira, 1434 - Barão Geraldo"
102311,André Oliveira Santana,200,"Avenida Heitor Penteado, 998 - Taquaral"
102312,Henrique Fernandes Amorim,200,"Rua Maria Monteiro, 176 - Cambuí"
102313,Pedro Medeiros Ribeiro,203,"Rua Coronel Quirino, 1418 - Cambuí"
102314,Eduardo Amorim Almeida,161,"Avenida Heitor Penteado, 1677 - Taquaral"
102315,Rafael Ferreira Matos,152,"Rua Maria Monteiro, 669 - Cambuí"
102316,Henrique Ferreira Gomes,194,"Rua Coronel Quirino, 176 - Cambuí"
102317,Thiago Medeiros Queiroz,167,"Avenida Heitor Penteado, 97 - Taquaral"
102318,Guilherme Melo Fernandes,189,"Rua Coronel Quirino, 1002 - Cambuí"
102319,Sofia Matos Paschoalino,170,"Avenida Heitor Penteado, 1910 - Taquaral"
102320,Felipe Melo Fernandes,164,"Avenida Albino José Barbosa de Oliveira, 2309 - Barão Geraldo"
102321,João Vieira Almeida,182,"Avenida Heitor Penteado, 2093 - Taquaral"
102322,Giovanna Paschoalino Fernandes,184,"Avenida Heitor Penteado, 1924 - Taquaral"
102323,Livia Ribeiro Matos,175,"Rua Maria Monteiro, 840 - Cambuí"
102324,Erik Melo Campos,157,"Rua Maria Monteiro, 119 - Cambuí"
102325,Livia Oliveira Campos,185,"Avenida Heitor Penteado, 26 - Taquaral"
102326,Daniel Nascimento Fernandes,197,"Rua Coronel Quirino, 1095 - Cambuí"
102327,Larissa Medeiros Silva,179,"Rua Coronel Quirino, 741 - Cambuí"
102328,Maria Vieira Amorim,172,"Avenida Albino José Barbosa de Oliveira, 2449 - Barão Geraldo"
102329,Gabriel Alves Ferreira,191,"Rua Maria Monteiro, 85 - Cambuí"
102330,Guilherme Santana Queiroz,193,"Avenida Heitor Penteado, 463 - Taquaral"
102331,Guilherme Oliveira Cruz,163,"Rua Coronel Quirino, 318 - Cambuí"
102332,João Medeiros Santana,163,"Avenida Albino José Barbosa de Oliveira, 3418 - Barão Geraldo"
102333,Clara Ferreira Queiroz,151,"Rua Maria Monteiro, 579 - Cambuí"
102334,André Amorim Queiroz,204,"Avenida Albino José Barbosa de Oliveira, 707 - Barão Geraldo"
102335,Eduardo Santana Fernandes,186,"Rua Coronel Quirino, 686 - Cambuí"
102336,Pedro Queiroz Nascimento,154,"Avenida Heitor Penteado, 1470 - Taquaral"
102337,Henrique Almeida Cruz,187,"Avenida Heitor Penteado, 1843 - Taquaral"
102338,Samuel Almeida Santana,194,"Avenida Heitor Penteado, 961 - Taquaral"
102339,Thiago Medeiros Ferreira,190,"Rua Coronel Quirino, 1459 - Cambuí"
102340,Livia Queiroz Cruz,203,"Avenida Albino José Barbosa de Oliveira, 2882 - Barão Geraldo"
102341,André Nascimento Medeiros,196,"Avenida Heitor Penteado, 672 - Taquaral"
102342,Yasmin Campos Vieira,163,"Rua Maria Monteiro, 993 - Cambuí"
102343,Henrique Ferreira Medeiros,188,"Avenida Albino José Barbosa de Oliveira, 3362 - Barão Geraldo"
102344,Daniel Queiroz Nascimento,174,"Rua Maria Monteiro, 747 - Cambuí"
102345,André Melo Nascimento,169,"Rua Maria Monteiro, 1560 - Cambuí"
102346,Rafael Santana Fernandes,151,"Rua Coronel Quirino, 1364 - Cambuí"
102347,Felipe Santana Nascimento,188,"Avenida Albino José Barbosa de Oliveira, 1585 - Barão Geraldo"
102348,Giovanna Matos Fernandes,155,"Avenida Albino José Barbosa de Oliveira, 1435 - Barão Geraldo"
102349,Miguel Cruz Silva,166,"Rua Coronel Quirino, 1569 - Cambuí"
102350,Eduardo Oliveira Silva,174,"Rua Coronel Quirino, 1426 - Cambuí"
102351,Daniel Paschoalino Campos,177,"Avenida Heitor Penteado, 435 - Taquaral"
102352,Sofia Queiroz Cruz,151,"Avenida Heitor Penteado, 2336 - Taquaral"
102353,Felipe Matos Alves,184,"Avenida Heitor Penteado, 2854 - Taquaral"
102354,Sofia Fernandes Silva,186,"Rua Coronel Quirino, 1137 - Cambuí"
102355,Eduardo Nascimento Melo,154,"Avenida Heitor Penteado, 813 - Taquaral"
102356,Gabriel Oliveira Vieira,150,"Avenida Albino José Barbosa de Oliveira, 3474 - Barão Geraldo"
102357,Guilherme Campos Fernandes,189,"Avenida Albino José Barbosa de Oliveira, 1359 - Barão Geraldo"
102358,Sofia Ferreira Medeiros,161,"Avenida Albino José Barbosa de Oliveira, 3432 - Barão Geraldo"
102359,Eduardo Paschoalino Amorim,185,"Avenida Albino José Barbosa de Oliveira, 1972 - Barão Geraldo"
102360,Yasmin Medeiros Cruz,194,"Avenida Albino José Barbosa de Oliveira, 2276 - Barão Geraldo"
102361,Livia Medeiros Vieira,172,"Avenida Heitor Penteado, 1078 - Taquaral"
102362,Maria Martins Oliveira,196,"Avenida Albino José Barbosa de Oliveira, 998 - Barão Geraldo"
102363,Larissa Campos Melo,180,"Avenida Heitor Penteado, 519 - Taquaral"
102364,Rafael Ferreira Campos,160,"Avenida Heitor Penteado, 1813 - Taquaral"
102365,João Nascimento Fernandes,159,"Rua Coronel Quirino, 112 - Cambuí"
102366,Felipe Matos Vieira,152,"Avenida Heitor Penteado, 2300 - Taquaral"
102367,Miguel Melo Almeida,203,"Avenida Albino José Barbosa de Oliveira, 1966 - Barão Geraldo"
102368,Clara Ferreira Cruz,163,"Rua Coronel Quirino, 1047 - Cambuí"
102369,Miguel Nascimento Ribeiro,165,"Avenida Albino José Barbosa de Oliveira, 495 - Barão Geraldo"
102370,Larissa Ferreira Amorim,159,"Avenida Albino José Barbosa de Oliveira, 1601 - Barão Geraldo"
102371,Gabriel Bellini Almeida,178,"Rua Coronel Quirino, 150 - Cambuí"
102372,Vinícius Silva Alves,159,"Avenida Heitor Penteado, 1529 - Taquaral"
102373,Livia Oliveira Fernandes,161,"Avenida Heitor Penteado, 1248 - Taquaral"
102374,Henrique Ferreira Amorim,179,"Avenida Heitor Penteado, 2437 - Taquaral"
102375,André Vieira Amorim,190,"Avenida Albino José Barbosa de Oliveira, 73 - Barão Geraldo"
102376,Daniel Alves Amorim,150,"Rua Coronel Quirino, 1457 - Cambuí"
102377,Miguel Oliveira Nascimento,154,"Avenida Albino José Barbosa de Oliveira, 1487 - Barão Geraldo"
102378,João Campos Melo,169,"Avenida Heitor Penteado, 955 - Taquaral"
102379,Eduardo Queiroz Cruz,157,"Avenida Albino José Barbosa de Oliveira, 1036 - Barão Geraldo"
102380,Livia Cruz Fernandes,192,"Avenida Albino José Barbosa de Oliveira, 1957 - Barão Geraldo"
102381,Sofia Ribeiro Vieira,161,"Avenida Albino José Barbosa de Oliveira, 2976 - Barão Geraldo"
102382,Guilherme Matos Ferreira,150,"Avenida Albino José Barbosa de Oliveira, 1638 - Barão Geraldo"
102383,Livia Melo Gomes,203,"Avenida Albino José Barbosa de Oliveira, 1493 - Barão Geraldo"
102384,Gabriel Campos Bellini,169,"Avenida Heitor Penteado, 2485 - Taquaral"
102385,Sofia Oliveira Amorim,177,"Avenida Albino José Barbosa de Oliveira, 1358 - Barão Geraldo"
102386,Livia Vieira Fernandes,192,"Rua Maria Monteiro, 807 - Cambuí"
102387,Felipe Melo Gomes,186,"Rua Maria Monteiro, 108 - Cambuí"
102388,Maria Melo Fernandes,196,"Avenida Albino José Barbosa de Oliveira, 3220 - Barão Geraldo"
102389,Sofia Bellini Oliveira,186,"Rua Maria Monteiro, 180 - Cambuí"
102390,Yasmin Vieira Melo,161,"Avenida Heitor Penteado, 312 - Taquaral"
102391,Pedro Cruz Melo,186,"Avenida Heitor Penteado, 2407 - Taquaral"
102392,Vinícius Ferreira Fernandes,198,"Avenida Heitor Penteado, 2311 - Taquaral"
102393,Sofia Cruz Ferreira,198,"Avenida Heitor Penteado, 2563 - Taquaral"
102394,Erik Nascimento Martins,193,"Avenida Albino José Barbosa de Oliveira, 580 - Barão Geraldo"
102395,Clara Campos Cruz,177,"Rua Maria Monteiro, 12 - Cambuí"
102396,Yasmin Campos Martins,196,"Rua Maria Monteiro, 1351 - Cambuí"
102397,Henrique Amorim Ribeiro,164,"Rua Coronel Quirino, 1463 - Cambuí"
102398,Yasmin Medeiros Vieira,155,"Avenida Heitor Penteado, 2796 - Taquaral"
102399,Felipe Almeida Melo,193,"Avenida Albino José Barbosa de Oliveira, 1968 - Barão Geraldo"
102400,Rafael Paschoalino Almeida,169,"Rua Maria Monteiro, 1390 - Cambuí"
102401,Yasmin Almeida Ferreira,199,"Rua Maria Monteiro, 135 - Cambuí"
102402,Sofia Nascimento Martins,163,"Avenida Heitor Penteado, 2177 - Taquaral"
102403,Vinícius Melo Ferreira,151,"Rua Coronel Quirino, 1484 - Cambuí"
102404,Felipe Santana Fernandes,158,"Avenida Heitor Penteado, 2582 - Taquaral"
102405,Guilherme Melo Nascimento,186,"Avenida Heitor Penteado, 1308 - Taquaral"
102406,Maria Alves Vieira,169,"Avenida Albino José Barbosa de Oliveira, 297 - Barão Geraldo"
102407,Victor Paschoalino Campos,175,"Avenida Albino José Barbosa de Oliveira, 527 - Barão Geraldo"
102408,Samuel Martins Almeida,178,"Rua Maria Monteiro, 296 - Cambuí"
102409,Guilherme Medeiros Alves,150,"Rua Coronel Quirino, 536 - Cambuí"
102410,Sofia Medeiros Paschoalino,204,"Rua Coronel Quirino, 1783 - Cambuí"
102411,Larissa Matos Alves,184,"Avenida Heitor Penteado, 1978 - Taquaral"
102412,Daniel Nascimento Paschoalino,155,"Avenida Heitor Penteado, 2623 - Taquaral"
102413,Gabriel Gomes Melo,186,"Avenida Albino José Barbosa de Oliveira, 3403 - Barão Geraldo"
102414,Livia Ribeiro Fernandes,202,"Rua Maria Monteiro, 398 - Cambuí"
102415,Larissa Martins Martins,154,"Avenida Heitor Penteado, 486 - Taquaral"
102416,Livia Gomes Matos,182,"Avenida Albino José Barbosa de Oliveira, 2498 - Barão Geraldo"
102417,Felipe Oliveira Amorim,198,"Rua Coronel Quirino, 1137 - Cambuí"
102418,Eduardo Santana Matos,200,"Rua Coronel Quirino, 1969 - Cambuí"
102419,Livia Alves Gomes,163,"Avenida Albino José Barbosa de Oliveira, 1705 - Barão Geraldo"
102420,Eduardo Nascimento Almeida,161,"Avenida Heitor Penteado, 1131 - Taquaral"
102421,Eduardo Paschoalino Vieira,191,"Rua Maria Monteiro, 311 - Cambuí"
102422,Rafael Paschoalino Almeida,169,"Rua Maria Monteiro, 1470 - Cambuí"
102423,Thiago Amorim Gomes,202,"Avenida Albino José Barbosa de Oliveira, 2707 - Barão Geraldo"
102424,Eduardo Vieira Almeida,199,"Rua Coronel Quirino, 386 - Cambuí"
102425,Rafael Gomes Ferreira,173,"Avenida Albino José Barbosa de Oliveira, 2611 - Barão Geraldo"
102426,Larissa Campos Gomes,192,"Avenida Heitor Penteado, 426 - Taquaral"
102427,Vinícius Oliveira Ferreira,183,"Rua Coronel Quirino, 1918 - Cambuí"
102428,Samuel Gomes Matos,174,"Avenida Albino José Barbosa de Oliveira, 1898 - Barão Geraldo"
102429,Miguel Martins Alves,199,"Avenida Albino José Barbosa de Oliveira, 2488 - Barão Geraldo"
102430,Gabriel Oliveira Gomes,178,"Avenida Albino José Barbosa de Oliveira, 3473 - Barão Geraldo"
102431,Vinícius Paschoalino Melo,188,"Rua Maria Monteiro, 651 - Cambuí"
102432,Pedro Bellini Queiroz,180,"Rua Coronel Quirino, 1659 - Cambuí"
102433,Giovanna Gomes Matos,196,"Avenida Heitor Penteado, 1244 - Taquaral"
102434,Victor Alves Medeiros,192,"Avenida Albino José Barbosa de Oliveira, 3123 - Barão Geraldo"
102435,Beatriz Melo Amorim,199,"Rua Coronel Quirino, 1670 - Cambuí"
102436,Larissa Alves Cruz,172,"Avenida Albino José Barbosa de Oliveira, 2087 - Barão Geraldo"
102437,Victor Amorim Vieira,193,"Rua Maria Monteiro, 162 - Cambuí"
102438,Eduardo Queiroz Silva,187,"Avenida Heitor Penteado, 914 - Taquaral"
102439,Miguel Queiroz Vieira,169,"Rua Coronel Quirino, 627 - Cambuí"
102440,Samuel Campos Vieira,172,"Rua Maria Monteiro, 666 - Cambuí"
102441,Gabriel Amorim Ribeiro,194,"Avenida Albino José Barbosa de Oliveira, 1971 - Barão Geraldo"
102442,Thiago Vieira Ribeiro,201,"Rua Coronel Quirino, 749 - Cambuí"
102443,Sofia Melo Nascimento,165,"Avenida Albino José Barbosa de Oliveira, 2442 - Barão Geraldo"
102444,Vinícius Medeiros Fernandes,199,"Avenida Albino José Barbosa de Oliveira, 3167 - Barão Geraldo"
102445,Sofia Paschoalino Amorim,191,"Avenida Albino José Barbosa de Oliveira, 2871 - Barão Geraldo"
102446,Miguel Queiroz Amorim,204,"Rua Coronel Quirino, 1186 - Cambuí"
102447,Victor Fernandes Gomes,157,"Avenida Heitor Penteado, 713 - Taquaral"
102448,João Nascimento Nascimento,199,"Avenida Heitor Penteado, 2828 - Taquaral"
102449,Erik Medeiros Campos,170,"Rua Maria Monteiro, 1470 - Cambuí"
102450,Thiago Nascimento Melo,150,"Avenida Albino José Barbosa de Oliveira, 1608 - Barão Geraldo"
102451,Giovanna Medeiros Ribeiro,204,"Rua Coronel Quirino, 444 - Cambuí"
102452,Pedro Melo Oliveira,157,"Rua Coronel Quirino, 465 - Cambuí"
102453,Victor Medeiros Nascimento,178,"Avenida Albino José Barbosa de Oliveira, 1629 - Barão Geraldo"
102454,Thiago Campos Paschoalino,181,"Avenida Albino José Barbosa de Oliveira, 896 - Barão Geraldo"
102455,Guilherme Amorim Vieira,187,"Rua Maria Monteiro, 673 - Cambuí"
102456,Eduardo Queiroz Vieira,154,"Avenida Albino José Barbosa de Oliveira, 306 - Barão Geraldo"
102457,Giovanna Silva Almeida,196,"Avenida Albino José Barbosa de Oliveira, 727 - Barão Geraldo"
102458,Vinícius Silva Silva,171,"Avenida Albino José Barbosa de Oliveira, 1421 - Barão Geraldo"
102459,Giovanna Paschoalino Cruz,196,"Avenida Albino José Barbosa de Oliveira, 1928 - Barão Geraldo"
102460,Vinícius Oliveira Melo,183,"Rua Coronel Quirino, 1977 - Cambuí"
102461,Thiago Almeida Ferreira,150,"Avenida Albino José Barbosa de Oliveira, 2474 - Barão Geraldo"
102462,João Oliveira Silva,204,"Avenida Heitor Penteado, 2381 - Taquaral"
102463,Larissa Bellini Amorim,204,"Avenida Heitor Penteado, 286 - Taquaral"
102464,Erik Queiroz Medeiros,175,"Avenida Albino José Barbosa de Oliveira, 1053 - Barão Geraldo"
102465,Henrique Vieira Almeida,192,"Avenida Albino José Barbosa de Oliveira, 1113 - Barão Geraldo"
102466,Vinícius Almeida Amorim,159,"Avenida Albino José Barbosa de Oliveira, 311 - Barão Geraldo"
102467,Maria Martins Bellini,179,"Rua Coronel Quirino, 1483 - Cambuí"
102468,Yasmin Ferreira Ribeiro,199,"Rua Coronel Quirino, 1989 - Cambuí"
102469,Erik Santana Melo,167,"Avenida Heitor Penteado, 904 - Taquaral"
102470,Thiago Alves Medeiros,166,"Avenida Albino José Barbosa de Oliveira, 617 - Barão Geraldo"
102471,Rafael Silva Cruz,175,"Avenida Heitor Penteado, 2684 - Taquaral"
102472,Beatriz Oliveira Ferreira,157,"Avenida Heitor Penteado, 436 - Taquaral"
102473,Livia Amorim Nascimento,196,"Rua Maria Monteiro, 757 - Cambuí"
102474,Pedro Matos Bellini,189,"Avenida Albino José Barbosa de Oliveira, 3001 - Barão Geraldo"
102475,Livia Martins Amorim,198,"Rua Maria Monteiro, 435 - Cambuí"
102476,Giovanna Almeida Queiroz,161,"Rua Maria Monteiro, 1122 - Cambuí"
102477,Maria Paschoalino Nascimento,176,"Rua Coronel Quirino, 914 - Cambuí"
102478,Miguel Martins Fernandes,157,"Rua Maria Monteiro, 1531 - Cambuí"
102479,Samuel Medeiros Cruz,174,"Avenida Albino José Barbosa de Oliveira, 2377 - Barão Geraldo"
102480,Sofia Ribeiro Alves,195,"Rua Coronel Quirino, 1405 - Cambuí"
102481,Maria Campos Ribeiro,153,"Avenida Albino José Barbosa de Oliveira, 2104 - Barão Geraldo"
102482,Giovanna Fernandes Silva,182,"Avenida Heitor Penteado, 711 - Taquaral"
102483,Giovanna Cruz Silva,150,"Rua Maria Monteiro, 976 - Cambuí"
102484,Rafael Melo Martins,168,"Avenida Albino José Barbosa de Oliveira, 350 - Barão Geraldo"
102485,Miguel Bellini Melo,180,"Rua Coronel Quirino, 570 - Cambuí"
102486,Felipe Queiroz Fernandes,165,"Avenida Albino José Barbosa de Oliveira, 1456 - Barão Geraldo"
102487,Yasmin Oliveira Fernandes,163,"Avenida Heitor Penteado, 621 - Taquaral"
102488,Sofia Paschoalino Paschoalino,202,"Rua Maria Monteiro, 976 - Cambuí"
102489,Clara Paschoalino Gomes,197,"Rua Maria Monteiro, 141 - Cambuí"
102490,Daniel Queiroz Cruz,154,"Avenida Albino José Barbosa de Oliveira, 3470 - Barão Geraldo"
102491,Yasmin Ferreira Alves,190,"Rua Coronel Quirino, 382 - Cambuí"
102492,Gabriel Nascimento Silva,175,"Avenida Albino José Barbosa de Oliveira, 1047 - Barão Geraldo"
102493,Felipe Medeiros Paschoalino,177,"Avenida Albino José Barbosa de Oliveira, 1799 - Barão Geraldo"
102494,Vinícius Vieira Medeiros,151,"Avenida Albino José Barbosa de Oliveira, 2017 - Barão Geraldo"
102495,Vinícius Santana Campos,199,"Avenida Albino José Barbosa de Oliveira, 3131 - Barão Geraldo"
102496,Rafael Cruz Cruz,155,"Rua Coronel Quirino, 768 - Cambuí"
102497,Clara Campos Almeida,158,"Rua Maria Monteiro, 1289 - Cambuí"
102498,Livia Ribeiro Melo,182,"Avenida Albino José Barbosa de Oliveira, 1457 - Barão Geraldo"
102499,Erik Cruz Oliveira,190,"Avenida Heitor Penteado, 2813 - Taquaral"
102500,Giovanna Nascimento Ferreira,174,"Avenida Albino José Barbosa de Oliveira, 85 - Barão Geraldo"
102501,Yasmin Vieira Ribeiro,197,"Avenida Heitor Penteado, 142 - Taquaral"
102502,Miguel Silva Gomes,162,"Avenida Albino José Barbosa de Oliveira, 2543 - Barão Geraldo"
102503,Larissa Fernandes Silva,158,"Avenida Heitor Penteado, 2918 - Taquaral"
102504,Erik Vieira Silva,202,"Rua Maria Monteiro, 889 - Cambuí"
102505,Beatriz Martins Martins,162,"Rua Maria Monteiro, 1423 - Cambuí"
102506,Henrique Medeiros Silva,180,"Rua Maria Monteiro, 439 - Cambuí"
102507,Giovanna Oliveira Ferreira,190,"Avenida Heitor Penteado, 1860 - Taquaral"
102508,Clara Amorim Santana,160,"Rua Maria Monteiro, 502 - Cambuí"
102509,Vinícius Martins Oliveira,153,"Avenida Heitor Penteado, 638 - Taquaral"
102510,Rafael Amorim Cruz,183,"Avenida Albino José Barbosa de Oliveira, 21 - Barão Geraldo"
102511,Eduardo Matos Gomes,187,"Avenida Albino José Barbosa de Oliveira, 2752 - Barão Geraldo"
102512,Felipe Campos Ribeiro,195,"Avenida Heitor Penteado, 2630 - Taquaral"
102513,Daniel Ferreira Silva,153,"Avenida Heitor Penteado, 1881 - Taquaral"
102514,Daniel Medeiros Vieira,187,"Avenida Heitor Penteado, 2362 - Taquaral"
102515,Clara Melo Silva,168,"Rua Coronel Quirino, 1671 - Cambuí"
102516,Miguel Paschoalino Amorim,155,"Avenida Albino José Barbosa de Oliveira, 3489 - Barão Geraldo"
102517,Eduardo Ribeiro Ribeiro,183,"Avenida Albino José Barbosa de Oliveira, 2492 - Barão Geraldo"
102518,André Medeiros Martins,167,"Rua Coronel Quirino, 1552 - Cambuí"
102519,Giovanna Almeida Fernandes,162,"Avenida Heitor Penteado, 517 - Taquaral"
102520,Livia Melo Paschoalino,190,"Avenida Heitor Penteado, 2517 - Taquaral"
102521,Samuel Amorim Amorim,172,"Avenida Heitor Penteado, 2987 - Taquaral"
102522,Maria Martins Vieira,168,"Avenida Albino José Barbosa de Oliveira, 47 - Barão Geraldo"
102523,Sofia Bellini Paschoalino,194,"Rua Maria Monteiro, 12 - Cambuí"
102524,Livia Amorim Cruz,160,"Avenida Heitor Penteado, 1150 - Taquaral"
102525,Victor Matos Alves,150,"Avenida Heitor Penteado, 87 - Taquaral"
102526,Henrique Nascimento Martins,173,"Avenida Heitor Penteado, 1795 - Taquaral"
102527,Beatriz Ribeiro Ribeiro,203,"Avenida Heitor Penteado, 2386 - Taquaral"
102528,Clara Alves Matos,156,"Avenida Heitor Penteado, 135 - Taquaral"
102529,Henrique Vieira Ferreira,174,"Avenida Albino José Barbosa de Oliveira, 1198 - Barão Geraldo"
102530,Guilherme Ribeiro Santana,170,"Avenida Albino José Barbosa de Oliveira, 2272 - Barão Geraldo"
102531,Erik Matos Medeiros,164,"Rua Maria Monteiro, 684 - Cambuí"
102532,Livia Santana Nascimento,150,"Avenida Albino José Barbosa de Oliveira, 2016 - Barão Geraldo"
102533,Larissa Martins Cruz,161,"Avenida Heitor Penteado, 594 - Taquaral"
102534,Rafael Alves Amorim,156,"Avenida Albino José Barbosa de Oliveira, 3410 - Barão Geraldo"
102535,Clara Ribeiro Ferreira,164,"Avenida Albino José Barbosa de Oliveira, 2122 - Barão Geraldo"
102536,Thiago Santana Almeida,170,"Rua Maria Monteiro, 615 - Cambuí"
102537,Beatriz Santana Paschoalino,168,"Rua Maria Monteiro, 744 - Cambuí"
102538,Thiago Melo Bellini,178,"Rua Coronel Quirino, 1775 - Cambuí"
102539,Pedro Martins Vieira,174,"Rua Coronel Quirino, 1360 - Cambuí"
102540,Sofia Ribeiro Nascimento,182,"Avenida Albino José Barbosa de Oliveira, 414 - Barão Geraldo"
102541,Pedro Matos Ferreira,198,"Avenida Albino José Barbosa de Oliveira, 510 - Barão Geraldo"
102542,André Medeiros Fernandes,181,"Avenida Heitor Penteado, 2911 - Taquaral"
102543,Beatriz Fernandes Medeiros,198,"Avenida Heitor Penteado, 664 - Taquaral"
102544,Livia Cruz Santana,184,"Avenida Albino José Barbosa de Oliveira, 2862 - Barão Geraldo"
102545,Rafael Queiroz Ferreira,193,"Rua Maria Monteiro, 1363 - Cambuí"
102546,Yasmin Matos Almeida,187,"Avenida Albino José Barbosa de Oliveira, 1338 - Barão Geraldo"
102547,Thiago Melo Bellini,175,"Avenida Albino José Barbosa de Oliveira, 1877 - Barão Geraldo"
102548,Clara Medeiros Almeida,160,"Avenida Albino José Barbosa de Oliveira, 2614 - Barão Geraldo"
102549,Pedro Ribeiro Paschoalino,184,"Avenida Heitor Penteado, 1442 - Taquaral"
102550,Pedro Campos Medeiros,157,"Avenida Heitor Penteado, 2874 - Taquaral"
102551,Gabriel Ribeiro Almeida,195,"Avenida Albino José Barbosa de Oliveira, 2045 - Barão Geraldo"
102552,André Oliveira Ribeiro,163,"Avenida Heitor Penteado, 1402 - Taquaral"
102553,Beatriz Nascimento Cruz,159,"Avenida Albino José Barbosa de Oliveira, 2450 - Barão Geraldo"
102554,Miguel Campos Oliveira,151,"Avenida Heitor Penteado, 446 - Taquaral"
102555,Victor Vieira Cruz,195,"Rua Maria Monteiro, 685 - Cambuí"
102556,Daniel Amorim Campos,158,"Rua Coronel Quirino, 754 - Cambuí"
102557,Vinícius Bellini Vieira,152,"Avenida Albino José Barbosa de Oliveira, 3429 - Barão Geraldo"
102558,Felipe Gomes Fernandes,170,"Rua Coronel Quirino, 1012 - Cambuí"
102559,Thiago Martins Fernandes,175,"Avenida Albino José Barbosa de Oliveira, 1656 - Barão Geraldo"
102560,Daniel Melo Matos,157,"Rua Maria Monteiro, 178 - Cambuí"
102561,Eduardo Fernandes Santana,197,"Avenida Heitor Penteado, 2187 - Taquaral"
102562,Beatriz Melo Oliveira,151,"Avenida Albino José Barbosa de Oliveira, 984 - Barão Geraldo"
102563,Henrique Vieira Cruz,155,"Rua Coronel Quirino, 1960 - Cambuí"
102564,Giovanna Almeida Gomes,177,"Avenida Heitor Penteado, 2904 - Taquaral"
102565,Erik Alves Matos,202,"Avenida Albino José Barbosa de Oliveira, 492 - Barão Geraldo"
102566,Erik Ferreira Bellini,178,"Avenida Albino José Barbosa de Oliveira, 286 - Barão Geraldo"
102567,Victor Medeiros Almeida,175,"Avenida Heitor Penteado, 739 - Taquaral"
102568,Daniel Ribeiro Campos,174,"Avenida Albino José Barbosa de Oliveira, 1517 - Barão Geraldo"
102569,Livia Oliveira Paschoalino,161,"Avenida Albino José Barbosa de Oliveira, 2844 - Barão Geraldo"
102570,Pedro Vieira Paschoalino,154,"Avenida Heitor Penteado, 2452 - Taquaral"
102571,André Oliveira Vieira,183,"Rua Maria Monteiro, 677 - Cambuí"
102572,Larissa Ribeiro Melo,197,"Avenida Albino José Barbosa de Oliveira, 2318 - Barão Geraldo"
102573,Guilherme Gomes Amorim,186,"Avenida Heitor Penteado, 1325 - Taquaral"
102574,Larissa Almeida Santana,164,"Avenida Heitor Penteado, 2465 - Taquaral"
102575,Eduardo Ribeiro Silva,193,"Avenida Albino José Barbosa de Oliveira, 448 - Barão Geraldo"
102576,Samuel Ferreira Gomes,185,"Avenida Albino José Barbosa de Oliveira, 3226 - Barão Geraldo"
102577,Gabriel Oliveira Campos,164,"Avenida Heitor Penteado, 85 - Taquaral"
102578,Larissa Medeiros Campos,192,"Avenida Albino José Barbosa de Oliveira, 3117 - Barão Geraldo"
102579,Erik Amorim Campos,197,"Avenida Heitor Penteado, 1696 - Taquaral"
102580,Clara Ribeiro Nascimento,172,"Rua Coronel Quirino, 1890 - Cambuí"
102581,João Gomes Paschoalino,155,"Avenida Heitor Penteado, 2806 - Taquaral"
102582,Sofia Bellini Santana,195,"Rua Maria Monteiro, 806 - Cambuí"
102583,Daniel Queiroz Cruz,199,"Rua Coronel Quirino, 1186 - Cambuí"
102584,Vinícius Alves Matos,193,"Avenida Albino José Barbosa de Oliveira, 169 - Barão Geraldo"
102585,Samuel Bellini Ferreira,192,"Rua Coronel Quirino, 1450 - Cambuí"
102586,Rafael Santana Silva,194,"Rua Maria Monteiro, 248 - Cambuí"
102587,Beatriz Santana Cruz,170,"Rua Maria Monteiro, 786 - Cambuí"
102588,Eduardo Amorim Amorim,172,"Avenida Albino José Barbosa de Oliveira, 258 - Barão Geraldo"
102589,Erik Oliveira Medeiros,192,"Rua Maria Monteiro, 567 - Cambuí"
102590,Beatriz Ribeiro Alves,204,"Avenida Heitor Penteado, 2798 - Taquaral"
102591,Guilherme Santana Gomes,165,"Avenida Albino José Barbosa de Oliveira, 542 - Barão Geraldo"
102592,Giovanna Fernandes Campos,196,"Avenida Albino José Barbosa de Oliveira, 38 - Barão Geraldo"
102593,Miguel Medeiros Cruz,202,"Avenida Albino José Barbosa de Oliveira, 1160 - Barão Geraldo"
102594,Thiago Medeiros Matos,164,"Avenida Heitor Penteado, 488 - Taquaral"
102595,Erik Oliveira Paschoalino,174,"Avenida Albino José Barbosa de Oliveira, 3002 - Barão Geraldo"
102596,Pedro Queiroz Cruz,185,"Avenida Albino José Barbosa de Oliveira, 2374 - Barão Geraldo"
102597,Clara Bellini Ferreira,160,"Avenida Albino José Barbosa de Oliveira, 1920 - Barão Geraldo"
102598,Victor Melo Fernandes,200,"Rua Coronel Quirino, 1525 - Cambuí"
102599,Maria Santana Fernandes,164,"Avenida Heitor Penteado, 912 - Taquaral"
102600,Gabriel Cruz Fernandes,153,"Rua Coronel Quirino, 1632 - Cambuí"
102601,Gabriel Cruz Bellini,170,"Avenida Albino José Barbosa de Oliveira, 3404 - Barão Geraldo"
102602,Thiago Gomes Santana,162,"Rua Coronel Quirino, 1602 - Cambuí"
102603,Livia Bellini Vieira,171,"Avenida Albino José Barbosa de Oliveira, 2109 - Barão Geraldo"
102604,Pedro Melo Amorim,168,"Avenida Albino José Barbosa de Oliveira, 2246 - Barão Geraldo"
102605,Beatriz Gomes Almeida,183,"Avenida Heitor Penteado, 2366 - Taquaral"
102606,Felipe Campos Ferreira,163,"Avenida Heitor Penteado, 2863 - Taquaral"
102607,Erik Martins Alves,153,"Rua Maria Monteiro, 1467 - Cambuí"
102608,Eduardo Ferreira Santana,197,"Avenida Albino José Barbosa de Oliveira, 2652 - Barão Geraldo"
102609,Rafael Alves Silva,202,"Rua Coronel Quirino, 585 - Cambuí"
102610,Felipe Fernandes Almeida,201,"Avenida Heitor Penteado, 2530 - Taquaral"
102611,Beatriz Melo Medeiros,195,"Avenida Albino José Barbosa de Oliveira, 3212 - Barão Geraldo"
102612,Giovanna Almeida Cruz,176,"Avenida Heitor Penteado, 1904 - Taquaral"
102613,Miguel Ferreira Gomes,178,"Avenida Albino José Barbosa de Oliveira, 3286 - Barão Geraldo"
102614,Erik Fernandes Bellini,196,"Avenida Heitor Penteado, 461 - Taquaral"
102615,Guilherme Campos Oliveira,177,"Rua Coronel Quirino, 925 - Cambuí"
102616,Rafael Campos Oliveira,184,"Avenida Albino José Barbosa de Oliveira, 3056 - Barão Geraldo"
102617,Victor Matos Bellini,157,"Avenida Heitor Penteado, 1589 - Taquaral"
102618,Clara Gomes Queiroz,165,"Avenida Albino José Barbosa de Oliveira, 1176 - Barão Geraldo"
102619,Pedro Santana Melo,191,"Avenida Albino José Barbosa de Oliveira, 1229 - Barão Geraldo"
102620,Pedro Ferreira Silva,185,"Avenida Heitor Penteado, 2336 - Taquaral"
102621,André Gomes Bellini,179,"Rua Coronel Quirino, 163 - Cambuí"
102622,Gabriel Fernandes Gomes,167,"Avenida Albino José Barbosa de Oliveira, 1031 - Barão Geraldo"
102623,Victor Bellini Melo,151,"Avenida Heitor Penteado, 2513 - Taquaral"
102624,Eduardo Melo Paschoalino,198,"Avenida Albino José Barbosa de Oliveira, 2576 - Barão Geraldo"
102625,Maria Medeiros Medeiros,162,"Avenida Albino José Barbosa de Oliveira, 1902 - Barão Geraldo"
102626,Pedro Queiroz Medeiros,153,"Avenida Albino José Barbosa de Oliveira, 1500 - Barão Geraldo"
102627,Maria Queiroz Martins,175,"Avenida Albino José Barbosa de Oliveira, 1855 - Barão Geraldo"
102628,Pedro Cruz Ferreira,174,"Avenida Albino José Barbosa de Oliveira, 2762 - Barão Geraldo"
102629,Pedro Bellini Vieira,179,"Avenida Heitor Penteado, 1716 - Taquaral"
102630,Sofia Paschoalino Gomes,160,"Avenida Albino José Barbosa de Oliveira, 1559 - Barão Geraldo"
102631,Felipe Almeida Alves,156,"Avenida Heitor Penteado, 903 - Taquaral"
102632,Guilherme Bellini Ribeiro,180,"Avenida Heitor Penteado, 2012 - Taquaral"
102633,Clara Paschoalino Amorim,193,"Avenida Albino José Barbosa de Oliveira, 242 - Barão Geraldo"
102634,Yasmin Nascimento Oliveira,159,"Avenida Heitor Penteado, 2822 - Taquaral"
102635,Larissa Ferreira Melo,188,"Avenida Heitor Penteado, 1598 - Taquaral"
102636,Thiago Melo Paschoalino,162,"Rua Maria Monteiro, 657 - Cambuí"
102637,Miguel Ferreira Almeida,180,"Avenida Albino José Barbosa de Oliveira, 2639 - Barão Geraldo"
102638,Larissa Martins Oliveira,156,"Avenida Albino José Barbosa de Oliveira, 2024 - Barão Geraldo"
102639,João Ribeiro Ferreira,198,"Avenida Albino José Barbosa de Oliveira, 1598 - Barão Geraldo"
102640,Larissa Ribeiro Paschoalino,191,"Avenida Albino José Barbosa de Oliveira, 618 - Barão Geraldo"
102641,Rafael Vieira Martins,191,"Rua Maria Monteiro, 1475 - Cambuí"
102642,Larissa Fernandes Queiroz,185,"Avenida Albino José Barbosa de Oliveira, 1167 - Barão Geraldo"
102643,Beatriz Nascimento Gomes,169,"Rua Maria Monteiro, 397 - Cambuí"
102644,Giovanna Campos Matos,153,"Avenida Heitor Penteado, 542 - Taquaral"
102645,Victor Santana Vieira,203,"Avenida Albino José Barbosa de Oliveira, 2803 - Barão Geraldo"
102646,Vinícius Fernandes Medeiros,156,"Rua Maria Monteiro, 469 - Cambuí"
102647,Samuel Alves Medeiros,203,"Rua Maria Monteiro, 1409 - Cambuí"
102648,Daniel Martins Alves,150,"Avenida Heitor Penteado, 811 - Taquaral"
102649,Miguel Campos Medeiros,193,"Rua Coronel Quirino, 587 - Cambuí"
102650,João Alves Oliveira,194,"Avenida Heitor Penteado, 496 - Taquaral"
102651,Rafael Matos Vieira,191,"Avenida Heitor Penteado, 648 - Taquaral"
102652,Sofia Santana Almeida,196,"Avenida Heitor Penteado, 781 - Taquaral"
102653,Henrique Bellini Matos,162,"Rua Maria Monteiro, 513 - Cambuí"
102654,Daniel Ribeiro Amorim,204,"Avenida Heitor Penteado, 2005 - Taquaral"
102655,Thiago Melo Santana,171,"Rua Coronel Quirino, 968 - Cambuí"
102656,Thiago Bellini Fernandes,203,"Avenida Albino José Barbosa de Oliveira, 146 - Barão Geraldo"
102657,João Silva Queiroz,170,"Avenida Albino José Barbosa de Oliveira, 2919 - Barão Geraldo"
102658,Yasmin Gomes Silva,171,"Avenida Heitor Penteado, 1517 - Taquaral"
102659,Beatriz Vieira Alves,177,"Avenida Heitor Penteado, 181 - Taquaral"
102660,João Ferreira Amorim,158,"Rua Maria Monteiro, 93 - Cambuí"
102661,Samuel Queiroz Cruz,175,"Avenida Heitor Penteado, 1936 - Taquaral"
102662,Pedro Matos Matos,158,"Avenida Heitor Penteado, 806 - Taquaral"
102663,Guilherme Ferreira Campos,164,"Avenida Heitor Penteado, 1097 - Taquaral"
102664,João Vieira Santana,159,"Avenida Heitor Penteado, 1935 - Taquaral"
102665,Miguel Vieira Vieira,173,"Avenida Heitor Penteado, 665 - Taquaral"
102666,Livia Oliveira Nascimento,191,"Rua Maria Monteiro, 1367 - Cambuí"
102667,Clara Cruz Oliveira,157,"Avenida Albino José Barbosa de Oliveira, 2610 - Barão Geraldo"
102668,Giovanna Cruz Almeida,173,"Rua Coronel Quirino, 1486 - Cambuí"
102669,Pedro Almeida Santana,165,"Avenida Albino José Barbosa de Oliveira, 3461 - Barão Geraldo"
102670,Samuel Ribeiro Paschoalino,198,"Avenida Heitor Penteado, 131 - Taquaral"
102671,Guilherme Gomes Matos,175,"Avenida Heitor Penteado, 433 - Taquaral"
102672,Eduardo Amorim Alves,176,"Rua Maria Monteiro, 316 - Cambuí"
102673,Maria Ferreira Ribeiro,186,"Avenida Albino José Barbosa de Oliveira, 2697 - Barão Geraldo"
102674,André Nascimento Santana,153,"Avenida Albino José Barbosa de Oliveira, 1503 - Barão Geraldo"
102675,Clara Paschoalino Bellini,199,"Avenida Heitor Penteado, 1170 - Taquaral"
102676,Samuel Ribeiro Fernandes,173,"Avenida Heitor Penteado, 1027 - Taquaral"
102677,Maria Melo Fernandes,168,"Avenida Albino José Barbosa de Oliveira, 1061 - Barão Geraldo"
102678,Rafael Ribeiro Fernandes,185,"Avenida Heitor Penteado, 1336 - Taquaral"
102679,Pedro Melo Queiroz,188,"Avenida Heitor Penteado, 219 - Taquaral"
102680,Sofia Ferreira Ferreira,159,"Rua Coronel Quirino, 534 - Cambuí"
102681,Guilherme Melo Almeida,174,"Avenida Albino José Barbosa de Oliveira, 1765 - Barão Geraldo"
102682,Guilherme Oliveira Silva,167,"Rua Coronel Quirino, 1120 - Cambuí"
102683,Gabriel Amorim Alves,168,"Avenida Heitor Penteado, 896 - Taquaral"
102684,Guilherme Medeiros Almeida,185,"Rua Maria Monteiro, 1009 - Cambuí"
102685,João Nascimento Ferreira,159,"Avenida Heitor Penteado, 2371 - Taquaral"
102686,Erik Campos Oliveira,182,"Avenida Albino José Barbosa de Oliveira, 1086 - Barão Geraldo"
102687,Larissa Matos Nascimento,204,"Avenida Albino José Barbosa de Oliveira, 154 - Barão Geraldo"
102688,Erik Oliveira Almeida,199,"Rua Maria Monteiro, 1431 - Cambuí"
102689,Erik Bellini Cruz,154,"Avenida Albino José Barbosa de Oliveira, 1649 - Barão Geraldo"
102690,Beatriz Fernandes Melo,196,"Avenida Albino José Barbosa de Oliveira, 2962 - Barão Geraldo"
102691,Eduardo Ferreira Silva,198,"Avenida Albino José Barbosa de Oliveira, 1747 - Barão Geraldo"
102692,João Oliveira Santana,184,"Avenida Albino José Barbosa de Oliveira, 762 - Barão Geraldo"
102693,Sofia Medeiros Fernandes,193,"Avenida Albino José Barbosa de Oliveira, 623 - Barão Geraldo"
102694,João Almeida Alves,183,"Rua Coronel Quirino, 867 - Cambuí"
102695,Miguel Matos Oliveira,182,"Avenida Heitor Penteado, 1650 - Taquaral"
102696,Sofia Nascimento Cruz,204,"Rua Coronel Quirino, 1683 - Cambuí"
102697,André Martins Amorim,170,"Avenida Albino José Barbosa de Oliveira, 1778 - Barão Geraldo"
102698,Eduardo Ferreira Fernandes,166,"Avenida Albino José Barbosa de Oliveira, 107 - Barão Geraldo"
102699,Eduardo Paschoalino Matos,171,"Avenida Albino José Barbosa de Oliveira, 1405 - Barão Geraldo"
102700,Samuel Fernandes Ribeiro,197,"Avenida Albino José Barbosa de Oliveira, 717 - Barão Geraldo"
102701,Larissa Nascimento Amorim,186,"Rua Maria Monteiro, 434 - Cambuí"
102702,Guilherme Melo Almeida,164,"Avenida Albino José Barbosa de Oliveira, 1045 - Barão Geraldo"
102703,Victor Ferreira Fernandes,184,"Avenida Heitor Penteado, 1882 - Taquaral"
102704,Larissa Cruz Amorim,177,"Avenida Heitor Penteado, 680 - Taquaral"
102705,Beatriz Almeida Matos,156,"Rua Coronel Quirino, 473 - Cambuí"
102706,Daniel Nascimento Paschoalino,181,"Avenida Albino José Barbosa de Oliveira, 2267 - Barão Geraldo"
102707,Livia Campos Bellini,160,"Avenida Albino José Barbosa de Oliveira, 2819 - Barão Geraldo"
102708,Miguel Alves Vieira,159,"Rua Maria Monteiro, 1214 - Cambuí"
102709,Henrique Medeiros Campos,158,"Avenida Albino José Barbosa de Oliveira, 3043 - Barão Geraldo"
102710,Rafael Santana Melo,163,"Avenida Albino José Barbosa de Oliveira, 2377 - Barão Geraldo"
102711,Samuel Bellini Silva,162,"Avenida Heitor Penteado, 470 - Taquaral"
102712,Felipe Paschoalino Vieira,174,"Rua Coronel Quirino, 559 - Cambuí"
102713,Sofia Ferreira Vieira,151,"Rua Coronel Quirino, 274 - Cambuí"
102714,Samuel Martins Santana,184,"Rua Maria Monteiro, 865 - Cambuí"
102715,Pedro Fernandes Campos,156,"Rua Maria Monteiro, 1155 - Cambuí"
102716,Vinícius Queiroz Medeiros,170,"Rua Maria Monteiro, 1056 - Cambuí"
102717,Yasmin Alves Martins,167,"Rua Coronel Quirino, 1010 - Cambuí"
102718,Eduardo Gomes Alves,152,"Avenida Albino José Barbosa de Oliveira, 754 - Barão Geraldo"
102719,Livia Alves Paschoalino,191,"Avenida Heitor Penteado, 1302 - Taquaral"
102720,Guilherme Alves Alves,203,"Avenida Heitor Penteado, 2021 - Taquaral"
102721,Guilherme Ferreira Matos,188,"Avenida Albino José Barbosa de Oliveira, 3242 - Barão Geraldo"
102722,Clara Santana Ferreira,190,"Rua Maria Monteiro, 137 - Cambuí"
102723,Thiago Gomes Ferreira,198,"Avenida Heitor Penteado, 627 - Taquaral"
102724,Guilherme Oliveira Gomes,160,"Rua Maria Monteiro, 172 - Cambuí"
102725,Thiago Gomes Almeida,188,"Rua Coronel Quirino, 1281 - Cambuí"
102726,Victor Campos Vieira,173,"Avenida Albino José Barbosa de Oliveira, 1202 - Barão Geraldo"
102727,Eduardo Santana Nascimento,195,"Avenida Heitor Penteado, 2892 - Taquaral"
102728,Pedro Queiroz Fernandes,168,"Avenida Heitor Penteado, 2071 - Taquaral"
102729,Clara Melo Martins,153,"Avenida Albino José Barbosa de Oliveira, 572 - Barão Geraldo"
102730,Clara Paschoalino Gomes,175,"Avenida Albino José Barbosa de Oliveira, 2021 - Barão Geraldo"
102731,Rafael Silva Gomes,187,"Avenida Heitor Penteado, 2335 - Taquaral"
102732,Erik Matos Ferreira,191,"Avenida Heitor Penteado, 2659 - Taquaral"
102733,Larissa Melo Almeida,181,"Avenida Heitor Penteado, 1812 - Taquaral"
102734,Felipe Oliveira Martins,188,"Rua Coronel Quirino, 1977 - Cambuí"
102735,Guilherme Matos Amorim,194,"Avenida Heitor Penteado, 1491 - Taquaral"
102736,Beatriz Nascimento Melo,195,"Avenida Heitor Penteado, 1865 - Taquaral"
102737,Guilherme Amorim Matos,185,"Avenida Albino José Barbosa de Oliveira, 2856 - Barão Geraldo"
102738,Thiago Ferreira Bellini,189,"Avenida Heitor Penteado, 2036 - Taquaral"
102739,André Paschoalino Almeida,186,"Avenida Albino José Barbosa de Oliveira, 67 - Barão Geraldo"
102740,Giovanna Nascimento Ribeiro,182,"Avenida Heitor Penteado, 2864 - Taquaral"
102741,Rafael Amorim Cruz,185,"Avenida Albino José Barbosa de Oliveira, 1716 - Barão Geraldo"
102742,Rafael Nascimento Gomes,152,"Avenida Heitor Penteado, 1927 - Taquaral"
102743,Erik Amorim Ribeiro,158,"Avenida Heitor Penteado, 1787 - Taquaral"
102744,Gabriel Paschoalino Cruz,157,"Rua Maria Monteiro, 1269 - Cambuí"
102745,Giovanna Amorim Vieira,182,"Avenida Albino José Barbosa de Oliveira, 637 - Barão Geraldo"
102746,Vinícius Alves Melo,155,"Avenida Albino José Barbosa de Oliveira, 645 - Barão Geraldo"
102747,Pedro Melo Gomes,190,"Avenida Heitor Penteado, 2462 - Taquaral"
102748,Giovanna Ribeiro Amorim,188,"Rua Maria Monteiro, 831 - Cambuí"
102749,Larissa Cruz Alves,153,"Avenida Albino José Barbosa de Oliveira, 2907 - Barão Geraldo"
102750,Samuel Melo Paschoalino,162,"Avenida Albino José Barbosa de Oliveira, 1063 - Barão Geraldo"
102751,Giovanna Oliveira Melo,198,"Rua Coronel Quirino, 154 - Cambuí"
102752,Beatriz Almeida Fernandes,151,"Rua Coronel Quirino, 501 - Cambuí"
102753,Miguel Almeida Alves,154,"Avenida Heitor Penteado, 2653 - Taquaral"
102754,Erik Medeiros Silva,193,"Avenida Albino José Barbosa de Oliveira, 146 - Barão Geraldo"
102755,João Gomes Ribeiro,176,"Avenida Heitor Penteado, 2994 - Taquaral"
102756,João Medeiros Nascimento,181,"Avenida Albino José Barbosa de Oliveira, 2233 - Barão Geraldo"
102757,Guilherme Queiroz Ribeiro,170,"Avenida Albino José Barbosa de Oliveira, 3265 - Barão Geraldo"
102758,Clara Queiroz Santana,157,"Rua Maria Monteiro, 1423 - Cambuí"
102759,Rafael Oliveira Cruz,187,"Avenida Albino José Barbosa de Oliveira, 1558 - Barão Geraldo"
102760,Vinícius Oliveira Matos,157,"Avenida Heitor Penteado, 2374 - Taquaral"
102761,Henrique Fernandes Nascimento,199,"Avenida Heitor Penteado, 601 - Taquaral"
102762,Giovanna Alves Cruz,152,"Avenida Heitor Penteado, 514 - Taquaral"
102763,Sofia Melo Alves,203,"Rua Coronel Quirino, 373 - Cambuí"
102764,Eduardo Paschoalino Almeida,193,"Avenida Albino José Barbosa de Oliveira, 985 - Barão Geraldo"
102765,Samuel Nascimento Alves,152,"Avenida Heitor Penteado, 350 - Taquaral"
102766,Pedro Gomes Fernandes,171,"Avenida Heitor Penteado, 357 - Taquaral"
102767,Erik Cruz Santana,155,"Avenida Albino José Barbosa de Oliveira, 2536 - Barão Geraldo"
102768,Eduardo Queiroz Bellini,151,"Avenida Albino José Barbosa de Oliveira, 2288 - Barão Geraldo"
102769,Felipe Matos Campos,172,"Rua Coronel Quirino, 105 - Cambuí"
102770,Larissa Queiroz Matos,193,"Avenida Albino José Barbosa de Oliveira, 1940 - Barão Geraldo"
102771,Larissa Matos Cruz,151,"Rua Coronel Quirino, 1095 - Cambuí"
102772,Maria Ferreira Vieira,187,"Rua Coronel Quirino, 449 - Cambuí"
102773,Daniel Almeida Paschoalino,166,"Rua Coronel Quirino, 1057 - Cambuí"
102774,Pedro Alves Nascimento,184,"Avenida Albino José Barbosa de Oliveira, 2977 - Barão Geraldo"
102775,Larissa Alves Almeida,183,"Rua Coronel Quirino, 1793 - Cambuí"
102776,Miguel Campos Queiroz,172,"Avenida Heitor Penteado, 1177 - Taquaral"
102777,Henrique Oliveira Nascimento,179,"Rua Maria Monteiro, 879 - Cambuí"
102778,André Cruz Bellini,201,"Avenida Albino José Barbosa de Oliveira, 3008 - Barão Geraldo"
102779,Eduardo Almeida Bellini,157,"Avenida Heitor Penteado, 1865 - Taquaral"
102780,Guilherme Almeida Santana,171,"Avenida Albino José Barbosa de Oliveira, 2664 - Barão Geraldo"
102781,Eduardo Vieira Gomes,193,"Avenida Heitor Penteado, 350 - Taquaral"
102782,Larissa Cruz Vieira,185,"Avenida Albino José Barbosa de Oliveira, 1351 - Barão Geraldo"
102783,André Amorim Gomes,154,"Rua Maria Monteiro, 81 - Cambuí"
102784,Beatriz Santana Cruz,162,"Avenida Albino José Barbosa de Oliveira, 219 - Barão Geraldo"
102785,Beatriz Queiroz Melo,178,"Avenida Albino José Barbosa de Oliveira, 218 - Barão Geraldo"
102786,Beatriz Amorim Cruz,180,"Rua Coronel Quirino, 1237 - Cambuí"
102787,Giovanna Medeiros Vieira,196,"Avenida Albino José Barbosa de Oliveira, 125 - Barão Geraldo"
102788,Guilherme Paschoalino Cruz,204,"Avenida Albino José Barbosa de Oliveira, 58 - Barão Geraldo"
102789,Daniel Campos Santana,165,"Avenida Heitor Penteado, 618 - Taquaral"
102790,Victor Santana Oliveira,191,"Avenida Heitor Penteado, 2325 - Taquaral"
102791,Yasmin Alves Paschoalino,179,"Avenida Heitor Penteado, 2820 - Taquaral"
102792,Clara Almeida Silva,204,"Avenida Albino José Barbosa de Oliveira, 2890 - Barão Geraldo"
102793,Victor Alves Alves,165,"Avenida Albino José Barbosa de Oliveira, 144 - Barão Geraldo"
102794,Erik Queiroz Campos,161,"Rua Maria Monteiro, 1391 - Cambuí"
102795,Gabriel Queiroz Melo,166,"Rua Coronel Quirino, 846 - Cambuí"
102796,Clara Cruz Melo,165,"Avenida Albino José Barbosa de Oliveira, 1111 - Barão Geraldo"
102797,André Queiroz Santana,161,"Avenida Albino José Barbosa de Oliveira, 2772 - Barão Geraldo"
102798,Larissa Santana Nascimento,157,"Avenida Albino José Barbosa de Oliveira, 2631 - Barão Geraldo"
102799,Erik Matos Paschoalino,169,"Rua Coronel Quirino, 758 - Cambuí"
102800,Thiago Cruz Santana,152,"Avenida Albino José Barbosa de Oliveira, 3074 - Barão Geraldo"
102801,Samuel Amorim Alves,165,"Avenida Heitor Penteado, 694 - Taquaral"
102802,Larissa Melo Oliveira,179,"Avenida Heitor Penteado, 1581 - Taquaral"
102803,Miguel Cruz Oliveira,194,"Avenida Albino José Barbosa de Oliveira, 2750 - Barão Geraldo"
102804,João Martins Gomes,172,"Avenida Albino José Barbosa de Oliveira, 240 - Barão Geraldo"
102805,Felipe Queiroz Bellini,177,"Avenida Heitor Penteado, 1666 - Taquaral"
102806,Maria Cruz Fernandes,200,"Avenida Heitor Penteado, 1440 - Taquaral"
102807,Daniel Ferreira Cruz,189,"Avenida Albino José Barbosa de Oliveira, 1815 - Barão Geraldo"
102808,Samuel Almeida Amorim,203,"Avenida Heitor Penteado, 2795 - Taquaral"
102809,João Nascimento Matos,154,"Avenida Heitor Penteado, 778 - Taquaral"
102810,Thiago Medeiros Vieira,169,"Rua Coronel Quirino, 1699 - Cambuí"
102811,Henrique Amorim Cruz,189,"Avenida Albino José Barbosa de Oliveira, 1829 - Barão Geraldo"
102812,Livia Nascimento Ferreira,193,"Avenida Heitor Penteado, 2358 - Taquaral"
102813,Vinícius Nascimento Ferreira,150,"Avenida Albino José Barbosa de Oliveira, 1563 - Barão Geraldo"
102814,Gabriel Matos Gomes,179,"Avenida Albino José Barbosa de Oliveira, 3055 - Barão Geraldo"
102815,Guilherme Gomes Santana,170,"Avenida Albino José Barbosa de Oliveira, 3152 - Barão Geraldo"
102816,Clara Amorim Alves,169,"Rua Coronel Quirino, 803 - Cambuí"
102817,Erik Paschoalino Amorim,155,"Avenida Heitor Penteado, 1885 - Taquaral"
102818,Yasmin Cruz Martins,171,"Avenida Heitor Penteado, 1497 - Taquaral"
102819,Miguel Queiroz Vieira,167,"Avenida Albino José Barbosa de Oliveira, 2530 - Barão Geraldo"
102820,Daniel Almeida Martins,157,"Avenida Albino José Barbosa de Oliveira, 2124 - Barão Geraldo"
102821,Livia Melo Cruz,188,"Avenida Albino José Barbosa de Oliveira, 1136 - Barão Geraldo"
102822,Thiago Oliveira Vieira,181,"Avenida Heitor Penteado, 2121 - Taquaral"
102823,João Santana Fernandes,182,"Rua Maria Monteiro, 701 - Cambuí"
102824,Felipe Campos Martins,202,"Avenida Albino José Barbosa de Oliveira, 710 - Barão Geraldo"
102825,Daniel Bellini Gomes,165,"Avenida Heitor Penteado, 2770 - Taquaral"
102826,Thiago Amorim Silva,161,"Avenida Heitor Penteado, 1056 - Taquaral"
102827,Larissa Melo Melo,187,"Avenida Heitor Penteado, 119 - Taquaral"
102828,Giovanna Ribeiro Martins,201,"Avenida Albino José Barbosa de Oliveira, 866 - Barão Geraldo"
102829,João Amorim Campos,183,"Rua Coronel Quirino, 865 - Cambuí"
102830,Livia Amorim Queiroz,163,"Rua Coronel Quirino, 397 - Cambuí"
102831,Giovanna Almeida Ferreira,185,"Avenida Heitor Penteado, 408 - Taquaral"
102832,Daniel Cruz Silva,182,"Rua Maria Monteiro, 1426 - Cambuí"
102833,Pedro Amorim Bellini,172,"Rua Coronel Quirino, 1739 - Cambuí"
102834,Rafael Almeida Paschoalino,199,"Avenida Albino José Barbosa de Oliveira, 2198 - Barão Geraldo"
102835,Daniel Medeiros Vieira,194,"Avenida Heitor Penteado, 2784 - Taquaral"
102836,Pedro Paschoalino Oliveira,151,"Avenida Heitor Penteado, 2453 - Taquaral"
102837,Livia Campos Fernandes,190,"Rua Maria Monteiro, 166 - Cambuí"
102838,Eduardo Nascimento Campos,170,"Rua Coronel Quirino, 1793 - Cambuí"
102839,Vinícius Cruz Vieira,151,"Avenida Albino José Barbosa de Oliveira, 492 - Barão Geraldo"
102840,Yasmin Queiroz Amorim,176,"Avenida Albino José Barbosa de Oliveira, 224 - Barão Geraldo"
102841,Miguel Santana Nascimento,158,"Avenida Albino José Barbosa de Oliveira, 2972 - Barão Geraldo"
102842,Yasmin Amorim Amorim,150,"Avenida Albino José Barbosa de Oliveira, 2675 - Barão Geraldo"
102843,Samuel Silva Matos,160,"Avenida Heitor Penteado, 173 - Taquaral"
102844,Henrique Matos Matos,152,"Rua Maria Monteiro, 1354 - Cambuí"
102845,André Medeiros Gomes,201,"Avenida Heitor Penteado, 644 - Taquaral"
102846,Daniel Martins Ferreira,172,"Avenida Heitor Penteado, 2724 - Taquaral"
102847,Henrique Martins Ferreira,175,"Rua Maria Monteiro, 695 - Cambuí"
102848,Miguel Medeiros Medeiros,153,"Avenida Heitor Penteado, 2249 - Taquaral"
102849,Erik Matos Nascimento,167,"Rua Coronel Quirino, 1987 - Cambuí"
102850,Larissa Oliveira Amorim,204,"Avenida Albino José Barbosa de Oliveira, 2951 - Barão Geraldo"
102851,Maria Almeida Nascimento,155,"Avenida Albino José Barbosa de Oliveira, 273 - Barão Geraldo"
102852,Larissa Martins Amorim,184,"Avenida Heitor Penteado, 2807 - Taquaral"
102853,Daniel Melo Amorim,171,"Avenida Heitor Penteado, 1840 - Taquaral"
102854,Yasmin Matos Matos,192,"Avenida Heitor Penteado, 30 - Taquaral"
102855,Victor Amorim Amorim,164,"Avenida Heitor Penteado, 2401 - Taquaral"
102856,Sofia Oliveira Queiroz,171,"Rua Coronel Quirino, 312 - Cambuí"
102857,Beatriz Martins Silva,186,"Avenida Heitor Penteado, 2804 - Taquaral"
102858,Pedro Melo Martins,201,"Avenida Heitor Penteado, 340 - Taquaral"
102859,Vinícius Alves Nascimento,191,"Avenida Heitor Penteado, 331 - Taquaral"
102860,Henrique Medeiros Paschoalino,161,"Avenida Heitor Penteado, 2054 - Taquaral"
102861,Victor Medeiros Almeida,196,"Avenida Heitor Penteado, 1121 - Taquaral"
102862,João Alves Melo,198,"Avenida Heitor Penteado, 2555 - Taquaral"
102863,André Ribeiro Fernandes,191,"Rua Coronel Quirino, 1013 - Cambuí"
102864,Livia Cruz Gomes,187,"Avenida Heitor Penteado, 2425 - Taquaral"
102865,João Alves Gomes,167,"Avenida Albino José Barbosa de Oliveira, 1937 - Barão Geraldo"
102866,João Medeiros Bellini,194,"Avenida Heitor Penteado, 1151 - Taquaral"
102867,Gabriel Bellini Ribeiro,184,"Avenida Heitor Penteado, 1861 - Taquaral"
102868,Guilherme Melo Vieira,179,"Avenida Heitor Penteado, 975 - Taquaral"
102869,Larissa Vieira Nascimento,173,"Avenida Heitor Penteado, 483 - Taquaral"
102870,Daniel Fernandes Oliveira,191,"Avenida Albino José Barbosa de Oliveira, 2967 - Barão Geraldo"
102871,André Matos Fernandes,179,"Avenida Albino José Barbosa de Oliveira, 1713 - Barão Geraldo"
102872,Beatriz Ferreira Gomes,163,"Rua Coronel Quirino, 1333 - Cambuí"
102873,Victor Queiroz Gomes,155,"Avenida Heitor Penteado, 2858 - Taquaral"
102874,Giovanna Paschoalino Amorim,152,"Avenida Heitor Penteado, 2727 - Taquaral"
102875,Victor Paschoalino Fernandes,165,"Rua Maria Monteiro, 524 - Cambuí"
102876,Livia Melo Martins,156,"Avenida Heitor Penteado, 2123 - Taquaral"
102877,Henrique Melo Cruz,201,"Avenida Albino José Barbosa de Oliveira, 464 - Barão Geraldo"
102878,Pedro Cruz Santana,163,"Rua Coronel Quirino, 1823 - Cambuí"
102879,Henrique Amorim Queiroz,158,"Avenida Albino José Barbosa de Oliveira, 3236 - Barão Geraldo"
102880,Yasmin Fernandes Oliveira,164,"Avenida Heitor Penteado, 2484 - Taquaral"
102881,Vinícius Nascimento Alves,170,"Rua Coronel Quirino, 1572 - Cambuí"
102882,Maria Santana Amorim,184,"Avenida Albino José Barbosa de Oliveira, 1677 - Barão Geraldo"
102883,Rafael Vieira Matos,151,"Rua Maria Monteiro, 747 - Cambuí"
102884,Felipe Nascimento Silva,176,"Avenida Heitor Penteado, 567 - Taquaral"
102885,Beatriz Nascimento Melo,151,"Avenida Albino José Barbosa de Oliveira, 2882 - Barão Geraldo"
102886,Livia Bellini Campos,184,"Rua Maria Monteiro, 963 - Cambuí"
102887,Thiago Vieira Melo,167,"Rua Coronel Quirino, 786 - Cambuí"
102888,Daniel Melo Fernandes,163,"Avenida Albino José Barbosa de Oliveira, 2133 - Barão Geraldo"
102889,Giovanna Vieira Melo,169,"Rua Coronel Quirino, 575 - Cambuí"
102890,Samuel Amorim Gomes,167,"Rua Coronel Quirino, 171 - Cambuí"
102891,Felipe Alves Vieira,159,"Rua Maria Monteiro, 930 - Cambuí"
102892,Rafael Nascimento Queiroz,174,"Avenida Albino José Barbosa de Oliveira, 998 - Barão Geraldo"
102893,Guilherme Gomes Matos,151,"Rua Maria Monteiro, 446 - Cambuí"
102894,Henrique Santana Gomes,174,"Avenida Heitor Penteado, 2674 - Taquaral"
102895,Livia Silva Campos,203,"Avenida Albino José Barbosa de Oliveira, 286 - Barão Geraldo"
102896,Samuel Ferreira Matos,182,"Avenida Albino José Barbosa de Oliveira, 2613 - Barão Geraldo"
102897,Erik Paschoalino Ribeiro,185,"Avenida Albino José Barbosa de Oliveira, 1174 - Barão Geraldo"
102898,Larissa Queiroz Oliveira,180,"Avenida Heitor Penteado, 1452 - Taquaral"
102899,Victor Amorim Santana,163,"Avenida Heitor Penteado, 266 - Taquaral"
102900,Yasmin Ferreira Silva,150,"Rua Maria Monteiro, 1291 - Cambuí"
102901,Rafael Matos Campos,195,"Rua Maria Monteiro, 1123 - Cambuí"
102902,Maria Melo Ribeiro,165,"Avenida Albino José Barbosa de Oliveira, 2023 - Barão Geraldo"
102903,Beatriz Queiroz Santana,203,"Avenida Albino José Barbosa de Oliveira, 2293 - Barão Geraldo"
102904,João Ferreira Almeida,195,"Avenida Heitor Penteado, 1628 - Taquaral"
102905,Gabriel Almeida Nascimento,201,"Avenida Heitor Penteado, 1316 - Taquaral"
102906,Maria Gomes Fernandes,152,"Avenida Albino José Barbosa de Oliveira, 1430 - Barão Geraldo"
102907,Clara Ribeiro Santana,184,"Avenida Albino José Barbosa de Oliveira, 2113 - Barão Geraldo"
102908,Maria Silva Nascimento,190,"Avenida Heitor Penteado, 958 - Taquaral"
102909,Rafael Oliveira Silva,155,"Avenida Heitor Penteado, 1345 - Taquaral"
102910,Yasmin Campos Bellini,174,"Avenida Albino José Barbosa de Oliveira, 337 - Barão Geraldo"
102911,Livia Bellini Cruz,162,"Avenida Albino José Barbosa de Oliveira, 686 - Barão Geraldo"
102912,Eduardo Santana Paschoalino,202,"Avenida Albino José Barbosa de Oliveira, 1396 - Barão Geraldo"
102913,Gabriel Nascimento Ferreira,183,"Rua Maria Monteiro, 360 - Cambuí"
102914,Pedro Matos Gomes,157,"Avenida Albino José Barbosa de Oliveira, 1782 - Barão Geraldo"
102915,Maria Ribeiro Medeiros,170,"Avenida Albino José Barbosa de Oliveira, 1304 - Barão Geraldo"
102916,Felipe Oliveira Silva,183,"Avenida Albino José Barbosa de Oliveira, 1607 - Barão Geraldo"
102917,Eduardo Paschoalino Silva,153,"Avenida Albino José Barbosa de Oliveira, 729 - Barão Geraldo"
102918,Giovanna Matos Oliveira,174,"Avenida Albino José Barbosa de Oliveira, 2847 - Barão Geraldo"
102919,Rafael Medeiros Amorim,164,"Avenida Albino José Barbosa de Oliveira, 1849 - Barão Geraldo"
102920,André Medeiros Vieira,153,"Rua Coronel Quirino, 415 - Cambuí"
102921,Henrique Campos Nascimento,194,"Rua Maria Monteiro, 172 - Cambuí"
102922,Clara Gomes Alves,161,"Avenida Albino José Barbosa de Oliveira, 3449 - Barão Geraldo"
102923,Yasmin Vieira Martins,181,"Avenida Albino José Barbosa de Oliveira, 3346 - Barão Geraldo"
102924,Thiago Almeida Bellini,181,"Avenida Albino José Barbosa de Oliveira, 383 - Barão Geraldo"
102925,Daniel Melo Queiroz,177,"Avenida Albino José Barbosa de Oliveira, 868 - Barão Geraldo"
102926,Daniel Queiroz Melo,162,"Avenida Albino José Barbosa de Oliveira, 78 - Barão Geraldo"
102927,Samuel Silva Amorim,180,"Rua Coronel Quirino, 881 - Cambuí"
102928,Clara Bellini Campos,163,"Avenida Albino José Barbosa de Oliveira, 1210 - Barão Geraldo"
102929,Daniel Fernandes Fernandes,169,"Rua Coronel Quirino, 1887 - Cambuí"
102930,Victor Martins Bellini,167,"Avenida Albino José Barbosa de Oliveira, 2242 - Barão Geraldo"
102931,Maria Santana Almeida,178,"Avenida Heitor Penteado, 1760 - Taquaral"
102932,Daniel Oliveira Santana,155,"Avenida Albino José Barbosa de Oliveira, 772 - Barão Geraldo"
102933,Giovanna Ferreira Gomes,181,"Avenida Heitor Penteado, 2177 - Taquaral"
102934,Giovanna Melo Medeiros,178,"Avenida Heitor Penteado, 129 - Taquaral"
102935,Pedro Matos Alves,192,"Avenida Albino José Barbosa de Oliveira, 622 - Barão Geraldo"
102936,Larissa Cruz Fernandes,151,"Rua Coronel Quirino, 1019 - Cambuí"
102937,Sofia Gomes Amorim,172,"Avenida Albino José Barbosa de Oliveira, 3414 - Barão Geraldo"
102938,Yasmin Bellini Silva,168,"Avenida Heitor Penteado, 337 - Taquaral"
102939,Eduardo Alves Amorim,180,"Avenida Albino José Barbosa de Oliveira, 1675 - Barão Geraldo"
102940,Larissa Alves Nascimento,200,"Rua Maria Monteiro, 464 - Cambuí"
102941,André Ribeiro Campos,154,"Avenida Heitor Penteado, 2617 - Taquaral"
102942,Beatriz Medeiros Bellini,168,"Avenida Albino José Barbosa de Oliveira, 1977 - Barão Geraldo"
102943,Giovanna Matos Martins,183,"Rua Coronel Quirino, 1924 - Cambuí"
102944,Guilherme Ribeiro Alves,159,"Avenida Heitor Penteado, 800 - Taquaral"
102945,Yasmin Cruz Matos,174,"Avenida Albino José Barbosa de Oliveira, 3304 - Barão Geraldo"
102946,Gabriel Ferreira Martins,151,"Avenida Heitor Penteado, 2649 - Taquaral"
102947,André Martins Silva,160,"Avenida Albino José Barbosa de Oliveira, 239 - Barão Geraldo"
102948,Guilherme Vieira Bellini,199,"Avenida Heitor Penteado, 882 - Taquaral"
102949,Guilherme Santana Oliveira,180,"Avenida Heitor Penteado, 2900 - Taquaral"
102950,Miguel Ribeiro Fernandes,164,"Avenida Albino José Barbosa de Oliveira, 904 - Barão Geraldo"
102951,Rafael Gomes Medeiros,158,"Rua Maria Monteiro, 1599 - Cambuí"
102952,Giovanna Vieira Amorim,172,"Avenida Heitor Penteado, 2615 - Taquaral"
102953,Pedro Gomes Fernandes,168,"Avenida Albino José Barbosa de Oliveira, 707 - Barão Geraldo"
102954,Larissa Gomes Cruz,158,"Avenida Albino José Barbosa de Oliveira, 3351 - Barão Geraldo"
102955,Erik Silva Queiroz,184,"Avenida Heitor Penteado, 1288 - Taquaral"
102956,Clara Alves Gomes,170,"Avenida Albino José Barbosa de Oliveira, 3240 - Barão Geraldo"
102957,Vinícius Matos Fernandes,158,"Avenida Heitor Penteado, 2987 - Taquaral"
102958,Miguel Paschoalino Medeiros,177,"Rua Coronel Quirino, 800 - Cambuí"
102959,Rafael Ribeiro Oliveira,195,"Avenida Heitor Penteado, 1691 - Taquaral"
102960,Rafael Ferreira Ribeiro,200,"Avenida Albino José Barbosa de Oliveira, 2380 - Barão Geraldo"
102961,Eduardo Paschoalino Martins,156,"Avenida Heitor Penteado, 2669 - Taquaral"
102962,Felipe Ribeiro Nascimento,165,"Rua Coronel Quirino, 313 - Cambuí"
102963,Henrique Melo Vieira,165,"Rua Coronel Quirino, 1076 - Cambuí"
102964,Daniel Oliveira Bellini,182,"Avenida Albino José Barbosa de Oliveira, 1483 - Barão Geraldo"
102965,Samuel Ribeiro Almeida,153,"Avenida Albino José Barbosa de Oliveira, 2621 - Barão Geraldo"
102966,Vinícius Gomes Fernandes,153,"Avenida Heitor Penteado, 2651 - Taquaral"
102967,Miguel Amorim Almeida,188,"Avenida Heitor Penteado, 2171 - Taquaral"
102968,Giovanna Oliveira Melo,189,"Avenida Heitor Penteado, 1566 - Taquaral"
102969,Henrique Nascimento Santana,166,"Avenida Albino José Barbosa de Oliveira, 1226 - Barão Geraldo"
102970,Clara Gomes Alves,186,"Avenida Heitor Penteado, 2758 - Taquaral"
102971,Erik Martins Martins,188,"Avenida Heitor Penteado, 944 - Taquaral"
102972,Victor Bellini Paschoalino,201,"Rua Maria Monteiro, 1467 - Cambuí"
102973,André Matos Ribeiro,178,"Rua Maria Monteiro, 1422 - Cambuí"
102974,Vinícius Ribeiro Bellini,201,"Rua Coronel Quirino, 1214 - Cambuí"
102975,Clara Ferreira Santana,185,"Avenida Albino José Barbosa de Oliveira, 1452 - Barão Geraldo"
102976,Giovanna Oliveira Medeiros,187,"Avenida Albino José Barbosa de Oliveira, 2834 - Barão Geraldo"
102977,Livia Campos Gomes,188,"Avenida Heitor Penteado, 53 - Taquaral"
102978,Vinícius Silva Almeida,199,"Avenida Albino José Barbosa de Oliveira, 672 - Barão Geraldo"
102979,Clara Alves Oliveira,186,"Rua Coronel Quirino, 740 - Cambuí"
102980,Victor Cruz Paschoalino,201,"Avenida Albino José Barbosa de Oliveira, 663 - Barão Geraldo"
102981,Larissa Queiroz Gomes,184,"Avenida Heitor Penteado, 140 - Taquaral"
102982,Miguel Amorim Cruz,156,"Avenida Heitor Penteado, 108 - Taquaral"
102983,Gabriel Santana Santana,176,"Avenida Albino José Barbosa de Oliveira, 855 - Barão Geraldo"
102984,Giovanna Nascimento Amorim,177,"Rua Maria Monteiro, 273 - Cambuí"
102985,Livia Almeida Gomes,171,"Avenida Albino José Barbosa de Oliveira, 933 - Barão Geraldo"
102986,Felipe Campos Santana,163,"Rua Maria Monteiro, 1430 - Cambuí"
102987,Guilherme Santana Gomes,156,"Rua Maria Monteiro, 1487 - Cambuí"
102988,Erik Gomes Almeida,186,"Avenida Albino José Barbosa de Oliveira, 383 - Barão Geraldo"
102989,André Nascimento Silva,171,"Avenida Heitor Penteado, 2239 - Taquaral"
102990,Gabriel Campos Ferreira,154,"Rua Maria Monteiro, 738 - Cambuí"
102991,Gabriel Alves Melo,204,"Avenida Heitor Penteado, 1322 - Taquaral"
102992,Yasmin Ribeiro Ferreira,151,"Avenida Albino José Barbosa de Oliveira, 166 - Barão Geraldo"
102993,Clara Paschoalino Amorim,176,"Avenida Albino José Barbosa de Oliveira, 489 - Barão Geraldo"
102994,Eduardo Fernandes Martins,170,"Avenida Heitor Penteado, 856 - Taquaral"
102995,Yasmin Santana Martins,203,"Avenida Heitor Penteado, 819 - Taquaral"
102996,Larissa Gomes Campos,187,"Avenida Heitor Penteado, 1887 - Taquaral"
102997,Giovanna Vieira Cruz,164,"Rua Maria Monteiro, 1312 - Cambuí"
102998,Sofia Medeiros Medeiros,170,"Avenida Albino José Barbosa de Oliveira, 2021 - Barão Geraldo"
102999,Henrique Bellini Amorim,159,"Rua Coronel Quirino, 245 - Cambuí"
103000,João Campos Campos,172,"Avenida Heitor Penteado, 1508 - Taquaral"
103001,Larissa Medeiros Paschoalino,188,"Avenida Albino José Barbosa de Oliveira, 2713 - Barão Geraldo"
103002,Giovanna Queiroz Campos,154,"Avenida Albino José Barbosa de Oliveira, 1905 - Barão Geraldo"
103003,Livia Nascimento Martins,150,"Avenida Albino José Barbosa de Oliveira, 1457 - Barão Geraldo"
103004,Yasmin Alves Almeida,162,"Avenida Heitor Penteado, 2337 - Taquaral"
103005,Sofia Medeiros Melo,170,"Avenida Heitor Penteado, 1516 - Taquaral"
103006,Erik Silva Oliveira,175,"Rua Coronel Quirino, 763 - Cambuí"
103007,Samuel Amorim Fernandes,199,"Avenida Albino José Barbosa de Oliveira, 2829 - Barão Geraldo"
103008,Miguel Almeida Vieira,194,"Avenida Albino José Barbosa de Oliveira, 558 - Barão Geraldo"
103009,Henrique Queiroz Gomes,170,"Avenida Albino José Barbosa de Oliveira, 1824 - Barão Geraldo"
103010,Eduardo Silva Cruz,202,"Rua Coronel Quirino, 1152 - Cambuí"
103011,Henrique Medeiros Almeida,167,"Avenida Heitor Penteado, 314 - Taquaral"
103012,Pedro Silva Alves,186,"Avenida Albino José Barbosa de Oliveira, 2566 - Barão Geraldo"
103013,Maria Nascimento Silva,194,"Avenida Heitor Penteado, 2834 - Taquaral"
103014,Vinícius Silva Queiroz,181,"Avenida Heitor Penteado, 2724 - Taquaral"
103015,Henrique Gomes Oliveira,185,"Avenida Heitor Penteado, 262 - Taquaral"
103016,Henrique Amorim Almeida,166,"Avenida Heitor Penteado, 314 - Taquaral"
103017,Sofia Ribeiro Ferreira,184,"Avenida Heitor Penteado, 404 - Taquaral"
103018,Beatriz Santana Almeida,198,"Rua Maria Monteiro, 199 - Cambuí"
103019,Beatriz Bellini Oliveira,160,"Avenida Heitor Penteado, 2022 - Taquaral"
103020,Beatriz Amorim Silva,170,"Avenida Heitor Penteado, 1319 - Taquaral"
103021,Erik Ferreira Gomes,201,"Rua Maria Monteiro, 428 - Cambuí"
103022,Daniel Amorim Medeiros,204,"Rua Maria Monteiro, 979 - Cambuí"
103023,Miguel Alves Matos,202,"Avenida Albino José Barbosa de Oliveira, 3143 - Barão Geraldo"
103024,Pedro Ferreira Amorim,175,"Avenida Albino José Barbosa de Oliveira, 1907 - Barão Geraldo"
103025,Daniel Almeida Cruz,153,"Rua Maria Monteiro, 1060 - Cambuí"
103026,João Vieira Santana,183,"Avenida Albino José Barbosa de Oliveira, 1239 - Barão Geraldo"
103027,Guilherme Oliveira Oliveira,201,"Rua Maria Monteiro, 1502 - Cambuí"
103028,Thiago Queiroz Silva,197,"Avenida Heitor Penteado, 715 - Taquaral"
103029,Victor Melo Santana,167,"Avenida Albino José Barbosa de Oliveira, 3228 - Barão Geraldo"
103030,Victor Paschoalino Queiroz,189,"Rua Coronel Quirino, 1898 - Cambuí"
103031,Victor Oliveira Gomes,184,"Avenida Heitor Penteado, 2886 - Taquaral"
103032,Clara Bellini Amorim,190,"Rua Maria Monteiro, 1592 - Cambuí"
103033,Yasmin Cruz Fernandes,178,"Avenida Heitor Penteado, 1196 - Taquaral"
103034,André Nascimento Cruz,201,"Avenida Albino José Barbosa de Oliveira, 2368 - Barão Geraldo"
103035,Livia Alves Melo,178,"Avenida Heitor Penteado, 731 - Taquaral"
103036,Daniel Fernandes Almeida,187,"Avenida Albino José Barbosa de Oliveira, 3379 - Barão Geraldo"
103037,André Vieira Ferreira,191,"Avenida Albino José Barbosa de Oliveira, 1491 - Barão Geraldo"
103038,Larissa Amorim Ferreira,170,"Avenida Albino José Barbosa de Oliveira, 1458 - Barão Geraldo"
103039,Rafael Silva Campos,191,"Avenida Heitor Penteado, 2397 - Taquaral"
103040,Yasmin Paschoalino Fernandes,162,"Avenida Albino José Barbosa de Oliveira, 2907 - Barão Geraldo"
103041,Beatriz Ribeiro Campos,198,"Rua Coronel Quirino, 1994 - Cambuí"
103042,Miguel Fernandes Melo,190,"Avenida Heitor Penteado, 372 - Taquaral"
103043,Eduardo Santana Medeiros,166,"Rua Maria Monteiro, 325 - Cambuí"
103044,Rafael Nascimento Fernandes,158,"Avenida Heitor Penteado, 1675 - Taquaral"
103045,Beatriz Vieira Matos,190,"Rua Maria Monteiro, 1143 - Cambuí"
103046,Vinícius Martins Vieira,150,"Avenida Albino José Barbosa de Oliveira, 3211 - Barão Geraldo"
103047,Livia Silva Oliveira,151,"Rua Maria Monteiro, 629 - Cambuí"
103048,Gabriel Martins Vieira,197,"Avenida Albino José Barbosa de Oliveira, 1083 - Barão Geraldo"
103049,André Santana Oliveira,178,"Avenida Albino José Barbosa de Oliveira, 1947 - Barão Geraldo"
103050,Livia Martins Nascimento,182,"Rua Maria Monteiro, 448 - Cambuí"
103051,Rafael Ribeiro Almeida,159,"Avenida Albino José Barbosa de Oliveira, 2844 - Barão Geraldo"
103052,Daniel Nascimento Amorim,199,"Rua Coronel Quirino, 975 - Cambuí"
103053,Maria Nascimento Campos,189,"Avenida Albino José Barbosa de Oliveira, 367 - Barão Geraldo"
103054,Eduardo Alves Cruz,170,"Rua Coronel Quirino, 589 - Cambuí"
103055,João Queiroz Santana,177,"Avenida Heitor Penteado, 485 - Taquaral"
103056,Pedro Ferreira Martins,160,"Rua Maria Monteiro, 63 - Cambuí"
103057,Pedro Silva Melo,204,"Rua Maria Monteiro, 1435 - Cambuí"
103058,Vinícius Gomes Vieira,183,"Avenida Albino José Barbosa de Oliveira, 2068 - Barão Geraldo"
103059,Maria Alves Campos,157,"Rua Maria Monteiro, 90 - Cambuí"
103060,Erik Gomes Ribeiro,171,"Rua Coronel Quirino, 1312 - Cambuí"
103061,Maria Vieira Medeiros,157,"Avenida Heitor Penteado, 676 - Taquaral"
103062,Samuel Fernandes Ferreira,198,"Avenida Albino José Barbosa de Oliveira, 2287 - Barão Geraldo"
103063,Yasmin Bellini Ribeiro,164,"Avenida Albino José Barbosa de Oliveira, 2379 - Barão Geraldo"
103064,Yasmin Almeida Amorim,166,"Avenida Heitor Penteado, 1247 - Taquaral"
103065,Samuel Ribeiro Ribeiro,172,"Avenida Heitor Penteado, 781 - Taquaral"
103066,Samuel Vieira Nascimento,173,"Rua Maria Monteiro, 1394 - Cambuí"
103067,Miguel Gomes Vieira,194,"Avenida Albino José Barbosa de Oliveira, 2111 - Barão Geraldo"
103068,Pedro Nascimento Almeida,168,"Rua Maria Monteiro, 1383 - Cambuí"
103069,Eduardo Nascimento Bellini,154,"Rua Maria Monteiro, 667 - Cambuí"
103070,Samuel Gomes Nascimento,181,"Avenida Heitor Penteado, 395 - Taquaral"
103071,Victor Medeiros Matos,193,"Avenida Heitor Penteado, 966 - Taquaral"
103072,Clara Medeiros Queiroz,150,"Avenida Heitor Penteado, 2013 - Taquaral"
103073,Daniel Queiroz Gomes,172,"Rua Coronel Quirino, 1995 - Cambuí"
103074,Maria Cruz Ferreira,186,"Avenida Albino José Barbosa de Oliveira, 1993 - Barão Geraldo"
103075,Yasmin Melo Silva,157,"Rua Maria Monteiro, 1351 - Cambuí"
103076,João Silva Melo,162,"Rua Maria Monteiro, 1276 - Cambuí"
103077,Clara Queiroz Paschoalino,157,"Rua Coronel Quirino, 695 - Cambuí"
103078,Daniel Ferreira Oliveira,172,"Rua Coronel Quirino, 1765 - Cambuí"
103079,Erik Martins Medeiros,192,"Rua Maria Monteiro, 499 - Cambuí"
103080,Clara Gomes Nascimento,150,"Avenida Albino José Barbosa de Oliveira, 3211 - Barão Geraldo"
103081,Henrique Melo Ferreira,194,"Rua Maria Monteiro, 1573 - Cambuí"
103082,Yasmin Ferreira Campos,200,"Rua Coronel Quirino, 1736 - Cambuí"
103083,Giovanna Fernandes Oliveira,173,"Avenida Heitor Penteado, 1770 - Taquaral"
103084,Felipe Oliveira Vieira,184,"Rua Coronel Quirino, 256 - Cambuí"
103085,Thiago Campos Silva,173,"Avenida Heitor Penteado, 1610 - Taquaral"
103086,Yasmin Cruz Gomes,166,"Avenida Heitor Penteado, 2940 - Taquaral"
103087,Sofia Paschoalino Paschoalino,154,"Avenida Heitor Penteado, 1430 - Taquaral"
103088,Livia Cruz Paschoalino,169,"Avenida Albino José Barbosa de Oliveira, 1476 - Barão Geraldo"
103089,Erik Ribeiro Amorim,170,"Avenida Albino José Barbosa de Oliveira, 632 - Barão Geraldo"
103090,Miguel Martins Campos,189,"Rua Maria Monteiro, 782 - Cambuí"
103091,Thiago Amorim Nascimento,180,"Avenida Albino José Barbosa de Oliveira, 491 - Barão Geraldo"
103092,Vinícius Campos Alves,195,"Avenida Heitor Penteado, 812 - Taquaral"
103093,Larissa Martins Nascimento,185,"Avenida Albino José Barbosa de Oliveira, 2641 - Barão Geraldo"
103094,Clara Almeida Almeida,160,"Avenida Albino José Barbosa de Oliveira, 390 - Barão Geraldo"
103095,André Santana Cruz,201,"Avenida Albino José Barbosa de Oliveira, 1302 - Barão Geraldo"
103096,André Santana Paschoalino,164,"Avenida Albino José Barbosa de Oliveira, 3478 - Barão Geraldo"
103097,Felipe Amorim Ribeiro,168,"Rua Maria Monteiro, 1565 - Cambuí"
103098,Eduardo Ribeiro Bellini,156,"Avenida Albino José Barbosa de Oliveira, 3170 - Barão Geraldo"
103099,Maria Ribeiro Matos,200,"Rua Maria Monteiro, 879 - Cambuí"
103100,Felipe Vieira Nascimento,177,"Avenida Heitor Penteado, 103 - Taquaral"
103101,Miguel Almeida Amorim,200,"Rua Coronel Quirino, 1316 - Cambuí"
103102,Maria Paschoalino Cruz,192,"Avenida Albino José Barbosa de Oliveira, 1659 - Barão Geraldo"
103103,Erik Almeida Ferreira,154,"Avenida Albino José Barbosa de Oliveira, 1636 - Barão Geraldo"
103104,Pedro Amorim Paschoalino,154,"Avenida Albino José Barbosa de Oliveira, 2941 - Barão Geraldo"
103105,Miguel Melo Bellini,179,"Rua Maria Monteiro, 456 - Cambuí"
103106,Felipe Nascimento Melo,203,"Avenida Albino José Barbosa de Oliveira, 252 - Barão Geraldo"
103107,Livia Medeiros Fernandes,181,"Rua Coronel Quirino, 321 - Cambuí"
103108,André Cruz Ribeiro,157,"Avenida Albino José Barbosa de Oliveira, 2151 - Barão Geraldo"
103109,Larissa Gomes Gomes,159,"Rua Maria Monteiro, 1197 - Cambuí"
103110,Pedro Melo Campos,187,"Avenida Heitor Penteado, 1133 - Taquaral"
103111,Thiago Matos Nascimento,196,"Avenida Albino José Barbosa de Oliveira, 2301 - Barão Geraldo"
103112,Beatriz Amorim Martins,181,"Avenida Heitor Penteado, 1032 - Taquaral"
103113,Pedro Queiroz Melo,197,"Rua Maria Monteiro, 620 - Cambuí"
103114,Thiago Campos Amorim,177,"Rua Maria Monteiro, 1551 - Cambuí"
103115,Gabriel Medeiros Queiroz,166,"Avenida Heitor Penteado, 2199 - Taquaral"
103116,André Gomes Melo,180,"Avenida Heitor Penteado, 1178 - Taquaral"
103117,Henrique Matos Vieira,157,"Avenida Albino José Barbosa de Oliveira, 2562 - Barão Geraldo"
103118,Giovanna Ribeiro Gomes,189,"Avenida Albino José Barbosa de Oliveira, 1006 - Barão Geraldo"
103119,Pedro Cruz Amorim,174,"Avenida Heitor Penteado, 2466 - Taquaral"
103120,Vinícius Ribeiro Alves,158,"Avenida Albino José Barbosa de Oliveira, 3453 - Barão Geraldo"
103121,Miguel Gomes Paschoalino,151,"Avenida Albino José Barbosa de Oliveira, 773 - Barão Geraldo"
103122,Erik Nascimento Santana,164,"Rua Coronel Quirino, 1970 - Cambuí"
103123,Pedro Alves Ferreira,199,"Avenida Albino José Barbosa de Oliveira, 2819 - Barão Geraldo"
103124,Gabriel Queiroz Bellini,152,"Avenida Heitor Penteado, 1133 - Taquaral"
103125,Victor Fernandes Campos,198,"Avenida Heitor Penteado, 471 - Taquaral"
103126,Larissa Ferreira Almeida,185,"Rua Maria Monteiro, 1189 - Cambuí"
103127,Guilherme Martins Gomes,153,"Avenida Heitor Penteado, 889 - Taquaral"
103128,Yasmin Ribeiro Alves,163,"Avenida Heitor Penteado, 973 - Taquaral"
103129,Pedro Oliveira Campos,190,"Avenida Heitor Penteado, 2232 - Taquaral"
103130,Felipe Nascimento Vieira,190,"Avenida Albino José Barbosa de Oliveira, 2253 - Barão Geraldo"
103131,Yasmin Amorim Almeida,174,"Avenida Albino José Barbosa de Oliveira, 810 - Barão Geraldo"
103132,Erik Santana Oliveira,204,"Avenida Heitor Penteado, 605 - Taquaral"
103133,Vinícius Amorim Cruz,199,"Rua Maria Monteiro, 76 - Cambuí"
103134,Maria Amorim Nascimento,159,"Avenida Heitor Penteado, 1694 - Taquaral"
103135,Gabriel Santana Matos,170,"Avenida Heitor Penteado, 1501 - Taquaral"
103136,Beatriz Paschoalino Alves,185,"Avenida Albino José Barbosa de Oliveira, 1702 - Barão Geraldo"
103137,Giovanna Alves Oliveira,161,"Avenida Heitor Penteado, 2128 - Taquaral"
103138,Erik Queiroz Medeiros,176,"Avenida Heitor Penteado, 2925 - Taquaral"
103139,Clara Fernandes Gomes,189,"Avenida Heitor Penteado, 1619 - Taquaral"
103140,Daniel Campos Bellini,151,"Rua Coronel Quirino, 1670 - Cambuí"
103141,Daniel Matos Bellini,203,"Rua Maria Monteiro, 89 - Cambuí"
103142,Pedro Silva Fernandes,162,"Avenida Heitor Penteado, 442 - Taquaral"
103143,João Medeiros Matos,202,"Avenida Heitor Penteado, 1423 - Taquaral"
103144,Giovanna Almeida Queiroz,181,"Rua Coronel Quirino, 1084 - Cambuí"
103145,Vinícius Cruz Medeiros,180,"Avenida Heitor Penteado, 509 - Taquaral"
103146,Miguel Ferreira Cruz,165,"Avenida Heitor Penteado, 2112 - Taquaral"
103147,Daniel Campos Campos,181,"Avenida Heitor Penteado, 2110 - Taquaral"
103148,Daniel Matos Medeiros,181,"Rua Maria Monteiro, 1544 - Cambuí"
103149,Samuel Cruz Oliveira,183,"Avenida Heitor Penteado, 335 - Taquaral"
103150,Rafael Cruz Santana,160,"Avenida Heitor Penteado, 740 - Taquaral"
103151,João Oliveira Nascimento,159,"Avenida Albino José Barbosa de Oliveira, 2904 - Barão Geraldo"
103152,Larissa Ferreira Queiroz,164,"Avenida Heitor Penteado, 2889 - Taquaral"
103153,Pedro Cruz Almeida,166,"Avenida Heitor Penteado, 307 - Taquaral"
103154,Rafael Alves Fernandes,189,"Avenida Heitor Penteado, 494 - Taquaral"
103155,Eduardo Cruz Santana,167,"Rua Coronel Quirino, 891 - Cambuí"
103156,Miguel Gomes Paschoalino,204,"Rua Maria Monteiro, 778 - Cambuí"
103157,Gabriel Amorim Fernandes,158,"Rua Maria Monteiro, 1067 - Cambuí"
103158,Guilherme Queiroz Oliveira,174,"Avenida Albino José Barbosa de Oliveira, 1647 - Barão Geraldo"
103159,Clara Silva Alves,189,"Avenida Albino José Barbosa de Oliveira, 3215 - Barão Geraldo"
103160,Larissa Gomes Alves,163,"Avenida Heitor Penteado, 1401 - Taquaral"
103161,Rafael Bellini Almeida,174,"Avenida Albino José Barbosa de Oliveira, 1562 - Barão Geraldo"
103162,Samuel Gomes Bellini,199,"Avenida Heitor Penteado, 728 - Taquaral"
103163,Eduardo Gomes Gomes,171,"Avenida Albino José Barbosa de Oliveira, 2061 - Barão Geraldo"
103164,Maria Ferreira Queiroz,201,"Rua Coronel Quirino, 1137 - Cambuí"
103165,Yasmin Alves Paschoalino,179,"Avenida Heitor Penteado, 2057 - Taquaral"
103166,Miguel Almeida Paschoalino,169,"Avenida Heitor Penteado, 1103 - Taquaral"
103167,Larissa Queiroz Vieira,170,"Rua Maria Monteiro, 604 - Cambuí"
103168,Clara Fernandes Fernandes,193,"Avenida Albino José Barbosa de Oliveira, 2598 - Barão Geraldo"
103169,Livia Oliveira Gomes,181,"Avenida Albino José Barbosa de Oliveira, 1160 - Barão Geraldo"
103170,Beatriz Martins Medeiros,200,"Avenida Heitor Penteado, 2773 - Taquaral"
103171,Yasmin Ribeiro Almeida,195,"Avenida Heitor Penteado, 127 - Taquaral"
103172,Victor Medeiros Ribeiro,198,"Rua Maria Monteiro, 24 - Cambuí"
103173,Larissa Queiroz Nascimento,170,"Rua Maria Monteiro, 1240 - Cambuí"
103174,Maria Martins Matos,184,"Avenida Heitor Penteado, 633 - Taquaral"
103175,Guilherme Fernandes Alves,181,"Avenida Heitor Penteado, 913 - Taquaral"
103176,André Silva Queiroz,179,"Avenida Albino José Barbosa de Oliveira, 3286 - Barão Geraldo"
103177,Vinícius Almeida Martins,204,"Avenida Albino José Barbosa de Oliveira, 1103 - Barão Geraldo"
103178,Miguel Ribeiro Santana,188,"Avenida Albino José Barbosa de Oliveira, 2838 - Barão Geraldo"
103179,Sofia Campos Campos,198,"Rua Coronel Quirino, 1623 - Cambuí"
103180,Rafael Ferreira Alves,161,"Rua Coronel Quirino, 1733 - Cambuí"
103181,Rafael Martins Santana,190,"Avenida Albino José Barbosa de Oliveira, 2201 - Barão Geraldo"
103182,Guilherme Vieira Medeiros,196,"Avenida Heitor Penteado, 2389 - Taquaral"
103183,Sofia Fernandes Martins,167,"Avenida Heitor Penteado, 97 - Taquaral"
103184,Thiago Almeida Queiroz,170,"Avenida Albino José Barbosa de Oliveira, 1069 - Barão Geraldo"
103185,Sofia Nascimento Santana,162,"Rua Maria Monteiro, 842 - Cambuí"
103186,Clara Queiroz Matos,170,"Avenida Albino José Barbosa de Oliveira, 145 - Barão Geraldo"
103187,Guilherme Queiroz Fernandes,157,"Avenida Albino José Barbosa de Oliveira, 295 - Barão Geraldo"
103188,Rafael Oliveira Paschoalino,195,"Rua Coronel Quirino, 1745 - Cambuí"
103189,André Matos Melo,189,"Avenida Albino José Barbosa de Oliveira, 3096 - Barão Geraldo"
103190,Giovanna Bellini Nascimento,195,"Rua Maria Monteiro, 573 - Cambuí"
103191,Thiago Gomes Queiroz,156,"Avenida Albino José Barbosa de Oliveira, 2311 - Barão Geraldo"
103192,Daniel Medeiros Alves,172,"Avenida Heitor Penteado, 1950 - Taquaral"
103193,Giovanna Ribeiro Queiroz,193,"Avenida Heitor Penteado, 73 - Taquaral"
103194,João Cruz Medeiros,181,"Avenida Albino José Barbosa de Oliveira, 717 - Barão Geraldo"
103195,Rafael Cruz Ferreira,160,"Avenida Heitor Penteado, 2928 - Taquaral"
103196,Guilherme Melo Paschoalino,171,"Avenida Albino José Barbosa de Oliveira, 2917 - Barão Geraldo"
103197,Miguel Fernandes Bellini,171,"Rua Coronel Quirino, 1761 - Cambuí"
103198,Thiago Melo Melo,192,"Rua Coronel Quirino, 622 - Cambuí"
103199,Larissa Ribeiro Matos,174,"Avenida Heitor Penteado, 1762 - Taquaral"
103200,Vinícius Bellini Alves,171,"Avenida Albino José Barbosa de Oliveira, 1212 - Barão Geraldo"
103201,Guilherme Nascimento Melo,177,"Rua Maria Monteiro, 1529 - Cambuí"
103202,Yasmin Almeida Martins,178,"Avenida Albino José Barbosa de Oliveira, 3461 - Barão Geraldo"
103203,Samuel Bellini Cruz,162,"Avenida Albino José Barbosa de Oliveira, 3470 - Barão Geraldo"
103204,Henrique Queiroz Melo,167,"Avenida Heitor Penteado, 1954 - Taquaral"
103205,Felipe Alves Ferreira,151,"Avenida Heitor Penteado, 2060 - Taquaral"
103206,Daniel Almeida Gomes,178,"Rua Maria Monteiro, 239 - Cambuí"
103207,Maria Vieira Vieira,170,"Avenida Heitor Penteado, 2665 - Taquaral"
103208,Beatriz Gomes Almeida,164,"Avenida Heitor Penteado, 1119 - Taquaral"
103209,Pedro Santana Ferreira,201,"Avenida Heitor Penteado, 2385 - Taquaral"
103210,Clara Alves Queiroz,176,"Avenida Albino José Barbosa de Oliveira, 2865 - Barão Geraldo"
103211,Livia Melo Matos,199,"Avenida Heitor Penteado, 969 - Taquaral"
103212,Samuel Martins Silva,180,"Avenida Heitor Penteado, 1686 - Taquaral"
103213,Victor Amorim Ribeiro,164,"Avenida Albino José Barbosa de Oliveira, 2266 - Barão Geraldo"
103214,Maria Ferreira Amorim,200,"Rua Maria Monteiro, 875 - Cambuí"
103215,Thiago Gomes Oliveira,172,"Avenida Heitor Penteado, 2952 - Taquaral"
103216,Eduardo Queiroz Almeida,173,"Rua Maria Monteiro, 118 - Cambuí"
103217,Pedro Ferreira Almeida,193,"Rua Coronel Quirino, 126 - Cambuí"
103218,Larissa Queiroz Queiroz,162,"Avenida Heitor Penteado, 523 - Taquaral"
103219,Daniel Santana Ferreira,171,"Avenida Albino José Barbosa de Oliveira, 2616 - Barão Geraldo"
103220,Pedro Medeiros Oliveira,192,"Avenida Albino José Barbosa de Oliveira, 1846 - Barão Geraldo"
103221,Sofia Alves Cruz,186,"Avenida Heitor Penteado, 990 - Taquaral"
103222,Vinícius Gomes Cruz,182,"Rua Coronel Quirino, 1889 - Cambuí"
103223,Daniel Alves Melo,152,"Avenida Albino José Barbosa de Oliveira, 2301 - Barão Geraldo"
103224,Guilherme Medeiros Queiroz,203,"Avenida Heitor Penteado, 2872 - Taquaral"
103225,Eduardo Cruz Alves,168,"Avenida Heitor Penteado, 2572 - Taquaral"
103226,Guilherme Alves Nascimento,172,"Avenida Albino José Barbosa de Oliveira, 1293 - Barão Geraldo"
103227,Guilherme Amorim Paschoalino,178,"Avenida Albino José Barbosa de Oliveira, 3179 - Barão Geraldo"
103228,Eduardo Almeida Melo,179,"Rua Maria Monteiro, 1320 - Cambuí"
103229,Maria Medeiros Nascimento,188,"Rua Coronel Quirino, 446 - Cambuí"
103230,Guilherme Santana Oliveira,193,"Avenida Albino José Barbosa de Oliveira, 2930 - Barão Geraldo"
103231,Thiago Amorim Paschoalino,196,"Avenida Heitor Penteado, 2706 - Taquaral"
103232,Daniel Matos Alves,174,"Avenida Heitor Penteado, 2711 - Taquaral"
103233,Clara Medeiros Gomes,186,"Rua Maria Monteiro, 293 - Cambuí"
103234,Pedro Melo Nascimento,196,"Avenida Heitor Penteado, 1559 - Taquaral"
103235,Victor Ferreira Fernandes,157,"Avenida Heitor Penteado, 2922 - Taquaral"
103236,Livia Amorim Campos,191,"Avenida Heitor Penteado, 349 - Taquaral"
103237,Eduardo Almeida Queiroz,165,"Avenida Heitor Penteado, 2995 - Taquaral"
103238,Rafael Ferreira Ferreira,157,"Avenida Albino José Barbosa de Oliveira, 3433 - Barão Geraldo"
103239,Yasmin Ferreira Almeida,150,"Avenida Albino José Barbosa de Oliveira, 163 - Barão Geraldo"
103240,Thiago Fernandes Vieira,193,"Avenida Albino José Barbosa de Oliveira, 308 - Barão Geraldo"
103241,Vinícius Campos Gomes,154,"Avenida Albino José Barbosa de Oliveira, 2007 - Barão Geraldo"
103242,Livia Bellini Martins,152,"Avenida Albino José Barbosa de Oliveira, 485 - Barão Geraldo"
103243,Henrique Matos Medeiros,150,"Avenida Heitor Penteado, 321 - Taquaral"
103244,Yasmin Ferreira Silva,153,"Avenida Heitor Penteado, 1065 - Taquaral"
103245,Rafael Vieira Oliveira,189,"Avenida Heitor Penteado, 2928 - Taquaral"
103246,Larissa Paschoalino Melo,184,"Avenida Albino José Barbosa de Oliveira, 432 - Barão Geraldo"
103247,Rafael Nascimento Matos,181,"Avenida Albino José Barbosa de Oliveira, 257 - Barão Geraldo"
103248,Rafael Cruz Ribeiro,191,"Avenida Albino José Barbosa de Oliveira, 1497 - Barão Geraldo"
103249,Sofia Vieira Santana,183,"Avenida Heitor Penteado, 1246 - Taquaral"
103250,Vinícius Matos Melo,192,"Avenida Heitor Penteado, 2756 - Taquaral"
103251,Beatriz Melo Queiroz,174,"Avenida Albino José Barbosa de Oliveira, 2919 - Barão Geraldo"
103252,Felipe Amorim Queiroz,159,"Rua Maria Monteiro, 1027 - Cambuí"
103253,André Cruz Matos,170,"Avenida Albino José Barbosa de Oliveira, 1207 - Barão Geraldo"
103254,Erik Paschoalino Silva,195,"Avenida Albino José Barbosa de Oliveira, 1887 - Barão Geraldo"
103255,Felipe Bellini Melo,188,"Rua Maria Monteiro, 970 - Cambuí"
103256,Miguel Vieira Matos,176,"Avenida Albino José Barbosa de Oliveira, 2600 - Barão Geraldo"
103257,Vinícius Fernandes Martins,176,"Rua Coronel Quirino, 596 - Cambuí"
103258,Victor Medeiros Amorim,151,"Rua Coronel Quirino, 294 - Cambuí"
103259,André Fernandes Gomes,190,"Rua Maria Monteiro, 1547 - Cambuí"
103260,Erik Gomes Paschoalino,197,"Avenida Albino José Barbosa de Oliveira, 2265 - Barão Geraldo"
103261,Samuel Fernandes Martins,162,"Rua Maria Monteiro, 841 - Cambuí"
103262,Giovanna Vieira Cruz,158,"Avenida Heitor Penteado, 2527 - Taquaral"
103263,Daniel Matos Oliveira,201,"Avenida Heitor Penteado, 1697 - Taquaral"
103264,Guilherme Almeida Oliveira,185,"Avenida Albino José Barbosa de Oliveira, 617 - Barão Geraldo"
103265,Giovanna Vieira Almeida,171,"Avenida Albino José Barbosa de Oliveira, 1486 - Barão Geraldo"
103266,Guilherme Gomes Oliveira,191,"Avenida Albino José Barbosa de Oliveira, 2259 - Barão Geraldo"
103267,Beatriz Campos Fernandes,175,"Rua Coronel Quirino, 1040 - Cambuí"
103268,Erik Paschoalino Medeiros,203,"Rua Coronel Quirino, 729 - Cambuí"
103269,Guilherme Martins Cruz,161,"Avenida Heitor Penteado, 454 - Taquaral"
103270,Henrique Almeida Gomes,166,"Avenida Albino José Barbosa de Oliveira, 3406 - Barão Geraldo"
103271,Henrique Silva Martins,163,"Rua Maria Monteiro, 1408 - Cambuí"
103272,Daniel Medeiros Santana,163,"Avenida Albino José Barbosa de Oliveira, 49 - Barão Geraldo"
103273,Gabriel Campos Melo,183,"Avenida Albino José Barbosa de Oliveira, 1840 - Barão Geraldo"
103274,Gabriel Amorim Queiroz,202,"Rua Maria Monteiro, 1008 - Cambuí"
103275,Samuel Martins Cruz,169,"Avenida Albino José Barbosa de Oliveira, 2171 - Barão Geraldo"
103276,Giovanna Medeiros Fernandes,160,"Avenida Albino José Barbosa de Oliveira, 2932 - Barão Geraldo"
103277,Miguel Matos Gomes,165,"Avenida Albino José Barbosa de Oliveira, 3087 - Barão Geraldo"
103278,Clara Amorim Paschoalino,200,"Avenida Albino José Barbosa de Oliveira, 682 - Barão Geraldo"
103279,Maria Ribeiro Bellini,180,"Rua Coronel Quirino, 1739 - Cambuí"
103280,André Silva Matos,204,"Avenida Albino José Barbosa de Oliveira, 2347 - Barão Geraldo"
103281,Victor Cruz Bellini,155,"Avenida Albino José Barbosa de Oliveira, 1128 - Barão Geraldo"
103282,Sofia Ribeiro Almeida,168,"Avenida Albino José Barbosa de Oliveira, 2442 - Barão Geraldo"
103283,Guilherme Melo Gomes,186,"Rua Coronel Quirino, 1107 - Cambuí"
103284,Miguel Vieira Ribeiro,153,"Avenida Albino José Barbosa de Oliveira, 2225 - Barão Geraldo"
103285,Samuel Santana Almeida,196,"Avenida Heitor Penteado, 2812 - Taquaral"
103286,João Matos Oliveira,153,"Rua Coronel Quirino, 811 - Cambuí"
103287,Gabriel Matos Gomes,169,"Rua Coronel Quirino, 1735 - Cambuí"
103288,Sofia Ferreira Medeiros,159,"Avenida Heitor Penteado, 1403 - Taquaral"
103289,André Ferreira Campos,173,"Avenida Heitor Penteado, 1818 - Taquaral"
103290,Guilherme Ribeiro Oliveira,203,"Rua Coronel Quirino, 1064 - Cambuí"
103291,André Medeiros Amorim,184,"Avenida Heitor Penteado, 2782 - Taquaral"
103292,Giovanna Campos Silva,175,"Avenida Heitor Penteado, 2459 - Taquaral"
103293,Yasmin Martins Alves,186,"Avenida Albino José Barbosa de Oliveira, 2066 - Barão Geraldo"
103294,Rafael Santana Melo,187,"Rua Coronel Quirino, 1300 - Cambuí"
103295,Samuel Nascimento Medeiros,170,"Avenida Heitor Penteado, 1962 - Taquaral"
103296,Erik Matos Melo,203,"Avenida Albino José Barbosa de Oliveira, 24 - Barão Geraldo"
103297,Clara Nascimento Vieira,189,"Rua Maria Monteiro, 639 - Cambuí"
103298,Livia Cruz Almeida,188,"Avenida Heitor Penteado, 620 - Taquaral"
103299,Thiago Matos Silva,170,"Rua Maria Monteiro, 905 - Cambuí"
103300,Maria Santana Campos,159,"Rua Coronel Quirino, 1352 - Cambuí"
103301,Samuel Fernandes Fernandes,187,"Rua Maria Monteiro, 453 - Cambuí"
103302,Rafael Silva Ferreira,195,"Rua Coronel Quirino, 1458 - Cambuí"
103303,Giovanna Bellini Fernandes,153,"Avenida Heitor Penteado, 713 - Taquaral"
103304,Henrique Santana Ferreira,194,"Avenida Heitor Penteado, 922 - Taquaral"
103305,Vinícius Fernandes Paschoalino,169,"Rua Maria Monteiro, 1262 - Cambuí"
103306,Larissa Almeida Ribeiro,166,"Avenida Albino José Barbosa de Oliveira, 1900 - Barão Geraldo"
103307,André Campos Amorim,204,"Avenida Heitor Penteado, 1570 - Taquaral"
103308,André Paschoalino Oliveira,156,"Rua Coronel Quirino, 277 - Cambuí"
103309,Maria Matos Amorim,153,"Avenida Heitor Penteado, 610 - Taquaral"
103310,Livia Matos Vieira,178,"Avenida Albino José Barbosa de Oliveira, 1123 - Barão Geraldo"
103311,Rafael Ribeiro Vieira,163,"Avenida Heitor Penteado, 1970 - Taquaral"
103312,Sofia Paschoalino Ferreira,152,"Avenida Heitor Penteado, 522 - Taquaral"
103313,Yasmin Cruz Alves,173,"Avenida Heitor Penteado, 1985 - Taquaral"
103314,Livia Campos Alves,186,"Avenida Albino José Barbosa de Oliveira, 263 - Barão Geraldo"
103315,Livia Oliveira Paschoalino,165,"Avenida Albino José Barbosa de Oliveira, 3452 - Barão Geraldo"
103316,Daniel Ferreira Alves,204,"Rua Coronel Quirino, 1581 - Cambuí"
103317,Felipe Ferreira Paschoalino,201,"Avenida Heitor Penteado, 805 - Taquaral"
103318,Gabriel Paschoalino Silva,153,"Rua Coronel Quirino, 989 - Cambuí"
103319,Yasmin Alves Santana,173,"Rua Maria Monteiro, 538 - Cambuí"
103320,Clara Campos Ribeiro,183,"Rua Maria Monteiro, 1101 - Cambuí"
103321,Guilherme Bellini Bellini,179,"Avenida Heitor Penteado, 662 - Taquaral"
103322,Pedro Alves Medeiros,167,"Avenida Albino José Barbosa de Oliveira, 1916 - Barão Geraldo"
103323,Giovanna Amorim Campos,168,"Rua Maria Monteiro, 1028 - Cambuí"
103324,Felipe Paschoalino Santana,180,"Avenida Albino José Barbosa de Oliveira, 772 - Barão Geraldo"
103325,Rafael Martins Cruz,168,"Avenida Heitor Penteado, 427 - Taquaral"
103326,Giovanna Melo Queiroz,198,"Rua Maria Monteiro, 479 - Cambuí"
103327,Pedro Oliveira Matos,195,"Avenida Albino José Barbosa de Oliveira, 3387 - Barão Geraldo"
103328,Felipe Melo Campos,168,"Avenida Albino José Barbosa de Oliveira, 38 - Barão Geraldo"
103329,Victor Oliveira Vieira,171,"Avenida Albino José Barbosa de Oliveira, 593 - Barão Geraldo"
103330,Victor Almeida Vieira,173,"Avenida Albino José Barbosa de Oliveira, 1038 - Barão Geraldo"
103331,Eduardo Silva Melo,194,"Rua Maria Monteiro, 1531 - Cambuí"
103332,Gabriel Queiroz Silva,161,"Avenida Heitor Penteado, 1104 - Taquaral"
103333,Felipe Paschoalino Matos,179,"Rua Maria Monteiro, 487 - Cambuí"
103334,Vinícius Silva Matos,187,"Rua Maria Monteiro, 1304 - Cambuí"
103335,Miguel Paschoalino Gomes,202,"Avenida Albino José Barbosa de Oliveira, 2194 - Barão Geraldo"
103336,Rafael Ribeiro Medeiros,180,"Avenida Heitor Penteado, 1642 - Taquaral"
103337,Henrique Gomes Gomes,185,"Avenida Albino José Barbosa de Oliveira, 533 - Barão Geraldo"
103338,Giovanna Cruz Queiroz,168,"Avenida Heitor Penteado, 2252 - Taquaral"
103339,Miguel Amorim Alves,197,"Avenida Albino José Barbosa de Oliveira, 1113 - Barão Geraldo"
103340,Samuel Medeiros Bellini,194,"Avenida Heitor Penteado, 1811 - Taquaral"
103341,Beatriz Silva Gomes,185,"Rua Coronel Quirino, 1641 - Cambuí"
103342,Sofia Ferreira Fernandes,179,"Avenida Albino José Barbosa de Oliveira, 1965 - Barão Geraldo"
103343,André Martins Santana,204,"Avenida Heitor Penteado, 2223 - Taquaral"
103344,Henrique Vieira Melo,198,"Rua Coronel Quirino, 705 - Cambuí"
103345,André Bellini Gomes,204,"Avenida Heitor Penteado, 1268 - Taquaral"
103346,Clara Bellini Santana,182,"Avenida Heitor Penteado, 402 - Taquaral"
103347,Erik Fernandes Nascimento,167,"Avenida Heitor Penteado, 2736 - Taquaral"
103348,Clara Ribeiro Ribeiro,201,"Avenida Albino José Barbosa de Oliveira, 1908 - Barão Geraldo"
103349,Daniel Paschoalino Amorim,198,"Avenida Albino José Barbosa de Oliveira, 1792 - Barão Geraldo"
103350,Maria Paschoalino Melo,177,"Avenida Heitor Penteado, 1333 - Taquaral"
103351,Rafael Fernandes Silva,196,"Rua Maria Monteiro, 1298 - Cambuí"
103352,Gabriel Cruz Amorim,160,"Avenida Heitor Penteado, 2662 - Taquaral"
103353,Gabriel Fernandes Medeiros,203,"Avenida Albino José Barbosa de Oliveira, 2149 - Barão Geraldo"
103354,Henrique Queiroz Bellini,194,"Avenida Albino José Barbosa de Oliveira, 2536 - Barão Geraldo"
103355,Clara Campos Campos,182,"Rua Coronel Quirino, 1586 - Cambuí"
103356,Miguel Cruz Ribeiro,166,"Rua Maria Monteiro, 1311 - Cambuí"
103357,Miguel Melo Cruz,155,"Avenida Albino José Barbosa de Oliveira, 915 - Barão Geraldo"
103358,Clara Medeiros Medeiros,153,"Avenida Albino José Barbosa de Oliveira, 2523 - Barão Geraldo"
103359,Livia Fernandes Vieira,169,"Avenida Albino José Barbosa de Oliveira, 2782 - Barão Geraldo"
103360,Eduardo Medeiros Ferreira,197,"Avenida Albino José Barbosa de Oliveira, 2785 - Barão Geraldo"
103361,Beatriz Nascimento Campos,196,"Rua Maria Monteiro, 1430 - Cambuí"
103362,Rafael Gomes Vieira,176,"Avenida Heitor Penteado, 984 - Taquaral"
103363,Daniel Medeiros Matos,164,"Rua Maria Monteiro, 1226 - Cambuí"
103364,Beatriz Nascimento Martins,155,"Avenida Albino José Barbosa de Oliveira, 3112 - Barão Geraldo"
103365,Livia Cruz Campos,196,"Avenida Albino José Barbosa de Oliveira, 1424 - Barão Geraldo"
103366,Maria Bellini Campos,163,"Avenida Heitor Penteado, 2799 - Taquaral"
103367,Yasmin Campos Paschoalino,160,"Avenida Albino José Barbosa de Oliveira, 533 - Barão Geraldo"
103368,Miguel Martins Ferreira,188,"Avenida Heitor Penteado, 1632 - Taquaral"
103369,Maria Campos Campos,158,"Avenida Heitor Penteado, 2669 - Taquaral"
103370,Daniel Fernandes Ribeiro,175,"Avenida Albino José Barbosa de Oliveira, 2622 - Barão Geraldo"
103371,Yasmin Paschoalino Ferreira,165,"Avenida Albino José Barbosa de Oliveira, 1661 - Barão Geraldo"
103372,Samuel Fernandes Melo,154,"Avenida Albino José Barbosa de Oliveira, 924 - Barão Geraldo"
103373,Felipe Cruz Cruz,201,"Avenida Heitor Penteado, 1720 - Taquaral"
103374,André Campos Vieira,159,"Avenida Heitor Penteado, 1229 - Taquaral"
103375,Victor Santana Melo,199,"Avenida Albino José Barbosa de Oliveira, 1020 - Barão Geraldo"
103376,Eduardo Ribeiro Queiroz,152,"Rua Coronel Quirino, 1583 - Cambuí"
103377,Giovanna Alves Gomes,162,"Avenida Albino José Barbosa de Oliveira, 3003 - Barão Geraldo"
103378,Pedro Campos Ferreira,192,"Rua Maria Monteiro, 1090 - Cambuí"
103379,Erik Bellini Almeida,198,"Avenida Heitor Penteado, 1281 - Taquaral"
103380,Beatriz Medeiros Almeida,179,"Rua Coronel Quirino, 880 - Cambuí"
103381,Guilherme Melo Gomes,203,"Rua Maria Monteiro, 221 - Cambuí"
103382,Samuel Ribeiro Alves,194,"Avenida Heitor Penteado, 2328 - Taquaral"
103383,Guilherme Melo Matos,155,"Avenida Heitor Penteado, 2783 - Taquaral"
103384,Eduardo Almeida Amorim,166,"Avenida Heitor Penteado, 853 - Taquaral"
103385,Guilherme Campos Fernandes,194,"Avenida Albino José Barbosa de Oliveira, 943 - Barão Geraldo"
103386,Guilherme Alves Paschoalino,200,"Avenida Albino José Barbosa de Oliveira, 2529 - Barão Geraldo"
103387,Samuel Melo Almeida,202,"Avenida Heitor Penteado, 39 - Taquaral"
103388,Beatriz Bellini Queiroz,168,"Rua Coronel Quirino, 756 - Cambuí"
103389,Sofia Medeiros Gomes,191,"Avenida Albino José Barbosa de Oliveira, 1708 - Barão Geraldo"
103390,João Santana Santana,184,"Avenida Heitor Penteado, 2723 - Taquaral"
103391,Rafael Santana Vieira,195,"Avenida Albino José Barbosa de Oliveira, 822 - Barão Geraldo"
103392,Henrique Santana Amorim,175,"Rua Coronel Quirino, 219 - Cambuí"
103393,Larissa Ferreira Campos,200,"Avenida Albino José Barbosa de Oliveira, 899 - Barão Geraldo"
103394,Larissa Fernandes Melo,154,"Rua Maria Monteiro, 316 - Cambuí"
103395,Victor Fernandes Campos,178,"Avenida Albino José Barbosa de Oliveira, 74 - Barão Geraldo"
103396,Guilherme Gomes Fernandes,186,"Avenida Albino José Barbosa de Oliveira, 3025 - Barão Geraldo"
103397,Erik Cruz Ferreira,169,"Avenida Heitor Penteado, 1567 - Taquaral"
103398,Beatriz Amorim Bellini,198,"Avenida Albino José Barbosa de Oliveira, 917 - Barão Geraldo"
103399,André Ribeiro Bellini,170,"Avenida Albino José Barbosa de Oliveira, 1447 - Barão Geraldo"
103400,Larissa Bellini Ferreira,159,"Avenida Albino José Barbosa de Oliveira, 2700 - Barão Geraldo"
103401,Vinícius Santana Bellini,154,"Avenida Heitor Penteado, 2958 - Taquaral"
103402,Pedro Fernandes Martins,185,"Avenida Albino José Barbosa de Oliveira, 706 - Barão Geraldo"
103403,Felipe Martins Oliveira,155,"Avenida Albino José Barbosa de Oliveira, 1177 - Barão Geraldo"
103404,André Alves Paschoalino,175,"Avenida Albino José Barbosa de Oliveira, 1107 - Barão Geraldo"
103405,Clara Alves Paschoalino,153,"Avenida Albino José Barbosa de Oliveira, 2461 - Barão Geraldo"
103406,Sofia Cruz Almeida,188,"Rua Coronel Quirino, 1467 - Cambuí"
103407,Guilherme Ferreira Santana,188,"Avenida Heitor Penteado, 403 - Taquaral"
103408,Rafael Melo Alves,199,"Avenida Albino José Barbosa de Oliveira, 146 - Barão Geraldo"
103409,Beatriz Paschoalino Santana,184,"Avenida Albino José Barbosa de Oliveira, 1248 - Barão Geraldo"
103410,Felipe Nascimento Oliveira,150,"Avenida Albino José Barbosa de Oliveira, 1633 - Barão Geraldo"
103411,Gabriel Silva Oliveira,173,"Avenida Albino José Barbosa de Oliveira, 3072 - Barão Geraldo"
103412,Henrique Matos Bellini,185,"Avenida Heitor Penteado, 641 - Taquaral"
103413,Erik Santana Paschoalino,155,"Avenida Heitor Penteado, 1256 - Taquaral"
103414,Erik Silva Cruz,190,"Avenida Heitor Penteado, 2731 - Taquaral"
103415,André Almeida Martins,203,"Avenida Heitor Penteado, 2525 - Taquaral"
103416,Rafael Cruz Fernandes,195,"Avenida Heitor Penteado, 384 - Taquaral"
103417,Felipe Nascimento Ferreira,193,"Avenida Heitor Penteado, 248 - Taquaral"
103418,Gabriel Alves Alves,180,"Avenida Albino José Barbosa de Oliveira, 2465 - Barão Geraldo"
103419,Yasmin Oliveira Queiroz,169,"Rua Coronel Quirino, 298 - Cambuí"
103420,Vinícius Gomes Vieira,173,"Avenida Heitor Penteado, 2906 - Taquaral"
103421,Daniel Almeida Almeida,174,"Avenida Albino José Barbosa de Oliveira, 2625 - Barão Geraldo"
103422,Felipe Santana Matos,185,"Avenida Albino José Barbosa de Oliveira, 69 - Barão Geraldo"
103423,Livia Alves Fernandes,170,"Avenida Heitor Penteado, 2020 - Taquaral"
103424,Vinícius Gomes Ribeiro,179,"Rua Coronel Quirino, 957 - Cambuí"
103425,Gabriel Medeiros Campos,173,"Avenida Heitor Penteado, 1054 - Taquaral"
103426,Victor Santana Matos,193,"Avenida Heitor Penteado, 2830 - Taquaral"
103427,Guilherme Almeida Fernandes,191,"Rua Coronel Quirino, 1673 - Cambuí"
103428,Gabriel Medeiros Ribeiro,179,"Avenida Albino José Barbosa de Oliveira, 3058 - Barão Geraldo"
103429,Giovanna Almeida Queiroz,171,"Avenida Albino José Barbosa de Oliveira, 545 - Barão Geraldo"
103430,Victor Amorim Santana,177,"Avenida Albino José Barbosa de Oliveira, 2710 - Barão Geraldo"
103431,Thiago Vieira Amorim,156,"Avenida Heitor Penteado, 1798 - Taquaral"
103432,Yasmin Campos Vieira,184,"Avenida Heitor Penteado, 2275 - Taquaral"
103433,Erik Queiroz Martins,204,"Rua Coronel Quirino, 1210 - Cambuí"
103434,Rafael Queiroz Alves,177,"Avenida Heitor Penteado, 1822 - Taquaral"
103435,Pedro Queiroz Ferreira,163,"Rua Maria Monteiro, 921 - Cambuí"
103436,Erik Fernandes Alves,159,"Avenida Heitor Penteado, 1091 - Taquaral"
103437,Samuel Amorim Amorim,165,"Avenida Heitor Penteado, 2493 - Taquaral"
103438,Pedro Silva Melo,165,"Avenida Heitor Penteado, 2545 - Taquaral"
103439,Livia Ribeiro Melo,203,"Rua Maria Monteiro, 819 - Cambuí"
103440,Rafael Medeiros Santana,180,"Rua Coronel Quirino, 218 - Cambuí"
103441,Gabriel Santana Ferreira,191,"Rua Maria Monteiro, 102 - Cambuí"
103442,Gabriel Martins Santana,174,"Avenida Albino José Barbosa de Oliveira, 1158 - Barão Geraldo"
103443,Guilherme Gomes Martins,162,"Avenida Heitor Penteado, 1096 - Taquaral"
103444,Victor Oliveira Alves,155,"Rua Coronel Quirino, 1686 - Cambuí"
103445,Giovanna Matos Vieira,193,"Rua Coronel Quirino, 614 - Cambuí"
103446,Eduardo Vieira Nascimento,158,"Avenida Albino José Barbosa de Oliveira, 2446 - Barão Geraldo"
103447,Miguel Queiroz Alves,194,"Avenida Heitor Penteado, 469 - Taquaral"
103448,Gabriel Melo Medeiros,185,"Rua Maria Monteiro, 1414 - Cambuí"
103449,Miguel Queiroz Campos,192,"Avenida Heitor Penteado, 141 - Taquaral"
103450,Henrique Gomes Ferreira,169,"Rua Coronel Quirino, 230 - Cambuí"
103451,Miguel Gomes Gomes,167,"Rua Maria Monteiro, 439 - Cambuí"
103452,João Amorim Fernandes,192,"Avenida Heitor Penteado, 1728 - Taquaral"
103453,Giovanna Martins Paschoalino,170,"Avenida Albino José Barbosa de Oliveira, 1573 - Barão Geraldo"
103454,Erik Ferreira Bellini,153,"Avenida Heitor Penteado, 1237 - Taquaral"
103455,Giovanna Ribeiro Vieira,199,"Avenida Albino José Barbosa de Oliveira, 878 - Barão Geraldo"
103456,João Vieira Nascimento,182,"Avenida Heitor Penteado, 1073 - Taquaral"
103457,Samuel Queiroz Matos,176,"Avenida Heitor Penteado, 1892 - Taquaral"
103458,Rafael Vieira Silva,156,"Avenida Heitor Penteado, 2701 - Taquaral"
103459,Gabriel Cruz Cruz,155,"Avenida Albino José Barbosa de Oliveira, 1755 - Barão Geraldo"
103460,Clara Alves Medeiros,164,"Rua Maria Monteiro, 373 - Cambuí"
103461,Sofia Santana Fernandes,167,"Rua Coronel Quirino, 190 - Cambuí"
103462,Felipe Fernandes Silva,181,"Rua Coronel Quirino, 1531 - Cambuí"
103463,Guilherme Silva Santana,160,"Avenida Heitor Penteado, 2267 - Taquaral"
103464,Larissa Campos Almeida,169,"Avenida Heitor Penteado, 2625 - Taquaral"
103465,Larissa Matos Silva,173,"Avenida Albino José Barbosa de Oliveira, 183 - Barão Geraldo"
103466,André Nascimento Nascimento,164,"Avenida Heitor Penteado, 1295 - Taquaral"
103467,João Martins Martins,197,"Avenida Albino José Barbosa de Oliveira, 890 - Barão Geraldo"
103468,Victor Ribeiro Paschoalino,156,"Rua Coronel Quirino, 368 - Cambuí"
103469,Pedro Ribeiro Queiroz,170,"Avenida Albino José Barbosa de Oliveira, 2937 - Barão Geraldo"
103470,Eduardo Martins Bellini,191,"Avenida Albino José Barbosa de Oliveira, 15 - Barão Geraldo"
103471,Gabriel Santana Amorim,175,"Rua Maria Monteiro, 1065 - Cambuí"
103472,Gabriel Queiroz Melo,193,"Avenida Heitor Penteado, 11 - Taquaral"
103473,Sofia Ferreira Ferreira,163,"Rua Maria Monteiro, 1210 - Cambuí"
103474,Henrique Vieira Fernandes,186,"Avenida Heitor Penteado, 800 - Taquaral"
103475,Felipe Gomes Gomes,170,"Avenida Albino José Barbosa de Oliveira, 443 - Barão Geraldo"
103476,Felipe Ferreira Ferreira,167,"Rua Maria Monteiro, 387 - Cambuí"
103477,Sofia Paschoalino Alves,154,"Avenida Heitor Penteado, 1917 - Taquaral"
103478,Eduardo Melo Almeida,152,"Rua Maria Monteiro, 777 - Cambuí"
103479,Guilherme Paschoalino Amorim,172,"Avenida Albino José Barbosa de Oliveira, 1586 - Barão Geraldo"
103480,Yasmin Alves Fernandes,175,"Avenida Albino José Barbosa de Oliveira, 2458 - Barão Geraldo"
103481,Gabriel Gomes Gomes,186,"Avenida Heitor Penteado, 786 - Taquaral"
103482,Yasmin Martins Matos,173,"Avenida Heitor Penteado, 158 - Taquaral"
103483,Guilherme Fernandes Melo,198,"Avenida Heitor Penteado, 504 - Taquaral"
103484,André Melo Medeiros,168,"Avenida Albino José Barbosa de Oliveira, 2761 - Barão Geraldo"
103485,Eduardo Almeida Fernandes,200,"Avenida Albino José Barbosa de Oliveira, 3423 - Barão Geraldo"
103486,Victor Ribeiro Campos,174,"Avenida Albino José Barbosa de Oliveira, 2190 - Barão Geraldo"
103487,Vinícius Melo Martins,170,"Avenida Heitor Penteado, 2064 - Taquaral"
103488,Livia Santana Martins,161,"Avenida Heitor Penteado, 324 - Taquaral"
103489,Clara Matos Martins,190,"Avenida Heitor Penteado, 2206 - Taquaral"
103490,Felipe Amorim Cruz,182,"Rua Coronel Quirino, 1349 - Cambuí"
103491,Henrique Melo Ferreira,199,"Rua Maria Monteiro, 1458 - Cambuí"
103492,Rafael Nascimento Vieira,202,"Rua Coronel Quirino, 135 - Cambuí"
103493,Erik Cruz Matos,153,"Avenida Heitor Penteado, 2468 - Taquaral"
103494,Erik Medeiros Campos,191,"Avenida Heitor Penteado, 639 - Taquaral"
103495,Pedro Paschoalino Oliveira,156,"Avenida Albino José Barbosa de Oliveira, 860 - Barão Geraldo"
103496,Felipe Vieira Martins,171,"Rua Maria Monteiro, 1571 - Cambuí"
103497,Guilherme Santana Bellini,204,"Rua Coronel Quirino, 1280 - Cambuí"
103498,Guilherme Queiroz Vieira,182,"Avenida Heitor Penteado, 562 - Taquaral"
103499,Miguel Medeiros Alves,166,"Rua Coronel Quirino, 184 - Cambuí"
103500,Samuel Paschoalino Oliveira,173,"Avenida Albino José Barbosa de Oliveira, 3396 - Barão Geraldo"
103501,Henrique Gomes Martins,183,"Rua Coronel Quirino, 1887 - Cambuí"
103502,Erik Cruz Almeida,177,"Avenida Albino José Barbosa de Oliveira, 1939 - Barão Geraldo"
103503,Sofia Gomes Amorim,192,"Avenida Heitor Penteado, 2148 - Taquaral"
103504,Thiago Vieira Martins,190,"Avenida Albino José Barbosa de Oliveira, 1588 - Barão Geraldo"
103505,Felipe Almeida Santana,188,"Rua Coronel Quirino, 622 - Cambuí"
103506,Guilherme Gomes Amorim,171,"Avenida Albino José Barbosa de Oliveira, 1601 - Barão Geraldo"
103507,Erik Campos Melo,198,"Avenida Heitor Penteado, 289 - Taquaral"
103508,Guilherme Melo Santana,166,"Avenida Albino José Barbosa de Oliveira, 1707 - Barão Geraldo"
103509,Samuel Ferreira Silva,183,"Avenida Albino José Barbosa de Oliveira, 2962 - Barão Geraldo"
103510,Felipe Paschoalino Almeida,155,"Rua Maria Monteiro, 131 - Cambuí"
103511,Miguel Vieira Martins,195,"Avenida Heitor Penteado, 310 - Taquaral"
103512,Vinícius Bellini Queiroz,155,"Avenida Heitor Penteado, 2018 - Taquaral"
103513,Henrique Melo Amorim,183,"Avenida Albino José Barbosa de Oliveira, 698 - Barão Geraldo"
103514,Miguel Ferreira Melo,150,"Rua Maria Monteiro, 1145 - Cambuí"
103515,Beatriz Vieira Nascimento,159,"Avenida Heitor Penteado, 2644 - Taquaral"
103516,Rafael Ferreira Alves,170,"Rua Maria Monteiro, 258 - Cambuí"
103517,Larissa Nascimento Martins,154,"Avenida Albino José Barbosa de Oliveira, 2746 - Barão Geraldo"
103518,Vinícius Oliveira Gomes,151,"Avenida Albino José Barbosa de Oliveira, 2793 - Barão Geraldo"
103519,Gabriel Oliveira Campos,171,"Avenida Albino José Barbosa de Oliveira, 811 - Barão Geraldo"
103520,Thiago Gomes Ferreira,197,"Rua Maria Monteiro, 674 - Cambuí"
103521,Livia Oliveira Melo,151,"Avenida Heitor Penteado, 2388 - Taquaral"
103522,Daniel Martins Medeiros,159,"Avenida Albino José Barbosa de Oliveira, 253 - Barão Geraldo"
103523,Gabriel Oliveira Silva,183,"Avenida Heitor Penteado, 915 - Taquaral"
103524,Rafael Matos Nascimento,165,"Rua Coronel Quirino, 1771 - Cambuí"
103525,Yasmin Vieira Santana,197,"Avenida Albino José Barbosa de Oliveira, 2467 - Barão Geraldo"
103526,Pedro Gomes Matos,200,"Avenida Heitor Penteado, 92 - Taquaral"
103527,Daniel Alves Vieira,188,"Avenida Albino José Barbosa de Oliveira, 2603 - Barão Geraldo"
103528,Daniel Queiroz Fernandes,171,"Rua Coronel Quirino, 1861 - Cambuí"
103529,Maria Ferreira Oliveira,161,"Avenida Albino José Barbosa de Oliveira, 1190 - Barão Geraldo"
103530,Giovanna Santana Queiroz,173,"Avenida Heitor Penteado, 1418 - Taquaral"
103531,Beatriz Ferreira Paschoalino,196,"Rua Maria Monteiro, 143 - Cambuí"
103532,Clara Ribeiro Ferreira,189,"Rua Maria Monteiro, 454 - Cambuí"
103533,Livia Fernandes Martins,187,"Avenida Heitor Penteado, 2135 - Taquaral"
103534,Felipe Martins Medeiros,159,"Rua Coronel Quirino, 1709 - Cambuí"
103535,André Silva Cruz,184,"Avenida Heitor Penteado, 2832 - Taquaral"
103536,Larissa Almeida Fernandes,200,"Avenida Albino José Barbosa de Oliveira, 1046 - Barão Geraldo"
103537,Yasmin Ferreira Amorim,198,"Avenida Heitor Penteado, 184 - Taquaral"
103538,Miguel Vieira Vieira,181,"Avenida Albino José Barbosa de Oliveira, 2843 - Barão Geraldo"
103539,Sofia Bellini Ferreira,156,"Avenida Albino José Barbosa de Oliveira, 428 - Barão Geraldo"
103540,Eduardo Amorim Silva,170,"Avenida Heitor Penteado, 2270 - Taquaral"
103541,Erik Oliveira Paschoalino,169,"Rua Coronel Quirino, 970 - Cambuí"
103542,Vinícius Cruz Oliveira,175,"Avenida Albino José Barbosa de Oliveira, 1089 - Barão Geraldo"
103543,Guilherme Cruz Matos,153,"Avenida Heitor Penteado, 132 - Taquaral"
103544,Thiago Martins Oliveira,195,"Avenida Heitor Penteado, 2429 - Taquaral"
103545,Clara Paschoalino Silva,201,"Avenida Albino José Barbosa de Oliveira, 3404 - Barão Geraldo"
103546,Eduardo Ferreira Alves,171,"Avenida Albino José Barbosa de Oliveira, 1705 - Barão Geraldo"
103547,Erik Santana Medeiros,164,"Rua Coronel Quirino, 637 - Cambuí"
103548,Yasmin Matos Santana,189,"Avenida Heitor Penteado, 1780 - Taquaral"
103549,Miguel Medeiros Ribeiro,170,"Avenida Albino José Barbosa de Oliveira, 2812 - Barão Geraldo"
103550,Samuel Ribeiro Cruz,164,"Avenida Albino José Barbosa de Oliveira, 2350 - Barão Geraldo"
103551,Livia Nascimento Ferreira,171,"Avenida Albino José Barbosa de Oliveira, 2005 - Barão Geraldo"
103552,Beatriz Campos Paschoalino,201,"Avenida Heitor Penteado, 2501 - Taquaral"
103553,Beatriz Martins Santana,177,"Avenida Heitor Penteado, 1259 - Taquaral"
103554,Gabriel Alves Bellini,163,"Rua Maria Monteiro, 604 - Cambuí"
103555,Felipe Vieira Paschoalino,176,"Avenida Albino José Barbosa de Oliveira, 1870 - Barão Geraldo"
103556,Maria Paschoalino Paschoalino,190,"Avenida Albino José Barbosa de Oliveira, 1775 - Barão Geraldo"
103557,Henrique Santana Vieira,189,"Rua Coronel Quirino, 1836 - Cambuí"
103558,Gabriel Cruz Oliveira,177,"Rua Coronel Quirino, 1030 - Cambuí"
103559,Thiago Oliveira Medeiros,175,"Avenida Heitor Penteado, 2487 - Taquaral"
103560,Maria Queiroz Cruz,198,"Rua Coronel Quirino, 499 - Cambuí"
103561,Henrique Fernandes Matos,151,"Rua Maria Monteiro, 810 - Cambuí"
103562,Rafael Santana Campos,174,"Avenida Heitor Penteado, 579 - Taquaral"
103563,Felipe Matos Martins,152,"Avenida Albino José Barbosa de Oliveira, 515 - Barão Geraldo"
103564,Maria Cruz Bellini,157,"Avenida Heitor Penteado, 2763 - Taquaral"
103565,Felipe Cruz Alves,193,"Avenida Albino José Barbosa de Oliveira, 2134 - Barão Geraldo"
103566,Henrique Oliveira Paschoalino,182,"Avenida Heitor Penteado, 561 - Taquaral"
103567,Livia Ribeiro Fernandes,191,"Avenida Albino José Barbosa de Oliveira, 540 - Barão Geraldo"
103568,André Martins Santana,201,"Avenida Albino José Barbosa de Oliveira, 1599 - Barão Geraldo"
103569,Miguel Bellini Vieira,184,"Rua Maria Monteiro, 1563 - Cambuí"
103570,Yasmin Silva Ribeiro,155,"Avenida Heitor Penteado, 571 - Taquaral"
103571,Vinícius Alves Medeiros,188,"Avenida Albino José Barbosa de Oliveira, 1793 - Barão Geraldo"
103572,Clara Santana Gomes,201,"Rua Maria Monteiro, 641 - Cambuí"
103573,Guilherme Campos Amorim,172,"Avenida Albino José Barbosa de Oliveira, 1116 - Barão Geraldo"
103574,Daniel Matos Melo,174,"Avenida Heitor Penteado, 1988 - Taquaral"
103575,Erik Silva Cruz,199,"Avenida Albino José Barbosa de Oliveira, 521 - Barão Geraldo"
103576,Vinícius Fernandes Ribeiro,192,"Avenida Heitor Penteado, 1560 - Taquaral"
103577,Larissa Martins Almeida,168,"Rua Coronel Quirino, 1627 - Cambuí"
103578,Henrique Oliveira Ribeiro,154,"Avenida Heitor Penteado, 193 - Taquaral"
103579,Larissa Fernandes Amorim,200,"Rua Maria Monteiro, 755 - Cambuí"
103580,Clara Fernandes Paschoalino,160,"Avenida Heitor Penteado, 854 - Taquaral"
103581,Vinícius Melo Ferreira,161,"Rua Maria Monteiro, 670 - Cambuí"
103582,Livia Queiroz Ribeiro,159,"Rua Coronel Quirino, 467 - Cambuí"
103583,Thiago Bellini Queiroz,157,"Rua Coronel Quirino, 410 - Cambuí"
103584,Victor Paschoalino Bellini,173,"Avenida Heitor Penteado, 148 - Taquaral"
103585,André Campos Cruz,177,"Rua Coronel Quirino, 1626 - Cambuí"
103586,Guilherme Bellini Gomes,190,"Avenida Albino José Barbosa de Oliveira, 2468 - Barão Geraldo"
103587,Gabriel Campos Vieira,185,"Avenida Heitor Penteado, 1863 - Taquaral"
103588,Beatriz Almeida Alves,186,"Rua Maria Monteiro, 751 - Cambuí"
103589,Pedro Nascimento Santana,170,"Rua Coronel Quirino, 1682 - Cambuí"
103590,Eduardo Martins Santana,157,"Rua Maria Monteiro, 1291 - Cambuí"
103591,Rafael Medeiros Bellini,204,"Avenida Heitor Penteado, 1363 - Taquaral"
103592,Thiago Campos Ferreira,158,"Rua Maria Monteiro, 395 - Cambuí"
103593,Thiago Fernandes Almeida,196,"Avenida Albino José Barbosa de Oliveira, 2119 - Barão Geraldo"
103594,Giovanna Fernandes Ribeiro,164,"Avenida Heitor Penteado, 1704 - Taquaral"
103595,Beatriz Queiroz Gomes,197,"Rua Coronel Quirino, 1354 - Cambuí"
103596,Rafael Nascimento Paschoalino,195,"Avenida Albino José Barbosa de Oliveira, 1190 - Barão Geraldo"
103597,Gabriel Fernandes Fernandes,189,"Avenida Albino José Barbosa de Oliveira, 1002 - Barão Geraldo"
103598,Gabriel Santana Matos,167,"Rua Maria Monteiro, 1496 - Cambuí"
103599,Beatriz Bellini Bellini,191,"Avenida Albino José Barbosa de Oliveira, 37 - Barão Geraldo"
103600,Vinícius Martins Queiroz,169,"Avenida Albino José Barbosa de Oliveira, 611 - Barão Geraldo"
103601,Henrique Oliveira Ferreira,155,"Avenida Albino José Barbosa de Oliveira, 1067 - Barão Geraldo"
103602,Rafael Paschoalino Vieira,161,"Avenida Albino José Barbosa de Oliveira, 2981 - Barão Geraldo"
103603,Pedro Vieira Santana,151,"Rua Coronel Quirino, 1961 - Cambuí"
103604,Beatriz Ribeiro Almeida,156,"Avenida Albino José Barbosa de Oliveira, 1161 - Barão Geraldo"
103605,Felipe Almeida Vieira,165,"Rua Coronel Quirino, 1148 - Cambuí"
103606,Erik Melo Matos,152,"Rua Coronel Quirino, 1522 - Cambuí"
103607,Felipe Bellini Queiroz,194,"Rua Coronel Quirino, 1893 - Cambuí"
103608,Clara Gomes Ferreira,152,"Avenida Heitor Penteado, 2832 - Taquaral"
103609,Guilherme Oliveira Santana,176,"Avenida Heitor Penteado, 618 - Taquaral"
103610,Gabriel Gomes Oliveira,199,"Rua Maria Monteiro, 884 - Cambuí"
103611,Vinícius Bellini Nascimento,192,"Avenida Albino José Barbosa de Oliveira, 944 - Barão Geraldo"
103612,Guilherme Melo Ferreira,189,"Rua Maria Monteiro, 1017 - Cambuí"
103613,Rafael Santana Silva,187,"Avenida Albino José Barbosa de Oliveira, 2067 - Barão Geraldo"
103614,Pedro Vieira Alves,182,"Rua Maria Monteiro, 97 - Cambuí"
103615,Livia Martins Oliveira,177,"Avenida Albino José Barbosa de Oliveira, 626 - Barão Geraldo"
103616,Pedro Ferreira Gomes,150,"Avenida Heitor Penteado, 1682 - Taquaral"
103617,Samuel Campos Gomes,204,"Avenida Heitor Penteado, 2137 - Taquaral"
103618,Eduardo Amorim Paschoalino,157,"Avenida Albino José Barbosa de Oliveira, 3330 - Barão Geraldo"
103619,Livia Gomes Vieira,186,"Rua Coronel Quirino, 840 - Cambuí"
103620,Guilherme Campos Matos,181,"Avenida Albino José Barbosa de Oliveira, 1859 - Barão Geraldo"
103621,Eduardo Matos Oliveira,197,"Avenida Heitor Penteado, 532 - Taquaral"
103622,Giovanna Martins Ferreira,192,"Avenida Heitor Penteado, 2886 - Taquaral"
103623,Guilherme Ferreira Nascimento,186,"Avenida Heitor Penteado, 810 - Taquaral"
103624,Livia Matos Campos,153,"Avenida Albino José Barbosa de Oliveira, 3384 - Barão Geraldo"
103625,Pedro Vieira Fernandes,179,"Avenida Albino José Barbosa de Oliveira, 1298 - Barão Geraldo"
103626,Eduardo Amorim Santana,155,"Avenida Heitor Penteado, 770 - Taquaral"
103627,Eduardo Santana Paschoalino,195,"Rua Coronel Quirino, 514 - Cambuí"
103628,André Queiroz Alves,203,"Avenida Heitor Penteado, 286 - Taquaral"
103629,Pedro Martins Gomes,168,"Avenida Heitor Penteado, 2277 - Taquaral"
103630,Livia Alves Martins,181,"Rua Coronel Quirino, 194 - Cambuí"
103631,Pedro Nascimento Ribeiro,158,"Rua Coronel Quirino, 788 - Cambuí"
103632,Victor Vieira Gomes,161,"Avenida Heitor Penteado, 2279 - Taquaral"
103633,Beatriz Cruz Martins,160,"Avenida Albino José Barbosa de Oliveira, 2102 - Barão Geraldo"
103634,Victor Oliveira Santana,195,"Avenida Heitor Penteado, 39 - Taquaral"
103635,Maria Silva Alves,204,"Avenida Heitor Penteado, 1634 - Taquaral"
103636,Samuel Amorim Ribeiro,165,"Avenida Heitor Penteado, 1565 - Taquaral"
103637,Larissa Alves Medeiros,150,"Avenida Heitor Penteado, 2190 - Taquaral"
103638,Rafael Martins Gomes,194,"Rua Coronel Quirino, 712 - Cambuí"
103639,Thiago Bellini Bellini,204,"Avenida Heitor Penteado, 333 - Taquaral"
103640,Pedro Medeiros Alves,202,"Avenida Albino José Barbosa de Oliveira, 237 - Barão Geraldo"
103641,Rafael Paschoalino Ribeiro,170,"Avenida Albino José Barbosa de Oliveira, 1293 - Barão Geraldo"
103642,Eduardo Silva Campos,179,"Rua Maria Monteiro, 1410 - Cambuí"
103643,Miguel Almeida Silva,162,"Rua Coronel Quirino, 1237 - Cambuí"
103644,Gabriel Campos Melo,183,"Avenida Heitor Penteado, 430 - Taquaral"
103645,Yasmin Oliveira Paschoalino,153,"Avenida Heitor Penteado, 1632 - Taquaral"
103646,Daniel Vieira Ribeiro,177,"Rua Maria Monteiro, 1354 - Cambuí"
103647,Larissa Martins Martins,187,"Avenida Albino José Barbosa de Oliveira, 1979 - Barão Geraldo"
103648,Larissa Melo Vieira,180,"Avenida Heitor Penteado, 1062 - Taquaral"
103649,Samuel Santana Gomes,204,"Avenida Heitor Penteado, 25 - Taquaral"
103650,Erik Gomes Silva,176,"Avenida Albino José Barbosa de Oliveira, 72 - Barão Geraldo"
103651,Larissa Nascimento Queiroz,154,"Avenida Heitor Penteado, 1146 - Taquaral"
103652,Sofia Martins Melo,174,"Avenida Heitor Penteado, 593 - Taquaral"
103653,Guilherme Gomes Vieira,152,"Avenida Albino José Barbosa de Oliveira, 1262 - Barão Geraldo"
103654,Daniel Ribeiro Melo,182,"Avenida Heitor Penteado, 1287 - Taquaral"
103655,João Almeida Silva,153,"Avenida Heitor Penteado, 884 - Taquaral"
103656,Thiago Santana Martins,174,"Rua Coronel Quirino, 298 - Cambuí"
103657,Larissa Nascimento Paschoalino,169,"Rua Coronel Quirino, 564 - Cambuí"
103658,Erik Amorim Paschoalino,183,"Rua Maria Monteiro, 576 - Cambuí"
103659,Daniel Vieira Gomes,175,"Avenida Albino José Barbosa de Oliveira, 684 - Barão Geraldo"
103660,Samuel Gomes Ribeiro,154,"Avenida Albino José Barbosa de Oliveira, 3458 - Barão Geraldo"
103661,Guilherme Gomes Oliveira,184,"Avenida Albino José Barbosa de Oliveira, 126 - Barão Geraldo"
103662,Erik Alves Oliveira,177,"Rua Maria Monteiro, 1546 - Cambuí"
103663,Larissa Almeida Santana,178,"Rua Maria Monteiro, 1306 - Cambuí"
103664,Pedro Oliveira Queiroz,158,"Avenida Heitor Penteado, 1216 - Taquaral"
103665,Daniel Ferreira Melo,201,"Avenida Heitor Penteado, 1502 - Taquaral"
103666,Felipe Oliveira Santana,187,"Avenida Albino José Barbosa de Oliveira, 3343 - Barão Geraldo"
103667,Beatriz Oliveira Santana,199,"Avenida Albino José Barbosa de Oliveira, 2577 - Barão Geraldo"
103668,Giovanna Gomes Ferreira,155,"Rua Maria Monteiro, 985 - Cambuí"
103669,Rafael Campos Cruz,168,"Avenida Albino José Barbosa de Oliveira, 229 - Barão Geraldo"
103670,Rafael Oliveira Vieira,193,"Avenida Albino José Barbosa de Oliveira, 483 - Barão Geraldo"
103671,Guilherme Vieira Martins,160,"Avenida Heitor Penteado, 2054 - Taquaral"
103672,Daniel Silva Vieira,151,"Avenida Albino José Barbosa de Oliveira, 900 - Barão Geraldo"
103673,Henrique Paschoalino Melo,196,"Avenida Heitor Penteado, 909 - Taquaral"
103674,Gabriel Amorim Amorim,193,"Avenida Albino José Barbosa de Oliveira, 2021 - Barão Geraldo"
103675,Yasmin Cruz Paschoalino,193,"Avenida Heitor Penteado, 872 - Taquaral"
103676,Beatriz Silva Paschoalino,158,"Rua Maria Monteiro, 338 - Cambuí"
103677,Yasmin Melo Medeiros,170,"Rua Maria Monteiro, 479 - Cambuí"
103678,Daniel Santana Queiroz,173,"Avenida Albino José Barbosa de Oliveira, 1091 - Barão Geraldo"
103679,André Martins Campos,183,"Avenida Albino José Barbosa de Oliveira, 1808 - Barão Geraldo"
103680,Samuel Silva Amorim,171,"Rua Coronel Quirino, 1022 - Cambuí"
103681,Pedro Fernandes Campos,152,"Rua Maria Monteiro, 649 - Cambuí"
103682,Maria Fernandes Alves,161,"Avenida Albino José Barbosa de Oliveira, 3276 - Barão Geraldo"
103683,Yasmin Fernandes Fernandes,177,"Avenida Heitor Penteado, 1278 - Taquaral"
103684,Gabriel Alves Martins,179,"Avenida Heitor Penteado, 2971 - Taquaral"
103685,Livia Campos Medeiros,175,"Avenida Heitor Penteado, 36 - Taquaral"
103686,João Fernandes Cruz,197,"Avenida Heitor Penteado, 915 - Taquaral"
103687,André Ferreira Martins,170,"Avenida Heitor Penteado, 1693 - Taquaral"
103688,Thiago Almeida Paschoalino,177,"Avenida Heitor Penteado, 61 - Taquaral"
103689,Vinícius Cruz Queiroz,175,"Rua Coronel Quirino, 873 - Cambuí"
103690,Giovanna Bellini Alves,182,"Avenida Albino José Barbosa de Oliveira, 673 - Barão Geraldo"
103691,Miguel Campos Amorim,170,"Avenida Albino José Barbosa de Oliveira, 502 - Barão Geraldo"
103692,Samuel Gomes Santana,184,"Rua Maria Monteiro, 257 - Cambuí"
103693,André Ribeiro Fernandes,201,"Avenida Albino José Barbosa de Oliveira, 2072 - Barão Geraldo"
103694,André Ribeiro Alves,183,"Avenida Heitor Penteado, 1979 - Taquaral"
103695,Beatriz Fernandes Ferreira,190,"Avenida Albino José Barbosa de Oliveira, 3133 - Barão Geraldo"
103696,Gabriel Campos Amorim,200,"Avenida Heitor Penteado, 1757 - Taquaral"
103697,Livia Campos Vieira,196,"Avenida Heitor Penteado, 2462 - Taquaral"
103698,João Gomes Amorim,167,"Rua Maria Monteiro, 32 - Cambuí"
103699,Yasmin Cruz Martins,160,"Avenida Heitor Penteado, 2647 - Taquaral"
103700,Guilherme Campos Santana,172,"Avenida Albino José Barbosa de Oliveira, 2344 - Barão Geraldo"
103701,Larissa Almeida Queiroz,197,"Rua Maria Monteiro, 833 - Cambuí"
103702,Victor Queiroz Medeiros,171,"Avenida Heitor Penteado, 142 - Taquaral"
103703,Eduardo Amorim Vieira,166,"Avenida Heitor Penteado, 958 - Taquaral"
103704,Guilherme Matos Ferreira,154,"Rua Maria Monteiro, 424 - Cambuí"
103705,Erik Ferreira Cruz,193,"Avenida Heitor Penteado, 852 - Taquaral"
103706,Pedro Matos Bellini,160,"Avenida Heitor Penteado, 2378 - Taquaral"
103707,Gabriel Santana Oliveira,179,"Avenida Albino José Barbosa de Oliveira, 470 - Barão Geraldo"
103708,Yasmin Vieira Cruz,164,"Avenida Albino José Barbosa de Oliveira, 3279 - Barão Geraldo"
103709,Maria Paschoalino Oliveira,176,"Avenida Heitor Penteado, 411 - Taquaral"
103710,Henrique Martins Silva,184,"Rua Coronel Quirino, 471 - Cambuí"
103711,Gabriel Silva Amorim,182,"Rua Maria Monteiro, 806 - Cambuí"
103712,Yasmin Cruz Almeida,169,"Avenida Albino José Barbosa de Oliveira, 1925 - Barão Geraldo"
103713,Sofia Ribeiro Amorim,165,"Avenida Albino José Barbosa de Oliveira, 1950 - Barão Geraldo"
103714,Clara Fernandes Bellini,183,"Avenida Albino José Barbosa de Oliveira, 1267 - Barão Geraldo"
103715,Victor Campos Vieira,151,"Avenida Albino José Barbosa de Oliveira, 3242 - Barão Geraldo"
103716,Rafael Fernandes Martins,184,"Avenida Heitor Penteado, 2573 - Taquaral"
103717,Larissa Martins Ribeiro,189,"Avenida Albino José Barbosa de Oliveira, 350 - Barão Geraldo"
103718,Rafael Matos Gomes,177,"Avenida Albino José Barbosa de Oliveira, 2986 - Barão Geraldo"
103719,Gabriel Bellini Silva,196,"Avenida Heitor Penteado, 1490 - Taquaral"
103720,Daniel Nascimento Vieira,188,"Avenida Albino José Barbosa de Oliveira, 2355 - Barão Geraldo"
103721,Daniel Vieira Fernandes,155,"Avenida Heitor Penteado, 310 - Taquaral"
103722,Thiago Melo Santana,158,"Avenida Albino José Barbosa de Oliveira, 2056 - Barão Geraldo"
103723,Thiago Cruz Melo,169,"Avenida Albino José Barbosa de Oliveira, 437 - Barão Geraldo"
103724,João Almeida Fernandes,150,"Rua Coronel Quirino, 496 - Cambuí"
103725,Livia Melo Paschoalino,157,"Avenida Albino José Barbosa de Oliveira, 1388 - Barão Geraldo"
103726,Guilherme Medeiros Melo,204,"Avenida Albino José Barbosa de Oliveira, 736 - Barão Geraldo"
103727,Sofia Santana Martins,172,"Avenida Heitor Penteado, 1899 - Taquaral"
103728,Maria Fernandes Alves,152,"Avenida Heitor Penteado, 1960 - Taquaral"
103729,Yasmin Almeida Queiroz,153,"Avenida Heitor Penteado, 2336 - Taquaral"
103730,Yasmin Campos Melo,174,"Rua Coronel Quirino, 1714 - Cambuí"
103731,Gabriel Cruz Martins,196,"Avenida Albino José Barbosa de Oliveira, 304 - Barão Geraldo"
103732,André Matos Ferreira,187,"Rua Coronel Quirino, 282 - Cambuí"
103733,Henrique Almeida Nascimento,164,"Avenida Heitor Penteado, 2449 - Taquaral"
103734,Gabriel Amorim Ferreira,170,"Rua Coronel Quirino, 550 - Cambuí"
103735,Eduardo Campos Nascimento,184,"Avenida Albino José Barbosa de Oliveira, 2253 - Barão Geraldo"
103736,Eduardo Medeiros Campos,202,"Avenida Albino José Barbosa de Oliveira, 743 - Barão Geraldo"
103737,Henrique Nascimento Queiroz,202,"Avenida Heitor Penteado, 543 - Taquaral"
103738,Larissa Cruz Silva,195,"Rua Maria Monteiro, 1254 - Cambuí"
103739,Larissa Melo Amorim,201,"Avenida Albino José Barbosa de Oliveira, 2793 - Barão Geraldo"
103740,Rafael Santana Amorim,163,"Avenida Heitor Penteado, 480 - Taquaral"
103741,Guilherme Martins Medeiros,185,"Avenida Heitor Penteado, 145 - Taquaral"
103742,Henrique Almeida Santana,161,"Rua Maria Monteiro, 177 - Cambuí"
103743,Thiago Bellini Medeiros,166,"Rua Maria Monteiro, 694 - Cambuí"
103744,Erik Amorim Martins,188,"Avenida Heitor Penteado, 1270 - Taquaral"
103745,Guilherme Oliveira Paschoalino,158,"Avenida Heitor Penteado, 824 - Taquaral"
103746,Sofia Martins Fernandes,184,"Avenida Heitor Penteado, 2055 - Taquaral"
103747,Maria Amorim Alves,162,"Avenida Albino José Barbosa de Oliveira, 3115 - Barão Geraldo"
103748,Livia Martins Vieira,164,"Rua Coronel Quirino, 1298 - Cambuí"
103749,Samuel Nascimento Nascimento,167,"Avenida Albino José Barbosa de Oliveira, 366 - Barão Geraldo"
103750,Larissa Santana Matos,200,"Rua Coronel Quirino, 299 - Cambuí"
103751,Livia Cruz Almeida,182,"Avenida Heitor Penteado, 1895 - Taquaral"
103752,Henrique Melo Medeiros,155,"Avenida Albino José Barbosa de Oliveira, 1287 - Barão Geraldo"
103753,Larissa Nascimento Ferreira,176,"Avenida Albino José Barbosa de Oliveira, 1413 - Barão Geraldo"
103754,Rafael Oliveira Melo,172,"Avenida Heitor Penteado, 2182 - Taquaral"
103755,Eduardo Ferreira Amorim,176,"Avenida Albino José Barbosa de Oliveira, 1572 - Barão Geraldo"
103756,Guilherme Almeida Santana,183,"Avenida Heitor Penteado, 1901 - Taquaral"
103757,Felipe Santana Ribeiro,195,"Avenida Albino José Barbosa de Oliveira, 1595 - Barão Geraldo"
103758,André Alves Melo,187,"Avenida Heitor Penteado, 159 - Taquaral"
103759,Daniel Almeida Martins,163,"Avenida Albino José Barbosa de Oliveira, 494 - Barão Geraldo"
103760,Maria Oliveira Medeiros,185,"Rua Maria Monteiro, 1569 - Cambuí"
103761,Daniel Alves Amorim,202,"Rua Coronel Quirino, 471 - Cambuí"
103762,Erik Medeiros Cruz,157,"Avenida Heitor Penteado, 926 - Taquaral"
103763,Samuel Ribeiro Fernandes,184,"Avenida Albino José Barbosa de Oliveira, 244 - Barão Geraldo"
103764,Victor Gomes Almeida,168,"Avenida Heitor Penteado, 2334 - Taquaral"
103765,Rafael Martins Bellini,179,"Avenida Albino José Barbosa de Oliveira, 658 - Barão Geraldo"
103766,Beatriz Cruz Bellini,163,"Avenida Heitor Penteado, 2551 - Taquaral"
103767,Livia Amorim Nascimento,169,"Avenida Heitor Penteado, 2732 - Taquaral"
103768,Larissa Campos Oliveira,198,"Avenida Albino José Barbosa de Oliveira, 1492 - Barão Geraldo"
103769,Rafael Martins Vieira,174,"Avenida Albino José Barbosa de Oliveira, 2541 - Barão Geraldo"
103770,Miguel Ribeiro Martins,189,"Rua Maria Monteiro, 1583 - Cambuí"
103771,Giovanna Ribeiro Ribeiro,173,"Avenida Heitor Penteado, 39 - Taquaral"
103772,Miguel Alves Paschoalino,163,"Rua Maria Monteiro, 1405 - Cambuí"
103773,Daniel Cruz Vieira,175,"Avenida Heitor Penteado, 2786 - Taquaral"
103774,Daniel Amorim Ribeiro,187,"Avenida Albino José Barbosa de Oliveira, 3424 - Barão Geraldo"
103775,Yasmin Queiroz Bellini,172,"Avenida Heitor Penteado, 852 - Taquaral"
103776,André Melo Melo,171,"Avenida Albino José Barbosa de Oliveira, 3000 - Barão Geraldo"
103777,Victor Amorim Silva,197,"Avenida Heitor Penteado, 2411 - Taquaral"
103778,Larissa Cruz Melo,168,"Avenida Heitor Penteado, 1674 - Taquaral"
103779,Erik Martins Amorim,195,"Avenida Albino José Barbosa de Oliveira, 3099 - Barão Geraldo"
103780,Rafael Gomes Nascimento,200,"Rua Maria Monteiro, 1558 - Cambuí"
103781,Victor Almeida Cruz,152,"Avenida Albino José Barbosa de Oliveira, 2768 - Barão Geraldo"
103782,Henrique Vieira Matos,191,"Avenida Albino José Barbosa de Oliveira, 831 - Barão Geraldo"
103783,Erik Martins Paschoalino,168,"Avenida Heitor Penteado, 1971 - Taquaral"
103784,Livia Matos Matos,158,"Avenida Albino José Barbosa de Oliveira, 3406 - Barão Geraldo"
103785,Samuel Amorim Vieira,177,"Rua Maria Monteiro, 851 - Cambuí"
103786,Samuel Melo Matos,169,"Avenida Heitor Penteado, 2042 - Taquaral"
103787,Larissa Ribeiro Cruz,194,"Rua Maria Monteiro, 793 - Cambuí"
103788,Felipe Cruz Oliveira,156,"Rua Maria Monteiro, 1013 - Cambuí"
103789,Vinícius Oliveira Paschoalino,163,"Avenida Heitor Penteado, 2704 - Taquaral"
103790,Sofia Ferreira Fernandes,158,"Avenida Heitor Penteado, 2445 - Taquaral"
103791,Daniel Medeiros Almeida,204,"Avenida Heitor Penteado, 1381 - Taquaral"
103792,Victor Santana Ribeiro,168,"Avenida Albino José Barbosa de Oliveira, 2696 - Barão Geraldo"
103793,Erik Vieira Matos,196,"Avenida Albino José Barbosa de Oliveira, 1587 - Barão Geraldo"
103794,Giovanna Medeiros Vieira,201,"Avenida Albino José Barbosa de Oliveira, 3365 - Barão Geraldo"
103795,Daniel Queiroz Nascimento,163,"Avenida Albino José Barbosa de Oliveira, 1822 - Barão Geraldo"
103796,João Matos Oliveira,187,"Avenida Albino José Barbosa de Oliveira, 1438 - Barão Geraldo"
103797,Maria Paschoalino Bellini,202,"Avenida Heitor Penteado, 1136 - Taquaral"
103798,Guilherme Medeiros Queiroz,185,"Avenida Heitor Penteado, 1319 - Taquaral"
103799,Guilherme Matos Ferreira,189,"Avenida Albino José Barbosa de Oliveira, 2946 - Barão Geraldo"
103800,Eduardo Melo Amorim,166,"Avenida Albino José Barbosa de Oliveira, 1047 - Barão Geraldo"
103801,Larissa Fernandes Queiroz,179,"Rua Coronel Quirino, 594 - Cambuí"
103802,João Campos Matos,158,"Avenida Heitor Penteado, 704 - Taquaral"
103803,Samuel Santana Cruz,182,"Avenida Albino José Barbosa de Oliveira, 2300 - Barão Geraldo"
103804,Yasmin Medeiros Bellini,201,"Avenida Albino José Barbosa de Oliveira, 2792 - Barão Geraldo"
103805,Beatriz Santana Almeida,174,"Avenida Albino José Barbosa de Oliveira, 1299 - Barão Geraldo"
103806,Guilherme Santana Almeida,163,"Rua Coronel Quirino, 781 - Cambuí"
103807,Vinícius Matos Santana,160,"Rua Maria Monteiro, 913 - Cambuí"
103808,Victor Alves Silva,202,"Avenida Heitor Penteado, 2279 - Taquaral"
103809,Eduardo Campos Gomes,184,"Rua Coronel Quirino, 1175 - Cambuí"
103810,Clara Matos Silva,190,"Rua Coronel Quirino, 570 - Cambuí"
103811,Giovanna Martins Ribeiro,163,"Avenida Albino José Barbosa de Oliveira, 823 - Barão Geraldo"
103812,Erik Martins Ferreira,179,"Avenida Albino José Barbosa de Oliveira, 1660 - Barão Geraldo"
103813,Clara Silva Gomes,190,"Avenida Albino José Barbosa de Oliveira, 774 - Barão Geraldo"
103814,Larissa Almeida Matos,153,"Avenida Albino José Barbosa de Oliveira, 1024 - Barão Geraldo"
103815,Felipe Vieira Ribeiro,153,"Avenida Heitor Penteado, 1250 - Taquaral"
103816,Thiago Silva Ribeiro,177,"Avenida Albino José Barbosa de Oliveira, 2863 - Barão Geraldo"
103817,Larissa Ribeiro Santana,157,"Avenida Heitor Penteado, 1954 - Taquaral"
103818,Larissa Alves Melo,151,"Rua Coronel Quirino, 528 - Cambuí"
103819,Yasmin Ribeiro Queiroz,190,"Rua Coronel Quirino, 278 - Cambuí"
103820,Vinícius Oliveira Gomes,195,"Avenida Heitor Penteado, 2966 - Taquaral"
103821,Eduardo Fernandes Gomes,171,"Avenida Heitor Penteado, 733 - Taquaral"
103822,Livia Paschoalino Campos,190,"Avenida Albino José Barbosa de Oliveira, 3444 - Barão Geraldo"
103823,Gabriel Vieira Silva,204,"Rua Coronel Quirino, 311 - Cambuí"
103824,Daniel Matos Cruz,165,"Rua Maria Monteiro, 844 - Cambuí"
103825,Yasmin Matos Gomes,178,"Avenida Heitor Penteado, 2193 - Taquaral"
103826,Clara Fernandes Ribeiro,198,"Avenida Heitor Penteado, 853 - Taquaral"
103827,Clara Alves Fernandes,197,"Rua Coronel Quirino, 1993 - Cambuí"
103828,Giovanna Almeida Bellini,179,"Avenida Heitor Penteado, 1161 - Taquaral"
103829,Giovanna Paschoalino Cruz,161,"Avenida Albino José Barbosa de Oliveira, 1101 - Barão Geraldo"
103830,Livia Bellini Martins,184,"Avenida Albino José Barbosa de Oliveira, 1778 - Barão Geraldo"
103831,Daniel Cruz Oliveira,160,"Avenida Albino José Barbosa de Oliveira, 1024 - Barão Geraldo"
103832,Samuel Nascimento Melo,195,"Rua Maria Monteiro, 1004 - Cambuí"
103833,Pedro Cruz Queiroz,199,"Rua Coronel Quirino, 641 - Cambuí"
103834,João Melo Nascimento,170,"Rua Coronel Quirino, 1317 - Cambuí"
103835,Sofia Silva Campos,170,"Rua Maria Monteiro, 1461 - Cambuí"
103836,Daniel Medeiros Oliveira,154,"Avenida Albino José Barbosa de Oliveira, 3361 - Barão Geraldo"
103837,Henrique Martins Oliveira,197,"Rua Maria Monteiro, 191 - Cambuí"
103838,João Matos Matos,169,"Rua Maria Monteiro, 1296 - Cambuí"
103839,Vinícius Martins Amorim,186,"Avenida Heitor Penteado, 193 - Taquaral"
103840,Victor Almeida Silva,152,"Avenida Heitor Penteado, 2803 - Taquaral"
103841,André Queiroz Almeida,193,"Avenida Albino José Barbosa de Oliveira, 480 - Barão Geraldo"
103842,Yasmin Almeida Almeida,182,"Avenida Heitor Penteado, 2130 - Taquaral"
103843,Livia Melo Silva,202,"Avenida Heitor Penteado, 1958 - Taquaral"
103844,Beatriz Ribeiro Alves,158,"Avenida Albino José Barbosa de Oliveira, 838 - Barão Geraldo"
103845,Larissa Bellini Campos,158,"Avenida Albino José Barbosa de Oliveira, 976 - Barão Geraldo"
103846,Maria Ferreira Oliveira,153,"Rua Coronel Quirino, 278 - Cambuí"
103847,Miguel Alves Ferreira,184,"Avenida Heitor Penteado, 890 - Taquaral"
103848,Samuel Nascimento Silva,166,"Avenida Heitor Penteado, 2694 - Taquaral"
103849,Maria Queiroz Bellini,183,"Avenida Heitor Penteado, 2901 - Taquaral"
103850,Guilherme Ribeiro Vieira,173,"Avenida Heitor Penteado, 1408 - Taquaral"
103851,Guilherme Gomes Fernandes,181,"Rua Coronel Quirino, 1469 - Cambuí"
103852,Clara Ribeiro Vieira,150,"Avenida Albino José Barbosa de Oliveira, 1688 - Barão Geraldo"
103853,Clara Bellini Vieira,157,"Rua Maria Monteiro, 1567 - Cambuí"
103854,Erik Melo Medeiros,194,"Avenida Heitor Penteado, 2984 - Taquaral"
103855,Clara Nascimento Matos,172,"Avenida Heitor Penteado, 1378 - Taquaral"
103856,Pedro Paschoalino Gomes,196,"Avenida Heitor Penteado, 257 - Taquaral"
103857,Yasmin Queiroz Almeida,189,"Avenida Heitor Penteado, 2617 - Taquaral"
103858,Pedro Amorim Queiroz,161,"Avenida Albino José Barbosa de Oliveira, 665 - Barão Geraldo"
103859,Yasmin Matos Cruz,203,"Avenida Albino José Barbosa de Oliveira, 989 - Barão Geraldo"
103860,Livia Paschoalino Campos,161,"Avenida Albino José Barbosa de Oliveira, 398 - Barão Geraldo"
103861,Felipe Paschoalino Gomes,195,"Rua Maria Monteiro, 270 - Cambuí"
103862,Larissa Matos Alves,196,"Rua Coronel Quirino, 1045 - Cambuí"
103863,Gabriel Queiroz Campos,164,"Avenida Heitor Penteado, 2460 - Taquaral"
103864,Beatriz Campos Ferreira,190,"Avenida Albino José Barbosa de Oliveira, 2763 - Barão Geraldo"
103865,Erik Queiroz Bellini,168,"Rua Maria Monteiro, 518 - Cambuí"
103866,Erik Vieira Alves,175,"Avenida Heitor Penteado, 2060 - Taquaral"
103867,Eduardo Queiroz Alves,201,"Avenida Heitor Penteado, 1379 - Taquaral"
103868,Beatriz Gomes Amorim,178,"Avenida Albino José Barbosa de Oliveira, 2014 - Barão Geraldo"
103869,Livia Oliveira Alves,171,"Avenida Albino José Barbosa de Oliveira, 3116 - Barão Geraldo"
103870,Daniel Fernandes Bellini,189,"Rua Coronel Quirino, 1830 - Cambuí"
103871,Sofia Cruz Nascimento,170,"Avenida Albino José Barbosa de Oliveira, 497 - Barão Geraldo"
103872,Guilherme Amorim Nascimento,200,"Rua Coronel Quirino, 647 - Cambuí"
103873,Giovanna Santana Paschoalino,187,"Rua Coronel Quirino, 173 - Cambuí"
103874,Thiago Ribeiro Melo,169,"Avenida Heitor Penteado, 2213 - Taquaral"
103875,Livia Santana Nascimento,178,"Avenida Albino José Barbosa de Oliveira, 1817 - Barão Geraldo"
103876,Rafael Queiroz Medeiros,200,"Avenida Albino José Barbosa de Oliveira, 2108 - Barão Geraldo"
103877,Miguel Campos Amorim,153,"Rua Maria Monteiro, 476 - Cambuí"
103878,Beatriz Alves Paschoalino,204,"Avenida Heitor Penteado, 1904 - Taquaral"
103879,Vinícius Ferreira Fernandes,156,"Rua Coronel Quirino, 1873 - Cambuí"
103880,Guilherme Alves Cruz,177,"Avenida Heitor Penteado, 2836 - Taquaral"
103881,André Alves Oliveira,177,"Avenida Albino José Barbosa de Oliveira, 1202 - Barão Geraldo"
103882,Livia Alves Paschoalino,153,"Avenida Heitor Penteado, 1972 - Taquaral"
103883,Daniel Gomes Amorim,171,"Rua Maria Monteiro, 1268 - Cambuí"
103884,Felipe Vieira Queiroz,161,"Rua Maria Monteiro, 251 - Cambuí"
103885,Samuel Almeida Gomes,194,"Avenida Heitor Penteado, 2726 - Taquaral"
103886,Daniel Amorim Paschoalino,152,"Avenida Heitor Penteado, 1016 - Taquaral"
103887,Eduardo Silva Bellini,171,"Avenida Albino José Barbosa de Oliveira, 1763 - Barão Geraldo"
103888,Pedro Martins Alves,193,"Avenida Heitor Penteado, 2566 - Taquaral"
103889,Guilherme Alves Gomes,151,"Avenida Albino José Barbosa de Oliveira, 1079 - Barão Geraldo"
103890,Erik Matos Silva,173,"Avenida Heitor Penteado, 2266 - Taquaral"
103891,Daniel Ferreira Ferreira,183,"Avenida Albino José Barbosa de Oliveira, 3051 - Barão Geraldo"
103892,Erik Almeida Alves,176,"Avenida Albino José Barbosa de Oliveira, 108 - Barão Geraldo"
103893,Thiago Gomes Paschoalino,204,"Rua Maria Monteiro, 1291 - Cambuí"
103894,João Santana Cruz,190,"Rua Coronel Quirino, 1382 - Cambuí"
103895,Felipe Nascimento Medeiros,150,"Avenida Heitor Penteado, 30 - Taquaral"
103896,Eduardo Martins Gomes,157,"Avenida Albino José Barbosa de Oliveira, 642 - Barão Geraldo"
103897,Thiago Fernandes Medeiros,172,"Avenida Heitor Penteado, 518 - Taquaral"
103898,Erik Santana Amorim,187,"Avenida Albino José Barbosa de Oliveira, 661 - Barão Geraldo"
103899,Yasmin Silva Cruz,155,"Rua Maria Monteiro, 276 - Cambuí"
103900,Maria Amorim Matos,171,"Avenida Albino José Barbosa de Oliveira, 1570 - Barão Geraldo"
103901,Pedro Almeida Fernandes,174,"Rua Maria Monteiro, 53 - Cambuí"
103902,Livia Queiroz Martins,167,"Avenida Albino José Barbosa de Oliveira, 1017 - Barão Geraldo"
103903,Eduardo Cruz Cruz,166,"Avenida Heitor Penteado, 1454 - Taquaral"
103904,André Almeida Almeida,161,"Avenida Heitor Penteado, 1012 - Taquaral"
103905,João Queiroz Paschoalino,155,"Rua Coronel Quirino, 1323 - Cambuí"
103906,Yasmin Bellini Medeiros,175,"Avenida Albino José Barbosa de Oliveira, 3300 - Barão Geraldo"
103907,Yasmin Fernandes Gomes,176,"Avenida Heitor Penteado, 256 - Taquaral"
103908,Vinícius Paschoalino Gomes,157,"Rua Coronel Quirino, 526 - Cambuí"
103909,Pedro Nascimento Nascimento,168,"Rua Maria Monteiro, 250 - Cambuí"
103910,Pedro Vieira Gomes,191,"Rua Coronel Quirino, 540 - Cambuí"
103911,Gabriel Campos Almeida,150,"Rua Coronel Quirino, 108 - Cambuí"
103912,Thiago Queiroz Oliveira,178,"Rua Coronel Quirino, 362 - Cambuí"
103913,Gabriel Silva Cruz,194,"Rua Maria Monteiro, 1370 - Cambuí"
103914,Giovanna Bellini Gomes,198,"Avenida Albino José Barbosa de Oliveira, 2876 - Barão Geraldo"
103915,Felipe Amorim Cruz,184,"Rua Coronel Quirino, 1159 - Cambuí"
103916,Larissa Queiroz Campos,189,"Rua Maria Monteiro, 626 - Cambuí"
103917,Erik Santana Melo,163,"Avenida Albino José Barbosa de Oliveira, 3212 - Barão Geraldo"
103918,Rafael Ribeiro Almeida,184,"Avenida Albino José Barbosa de Oliveira, 2330 - Barão Geraldo"
103919,Gabriel Cruz Almeida,197,"Rua Maria Monteiro, 719 - Cambuí"
103920,Livia Medeiros Silva,194,"Avenida Heitor Penteado, 2913 - Taquaral"
103921,Felipe Almeida Gomes,169,"Avenida Heitor Penteado, 2124 - Taquaral"
103922,André Campos Santana,198,"Avenida Heitor Penteado, 1998 - Taquaral"
103923,Clara Medeiros Martins,162,"Avenida Albino José Barbosa de Oliveira, 847 - Barão Geraldo"
103924,Maria Queiroz Nascimento,187,"Avenida Albino José Barbosa de Oliveira, 1119 - Barão Geraldo"
103925,Larissa Ribeiro Bellini,198,"Avenida Albino José Barbosa de Oliveira, 2623 - Barão Geraldo"
103926,Gabriel Fernandes Gomes,195,"Avenida Albino José Barbosa de Oliveira, 979 - Barão Geraldo"
103927,Pedro Medeiros Queiroz,198,"Avenida Albino José Barbosa de Oliveira, 1544 - Barão Geraldo"
103928,Maria Ribeiro Medeiros,157,"Rua Maria Monteiro, 1005 - Cambuí"
103929,Guilherme Cruz Silva,192,"Rua Maria Monteiro, 1576 - Cambuí"
103930,João Silva Alves,169,"Avenida Albino José Barbosa de Oliveira, 1798 - Barão Geraldo"
103931,Larissa Gomes Bellini,182,"Avenida Heitor Penteado, 2413 - Taquaral"
103932,Henrique Medeiros Oliveira,175,"Avenida Heitor Penteado, 2076 - Taquaral"
103933,Beatriz Paschoalino Medeiros,188,"Avenida Heitor Penteado, 1494 - Taquaral"
103934,Yasmin Fernandes Santana,170,"Avenida Heitor Penteado, 2818 - Taquaral"
103935,Guilherme Amorim Silva,202,"Avenida Heitor Penteado, 1388 - Taquaral"
103936,Vinícius Cruz Gomes,198,"Avenida Heitor Penteado, 1008 - Taquaral"
103937,Erik Silva Amorim,191,"Rua Maria Monteiro, 1187 - Cambuí"
103938,João Fernandes Nascimento,192,"Avenida Heitor Penteado, 1252 - Taquaral"
103939,Daniel Cruz Paschoalino,203,"Avenida Heitor Penteado, 1597 - Taquaral"
103940,Yasmin Matos Almeida,190,"Rua Coronel Quirino, 130 - Cambuí"
103941,Henrique Alves Alves,158,"Avenida Albino José Barbosa de Oliveira, 2109 - Barão Geraldo"
103942,Thiago Melo Queiroz,173,"Avenida Albino José Barbosa de Oliveira, 2406 - Barão Geraldo"
103943,Vinícius Alves Bellini,186,"Avenida Albino José Barbosa de Oliveira, 2930 - Barão Geraldo"
103944,Rafael Silva Santana,198,"Avenida Heitor Penteado, 2100 - Taquaral"
103945,Victor Martins Vieira,190,"Avenida Albino José Barbosa de Oliveira, 2690 - Barão Geraldo"
103946,Daniel Almeida Ribeiro,166,"Avenida Heitor Penteado, 1677 - Taquaral"
103947,Thiago Campos Cruz,173,"Avenida Albino José Barbosa de Oliveira, 178 - Barão Geraldo"
103948,Beatriz Melo Ribeiro,170,"Rua Coronel Quirino, 154 - Cambuí"
103949,Felipe Santana Ferreira,200,"Avenida Heitor Penteado, 2449 - Taquaral"
103950,Daniel Vieira Matos,188,"Avenida Heitor Penteado, 1453 - Taquaral"
103951,Vinícius Fernandes Nascimento,204,"Avenida Albino José Barbosa de Oliveira, 1518 - Barão Geraldo"
103952,Thiago Amorim Santana,190,"Avenida Heitor Penteado, 263 - Taquaral"
103953,Sofia Almeida Medeiros,188,"Avenida Albino José Barbosa de Oliveira, 2729 - Barão Geraldo"
103954,Eduardo Santana Gomes,162,"Rua Coronel Quirino, 998 - Cambuí"
103955,Sofia Silva Matos,160,"Avenida Heitor Penteado, 1841 - Taquaral"
103956,João Alves Ferreira,195,"Avenida Heitor Penteado, 2029 - Taquaral"
103957,Rafael Cruz Gomes,168,"Avenida Heitor Penteado, 2362 - Taquaral"
103958,Clara Amorim Gomes,160,"Rua Coronel Quirino, 681 - Cambuí"
103959,Samuel Queiroz Paschoalino,162,"Avenida Albino José Barbosa de Oliveira, 526 - Barão Geraldo"
103960,Erik Campos Silva,195,"Rua Coronel Quirino, 403 - Cambuí"
103961,Larissa Almeida Nascimento,194,"Avenida Heitor Penteado, 1986 - Taquaral"
103962,Beatriz Melo Medeiros,150,"Avenida Albino José Barbosa de Oliveira, 2531 - Barão Geraldo"
103963,Larissa Santana Martins,189,"Rua Maria Monteiro, 1020 - Cambuí"
103964,Pedro Matos Queiroz,193,"Rua Coronel Quirino, 1890 - Cambuí"
103965,Clara Oliveira Ferreira,168,"Avenida Heitor Penteado, 2466 - Taquaral"
103966,Samuel Martins Matos,161,"Avenida Heitor Penteado, 2341 - Taquaral"
103967,Livia Martins Campos,157,"Avenida Albino José Barbosa de Oliveira, 1901 - Barão Geraldo"
103968,Giovanna Santana Oliveira,157,"Avenida Heitor Penteado, 1797 - Taquaral"
103969,André Oliveira Melo,202,"Avenida Heitor Penteado, 818 - Taquaral"
103970,Felipe Melo Paschoalino,194,"Avenida Albino José Barbosa de Oliveira, 3238 - Barão Geraldo"
103971,Samuel Ferreira Queiroz,161,"Avenida Heitor Penteado, 490 - Taquaral"
103972,Larissa Queiroz Silva,197,"Rua Coronel Quirino, 845 - Cambuí"
103973,Guilherme Bellini Nascimento,182,"Avenida Albino José Barbosa de Oliveira, 1417 - Barão Geraldo"
103974,Larissa Silva Matos,194,"Rua Maria Monteiro, 1600 - Cambuí"
103975,Daniel Oliveira Bellini,175,"Avenida Heitor Penteado, 1839 - Taquaral"
103976,Beatriz Matos Bellini,188,"Avenida Heitor Penteado, 1548 - Taquaral"
103977,Guilherme Medeiros Ribeiro,177,"Avenida Heitor Penteado, 644 - Taquaral"
103978,Eduardo Silva Almeida,154,"Rua Coronel Quirino, 402 - Cambuí"
103979,Giovanna Medeiros Ribeiro,157,"Avenida Albino José Barbosa de Oliveira, 1637 - Barão Geraldo"
103980,Gabriel Santana Matos,174,"Avenida Heitor Penteado, 267 - Taquaral"
103981,Daniel Paschoalino Ribeiro,176,"Avenida Heitor Penteado, 473 - Taquaral"
103982,João Ribeiro Campos,195,"Avenida Albino José Barbosa de Oliveira, 1141 - Barão Geraldo"
103983,João Fernandes Vieira,172,"Rua Coronel Quirino, 1956 - Cambuí"
103984,Larissa Matos Silva,179,"Avenida Albino José Barbosa de Oliveira, 238 - Barão Geraldo"
103985,Thiago Almeida Gomes,194,"Avenida Heitor Penteado, 1503 - Taquaral"
103986,Vinícius Nascimento Fernandes,196,"Avenida Heitor Penteado, 1196 - Taquaral"
103987,Beatriz Ribeiro Paschoalino,172,"Avenida Heitor Penteado, 2559 - Taquaral"
103988,João Bellini Silva,198,"Avenida Heitor Penteado, 1792 - Taquaral"
103989,Erik Silva Paschoalino,196,"Rua Maria Monteiro, 878 - Cambuí"
103990,Sofia Melo Cruz,169,"Avenida Albino José Barbosa de Oliveira, 843 - Barão Geraldo"
103991,Thiago Martins Ribeiro,167,"Avenida Heitor Penteado, 2874 - Taquaral"
103992,Giovanna Ribeiro Ribeiro,167,"Avenida Heitor Penteado, 2094 - Taquaral"
103993,Vinícius Matos Santana,151,"Rua Coronel Quirino, 1653 - Cambuí"
103994,Miguel Bellini Fernandes,153,"Rua Coronel Quirino, 1745 - Cambuí"
103995,Giovanna Santana Melo,179,"Avenida Albino José Barbosa de Oliveira, 132 - Barão Geraldo"
103996,Rafael Martins Almeida,182,"Avenida Albino José Barbosa de Oliveira, 3119 - Barão Geraldo"
103997,Miguel Bellini Gomes,185,"Avenida Albino José Barbosa de Oliveira, 1213 - Barão Geraldo"
103998,João Almeida Amorim,167,"Rua Maria Monteiro, 980 - Cambuí"
103999,Clara Amorim Oliveira,186,"Rua Coronel Quirino, 1965 - Cambuí"
104000,Miguel Oliveira Oliveira,168,"Avenida Heitor Penteado, 2300 - Taquaral"
104001,Felipe Melo Amorim,196,"Avenida Heitor Penteado, 392 - Taquaral"
104002,Thiago Oliveira Ribeiro,177,"Avenida Albino José Barbosa de Oliveira, 2398 - Barão Geraldo"
104003,Guilherme Paschoalino Nascimento,189,"Rua Maria Monteiro, 810 - Cambuí"
104004,Erik Oliveira Martins,169,"Avenida Albino José Barbosa de Oliveira, 199 - Barão Geraldo"
104005,Yasmin Campos Santana,198,"Avenida Albino José Barbosa de Oliveira, 290 - Barão Geraldo"
104006,Clara Almeida Vieira,182,"Avenida Albino José Barbosa de Oliveira, 157 - Barão Geraldo"
104007,Maria Bellini Ferreira,161,"Avenida Albino José Barbosa de Oliveira, 2656 - Barão Geraldo"
104008,Rafael Martins Cruz,200,"Avenida Albino José Barbosa de Oliveira, 370 - Barão Geraldo"
104009,Thiago Queiroz Almeida,164,"Rua Coronel Quirino, 861 - Cambuí"
104010,Thiago Paschoalino Campos,190,"Avenida Albino José Barbosa de Oliveira, 2456 - Barão Geraldo"
104011,Daniel Martins Martins,188,"Rua Maria Monteiro, 231 - Cambuí"
104012,André Cruz Paschoalino,151,"Avenida Heitor Penteado, 719 - Taquaral"
104013,Rafael Medeiros Almeida,178,"Rua Maria Monteiro, 841 - Cambuí"
104014,Gabriel Vieira Silva,190,"Avenida Heitor Penteado, 145 - Taquaral"
104015,Eduardo Ribeiro Campos,159,"Avenida Albino José Barbosa de Oliveira, 2819 - Barão Geraldo"
104016,André Paschoalino Cruz,151,"Avenida Albino José Barbosa de Oliveira, 2908 - Barão Geraldo"
104017,Sofia Fernandes Vieira,200,"Rua Coronel Quirino, 597 - Cambuí"
104018,Felipe Almeida Amorim,160,"Avenida Heitor Penteado, 767 - Taquaral"
104019,Victor Ferreira Oliveira,162,"Rua Maria Monteiro, 1122 - Cambuí"
104020,Guilherme Fernandes Amorim,159,"Avenida Albino José Barbosa de Oliveira, 2134 - Barão Geraldo"
104021,Eduardo Bellini Medeiros,163,"Rua Maria Monteiro, 1156 - Cambuí"
104022,Sofia Silva Ribeiro,167,"Avenida Albino José Barbosa de Oliveira, 2173 - Barão Geraldo"
104023,Sofia Cruz Paschoalino,200,"Avenida Heitor Penteado, 1852 - Taquaral"
104024,Beatriz Cruz Matos,203,"Avenida Albino José Barbosa de Oliveira, 3093 - Barão Geraldo"
104025,Guilherme Cruz Queiroz,158,"Avenida Heitor Penteado, 1780 - Taquaral"
104026,Maria Almeida Paschoalino,188,"Avenida Heitor Penteado, 1128 - Taquaral"
104027,Gabriel Paschoalino Bellini,177,"Rua Maria Monteiro, 1123 - Cambuí"
104028,Maria Martins Almeida,152,"Rua Coronel Quirino, 1149 - Cambuí"
104029,João Ribeiro Nascimento,169,"Avenida Albino José Barbosa de Oliveira, 770 - Barão Geraldo"
104030,Gabriel Martins Cruz,155,"Avenida Heitor Penteado, 1667 - Taquaral"
104031,Pedro Oliveira Cruz,176,"Avenida Heitor Penteado, 1979 - Taquaral"
104032,Gabriel Cruz Nascimento,202,"Avenida Heitor Penteado, 2991 - Taquaral"
104033,João Vieira Campos,151,"Avenida Heitor Penteado, 1135 - Taquaral"
104034,Henrique Cruz Alves,178,"Rua Coronel Quirino, 1048 - Cambuí"
104035,Clara Medeiros Campos,187,"Avenida Albino José Barbosa de Oliveira, 3149 - Barão Geraldo"
104036,Eduardo Oliveira Gomes,152,"Avenida Albino José Barbosa de Oliveira, 3129 - Barão Geraldo"
104037,Samuel Fernandes Campos,165,"Avenida Heitor Penteado, 1674 - Taquaral"
104038,Erik Gomes Almeida,179,"Rua Coronel Quirino, 1316 - Cambuí"
104039,Yasmin Nascimento Campos,189,"Avenida Albino José Barbosa de Oliveira, 2132 - Barão Geraldo"
104040,Guilherme Alves Cruz,151,"Rua Coronel Quirino, 1008 - Cambuí"
104041,Giovanna Amorim Alves,166,"Avenida Heitor Penteado, 2506 - Taquaral"
104042,Giovanna Vieira Paschoalino,190,"Avenida Albino José Barbosa de Oliveira, 1284 - Barão Geraldo"
104043,Eduardo Ribeiro Almeida,161,"Avenida Heitor Penteado, 2728 - Taquaral"
104044,Henrique Almeida Martins,184,"Rua Coronel Quirino, 626 - Cambuí"
104045,Miguel Amorim Vieira,192,"Avenida Heitor Penteado, 2340 - Taquaral"
104046,Daniel Melo Gomes,150,"Avenida Albino José Barbosa de Oliveira, 1031 - Barão Geraldo"
104047,Thiago Silva Almeida,204,"Rua Coronel Quirino, 776 - Cambuí"
104048,Clara Fernandes Almeida,194,"Avenida Heitor Penteado, 1283 - Taquaral"
104049,Erik Martins Alves,164,"Avenida Albino José Barbosa de Oliveira, 812 - Barão Geraldo"
104050,Henrique Amorim Gomes,175,"Avenida Albino José Barbosa de Oliveira, 51 - Barão Geraldo"
104051,Pedro Gomes Campos,186,"Rua Coronel Quirino, 1722 - Cambuí"
104052,Rafael Fernandes Almeida,170,"Avenida Albino José Barbosa de Oliveira, 3478 - Barão Geraldo"
104053,Rafael Bellini Martins,198,"Avenida Albino José Barbosa de Oliveira, 1108 - Barão Geraldo"
104054,Maria Matos Amorim,180,"Avenida Albino José Barbosa de Oliveira, 1609 - Barão Geraldo"
104055,Sofia Matos Amorim,174,"Avenida Heitor Penteado, 508 - Taquaral"
104056,Sofia Matos Bellini,172,"Avenida Albino José Barbosa de Oliveira, 3449 - Barão Geraldo"
104057,Livia Vieira Melo,173,"Rua Maria Monteiro, 507 - Cambuí"
104058,Larissa Gomes Queiroz,187,"Avenida Albino José Barbosa de Oliveira, 1100 - Barão Geraldo"
104059,Victor Bellini Vieira,177,"Avenida Heitor Penteado, 572 - Taquaral"
104060,Gabriel Alves Paschoalino,170,"Rua Maria Monteiro, 473 - Cambuí"
104061,Felipe Paschoalino Alves,203,"Avenida Heitor Penteado, 953 - Taquaral"
104062,Sofia Amorim Almeida,192,"Avenida Heitor Penteado, 228 - Taquaral"
104063,Daniel Medeiros Alves,167,"Avenida Heitor Penteado, 844 - Taquaral"
104064,João Almeida Nascimento,185,"Avenida Albino José Barbosa de Oliveira, 2024 - Barão Geraldo"
104065,Miguel Almeida Matos,184,"Avenida Heitor Penteado, 2040 - Taquaral"
104066,Maria Bellini Santana,194,"Avenida Albino José Barbosa de Oliveira, 220 - Barão Geraldo"
104067,Gabriel Medeiros Almeida,204,"Avenida Heitor Penteado, 1352 - Taquaral"
104068,Daniel Almeida Martins,158,"Avenida Albino José Barbosa de Oliveira, 2821 - Barão Geraldo"
104069,Thiago Paschoalino Gomes,202,"Avenida Heitor Penteado, 2723 - Taquaral"
104070,João Medeiros Cruz,187,"Avenida Heitor Penteado, 1895 - Taquaral"
104071,Yasmin Melo Vieira,179,"Avenida Albino José Barbosa de Oliveira, 2310 - Barão Geraldo"
104072,Pedro Campos Oliveira,193,"Avenida Albino José Barbosa de Oliveira, 231 - Barão Geraldo"
104073,André Almeida Alves,183,"Avenida Heitor Penteado, 284 - Taquaral"
104074,Eduardo Vieira Bellini,181,"Avenida Albino José Barbosa de Oliveira, 1630 - Barão Geraldo"
104075,Clara Paschoalino Melo,152,"Avenida Albino José Barbosa de Oliveira, 2679 - Barão Geraldo"
104076,Maria Almeida Oliveira,152,"Avenida Heitor Penteado, 2627 - Taquaral"
104077,Pedro Almeida Queiroz,177,"Avenida Heitor Penteado, 889 - Taquaral"
104078,Larissa Nascimento Amorim,193,"Avenida Heitor Penteado, 688 - Taquaral"
104079,Maria Fernandes Ferreira,164,"Avenida Heitor Penteado, 1515 - Taquaral"
104080,Rafael Paschoalino Nascimento,190,"Avenida Heitor Penteado, 1055 - Taquaral"
104081,Daniel Almeida Medeiros,172,"Avenida Heitor Penteado, 800 - Taquaral"
104082,Rafael Medeiros Campos,189,"Avenida Heitor Penteado, 737 - Taquaral"
104083,Erik Queiroz Oliveira,160,"Rua Maria Monteiro, 607 - Cambuí"
104084,André Martins Gomes,197,"Rua Maria Monteiro, 1412 - Cambuí"
104085,Yasmin Ferreira Matos,181,"Avenida Albino José Barbosa de Oliveira, 1824 - Barão Geraldo"
104086,Larissa Silva Melo,203,"Avenida Heitor Penteado, 2940 - Taquaral"
104087,Samuel Nascimento Bellini,185,"Rua Coronel Quirino, 381 - Cambuí"
104088,Maria Oliveira Silva,182,"Rua Maria Monteiro, 677 - Cambuí"
104089,Clara Queiroz Martins,173,"Rua Maria Monteiro, 1180 - Cambuí"
104090,Eduardo Santana Martins,188,"Avenida Albino José Barbosa de Oliveira, 2757 - Barão Geraldo"
104091,Vinícius Medeiros Bellini,183,"Avenida Albino José Barbosa de Oliveira, 3305 - Barão Geraldo"
104092,Livia Oliveira Matos,177,"Avenida Heitor Penteado, 1542 - Taquaral"
104093,Vinícius Vieira Ferreira,186,"Avenida Albino José Barbosa de Oliveira, 974 - Barão Geraldo"
104094,Pedro Fernandes Ribeiro,156,"Rua Coronel Quirino, 1900 - Cambuí"
104095,Rafael Martins Martins,153,"Avenida Albino José Barbosa de Oliveira, 213 - Barão Geraldo"
104096,Erik Medeiros Alves,186,"Avenida Albino José Barbosa de Oliveira, 2573 - Barão Geraldo"
104097,Rafael Gomes Santana,150,"Avenida Heitor Penteado, 770 - Taquaral"
104098,Giovanna Cruz Cruz,150,"Rua Coronel Quirino, 1941 - Cambuí"
104099,Clara Alves Campos,196,"Avenida Heitor Penteado, 2919 - Taquaral"
104100,Henrique Paschoalino Bellini,169,"Rua Maria Monteiro, 1013 - Cambuí"
104101,Guilherme Oliveira Matos,168,"Avenida Albino José Barbosa de Oliveira, 3202 - Barão Geraldo"
104102,Daniel Vieira Santana,178,"Avenida Heitor Penteado, 858 - Taquaral"
104103,Vinícius Paschoalino Nascimento,159,"Rua Maria Monteiro, 13 - Cambuí"
104104,Felipe Matos Santana,167,"Avenida Heitor Penteado, 2080 - Taquaral"
104105,Rafael Medeiros Bellini,177,"Avenida Albino José Barbosa de Oliveira, 3027 - Barão Geraldo"
104106,Giovanna Vieira Melo,184,"Avenida Heitor Penteado, 166 - Taquaral"
104107,Victor Medeiros Melo,192,"Avenida Heitor Penteado, 529 - Taquaral"
104108,Pedro Medeiros Medeiros,196,"Avenida Albino José Barbosa de Oliveira, 2175 - Barão Geraldo"
104109,Henrique Vieira Nascimento,180,"Avenida Heitor Penteado, 1890 - Taquaral"
104110,André Alves Nascimento,176,"Avenida Albino José Barbosa de Oliveira, 2387 - Barão Geraldo"
104111,Livia Queiroz Santana,160,"Avenida Heitor Penteado, 2541 - Taquaral"
104112,Henrique Martins Alves,198,"Avenida Albino José Barbosa de Oliveira, 1377 - Barão Geraldo"
104113,Eduardo Cruz Fernandes,198,"Rua Coronel Quirino, 138 - Cambuí"
104114,Maria Queiroz Cruz,187,"Avenida Albino José Barbosa de Oliveira, 1449 - Barão Geraldo"
104115,Samuel Almeida Paschoalino,154,"Avenida Albino José Barbosa de Oliveira, 401 - Barão Geraldo"
104116,Victor Martins Amorim,157,"Rua Coronel Quirino, 541 - Cambuí"
104117,Victor Medeiros Nascimento,183,"Avenida Heitor Penteado, 193 - Taquaral"
104118,Erik Almeida Ferreira,197,"Avenida Heitor Penteado, 2580 - Taquaral"
104119,Clara Ribeiro Vieira,201,"Avenida Heitor Penteado, 2957 - Taquaral"
104120,Larissa Bellini Santana,161,"Avenida Heitor Penteado, 914 - Taquaral"
104121,Yasmin Ribeiro Almeida,187,"Rua Coronel Quirino, 257 - Cambuí"
104122,Larissa Oliveira Queiroz,150,"Rua Maria Monteiro, 296 - Cambuí"
104123,Samuel Campos Ribeiro,180,"Rua Coronel Quirino, 1225 - Cambuí"
104124,Samuel Fernandes Ferreira,153,"Avenida Albino José Barbosa de Oliveira, 1187 - Barão Geraldo"
104125,Eduardo Fernandes Nascimento,198,"Avenida Heitor Penteado, 1893 - Taquaral"
104126,João Campos Gomes,194,"Rua Coronel Quirino, 1015 - Cambuí"
104127,Beatriz Martins Bellini,199,"Rua Maria Monteiro, 99 - Cambuí"
104128,Felipe Campos Campos,154,"Avenida Heitor Penteado, 348 - Taquaral"
104129,Clara Almeida Melo,179,"Avenida Albino José Barbosa de Oliveira, 1826 - Barão Geraldo"
104130,Rafael Amorim Cruz,173,"Avenida Heitor Penteado, 366 - Taquaral"
104131,André Almeida Nascimento,152,"Rua Coronel Quirino, 970 - Cambuí"
104132,Sofia Vieira Amorim,160,"Avenida Heitor Penteado, 1640 - Taquaral"
104133,Daniel Ferreira Fernandes,194,"Rua Maria Monteiro, 463 - Cambuí"
104134,Erik Nascimento Oliveira,153,"Rua Coronel Quirino, 277 - Cambuí"
104135,Clara Silva Melo,175,"Avenida Heitor Penteado, 1401 - Taquaral"
104136,João Alves Vieira,176,"Avenida Albino José Barbosa de Oliveira, 1724 - Barão Geraldo"
104137,Clara Oliveira Ferreira,195,"Rua Coronel Quirino, 1029 - Cambuí"
104138,Giovanna Amorim Silva,203,"Avenida Heitor Penteado, 1395 - Taquaral"
104139,Miguel Ribeiro Almeida,192,"Rua Coronel Quirino, 1035 - Cambuí"
104140,Daniel Melo Amorim,176,"Rua Maria Monteiro, 1391 - Cambuí"
104141,Beatriz Alves Nascimento,191,"Rua Coronel Quirino, 1388 - Cambuí"
104142,Livia Gomes Campos,200,"Avenida Heitor Penteado, 599 - Taquaral"
104143,Yasmin Almeida Ferreira,199,"Avenida Heitor Penteado, 471 - Taquaral"
104144,João Queiroz Campos,155,"Rua Maria Monteiro, 739 - Cambuí"
104145,Henrique Alves Vieira,164,"Avenida Albino José Barbosa de Oliveira, 2262 - Barão Geraldo"
104146,Yasmin Gomes Queiroz,202,"Avenida Heitor Penteado, 1755 - Taquaral"
104147,Miguel Silva Medeiros,179,"Avenida Albino José Barbosa de Oliveira, 1317 - Barão Geraldo"
104148,Vinícius Ribeiro Medeiros,191,"Avenida Heitor Penteado, 300 - Taquaral"
104149,Thiago Bellini Matos,186,"Rua Maria Monteiro, 1439 - Cambuí"
104150,André Almeida Cruz,186,"Avenida Albino José Barbosa de Oliveira, 3489 - Barão Geraldo"
104151,Guilherme Martins Oliveira,191,"Avenida Heitor Penteado, 2828 - Taquaral"
104152,Victor Martins Vieira,186,"Avenida Albino José Barbosa de Oliveira, 3328 - Barão Geraldo"
104153,Gabriel Martins Ferreira,184,"Rua Maria Monteiro, 757 - Cambuí"
104154,Yasmin Vieira Alves,172,"Rua Maria Monteiro, 1566 - Cambuí"
104155,Miguel Ferreira Ribeiro,155,"Avenida Albino José Barbosa de Oliveira, 78 - Barão Geraldo"
104156,Sofia Ferreira Cruz,153,"Avenida Albino José Barbosa de Oliveira, 1126 - Barão Geraldo"
104157,Clara Oliveira Cruz,167,"Avenida Albino José Barbosa de Oliveira, 3016 - Barão Geraldo"
104158,Livia Gomes Santana,158,"Avenida Albino José Barbosa de Oliveira, 345 - Barão Geraldo"
104159,Livia Fernandes Vieira,198,"Avenida Heitor Penteado, 1947 - Taquaral"
104160,Henrique Fernandes Campos,178,"Rua Coronel Quirino, 1291 - Cambuí"
104161,Pedro Santana Amorim,162,"Avenida Heitor Penteado, 605 - Taquaral"
104162,Daniel Silva Ferreira,196,"Rua Maria Monteiro, 75 - Cambuí"
104163,Beatriz Matos Almeida,201,"Rua Coronel Quirino, 461 - Cambuí"
104164,Pedro Almeida Ribeiro,166,"Avenida Heitor Penteado, 1698 - Taquaral"
104165,Felipe Fernandes Melo,194,"Avenida Albino José Barbosa de Oliveira, 2582 - Barão Geraldo"
104166,Beatriz Campos Martins,181,"Avenida Albino José Barbosa de Oliveira, 3037 - Barão Geraldo"
104167,Beatriz Alves Gomes,197,"Rua Maria Monteiro, 302 - Cambuí"
104168,Pedro Santana Medeiros,171,"Avenida Albino José Barbosa de Oliveira, 1257 - Barão Geraldo"
104169,Felipe Paschoalino Gomes,153,"Rua Maria Monteiro, 671 - Cambuí"
104170,Giovanna Silva Ribeiro,154,"Avenida Albino José Barbosa de Oliveira, 2239 - Barão Geraldo"
104171,Erik Vieira Almeida,186,"Avenida Albino José Barbosa de Oliveira, 3201 - Barão Geraldo"
104172,Clara Silva Martins,190,"Avenida Heitor Penteado, 214 - Taquaral"
104173,Clara Nascimento Ferreira,198,"Avenida Albino José Barbosa de Oliveira, 789 - Barão Geraldo"
104174,Maria Queiroz Santana,162,"Avenida Heitor Penteado, 1505 - Taquaral"
104175,Yasmin Silva Oliveira,183,"Avenida Albino José Barbosa de Oliveira, 928 - Barão Geraldo"
104176,Beatriz Vieira Gomes,194,"Avenida Heitor Penteado, 985 - Taquaral"
104177,Henrique Nascimento Oliveira,171,"Rua Coronel Quirino, 1087 - Cambuí"
104178,Felipe Alves Gomes,202,"Avenida Albino José Barbosa de Oliveira, 2876 - Barão Geraldo"
104179,Pedro Amorim Matos,172,"Avenida Heitor Penteado, 1916 - Taquaral"
104180,Larissa Oliveira Gomes,200,"Avenida Albino José Barbosa de Oliveira, 21 - Barão Geraldo"
104181,João Melo Martins,152,"Avenida Albino José Barbosa de Oliveira, 499 - Barão Geraldo"
104182,André Matos Campos,191,"Avenida Heitor Penteado, 965 - Taquaral"
104183,Felipe Vieira Melo,183,"Avenida Heitor Penteado, 145 - Taquaral"
104184,Vinícius Almeida Fernandes,181,"Avenida Albino José Barbosa de Oliveira, 402 - Barão Geraldo"
104185,Yasmin Fernandes Paschoalino,194,"Avenida Heitor Penteado, 1114 - Taquaral"
104186,Eduardo Ferreira Almeida,200,"Avenida Heitor Penteado, 465 - Taquaral"
104187,Pedro Fernandes Cruz,198,"Rua Coronel Quirino, 1541 - Cambuí"
104188,Yasmin Gomes Silva,170,"Avenida Albino José Barbosa de Oliveira, 2270 - Barão Geraldo"
104189,Samuel Paschoalino Ferreira,195,"Avenida Albino José Barbosa de Oliveira, 879 - Barão Geraldo"
104190,Eduardo Ribeiro Ferreira,193,"Avenida Albino José Barbosa de Oliveira, 389 - Barão Geraldo"
104191,Rafael Melo Cruz,170,"Avenida Heitor Penteado, 1569 - Taquaral"
104192,Beatriz Santana Santana,193,"Avenida Albino José Barbosa de Oliveira, 1869 - Barão Geraldo"
104193,Maria Matos Oliveira,160,"Avenida Heitor Penteado, 1545 - Taquaral"
104194,Vinícius Martins Santana,188,"Rua Coronel Quirino, 1337 - Cambuí"
104195,João Santana Santana,153,"Rua Coronel Quirino, 1614 - Cambuí"
104196,Yasmin Melo Paschoalino,200,"Rua Maria Monteiro, 72 - Cambuí"
104197,João Alves Paschoalino,150,"Avenida Albino José Barbosa de Oliveira, 244 - Barão Geraldo"
104198,Guilherme Nascimento Queiroz,177,"Avenida Albino José Barbosa de Oliveira, 2963 - Barão Geraldo"
104199,Daniel Amorim Ribeiro,173,"Avenida Heitor Penteado, 1560 - Taquaral"
104200,Miguel Gomes Gomes,184,"Avenida Albino José Barbosa de Oliveira, 1023 - Barão Geraldo"
104201,João Alves Matos,162,"Avenida Albino José Barbosa de Oliveira, 2009 - Barão Geraldo"
104202,Maria Queiroz Fernandes,196,"Avenida Albino José Barbosa de Oliveira, 1549 - Barão Geraldo"
104203,Daniel Oliveira Ferreira,183,"Avenida Heitor Penteado, 124 - Taquaral"
104204,Maria Alves Oliveira,160,"Avenida Albino José Barbosa de Oliveira, 2970 - Barão Geraldo"
104205,Sofia Campos Oliveira,185,"Avenida Heitor Penteado, 1589 - Taquaral"
104206,Sofia Gomes Martins,200,"Avenida Heitor Penteado, 1463 - Taquaral"
104207,Guilherme Gomes Ribeiro,166,"Rua Coronel Quirino, 1269 - Cambuí"
104208,Guilherme Campos Cruz,184,"Rua Coronel Quirino, 1056 - Cambuí"
104209,Clara Cruz Vieira,167,"Rua Coronel Quirino, 1845 - Cambuí"
104210,Rafael Paschoalino Campos,189,"Avenida Heitor Penteado, 37 - Taquaral"
104211,Maria Cruz Amorim,171,"Avenida Albino José Barbosa de Oliveira, 1615 - Barão Geraldo"
104212,Thiago Campos Matos,173,"Rua Maria Monteiro, 970 - Cambuí"
104213,Daniel Ribeiro Ferreira,168,"Avenida Albino José Barbosa de Oliveira, 1752 - Barão Geraldo"
104214,Samuel Melo Medeiros,186,"Rua Maria Monteiro, 931 - Cambuí"
104215,Yasmin Nascimento Gomes,188,"Rua Maria Monteiro, 851 - Cambuí"
104216,Felipe Bellini Ferreira,170,"Rua Maria Monteiro, 1303 - Cambuí"
104217,Sofia Martins Cruz,157,"Avenida Albino José Barbosa de Oliveira, 3236 - Barão Geraldo"
104218,Felipe Amorim Cruz,177,"Avenida Albino José Barbosa de Oliveira, 506 - Barão Geraldo"
104219,João Ferreira Gomes,154,"Avenida Albino José Barbosa de Oliveira, 2109 - Barão Geraldo"
104220,Rafael Martins Paschoalino,166,"Rua Maria Monteiro, 64 - Cambuí"
104221,João Bellini Queiroz,186,"Avenida Albino José Barbosa de Oliveira, 1795 - Barão Geraldo"
104222,Guilherme Silva Silva,185,"Rua Maria Monteiro, 1217 - Cambuí"
104223,Guilherme Gomes Bellini,203,"Avenida Heitor Penteado, 2286 - Taquaral"
104224,André Gomes Medeiros,168,"Rua Coronel Quirino, 200 - Cambuí"
104225,André Paschoalino Almeida,176,"Rua Maria Monteiro, 288 - Cambuí"
104226,João Queiroz Campos,202,"Avenida Heitor Penteado, 2741 - Taquaral"
104227,Henrique Fernandes Oliveira,183,"Rua Maria Monteiro, 715 - Cambuí"
104228,Victor Gomes Bellini,160,"Avenida Albino José Barbosa de Oliveira, 1914 - Barão Geraldo"
104229,Sofia Martins Santana,203,"Avenida Heitor Penteado, 213 - Taquaral"
104230,Vinícius Ribeiro Martins,194,"Rua Coronel Quirino, 1474 - Cambuí"
104231,Beatriz Melo Gomes,196,"Avenida Albino José Barbosa de Oliveira, 559 - Barão Geraldo"
104232,Eduardo Ribeiro Martins,161,"Avenida Albino José Barbosa de Oliveira, 2084 - Barão Geraldo"
104233,Thiago Oliveira Martins,203,"Rua Maria Monteiro, 225 - Cambuí"
104234,Henrique Queiroz Oliveira,170,"Avenida Albino José Barbosa de Oliveira, 1758 - Barão Geraldo"
104235,Maria Bellini Cruz,203,"Avenida Albino José Barbosa de Oliveira, 1263 - Barão Geraldo"
104236,Larissa Almeida Queiroz,160,"Avenida Heitor Penteado, 2020 - Taquaral"
104237,Daniel Ribeiro Melo,188,"Avenida Heitor Penteado, 2613 - Taquaral"
104238,Livia Ribeiro Silva,177,"Avenida Heitor Penteado, 1608 - Taquaral"
104239,Sofia Oliveira Fernandes,154,"Avenida Albino José Barbosa de Oliveira, 2438 - Barão Geraldo"
104240,Felipe Vieira Vieira,166,"Rua Maria Monteiro, 85 - Cambuí"
104241,André Gomes Paschoalino,169,"Avenida Heitor Penteado, 848 - Taquaral"
104242,Rafael Melo Almeida,190,"Avenida Heitor Penteado, 993 - Taquaral"
104243,André Campos Matos,195,"Avenida Albino José Barbosa de Oliveira, 3274 - Barão Geraldo"
104244,Clara Melo Martins,161,"Avenida Heitor Penteado, 1450 - Taquaral"
104245,André Almeida Ferreira,155,"Rua Maria Monteiro, 1025 - Cambuí"
104246,Rafael Ribeiro Alves,166,"Avenida Heitor Penteado, 1748 - Taquaral"
104247,Erik Bellini Ribeiro,200,"Avenida Heitor Penteado, 2969 - Taquaral"
104248,Gabriel Nascimento Santana,168,"Avenida Albino José Barbosa de Oliveira, 2627 - Barão Geraldo"
104249,Sofia Bellini Martins,175,"Avenida Heitor Penteado, 1497 - Taquaral"
104250,Giovanna Medeiros Silva,197,"Avenida Albino José Barbosa de Oliveira, 2266 - Barão Geraldo"
104251,Clara Almeida Ribeiro,193,"Rua Maria Monteiro, 1013 - Cambuí"
104252,André Ribeiro Melo,193,"Avenida Albino José Barbosa de Oliveira, 1083 - Barão Geraldo"
104253,Daniel Cruz Ferreira,201,"Avenida Albino José Barbosa de Oliveira, 1165 - Barão Geraldo"
104254,Vinícius Cruz Cruz,181,"Avenida Heitor Penteado, 2497 - Taquaral"
104255,Eduardo Nascimento Silva,155,"Rua Coronel Quirino, 1868 - Cambuí"
104256,Erik Vieira Vieira,204,"Avenida Albino José Barbosa de Oliveira, 2691 - Barão Geraldo"
104257,Pedro Alves Santana,185,"Avenida Albino José Barbosa de Oliveira, 895 - Barão Geraldo"
104258,Livia Cruz Amorim,187,"Avenida Albino José Barbosa de Oliveira, 1537 - Barão Geraldo"
104259,André Gomes Vieira,160,"Avenida Heitor Penteado, 518 - Taquaral"
104260,Pedro Ribeiro Vieira,182,"Rua Coronel Quirino, 396 - Cambuí"
104261,Felipe Gomes Martins,173,"Rua Maria Monteiro, 1262 - Cambuí"
104262,Henrique Ribeiro Ferreira,172,"Rua Maria Monteiro, 1437 - Cambuí"
104263,Erik Oliveira Nascimento,164,"Avenida Heitor Penteado, 1754 - Taquaral"
104264,André Oliveira Melo,176,"Avenida Albino José Barbosa de Oliveira, 619 - Barão Geraldo"
104265,Rafael Campos Medeiros,160,"Avenida Heitor Penteado, 468 - Taquaral"
104266,Daniel Fernandes Alves,200,"Avenida Albino José Barbosa de Oliveira, 2338 - Barão Geraldo"
104267,Pedro Campos Campos,199,"Avenida Heitor Penteado, 873 - Taquaral"
104268,Sofia Paschoalino Oliveira,166,"Avenida Heitor Penteado, 2788 - Taquaral"
104269,Samuel Silva Cruz,200,"Rua Maria Monteiro, 1294 - Cambuí"
104270,Felipe Campos Paschoalino,202,"Rua Maria Monteiro, 1576 - Cambuí"
104271,Sofia Paschoalino Queiroz,163,"Avenida Albino José Barbosa de Oliveira, 2290 - Barão Geraldo"
104272,Samuel Almeida Santana,176,"Rua Maria Monteiro, 667 - Cambuí"
104273,João Cruz Santana,167,"Avenida Albino José Barbosa de Oliveira, 2182 - Barão Geraldo"
104274,André Fernandes Almeida,177,"Rua Coronel Quirino, 865 - Cambuí"
104275,Gabriel Vieira Almeida,200,"Rua Maria Monteiro, 684 - Cambuí"
104276,Giovanna Silva Amorim,196,"Avenida Heitor Penteado, 1744 - Taquaral"
104277,Felipe Vieira Alves,196,"Avenida Albino José Barbosa de Oliveira, 228 - Barão Geraldo"
104278,Larissa Matos Ribeiro,153,"Rua Coronel Quirino, 1688 - Cambuí"
104279,Guilherme Ferreira Amorim,156,"Avenida Albino José Barbosa de Oliveira, 1048 - Barão Geraldo"
104280,Maria Queiroz Martins,194,"Avenida Heitor Penteado, 475 - Taquaral"
104281,Felipe Silva Oliveira,184,"Rua Maria Monteiro, 835 - Cambuí"
104282,Felipe Silva Martins,197,"Avenida Albino José Barbosa de Oliveira, 1199 - Barão Geraldo"
104283,Daniel Melo Melo,158,"Avenida Albino José Barbosa de Oliveira, 510 - Barão Geraldo"
104284,Guilherme Oliveira Santana,157,"Avenida Heitor Penteado, 2347 - Taquaral"
104285,Thiago Amorim Gomes,201,"Rua Maria Monteiro, 291 - Cambuí"
104286,Miguel Gomes Campos,194,"Avenida Albino José Barbosa de Oliveira, 348 - Barão Geraldo"
104287,Thiago Silva Fernandes,166,"Avenida Heitor Penteado, 2101 - Taquaral"
104288,Vinícius Cruz Campos,166,"Avenida Heitor Penteado, 43 - Taquaral"
104289,Livia Gomes Santana,198,"Rua Coronel Quirino, 1504 - Cambuí"
104290,Victor Alves Alves,182,"Avenida Albino José Barbosa de Oliveira, 1539 - Barão Geraldo"
104291,Rafael Vieira Ferreira,181,"Avenida Albino José Barbosa de Oliveira, 1305 - Barão Geraldo"
104292,Erik Medeiros Queiroz,157,"Avenida Heitor Penteado, 2847 - Taquaral"
104293,Giovanna Melo Gomes,168,"Avenida Albino José Barbosa de Oliveira, 2978 - Barão Geraldo"
104294,Guilherme Campos Ribeiro,187,"Avenida Heitor Penteado, 1888 - Taquaral"
104295,Samuel Alves Martins,152,"Avenida Heitor Penteado, 313 - Taquaral"
104296,André Cruz Oliveira,154,"Rua Coronel Quirino, 533 - Cambuí"
104297,Henrique Gomes Oliveira,162,"Avenida Heitor Penteado, 855 - Taquaral"
104298,João Bellini Vieira,196,"Avenida Heitor Penteado, 2069 - Taquaral"
104299,Felipe Alves Alves,195,"Avenida Albino José Barbosa de Oliveira, 291 - Barão Geraldo"
104300,Eduardo Fernandes Cruz,180,"Avenida Albino José Barbosa de Oliveira, 2037 - Barão Geraldo"
104301,André Fernandes Paschoalino,204,"Avenida Heitor Penteado, 2416 - Taquaral"
104302,Larissa Fernandes Santana,165,"Rua Coronel Quirino, 423 - Cambuí"
104303,Miguel Melo Fernandes,199,"Rua Coronel Quirino, 1155 - Cambuí"
104304,Gabriel Matos Vieira,181,"Rua Maria Monteiro, 789 - Cambuí"
104305,Livia Nascimento Campos,171,"Avenida Albino José Barbosa de Oliveira, 1856 - Barão Geraldo"
104306,Felipe Queiroz Santana,178,"Avenida Albino José Barbosa de Oliveira, 1720 - Barão Geraldo"
104307,Daniel Matos Silva,171,"Rua Coronel Quirino, 503 - Cambuí"
104308,Larissa Campos Vieira,192,"Rua Maria Monteiro, 843 - Cambuí"
104309,Victor Ribeiro Gomes,152,"Avenida Albino José Barbosa de Oliveira, 3396 - Barão Geraldo"
104310,Yasmin Gomes Fernandes,203,"Avenida Heitor Penteado, 2143 - Taquaral"
104311,Henrique Santana Santana,159,"Avenida Albino José Barbosa de Oliveira, 1339 - Barão Geraldo"
104312,Beatriz Amorim Amorim,191,"Rua Coronel Quirino, 1272 - Cambuí"
104313,Beatriz Silva Gomes,170,"Avenida Heitor Penteado, 2382 - Taquaral"
104314,Daniel Cruz Ferreira,165,"Avenida Albino José Barbosa de Oliveira, 1099 - Barão Geraldo"
104315,Erik Campos Fernandes,161,"Rua Maria Monteiro, 1478 - Cambuí"
104316,Victor Martins Bellini,151,"Rua Maria Monteiro, 624 - Cambuí"
104317,Victor Paschoalino Nascimento,190,"Rua Coronel Quirino, 1696 - Cambuí"
104318,André Ribeiro Melo,173,"Avenida Albino José Barbosa de Oliveira, 1076 - Barão Geraldo"
104319,André Ferreira Nascimento,184,"Avenida Albino José Barbosa de Oliveira, 1438 - Barão Geraldo"
104320,Eduardo Martins Medeiros,179,"Avenida Heitor Penteado, 479 - Taquaral"
104321,Sofia Queiroz Medeiros,179,"Rua Maria Monteiro, 1084 - Cambuí"
104322,Henrique Ribeiro Paschoalino,196,"Rua Coronel Quirino, 1351 - Cambuí"
104323,Clara Amorim Cruz,184,"Avenida Albino José Barbosa de Oliveira, 887 - Barão Geraldo"
104324,Maria Nascimento Silva,168,"Rua Maria Monteiro, 767 - Cambuí"
104325,Henrique Alves Martins,199,"Avenida Heitor Penteado, 870 - Taquaral"
104326,Clara Matos Fernandes,157,"Avenida Albino José Barbosa de Oliveira, 3272 - Barão Geraldo"
104327,Pedro Campos Medeiros,175,"Avenida Albino José Barbosa de Oliveira, 422 - Barão Geraldo"
104328,Livia Nascimento Ferreira,198,"Rua Coronel Quirino, 1567 - Cambuí"
104329,Pedro Ribeiro Cruz,189,"Avenida Heitor Penteado, 782 - Taquaral"
104330,João Campos Cruz,156,"Avenida Heitor Penteado, 1523 - Taquaral"
104331,André Bellini Medeiros,179,"Avenida Heitor Penteado, 2643 - Taquaral"
104332,André Almeida Cruz,156,"Rua Coronel Quirino, 686 - Cambuí"
104333,Henrique Gomes Bellini,152,"Avenida Albino José Barbosa de Oliveira, 1584 - Barão Geraldo"
104334,Erik Vieira Santana,150,"Rua Coronel Quirino, 1804 - Cambuí"
104335,Thiago Alves Matos,185,"Avenida Heitor Penteado, 1172 - Taquaral"
104336,André Medeiros Silva,174,"Avenida Heitor Penteado, 23 - Taquaral"
104337,Beatriz Cruz Medeiros,186,"Rua Maria Monteiro, 482 - Cambuí"
104338,Guilherme Vieira Silva,150,"Avenida Heitor Penteado, 1604 - Taquaral"
104339,Henrique Campos Martins,164,"Avenida Albino José Barbosa de Oliveira, 600 - Barão Geraldo"
104340,Giovanna Oliveira Almeida,186,"Avenida Albino José Barbosa de Oliveira, 2343 - Barão Geraldo"
104341,Victor Ferreira Cruz,162,"Avenida Heitor Penteado, 2017 - Taquaral"
104342,Eduardo Fernandes Almeida,189,"Rua Coronel Quirino, 604 - Cambuí"
104343,Victor Gomes Ribeiro,157,"Avenida Albino José Barbosa de Oliveira, 948 - Barão Geraldo"
104344,Miguel Cruz Queiroz,154,"Avenida Heitor Penteado, 1578 - Taquaral"
104345,Samuel Bellini Melo,158,"Rua Coronel Quirino, 1806 - Cambuí"
104346,Pedro Amorim Silva,150,"Avenida Heitor Penteado, 2816 - Taquaral"
104347,Henrique Amorim Bellini,185,"Rua Maria Monteiro, 864 - Cambuí"
104348,Clara Silva Nascimento,184,"Rua Maria Monteiro, 1178 - Cambuí"
104349,Larissa Vieira Alves,151,"Avenida Albino José Barbosa de Oliveira, 220 - Barão Geraldo"
104350,Sofia Bellini Ribeiro,189,"Avenida Heitor Penteado, 453 - Taquaral"
104351,Thiago Santana Vieira,172,"Avenida Heitor Penteado, 1391 - Taquaral"
104352,Clara Amorim Medeiros,158,"Rua Maria Monteiro, 541 - Cambuí"
104353,Felipe Paschoalino Santana,183,"Avenida Albino José Barbosa de Oliveira, 3041 - Barão Geraldo"
104354,Miguel Martins Santana,195,"Rua Maria Monteiro, 359 - Cambuí"
104355,Pedro Cruz Fernandes,163,"Rua Coronel Quirino, 1396 - Cambuí"
104356,Felipe Melo Queiroz,153,"Rua Coronel Quirino, 792 - Cambuí"
104357,Samuel Fernandes Nascimento,179,"Avenida Heitor Penteado, 1578 - Taquaral"
104358,Larissa Ferreira Ribeiro,180,"Avenida Albino José Barbosa de Oliveira, 2497 - Barão Geraldo"
104359,Eduardo Queiroz Cruz,187,"Avenida Heitor Penteado, 1046 - Taquaral"
104360,Eduardo Bellini Alves,160,"Avenida Albino José Barbosa de Oliveira, 2175 - Barão Geraldo"
104361,Livia Ferreira Campos,184,"Avenida Albino José Barbosa de Oliveira, 1115 - Barão Geraldo"
104362,Samuel Santana Martins,157,"Rua Maria Monteiro, 457 - Cambuí"
104363,Felipe Vieira Silva,152,"Avenida Albino José Barbosa de Oliveira, 1790 - Barão Geraldo"
104364,Maria Oliveira Nascimento,163,"Avenida Heitor Penteado, 60 - Taquaral"
104365,Victor Ribeiro Cruz,162,"Rua Coronel Quirino, 1323 - Cambuí"
104366,Eduardo Ferreira Cruz,194,"Rua Coronel Quirino, 1953 - Cambuí"
104367,Thiago Cruz Bellini,181,"Avenida Heitor Penteado, 2270 - Taquaral"
104368,André Ferreira Oliveira,183,"Rua Coronel Quirino, 1424 - Cambuí"
104369,Giovanna Paschoalino Amorim,194,"Avenida Albino José Barbosa de Oliveira, 2741 - Barão Geraldo"
104370,Yasmin Queiroz Ferreira,168,"Avenida Heitor Penteado, 2257 - Taquaral"
104371,João Silva Cruz,187,"Rua Maria Monteiro, 1451 - Cambuí"
104372,Sofia Vieira Alves,165,"Avenida Heitor Penteado, 1255 - Taquaral"
104373,Maria Santana Almeida,151,"Avenida Albino José Barbosa de Oliveira, 707 - Barão Geraldo"
104374,Livia Queiroz Gomes,189,"Rua Maria Monteiro, 1327 - Cambuí"
104375,Samuel Fernandes Medeiros,166,"Avenida Albino José Barbosa de Oliveira, 2674 - Barão Geraldo"
104376,Miguel Silva Alves,204,"Avenida Heitor Penteado, 2346 - Taquaral"
104377,Daniel Medeiros Ribeiro,183,"Avenida Albino José Barbosa de Oliveira, 2073 - Barão Geraldo"
104378,Livia Gomes Santana,191,"Rua Coronel Quirino, 325 - Cambuí"
104379,Guilherme Santana Martins,165,"Avenida Heitor Penteado, 354 - Taquaral"
104380,Erik Campos Silva,187,"Rua Coronel Quirino, 1520 - Cambuí"
104381,Samuel Campos Amorim,151,"Avenida Albino José Barbosa de Oliveira, 2374 - Barão Geraldo"
104382,Samuel Gomes Cruz,151,"Avenida Albino José Barbosa de Oliveira, 2387 - Barão Geraldo"
104383,Yasmin Medeiros Ribeiro,175,"Rua Coronel Quirino, 1850 - Cambuí"
104384,Gabriel Cruz Bellini,162,"Rua Coronel Quirino, 758 - Cambuí"
104385,Daniel Medeiros Medeiros,196,"Rua Maria Monteiro, 257 - Cambuí"
104386,Victor Silva Bellini,180,"Rua Maria Monteiro, 231 - Cambuí"
104387,Clara Matos Cruz,183,"Avenida Heitor Penteado, 185 - Taquaral"
104388,Giovanna Bellini Campos,188,"Rua Maria Monteiro, 1278 - Cambuí"
104389,Larissa Martins Martins,152,"Avenida Albino José Barbosa de Oliveira, 2884 - Barão Geraldo"
104390,Livia Cruz Bellini,157,"Avenida Heitor Penteado, 2542 - Taquaral"
104391,Thiago Silva Amorim,172,"Avenida Albino José Barbosa de Oliveira, 1661 - Barão Geraldo"
104392,Felipe Oliveira Santana,163,"Avenida Heitor Penteado, 2237 - Taquaral"
104393,João Ribeiro Nascimento,204,"Rua Maria Monteiro, 958 - Cambuí"
104394,Larissa Campos Nascimento,176,"Rua Maria Monteiro, 516 - Cambuí"
104395,Thiago Paschoalino Cruz,203,"Avenida Albino José Barbosa de Oliveira, 1882 - Barão Geraldo"
104396,Erik Queiroz Campos,178,"Avenida Albino José Barbosa de Oliveira, 2494 - Barão Geraldo"
104397,Pedro Nascimento Bellini,188,"Rua Coronel Quirino, 739 - Cambuí"
104398,Erik Fernandes Vieira,202,"Avenida Heitor Penteado, 1293 - Taquaral"
104399,Erik Oliveira Fernandes,188,"Rua Maria Monteiro, 1483 - Cambuí"
104400,Miguel Almeida Paschoalino,150,"Rua Maria Monteiro, 204 - Cambuí"
104401,Yasmin Amorim Gomes,166,"Rua Maria Monteiro, 136 - Cambuí"
104402,Henrique Paschoalino Oliveira,190,"Avenida Albino José Barbosa de Oliveira, 572 - Barão Geraldo"
104403,Giovanna Vieira Oliveira,179,"Rua Maria Monteiro, 745 - Cambuí"
104404,Yasmin Paschoalino Campos,202,"Avenida Heitor Penteado, 975 - Taquaral"
104405,João Amorim Melo,162,"Avenida Heitor Penteado, 2234 - Taquaral"
104406,André Amorim Bellini,170,"Avenida Heitor Penteado, 2988 - Taquaral"
104407,Pedro Cruz Medeiros,168,"Rua Maria Monteiro, 1497 - Cambuí"
104408,André Melo Nascimento,202,"Avenida Albino José Barbosa de Oliveira, 1626 - Barão Geraldo"
104409,Gabriel Queiroz Queiroz,168,"Rua Coronel Quirino, 1076 - Cambuí"
104410,Erik Almeida Cruz,174,"Rua Maria Monteiro, 333 - Cambuí"
104411,Daniel Nascimento Fernandes,171,"Rua Maria Monteiro, 651 - Cambuí"
104412,Miguel Amorim Alves,180,"Rua Coronel Quirino, 425 - Cambuí"
104413,Sofia Silva Amorim,166,"Rua Coronel Quirino, 1003 - Cambuí"
104414,Giovanna Alves Ferreira,204,"Rua Coronel Quirino, 1070 - Cambuí"
104415,André Alves Nascimento,172,"Avenida Heitor Penteado, 1283 - Taquaral"
104416,Larissa Fernandes Queiroz,181,"Rua Maria Monteiro, 1344 - Cambuí"
104417,Yasmin Campos Amorim,159,"Avenida Albino José Barbosa de Oliveira, 2630 - Barão Geraldo"
104418,Daniel Silva Queiroz,159,"Avenida Albino José Barbosa de Oliveira, 2911 - Barão Geraldo"
104419,Thiago Ribeiro Paschoalino,185,"Avenida Heitor Penteado, 1248 - Taquaral"
104420,Eduardo Gomes Bellini,157,"Rua Coronel Quirino, 1096 - Cambuí"
104421,Yasmin Almeida Alves,203,"Rua Maria Monteiro, 91 - Cambuí"
104422,Pedro Paschoalino Bellini,201,"Avenida Heitor Penteado, 741 - Taquaral"
104423,Victor Gomes Alves,169,"Avenida Heitor Penteado, 93 - Taquaral"
104424,Felipe Vieira Santana,181,"Rua Maria Monteiro, 1441 - Cambuí"
104425,Livia Ribeiro Cruz,199,"Rua Coronel Quirino, 1849 - Cambuí"
104426,Giovanna Ribeiro Matos,163,"Rua Maria Monteiro, 1418 - Cambuí"
104427,Miguel Queiroz Oliveira,199,"Avenida Albino José Barbosa de Oliveira, 602 - Barão Geraldo"
104428,Giovanna Alves Fernandes,177,"Avenida Heitor Penteado, 573 - Taquaral"
104429,Livia Melo Gomes,195,"Avenida Heitor Penteado, 758 - Taquaral"
104430,Giovanna Nascimento Santana,201,"Avenida Heitor Penteado, 1195 - Taquaral"
104431,Beatriz Melo Queiroz,202,"Rua Coronel Quirino, 1625 - Cambuí"
104432,Larissa Fernandes Campos,173,"Avenida Albino José Barbosa de Oliveira, 2441 - Barão Geraldo"
104433,Daniel Gomes Ferreira,164,"Rua Coronel Quirino, 1828 - Cambuí"
104434,Victor Alves Nascimento,171,"Avenida Heitor Penteado, 2389 - Taquaral"
104435,Daniel Paschoalino Amorim,179,"Avenida Albino José Barbosa de Oliveira, 2874 - Barão Geraldo"
104436,Yasmin Almeida Ferreira,153,"Rua Maria Monteiro, 1147 - Cambuí"
104437,Yasmin Almeida Queiroz,162,"Avenida Albino José Barbosa de Oliveira, 3307 - Barão Geraldo"
104438,Guilherme Campos Matos,172,"Avenida Albino José Barbosa de Oliveira, 3266 - Barão Geraldo"
104439,Yasmin Oliveira Nascimento,157,"Avenida Albino José Barbosa de Oliveira, 1571 - Barão Geraldo"
104440,Pedro Nascimento Vieira,167,"Avenida Albino José Barbosa de Oliveira, 2756 - Barão Geraldo"
104441,Guilherme Paschoalino Ferreira,161,"Avenida Albino José Barbosa de Oliveira, 3192 - Barão Geraldo"
104442,Beatriz Santana Nascimento,204,"Avenida Heitor Penteado, 2123 - Taquaral"
104443,Victor Cruz Medeiros,180,"Rua Coronel Quirino, 1911 - Cambuí"
104444,Pedro Nascimento Paschoalino,163,"Avenida Albino José Barbosa de Oliveira, 1133 - Barão Geraldo"
104445,Maria Alves Paschoalino,183,"Rua Maria Monteiro, 731 - Cambuí"
104446,Beatriz Silva Almeida,167,"Avenida Heitor Penteado, 333 - Taquaral"
104447,João Nascimento Queiroz,183,"Avenida Albino José Barbosa de Oliveira, 2380 - Barão Geraldo"
104448,Yasmin Matos Almeida,160,"Rua Maria Monteiro, 175 - Cambuí"
104449,Clara Silva Almeida,190,"Avenida Albino José Barbosa de Oliveira, 2802 - Barão Geraldo"
104450,Thiago Santana Gomes,161,"Avenida Albino José Barbosa de Oliveira, 2772 - Barão Geraldo"
104451,Victor Vieira Nascimento,198,"Rua Maria Monteiro, 662 - Cambuí"
104452,Gabriel Medeiros Amorim,164,"Rua Coronel Quirino, 1548 - Cambuí"
104453,João Bellini Ribeiro,180,"Avenida Heitor Penteado, 1427 - Taquaral"
104454,Livia Gomes Martins,198,"Rua Coronel Quirino, 1850 - Cambuí"
104455,Daniel Silva Nascimento,178,"Avenida Albino José Barbosa de Oliveira, 2040 - Barão Geraldo"
104456,Vinícius Nascimento Oliveira,175,"Avenida Heitor Penteado, 35 - Taquaral"
104457,Victor Gomes Fernandes,167,"Avenida Albino José Barbosa de Oliveira, 2329 - Barão Geraldo"
104458,Victor Almeida Santana,181,"Avenida Heitor Penteado, 820 - Taquaral"
104459,Giovanna Almeida Gomes,171,"Avenida Heitor Penteado, 1557 - Taquaral"
104460,Sofia Santana Nascimento,187,"Avenida Albino José Barbosa de Oliveira, 2895 - Barão Geraldo"
104461,Guilherme Vieira Nascimento,166,"Avenida Heitor Penteado, 299 - Taquaral"
104462,Victor Ribeiro Ferreira,172,"Rua Maria Monteiro, 676 - Cambuí"
104463,Sofia Oliveira Martins,173,"Avenida Albino José Barbosa de Oliveira, 308 - Barão Geraldo"
104464,Maria Cruz Almeida,199,"Avenida Albino José Barbosa de Oliveira, 2272 - Barão Geraldo"
104465,Samuel Ferreira Fernandes,157,"Avenida Heitor Penteado, 1148 - Taquaral"
104466,Samuel Alves Ferreira,190,"Avenida Albino José Barbosa de Oliveira, 677 - Barão Geraldo"
104467,João Gomes Ferreira,155,"Avenida Heitor Penteado, 1388 - Taquaral"
104468,Maria Gomes Ferreira,154,"Rua Maria Monteiro, 396 - Cambuí"
104469,André Matos Paschoalino,193,"Avenida Albino José Barbosa de Oliveira, 3051 - Barão Geraldo"
104470,Maria Vieira Almeida,178,"Avenida Heitor Penteado, 1447 - Taquaral"
104471,Vinícius Nascimento Bellini,177,"Avenida Heitor Penteado, 2393 - Taquaral"
104472,Victor Queiroz Alves,160,"Avenida Heitor Penteado, 2711 - Taquaral"
104473,Eduardo Campos Matos,150,"Avenida Albino José Barbosa de Oliveira, 459 - Barão Geraldo"
104474,Victor Nascimento Medeiros,192,"Avenida Albino José Barbosa de Oliveira, 116 - Barão Geraldo"
104475,Livia Almeida Martins,168,"Avenida Albino José Barbosa de Oliveira, 2049 - Barão Geraldo"
104476,Yasmin Paschoalino Ferreira,158,"Avenida Heitor Penteado, 449 - Taquaral"
104477,Samuel Ferreira Medeiros,176,"Avenida Albino José Barbosa de Oliveira, 3314 - Barão Geraldo"
104478,Clara Medeiros Silva,183,"Avenida Heitor Penteado, 1656 - Taquaral"
104479,Rafael Cruz Fernandes,193,"Avenida Heitor Penteado, 1382 - Taquaral"
104480,Vinícius Cruz Nascimento,153,"Avenida Albino José Barbosa de Oliveira, 1041 - Barão Geraldo"
104481,Victor Amorim Fernandes,185,"Rua Coronel Quirino, 586 - Cambuí"
104482,Beatriz Cruz Melo,167,"Avenida Heitor Penteado, 586 - Taquaral"
104483,Yasmin Queiroz Medeiros,164,"Rua Coronel Quirino, 375 - Cambuí"
104484,Larissa Santana Queiroz,200,"Avenida Heitor Penteado, 2067 - Taquaral"
104485,Eduardo Matos Amorim,162,"Avenida Heitor Penteado, 2915 - Taquaral"
104486,Eduardo Bellini Ribeiro,168,"Rua Maria Monteiro, 453 - Cambuí"
104487,Eduardo Nascimento Ribeiro,198,"Avenida Albino José Barbosa de Oliveira, 583 - Barão Geraldo"
104488,Guilherme Paschoalino Amorim,155,"Avenida Albino José Barbosa de Oliveira, 1817 - Barão Geraldo"
104489,Vinícius Santana Cruz,197,"Rua Maria Monteiro, 733 - Cambuí"
104490,Clara Paschoalino Almeida,161,"Avenida Heitor Penteado, 2803 - Taquaral"
104491,Vinícius Cruz Queiroz,200,"Avenida Albino José Barbosa de Oliveira, 579 - Barão Geraldo"
104492,Daniel Bellini Santana,186,"Rua Maria Monteiro, 340 - Cambuí"
104493,Daniel Amorim Paschoalino,166,"Avenida Heitor Penteado, 2391 - Taquaral"
104494,Samuel Ferreira Martins,172,"Avenida Heitor Penteado, 2049 - Taquaral"
104495,Beatriz Cruz Nascimento,175,"Rua Maria Monteiro, 189 - Cambuí"
104496,Livia Amorim Oliveira,178,"Avenida Heitor Penteado, 987 - Taquaral"
104497,Gabriel Matos Silva,182,"Rua Maria Monteiro, 1105 - Cambuí"
104498,Vinícius Ferreira Campos,176,"Avenida Albino José Barbosa de Oliveira, 673 - Barão Geraldo"
104499,Daniel Gomes Almeida,174,"Rua Maria Monteiro, 894 - Cambuí"
104500,Rafael Paschoalino Oliveira,204,"Avenida Albino José Barbosa de Oliveira, 3210 - Barão Geraldo"
104501,Eduardo Bellini Oliveira,159,"Avenida Albino José Barbosa de Oliveira, 2767 - Barão Geraldo"
104502,Samuel Matos Santana,196,"Rua Maria Monteiro, 491 - Cambuí"
104503,Pedro Amorim Nascimento,172,"Avenida Albino José Barbosa de Oliveira, 2096 - Barão Geraldo"
104504,Guilherme Cruz Melo,170,"Rua Maria Monteiro, 1453 - Cambuí"
104505,Pedro Alves Silva,170,"Avenida Heitor Penteado, 2251 - Taquaral"
104506,Livia Martins Cruz,192,"Avenida Heitor Penteado, 2785 - Taquaral"
104507,Miguel Gomes Gomes,162,"Rua Maria Monteiro, 274 - Cambuí"
104508,Eduardo Paschoalino Nascimento,186,"Rua Maria Monteiro, 633 - Cambuí"
104509,Miguel Cruz Melo,182,"Rua Coronel Quirino, 148 - Cambuí"
104510,Livia Paschoalino Melo,173,"Avenida Albino José Barbosa de Oliveira, 1843 - Barão Geraldo"
104511,Guilherme Medeiros Ribeiro,193,"Rua Maria Monteiro, 1070 - Cambuí"
104512,Rafael Campos Ferreira,160,"Avenida Heitor Penteado, 266 - Taquaral"
104513,Beatriz Alves Almeida,166,"Avenida Heitor Penteado, 2192 - Taquaral"
104514,Miguel Ferreira Silva,153,"Avenida Heitor Penteado, 762 - Taquaral"
104515,André Oliveira Alves,196,"Rua Coronel Quirino, 1263 - Cambuí"
104516,Samuel Queiroz Santana,174,"Avenida Albino José Barbosa de Oliveira, 54 - Barão Geraldo"
104517,João Queiroz Martins,179,"Rua Maria Monteiro, 52 - Cambuí"
104518,Samuel Vieira Oliveira,158,"Avenida Heitor Penteado, 2648 - Taquaral"
104519,Rafael Almeida Alves,170,"Avenida Heitor Penteado, 1057 - Taquaral"
104520,Rafael Melo Fernandes,169,"Rua Maria Monteiro, 638 - Cambuí"
104521,Miguel Almeida Silva,168,"Avenida Heitor Penteado, 437 - Taquaral"
104522,Yasmin Nascimento Martins,168,"Rua Coronel Quirino, 839 - Cambuí"
104523,Clara Ribeiro Amorim,161,"Rua Maria Monteiro, 52 - Cambuí"
104524,Livia Amorim Campos,186,"Avenida Heitor Penteado, 17 - Taquaral"
104525,Yasmin Oliveira Melo,191,"Rua Maria Monteiro, 1298 - Cambuí"
104526,Larissa Queiroz Queiroz,166,"Avenida Heitor Penteado, 826 - Taquaral"
104527,Giovanna Almeida Fernandes,186,"Rua Maria Monteiro, 698 - Cambuí"
104528,Victor Melo Alves,203,"Avenida Heitor Penteado, 1874 - Taquaral"
104529,Victor Campos Martins,197,"Avenida Albino José Barbosa de Oliveira, 555 - Barão Geraldo"
104530,Clara Medeiros Paschoalino,188,"Rua Coronel Quirino, 1656 - Cambuí"
104531,Thiago Oliveira Bellini,177,"Rua Maria Monteiro, 1400 - Cambuí"
104532,Daniel Cruz Amorim,190,"Rua Coronel Quirino, 966 - Cambuí"
104533,Yasmin Amorim Fernandes,184,"Avenida Albino José Barbosa de Oliveira, 544 - Barão Geraldo"
104534,Gabriel Bellini Cruz,196,"Avenida Albino José Barbosa de Oliveira, 2013 - Barão Geraldo"
104535,Erik Martins Gomes,197,"Avenida Heitor Penteado, 2921 - Taquaral"
104536,Clara Medeiros Campos,167,"Avenida Albino José Barbosa de Oliveira, 2939 - Barão Geraldo"
104537,Giovanna Cruz Medeiros,163,"Avenida Albino José Barbosa de Oliveira, 2021 - Barão Geraldo"
104538,Thiago Vieira Ferreira,184,"Avenida Heitor Penteado, 1803 - Taquaral"
104539,João Campos Ribeiro,193,"Avenida Heitor Penteado, 901 - Taquaral"
104540,André Oliveira Fernandes,190,"Avenida Albino José Barbosa de Oliveira, 1913 - Barão Geraldo"
104541,Daniel Ferreira Martins,156,"Avenida Albino José Barbosa de Oliveira, 537 - Barão Geraldo"
104542,Eduardo Ribeiro Melo,190,"Rua Maria Monteiro, 1101 - Cambuí"
104543,Sofia Santana Santana,162,"Avenida Albino José Barbosa de Oliveira, 2527 - Barão Geraldo"
104544,Giovanna Amorim Ferreira,167,"Avenida Heitor Penteado, 180 - Taquaral"
104545,Yasmin Nascimento Bellini,186,"Avenida Heitor Penteado, 930 - Taquaral"
104546,Felipe Oliveira Gomes,162,"Rua Coronel Quirino, 839 - Cambuí"
104547,Samuel Santana Vieira,185,"Rua Coronel Quirino, 753 - Cambuí"
104548,Victor Paschoalino Ribeiro,180,"Avenida Heitor Penteado, 2098 - Taquaral"
104549,Yasmin Cruz Santana,151,"Rua Coronel Quirino, 1796 - Cambuí"
104550,Beatriz Almeida Paschoalino,165,"Avenida Albino José Barbosa de Oliveira, 1159 - Barão Geraldo"
104551,João Gomes Melo,158,"Rua Maria Monteiro, 1031 - Cambuí"
104552,Sofia Vieira Fernandes,158,"Avenida Albino José Barbosa de Oliveira, 3200 - Barão Geraldo"
104553,Erik Ribeiro Queiroz,187,"Avenida Heitor Penteado, 1025 - Taquaral"
104554,Pedro Santana Santana,160,"Avenida Albino José Barbosa de Oliveira, 1434 - Barão Geraldo"
104555,Victor Amorim Queiroz,203,"Avenida Heitor Penteado, 2098 - Taquaral"
104556,João Alves Campos,171,"Avenida Heitor Penteado, 2339 - Taquaral"
104557,Sofia Almeida Vieira,182,"Rua Coronel Quirino, 588 - Cambuí"
104558,Miguel Gomes Ribeiro,185,"Avenida Albino José Barbosa de Oliveira, 2960 - Barão Geraldo"
104559,Livia Vieira Melo,194,"Rua Maria Monteiro, 750 - Cambuí"
104560,Clara Almeida Queiroz,172,"Avenida Heitor Penteado, 2471 - Taquaral"
104561,Guilherme Cruz Cruz,194,"Rua Maria Monteiro, 1205 - Cambuí"
104562,Pedro Bellini Medeiros,194,"Rua Coronel Quirino, 266 - Cambuí"
104563,Vinícius Matos Fernandes,183,"Avenida Albino José Barbosa de Oliveira, 1040 - Barão Geraldo"
104564,André Bellini Nascimento,158,"Rua Coronel Quirino, 566 - Cambuí"
104565,Giovanna Martins Alves,173,"Avenida Albino José Barbosa de Oliveira, 3481 - Barão Geraldo"
104566,Clara Oliveira Nascimento,157,"Avenida Heitor Penteado, 44 - Taquaral"
104567,Clara Matos Melo,156,"Rua Maria Monteiro, 1523 - Cambuí"
104568,Gabriel Queiroz Campos,185,"Avenida Heitor Penteado, 1464 - Taquaral"
104569,Samuel Nascimento Martins,167,"Rua Coronel Quirino, 1244 - Cambuí"
104570,Vinícius Medeiros Matos,152,"Avenida Albino José Barbosa de Oliveira, 771 - Barão Geraldo"
104571,Larissa Cruz Melo,177,"Rua Coronel Quirino, 835 - Cambuí"
104572,Pedro Silva Ribeiro,155,"Avenida Albino José Barbosa de Oliveira, 2954 - Barão Geraldo"
104573,André Medeiros Fernandes,193,"Avenida Heitor Penteado, 2769 - Taquaral"
104574,Maria Silva Santana,193,"Avenida Heitor Penteado, 1166 - Taquaral"
104575,Henrique Medeiros Almeida,170,"Rua Coronel Quirino, 1654 - Cambuí"
104576,Felipe Matos Fernandes,177,"Avenida Albino José Barbosa de Oliveira, 1877 - Barão Geraldo"
104577,Yasmin Medeiros Bellini,189,"Avenida Heitor Penteado, 2649 - Taquaral"
104578,Pedro Vieira Melo,203,"Avenida Albino José Barbosa de Oliveira, 3282 - Barão Geraldo"
104579,Vinícius Medeiros Alves,203,"Rua Maria Monteiro, 1526 - Cambuí"
104580,Clara Gomes Campos,150,"Rua Coronel Quirino, 1696 - Cambuí"
104581,Thiago Campos Vieira,185,"Rua Maria Monteiro, 577 - Cambuí"
104582,Sofia Amorim Almeida,170,"Rua Coronel Quirino, 1112 - Cambuí"
104583,Giovanna Medeiros Cruz,192,"Rua Maria Monteiro, 365 - Cambuí"
104584,Beatriz Amorim Queiroz,184,"Avenida Heitor Penteado, 442 - Taquaral"
104585,Gabriel Ribeiro Alves,162,"Avenida Albino José Barbosa de Oliveira, 1513 - Barão Geraldo"
104586,Maria Amorim Nascimento,198,"Avenida Albino José Barbosa de Oliveira, 2211 - Barão Geraldo"
104587,Gabriel Paschoalino Medeiros,203,"Avenida Albino José Barbosa de Oliveira, 1154 - Barão Geraldo"
104588,André Santana Matos,203,"Rua Maria Monteiro, 1431 - Cambuí"
104589,Vinícius Martins Paschoalino,159,"Avenida Heitor Penteado, 1684 - Taquaral"
104590,Sofia Amorim Medeiros,202,"Avenida Heitor Penteado, 2147 - Taquaral"
104591,Livia Martins Almeida,193,"Avenida Heitor Penteado, 1129 - Taquaral"
104592,Maria Gomes Matos,196,"Rua Coronel Quirino, 358 - Cambuí"
104593,Eduardo Cruz Ferreira,202,"Avenida Heitor Penteado, 2048 - Taquaral"
104594,Daniel Campos Alves,159,"Rua Coronel Quirino, 1252 - Cambuí"
104595,João Santana Fernandes,195,"Avenida Albino José Barbosa de Oliveira, 1935 - Barão Geraldo"
104596,Maria Medeiros Bellini,162,"Rua Maria Monteiro, 42 - Cambuí"
104597,Gabriel Vieira Melo,186,"Rua Coronel Quirino, 1054 - Cambuí"
104598,André Bellini Gomes,187,"Rua Maria Monteiro, 506 - Cambuí"
104599,Thiago Matos Melo,173,"Rua Coronel Quirino, 1048 - Cambuí"
104600,Beatriz Paschoalino Bellini,151,"Rua Coronel Quirino, 1450 - Cambuí"
104601,Beatriz Vieira Medeiros,171,"Avenida Heitor Penteado, 129 - Taquaral"
104602,Eduardo Ferreira Oliveira,166,"Avenida Heitor Penteado, 561 - Taquaral"
104603,Guilherme Medeiros Fernandes,185,"Avenida Heitor Penteado, 2710 - Taquaral"
104604,João Campos Ribeiro,163,"Avenida Heitor Penteado, 2702 - Taquaral"
104605,Gabriel Nascimento Almeida,159,"Avenida Heitor Penteado, 885 - Taquaral"
104606,Vinícius Martins Amorim,184,"Avenida Albino José Barbosa de Oliveira, 1078 - Barão Geraldo"
104607,Yasmin Cruz Vieira,174,"Rua Maria Monteiro, 960 - Cambuí"
104608,Clara Silva Matos,152,"Avenida Heitor Penteado, 1079 - Taquaral"
104609,Felipe Amorim Alves,196,"Avenida Heitor Penteado, 1171 - Taquaral"
104610,Gabriel Ferreira Nascimento,187,"Avenida Heitor Penteado, 1167 - Taquaral"
104611,João Matos Nascimento,166,"Avenida Albino José Barbosa de Oliveira, 441 - Barão Geraldo"
104612,Rafael Bellini Queiroz,161,"Avenida Albino José Barbosa de Oliveira, 252 - Barão Geraldo"
104613,Giovanna Fernandes Matos,203,"Rua Coronel Quirino, 1672 - Cambuí"
104614,Samuel Cruz Medeiros,201,"Avenida Heitor Penteado, 566 - Taquaral"
104615,João Gomes Campos,173,"Rua Maria Monteiro, 551 - Cambuí"
104616,Pedro Silva Vieira,178,"Avenida Heitor Penteado, 1532 - Taquaral"
104617,Felipe Almeida Queiroz,192,"Rua Maria Monteiro, 350 - Cambuí"
104618,Gabriel Nascimento Matos,174,"Avenida Heitor Penteado, 2445 - Taquaral"
104619,Felipe Cruz Alves,185,"Rua Coronel Quirino, 216 - Cambuí"
104620,Thiago Almeida Medeiros,175,"Rua Maria Monteiro, 565 - Cambuí"
104621,Gabriel Ferreira Ribeiro,187,"Rua Coronel Quirino, 654 - Cambuí"
104622,Miguel Cruz Paschoalino,150,"Rua Maria Monteiro, 735 - Cambuí"
104623,Pedro Medeiros Silva,169,"Avenida Heitor Penteado, 1222 - Taquaral"
104624,Giovanna Melo Martins,204,"Rua Coronel Quirino, 530 - Cambuí"
104625,Guilherme Vieira Medeiros,177,"Avenida Heitor Penteado, 1301 - Taquaral"
104626,Giovanna Campos Martins,165,"Rua Maria Monteiro, 430 - Cambuí"
104627,Pedro Paschoalino Martins,196,"Rua Maria Monteiro, 699 - Cambuí"
104628,Livia Ferreira Medeiros,166,"Avenida Heitor Penteado, 2619 - Taquaral"
104629,Gabriel Santana Martins,189,"Rua Maria Monteiro, 1222 - Cambuí"
104630,Erik Gomes Matos,177,"Rua Maria Monteiro, 66 - Cambuí"
104631,Beatriz Nascimento Medeiros,161,"Avenida Heitor Penteado, 2012 - Taquaral"
104632,Sofia Alves Paschoalino,176,"Rua Maria Monteiro, 1519 - Cambuí"
104633,Vinícius Fernandes Silva,203,"Avenida Heitor Penteado, 226 - Taquaral"
104634,Victor Santana Paschoalino,202,"Rua Coronel Quirino, 1884 - Cambuí"
104635,Henrique Campos Gomes,191,"Rua Maria Monteiro, 164 - Cambuí"
104636,Maria Medeiros Cruz,196,"Avenida Albino José Barbosa de Oliveira, 1094 - Barão Geraldo"
104637,Sofia Martins Nascimento,179,"Rua Coronel Quirino, 1705 - Cambuí"
104638,Sofia Ferreira Gomes,190,"Avenida Heitor Penteado, 1507 - Taquaral"
104639,Victor Melo Queiroz,183,"Rua Coronel Quirino, 1471 - Cambuí"
104640,Giovanna Oliveira Martins,186,"Rua Coronel Quirino, 1687 - Cambuí"
104641,Miguel Bellini Almeida,155,"Avenida Heitor Penteado, 516 - Taquaral"
104642,André Silva Silva,156,"Avenida Heitor Penteado, 2817 - Taquaral"
104643,Clara Bellini Matos,181,"Avenida Heitor Penteado, 1116 - Taquaral"
104644,Guilherme Fernandes Melo,181,"Avenida Albino José Barbosa de Oliveira, 1702 - Barão Geraldo"
104645,Livia Medeiros Campos,202,"Avenida Albino José Barbosa de Oliveira, 2197 - Barão Geraldo"
104646,Giovanna Alves Silva,174,"Avenida Heitor Penteado, 1298 - Taquaral"
104647,Yasmin Silva Ribeiro,182,"Rua Coronel Quirino, 1663 - Cambuí"
104648,Vinícius Paschoalino Cruz,204,"Avenida Heitor Penteado, 1654 - Taquaral"
104649,Guilherme Melo Fernandes,156,"Avenida Albino José Barbosa de Oliveira, 2958 - Barão Geraldo"
104650,Giovanna Oliveira Ferreira,201,"Avenida Albino José Barbosa de Oliveira, 255 - Barão Geraldo"
104651,Miguel Paschoalino Ferreira,161,"Avenida Albino José Barbosa de Oliveira, 1114 - Barão Geraldo"
104652,André Ferreira Medeiros,165,"Avenida Albino José Barbosa de Oliveira, 138 - Barão Geraldo"
104653,João Amorim Ribeiro,165,"Rua Maria Monteiro, 283 - Cambuí"
104654,Sofia Santana Gomes,192,"Rua Coronel Quirino, 1236 - Cambuí"
104655,Beatriz Melo Vieira,202,"Avenida Heitor Penteado, 1434 - Taquaral"
104656,Giovanna Campos Matos,185,"Avenida Albino José Barbosa de Oliveira, 2851 - Barão Geraldo"
104657,Henrique Vieira Ferreira,162,"Rua Coronel Quirino, 1893 - Cambuí"
104658,Erik Silva Silva,156,"Avenida Albino José Barbosa de Oliveira, 2090 - Barão Geraldo"
104659,Giovanna Amorim Almeida,185,"Avenida Albino José Barbosa de Oliveira, 1386 - Barão Geraldo"
104660,Gabriel Ribeiro Oliveira,196,"Rua Coronel Quirino, 747 - Cambuí"
104661,Eduardo Campos Ribeiro,200,"Rua Coronel Quirino, 1566 - Cambuí"
104662,Beatriz Bellini Cruz,158,"Avenida Albino José Barbosa de Oliveira, 2409 - Barão Geraldo"
104663,Rafael Medeiros Oliveira,181,"Avenida Albino José Barbosa de Oliveira, 3320 - Barão Geraldo"
104664,Yasmin Queiroz Ferreira,160,"Rua Coronel Quirino, 630 - Cambuí"
104665,Victor Fernandes Medeiros,157,"Avenida Heitor Penteado, 1476 - Taquaral"
104666,Sofia Bellini Medeiros,182,"Rua Coronel Quirino, 1541 - Cambuí"
104667,Larissa Silva Silva,172,"Avenida Albino José Barbosa de Oliveira, 2026 - Barão Geraldo"
104668,André Alves Matos,174,"Avenida Heitor Penteado, 1046 - Taquaral"
104669,Larissa Medeiros Campos,157,"Avenida Heitor Penteado, 2326 - Taquaral"
104670,Gabriel Alves Cruz,194,"Avenida Heitor Penteado, 2415 - Taquaral"
104671,Clara Queiroz Ferreira,171,"Rua Maria Monteiro, 636 - Cambuí"
104672,Daniel Queiroz Vieira,153,"Avenida Heitor Penteado, 226 - Taquaral"
104673,Gabriel Santana Fernandes,189,"Rua Coronel Quirino, 117 - Cambuí"
104674,Victor Alves Gomes,152,"Avenida Heitor Penteado, 1608 - Taquaral"
104675,Clara Ribeiro Gomes,178,"Avenida Heitor Penteado, 525 - Taquaral"
104676,Guilherme Almeida Paschoalino,190,"Avenida Albino José Barbosa de Oliveira, 1501 - Barão Geraldo"
104677,Henrique Campos Alves,178,"Avenida Heitor Penteado, 2045 - Taquaral"
104678,Henrique Gomes Ribeiro,183,"Avenida Heitor Penteado, 2313 - Taquaral"
104679,João Amorim Nascimento,183,"Avenida Heitor Penteado, 2685 - Taquaral"
104680,Vinícius Paschoalino Oliveira,177,"Avenida Heitor Penteado, 2397 - Taquaral"
104681,João Medeiros Nascimento,162,"Rua Maria Monteiro, 258 - Cambuí"
104682,Eduardo Melo Paschoalino,164,"Rua Coronel Quirino, 149 - Cambuí"
104683,Daniel Campos Santana,172,"Avenida Heitor Penteado, 1486 - Taquaral"
104684,Henrique Queiroz Queiroz,193,"Avenida Heitor Penteado, 821 - Taquaral"
104685,Victor Alves Santana,175,"Avenida Albino José Barbosa de Oliveira, 188 - Barão Geraldo"
104686,Livia Melo Medeiros,153,"Rua Coronel Quirino, 223 - Cambuí"
104687,Yasmin Almeida Martins,175,"Avenida Albino José Barbosa de Oliveira, 588 - Barão Geraldo"
104688,Rafael Vieira Vieira,189,"Avenida Albino José Barbosa de Oliveira, 1929 - Barão Geraldo"
104689,Gabriel Melo Queiroz,158,"Rua Coronel Quirino, 1254 - Cambuí"
104690,Victor Ribeiro Matos,204,"Rua Coronel Quirino, 378 - Cambuí"
104691,Thiago Gomes Matos,154,"Avenida Heitor Penteado, 2904 - Taquaral"
104692,Thiago Cruz Queiroz,181,"Avenida Heitor Penteado, 834 - Taquaral"
104693,Beatriz Campos Amorim,169,"Rua Coronel Quirino, 1684 - Cambuí"
104694,Yasmin Queiroz Queiroz,199,"Rua Maria Monteiro, 279 - Cambuí"
104695,Miguel Fernandes Silva,160,"Avenida Heitor Penteado, 2668 - Taquaral"
104696,Felipe Melo Nascimento,164,"Rua Coronel Quirino, 604 - Cambuí"
104697,Gabriel Fernandes Bellini,181,"Avenida Albino José Barbosa de Oliveira, 1105 - Barão Geraldo"
104698,João Bellini Ferreira,177,"Rua Coronel Quirino, 1240 - Cambuí"
104699,Henrique Cruz Bellini,171,"Avenida Albino José Barbosa de Oliveira, 646 - Barão Geraldo"
104700,Miguel Gomes Alves,190,"Avenida Albino José Barbosa de Oliveira, 1760 - Barão Geraldo"
104701,Clara Alves Matos,166,"Rua Coronel Quirino, 1311 - Cambuí"
104702,Samuel Vieira Alves,175,"Avenida Heitor Penteado, 2983 - Taquaral"
104703,Rafael Amorim Campos,193,"Avenida Heitor Penteado, 1264 - Taquaral"
104704,Gabriel Ferreira Gomes,156,"Avenida Albino José Barbosa de Oliveira, 2923 - Barão Geraldo"
104705,Gabriel Melo Almeida,191,"Avenida Albino José Barbosa de Oliveira, 3461 - Barão Geraldo"
104706,Sofia Bellini Gomes,175,"Avenida Heitor Penteado, 719 - Taquaral"
104707,Yasmin Melo Almeida,174,"Avenida Heitor Penteado, 2982 - Taquaral"
104708,Vinícius Silva Nascimento,159,"Rua Coronel Quirino, 1553 - Cambuí"
104709,Henrique Fernandes Cruz,194,"Avenida Heitor Penteado, 1809 - Taquaral"
104710,Clara Gomes Gomes,168,"Avenida Albino José Barbosa de Oliveira, 2177 - Barão Geraldo"
104711,Samuel Almeida Melo,160,"Rua Maria Monteiro, 307 - Cambuí"
104712,Pedro Ribeiro Santana,162,"Avenida Albino José Barbosa de Oliveira, 106 - Barão Geraldo"
104713,Erik Ferreira Paschoalino,202,"Rua Maria Monteiro, 1238 - Cambuí"
104714,Erik Cruz Gomes,157,"Rua Coronel Quirino, 1866 - Cambuí"
104715,Giovanna Matos Amorim,189,"Avenida Albino José Barbosa de Oliveira, 1958 - Barão Geraldo"
104716,Thiago Cruz Almeida,153,"Avenida Heitor Penteado, 1900 - Taquaral"
104717,Beatriz Gomes Paschoalino,196,"Avenida Heitor Penteado, 2920 - Taquaral"
104718,Larissa Oliveira Vieira,180,"Rua Coronel Quirino, 182 - Cambuí"
104719,Eduardo Queiroz Queiroz,177,"Avenida Heitor Penteado, 1387 - Taquaral"
104720,Livia Gomes Alves,160,"Avenida Albino José Barbosa de Oliveira, 416 - Barão Geraldo"
104721,Eduardo Martins Matos,192,"Rua Maria Monteiro, 1141 - Cambuí"
104722,Gabriel Nascimento Cruz,150,"Avenida Heitor Penteado, 2077 - Taquaral"
104723,Henrique Fernandes Melo,198,"Rua Maria Monteiro, 42 - Cambuí"
104724,Vinícius Campos Cruz,196,"Avenida Heitor Penteado, 566 - Taquaral"
104725,Thiago Medeiros Vieira,201,"Avenida Albino José Barbosa de Oliveira, 2188 - Barão Geraldo"
104726,Thiago Alves Ferreira,187,"Avenida Albino José Barbosa de Oliveira, 165 - Barão Geraldo"
104727,Maria Ribeiro Ferreira,173,"Avenida Heitor Penteado, 2791 - Taquaral"
104728,Thiago Gomes Nascimento,203,"Avenida Albino José Barbosa de Oliveira, 2417 - Barão Geraldo"
104729,Pedro Almeida Oliveira,196,"Avenida Heitor Penteado, 2164 - Taquaral"
104730,Thiago Melo Queiroz,180,"Avenida Albino José Barbosa de Oliveira, 1821 - Barão Geraldo"
104731,Clara Almeida Paschoalino,190,"Avenida Heitor Penteado, 1982 - Taquaral"
104732,Victor Melo Alves,195,"Avenida Heitor Penteado, 854 - Taquaral"
104733,Yasmin Ribeiro Ferreira,199,"Avenida Albino José Barbosa de Oliveira, 1313 - Barão Geraldo"
104734,Livia Fernandes Ferreira,175,"Avenida Albino José Barbosa de Oliveira, 898 - Barão Geraldo"
104735,Erik Queiroz Melo,198,"Rua Coronel Quirino, 496 - Cambuí"
104736,Giovanna Cruz Bellini,199,"Avenida Albino José Barbosa de Oliveira, 2940 - Barão Geraldo"
104737,Guilherme Amorim Fernandes,154,"Avenida Heitor Penteado, 2500 - Taquaral"
104738,Beatriz Melo Queiroz,169,"Avenida Heitor Penteado, 336 - Taquaral"
104739,Samuel Melo Queiroz,201,"Avenida Heitor Penteado, 178 - Taquaral"
104740,Maria Nascimento Fernandes,190,"Rua Maria Monteiro, 786 - Cambuí"
104741,Livia Fernandes Oliveira,160,"Rua Coronel Quirino, 1003 - Cambuí"
104742,Eduardo Medeiros Santana,203,"Rua Maria Monteiro, 537 - Cambuí"
104743,Maria Queiroz Silva,182,"Rua Coronel Quirino, 1527 - Cambuí"
104744,Victor Campos Fernandes,199,"Avenida Albino José Barbosa de Oliveira, 2341 - Barão Geraldo"
104745,Daniel Alves Nascimento,187,"Avenida Albino José Barbosa de Oliveira, 3246 - Barão Geraldo"
104746,Erik Cruz Nascimento,176,"Avenida Heitor Penteado, 2044 - Taquaral"
104747,Giovanna Amorim Ferreira,183,"Rua Coronel Quirino, 1948 - Cambuí"
104748,Gabriel Oliveira Nascimento,164,"Avenida Heitor Penteado, 1028 - Taquaral"
104749,Giovanna Campos Cruz,181,"Rua Maria Monteiro, 739 - Cambuí"
104750,Gabriel Silva Almeida,170,"Rua Maria Monteiro, 1157 - Cambuí"
104751,Daniel Santana Matos,195,"Avenida Albino José Barbosa de Oliveira, 278 - Barão Geraldo"
104752,Samuel Oliveira Paschoalino,154,"Avenida Albino José Barbosa de Oliveira, 919 - Barão Geraldo"
104753,Vinícius Medeiros Matos,155,"Rua Coronel Quirino, 205 - Cambuí"
104754,Sofia Santana Paschoalino,187,"Avenida Heitor Penteado, 964 - Taquaral"
104755,Pedro Paschoalino Alves,171,"Avenida Heitor Penteado, 942 - Taquaral"
104756,Felipe Nascimento Melo,167,"Rua Maria Monteiro, 1263 - Cambuí"
104757,Maria Ferreira Queiroz,163,"Avenida Heitor Penteado, 1137 - Taquaral"
104758,Eduardo Ferreira Nascimento,159,"Rua Coronel Quirino, 1159 - Cambuí"
104759,Daniel Cruz Ferreira,195,"Avenida Heitor Penteado, 664 - Taquaral"
104760,Maria Amorim Silva,162,"Avenida Albino José Barbosa de Oliveira, 2753 - Barão Geraldo"
104761,Clara Almeida Silva,180,"Avenida Heitor Penteado, 2162 - Taquaral"
104762,Thiago Cruz Alves,179,"Rua Coronel Quirino, 1214 - Cambuí"
104763,Clara Bellini Vieira,152,"Avenida Albino José Barbosa de Oliveira, 11 - Barão Geraldo"
104764,Henrique Oliveira Queiroz,179,"Avenida Albino José Barbosa de Oliveira, 1943 - Barão Geraldo"
104765,Henrique Silva Ferreira,155,"Rua Maria Monteiro, 66 - Cambuí"
104766,Rafael Queiroz Vieira,178,"Avenida Albino José Barbosa de Oliveira, 359 - Barão Geraldo"
104767,Larissa Fernandes Medeiros,157,"Rua Maria Monteiro, 1079 - Cambuí"
104768,Maria Cruz Queiroz,193,"Avenida Albino José Barbosa de Oliveira, 1432 - Barão Geraldo"
104769,Henrique Santana Matos,194,"Rua Maria Monteiro, 1231 - Cambuí"
104770,Yasmin Ribeiro Medeiros,192,"Avenida Albino José Barbosa de Oliveira, 2345 - Barão Geraldo"
104771,Rafael Ribeiro Paschoalino,193,"Avenida Heitor Penteado, 548 - Taquaral"
104772,Gabriel Almeida Melo,182,"Rua Maria Monteiro, 164 - Cambuí"
104773,Livia Bellini Santana,166,"Avenida Heitor Penteado, 1446 - Taquaral"
104774,Giovanna Amorim Almeida,197,"Rua Coronel Quirino, 838 - Cambuí"
104775,Pedro Oliveira Amorim,160,"Avenida Heitor Penteado, 819 - Taquaral"
104776,Guilherme Almeida Santana,162,"Rua Maria Monteiro, 38 - Cambuí"
104777,Rafael Vieira Queiroz,199,"Avenida Albino José Barbosa de Oliveira, 3263 - Barão Geraldo"
104778,Thiago Santana Paschoalino,160,"Avenida Heitor Penteado, 2488 - Taquaral"
104779,Maria Vieira Amorim,180,"Avenida Heitor Penteado, 1914 - Taquaral"
104780,Sofia Campos Santana,177,"Avenida Heitor Penteado, 703 - Taquaral"
104781,Larissa Oliveira Medeiros,193,"Avenida Albino José Barbosa de Oliveira, 508 - Barão Geraldo"
104782,Maria Silva Campos,155,"Rua Maria Monteiro, 106 - Cambuí"
104783,Livia Ribeiro Melo,190,"Avenida Heitor Penteado, 2031 - Taquaral"
104784,Gabriel Ribeiro Alves,165,"Avenida Albino José Barbosa de Oliveira, 2122 - Barão Geraldo"
104785,Pedro Queiroz Oliveira,153,"Avenida Albino José Barbosa de Oliveira, 1339 - Barão Geraldo"
104786,Guilherme Bellini Nascimento,184,"Avenida Heitor Penteado, 30 - Taquaral"
104787,Yasmin Amorim Amorim,197,"Avenida Albino José Barbosa de Oliveira, 2365 - Barão Geraldo"
104788,Rafael Martins Campos,175,"Rua Coronel Quirino, 786 - Cambuí"
104789,João Matos Amorim,161,"Rua Coronel Quirino, 1366 - Cambuí"
104790,Guilherme Cruz Bellini,160,"Avenida Heitor Penteado, 1026 - Taquaral"
104791,Daniel Nascimento Gomes,186,"Avenida Heitor Penteado, 2557 - Taquaral"
104792,Miguel Fernandes Bellini,174,"Avenida Heitor Penteado, 534 - Taquaral"
104793,Yasmin Gomes Cruz,167,"Avenida Heitor Penteado, 2064 - Taquaral"
104794,Erik Ferreira Fernandes,168,"Avenida Heitor Penteado, 437 - Taquaral"
104795,Yasmin Cruz Alves,172,"Avenida Albino José Barbosa de Oliveira, 1189 - Barão Geraldo"
104796,Larissa Martins Almeida,204,"Avenida Albino José Barbosa de Oliveira, 171 - Barão Geraldo"
104797,Pedro Amorim Campos,187,"Avenida Heitor Penteado, 2677 - Taquaral"
104798,Maria Bellini Paschoalino,203,"Avenida Albino José Barbosa de Oliveira, 3145 - Barão Geraldo"
104799,Guilherme Silva Queiroz,167,"Avenida Albino José Barbosa de Oliveira, 198 - Barão Geraldo"
104800,Felipe Gomes Medeiros,175,"Avenida Albino José Barbosa de Oliveira, 1653 - Barão Geraldo"
104801,Sofia Fernandes Silva,155,"Rua Maria Monteiro, 1007 - Cambuí"
104802,Yasmin Fernandes Gomes,153,"Avenida Heitor Penteado, 2723 - Taquaral"
104803,Livia Ferreira Gomes,193,"Rua Coronel Quirino, 1338 - Cambuí"
104804,Livia Silva Medeiros,200,"Rua Coronel Quirino, 318 - Cambuí"
104805,Giovanna Amorim Bellini,178,"Avenida Heitor Penteado, 1849 - Taquaral"
104806,Henrique Ribeiro Medeiros,183,"Avenida Heitor Penteado, 1818 - Taquaral"
104807,Guilherme Ferreira Gomes,166,"Avenida Albino José Barbosa de Oliveira, 2318 - Barão Geraldo"
104808,Gabriel Melo Oliveira,192,"Avenida Albino José Barbosa de Oliveira, 2192 - Barão Geraldo"
104809,Sofia Santana Ribeiro,192,"Avenida Heitor Penteado, 1118 - Taquaral"
104810,Daniel Campos Campos,202,"Avenida Albino José Barbosa de Oliveira, 3087 - Barão Geraldo"
104811,Henrique Almeida Campos,165,"Rua Maria Monteiro, 819 - Cambuí"
104812,Sofia Paschoalino Paschoalino,151,"Avenida Albino José Barbosa de Oliveira, 1884 - Barão Geraldo"
104813,Livia Vieira Fernandes,183,"Avenida Albino José Barbosa de Oliveira, 1766 - Barão Geraldo"
104814,João Matos Vieira,204,"Avenida Heitor Penteado, 2074 - Taquaral"
104815,Rafael Medeiros Queiroz,157,"Avenida Heitor Penteado, 2685 - Taquaral"
104816,Felipe Alves Matos,162,"Avenida Albino José Barbosa de Oliveira, 2213 - Barão Geraldo"
104817,Felipe Oliveira Matos,191,"Avenida Albino José Barbosa de Oliveira, 897 - Barão Geraldo"
104818,Livia Bellini Nascimento,157,"Avenida Heitor Penteado, 224 - Taquaral"
104819,Erik Alves Fernandes,179,"Rua Maria Monteiro, 580 - Cambuí"
104820,Maria Santana Matos,181,"Avenida Albino José Barbosa de Oliveira, 3465 - Barão Geraldo"
104821,Thiago Bellini Paschoalino,185,"Rua Coronel Quirino, 1616 - Cambuí"
104822,Beatriz Paschoalino Queiroz,196,"Avenida Heitor Penteado, 2778 - Taquaral"
104823,Daniel Queiroz Martins,179,"Avenida Albino José Barbosa de Oliveira, 1069 - Barão Geraldo"
104824,Pedro Medeiros Oliveira,150,"Rua Coronel Quirino, 1219 - Cambuí"
104825,Guilherme Nascimento Paschoalino,192,"Rua Coronel Quirino, 1001 - Cambuí"
104826,Gabriel Ribeiro Bellini,188,"Rua Coronel Quirino, 180 - Cambuí"
104827,Beatriz Silva Cruz,166,"Avenida Heitor Penteado, 1603 - Taquaral"
104828,Livia Ribeiro Martins,169,"Avenida Heitor Penteado, 2094 - Taquaral"
104829,Eduardo Silva Vieira,173,"Avenida Heitor Penteado, 1623 - Taquaral"
104830,Clara Vieira Queiroz,199,"Avenida Albino José Barbosa de Oliveira, 1779 - Barão Geraldo"
104831,Thiago Gomes Paschoalino,171,"Avenida Albino José Barbosa de Oliveira, 3110 - Barão Geraldo"
104832,André Matos Campos,178,"Rua Maria Monteiro, 1378 - Cambuí"
104833,Eduardo Cruz Melo,171,"Avenida Albino José Barbosa de Oliveira, 1933 - Barão Geraldo"
104834,Livia Santana Campos,193,"Rua Coronel Quirino, 1689 - Cambuí"
104835,Guilherme Fernandes Gomes,158,"Avenida Heitor Penteado, 587 - Taquaral"
104836,Samuel Paschoalino Nascimento,186,"Avenida Heitor Penteado, 1991 - Taquaral"
104837,Giovanna Ferreira Santana,159,"Rua Maria Monteiro, 326 - Cambuí"
104838,Daniel Silva Ribeiro,185,"Rua Maria Monteiro, 65 - Cambuí"
104839,Victor Amorim Martins,186,"Avenida Albino José Barbosa de Oliveira, 1885 - Barão Geraldo"
104840,Guilherme Gomes Vieira,177,"Avenida Albino José Barbosa de Oliveira, 3236 - Barão Geraldo"
104841,Gabriel Gomes Matos,177,"Avenida Albino José Barbosa de Oliveira, 1514 - Barão Geraldo"
104842,Giovanna Amorim Nascimento,191,"Rua Maria Monteiro, 1455 - Cambuí"
104843,Larissa Matos Queiroz,192,"Avenida Heitor Penteado, 1404 - Taquaral"
104844,Gabriel Martins Paschoalino,170,"Avenida Heitor Penteado, 90 - Taquaral"
104845,Pedro Martins Alves,173,"Rua Maria Monteiro, 693 - Cambuí"
104846,Sofia Cruz Ferreira,191,"Avenida Heitor Penteado, 1678 - Taquaral"
104847,Gabriel Melo Paschoalino,189,"Avenida Albino José Barbosa de Oliveira, 2868 - Barão Geraldo"
104848,Livia Bellini Ferreira,151,"Rua Maria Monteiro, 424 - Cambuí"
104849,João Amorim Melo,204,"Avenida Heitor Penteado, 1017 - Taquaral"
104850,Daniel Ribeiro Nascimento,157,"Avenida Albino José Barbosa de Oliveira, 1395 - Barão Geraldo"
104851,Henrique Almeida Ribeiro,197,"Avenida Albino José Barbosa de Oliveira, 522 - Barão Geraldo"
104852,Clara Cruz Matos,176,"Avenida Albino José Barbosa de Oliveira, 1786 - Barão Geraldo"
104853,Erik Santana Amorim,171,"Avenida Albino José Barbosa de Oliveira, 2535 - Barão Geraldo"
104854,Victor Bellini Vieira,186,"Avenida Albino José Barbosa de Oliveira, 2959 - Barão Geraldo"
104855,Eduardo Martins Campos,176,"Avenida Heitor Penteado, 2051 - Taquaral"
104856,Pedro Queiroz Melo,178,"Rua Coronel Quirino, 190 - Cambuí"
104857,Gabriel Medeiros Amorim,152,"Rua Coronel Quirino, 657 - Cambuí"
104858,Giovanna Gomes Nascimento,193,"Avenida Heitor Penteado, 1148 - Taquaral"
104859,Thiago Fernandes Almeida,162,"Rua Maria Monteiro, 921 - Cambuí"
104860,Beatriz Fernandes Melo,194,"Rua Maria Monteiro, 578 - Cambuí"
104861,Vinícius Gomes Paschoalino,159,"Avenida Albino José Barbosa de Oliveira, 2998 - Barão Geraldo"
104862,Giovanna Santana Matos,185,"Avenida Albino José Barbosa de Oliveira, 1275 - Barão Geraldo"
104863,Pedro Matos Amorim,158,"Avenida Heitor Penteado, 1597 - Taquaral"
104864,Henrique Ribeiro Bellini,203,"Avenida Albino José Barbosa de Oliveira, 347 - Barão Geraldo"
104865,Henrique Ferreira Amorim,204,"Avenida Albino José Barbosa de Oliveira, 986 - Barão Geraldo"
104866,Samuel Matos Vieira,176,"Avenida Albino José Barbosa de Oliveira, 1798 - Barão Geraldo"
104867,Daniel Gomes Vieira,183,"Rua Maria Monteiro, 742 - Cambuí"
104868,Livia Almeida Paschoalino,200,"Avenida Heitor Penteado, 1243 - Taquaral"
104869,Erik Queiroz Cruz,150,"Rua Coronel Quirino, 622 - Cambuí"
104870,Erik Santana Ferreira,181,"Avenida Heitor Penteado, 1767 - Taquaral"
104871,Daniel Medeiros Gomes,174,"Rua Maria Monteiro, 604 - Cambuí"
104872,Pedro Oliveira Ribeiro,178,"Avenida Albino José Barbosa de Oliveira, 1269 - Barão Geraldo"
104873,Samuel Amorim Almeida,156,"Rua Coronel Quirino, 448 - Cambuí"
104874,Thiago Matos Gomes,198,"Avenida Heitor Penteado, 967 - Taquaral"
104875,Livia Paschoalino Nascimento,152,"Avenida Albino José Barbosa de Oliveira, 1036 - Barão Geraldo"
104876,Daniel Gomes Nascimento,169,"Rua Coronel Quirino, 454 - Cambuí"
104877,Thiago Silva Queiroz,169,"Avenida Heitor Penteado, 2913 - Taquaral"
104878,Henrique Campos Alves,202,"Avenida Heitor Penteado, 346 - Taquaral"
104879,Victor Ribeiro Oliveira,179,"Avenida Albino José Barbosa de Oliveira, 568 - Barão Geraldo"
104880,Eduardo Nascimento Queiroz,184,"Rua Maria Monteiro, 1190 - Cambuí"
104881,Yasmin Santana Campos,184,"Avenida Albino José Barbosa de Oliveira, 512 - Barão Geraldo"
104882,Larissa Alves Queiroz,198,"Avenida Heitor Penteado, 68 - Taquaral"
104883,Vinícius Silva Amorim,188,"Avenida Heitor Penteado, 876 - Taquaral"
104884,Miguel Santana Fernandes,176,"Rua Maria Monteiro, 602 - Cambuí"
104885,Thiago Almeida Oliveira,175,"Avenida Albino José Barbosa de Oliveira, 2104 - Barão Geraldo"
104886,Samuel Amorim Paschoalino,163,"Avenida Heitor Penteado, 1729 - Taquaral"
104887,Henrique Gomes Oliveira,166,"Avenida Heitor Penteado, 301 - Taquaral"
104888,Eduardo Amorim Vieira,167,"Avenida Heitor Penteado, 462 - Taquaral"
104889,André Nascimento Santana,194,"Avenida Albino José Barbosa de Oliveira, 2672 - Barão Geraldo"
104890,Felipe Cruz Matos,201,"Avenida Albino José Barbosa de Oliveira, 1609 - Barão Geraldo"
104891,Miguel Fernandes Cruz,178,"Rua Coronel Quirino, 746 - Cambuí"
104892,Beatriz Campos Ferreira,169,"Avenida Heitor Penteado, 2372 - Taquaral"
104893,Vinícius Oliveira Vieira,202,"Rua Maria Monteiro, 833 - Cambuí"
104894,João Ribeiro Matos,176,"Avenida Albino José Barbosa de Oliveira, 1527 - Barão Geraldo"
104895,Gabriel Alves Ribeiro,167,"Avenida Heitor Penteado, 2023 - Taquaral"
104896,André Santana Silva,153,"Avenida Albino José Barbosa de Oliveira, 3089 - Barão Geraldo"
104897,Guilherme Gomes Melo,150,"Avenida Heitor Penteado, 1950 - Taquaral"
104898,Thiago Nascimento Alves,199,"Avenida Albino José Barbosa de Oliveira, 1586 - Barão Geraldo"
104899,Vinícius Martins Silva,150,"Avenida Heitor Penteado, 1978 - Taquaral"
104900,Sofia Matos Ribeiro,175,"Avenida Heitor Penteado, 2312 - Taquaral"
104901,Yasmin Santana Vieira,194,"Avenida Heitor Penteado, 44 - Taquaral"
104902,Victor Almeida Cruz,169,"Avenida Albino José Barbosa de Oliveira, 3491 - Barão Geraldo"
104903,Thiago Santana Silva,201,"Avenida Albino José Barbosa de Oliveira, 2410 - Barão Geraldo"
104904,Erik Silva Melo,172,"Avenida Heitor Penteado, 1359 - Taquaral"
104905,Daniel Almeida Queiroz,159,"Avenida Heitor Penteado, 299 - Taquaral"
104906,Victor Ribeiro Martins,160,"Avenida Heitor Penteado, 264 - Taquaral"
104907,Henrique Melo Melo,190,"Avenida Heitor Penteado, 2177 - Taquaral"
104908,Vinícius Silva Campos,190,"Rua Coronel Quirino, 394 - Cambuí"
104909,Yasmin Amorim Santana,154,"Avenida Heitor Penteado, 1235 - Taquaral"
104910,Erik Paschoalino Bellini,150,"Avenida Albino José Barbosa de Oliveira, 590 - Barão Geraldo"
104911,Felipe Vieira Campos,166,"Rua Maria Monteiro, 892 - Cambuí"
104912,Eduardo Almeida Oliveira,171,"Rua Coronel Quirino, 1517 - Cambuí"
104913,Pedro Paschoalino Fernandes,183,"Rua Coronel Quirino, 1923 - Cambuí"
104914,Clara Medeiros Almeida,194,"Avenida Albino José Barbosa de Oliveira, 2446 - Barão Geraldo"
104915,Samuel Ferreira Gomes,190,"Avenida Albino José Barbosa de Oliveira, 3219 - Barão Geraldo"
104916,Yasmin Amorim Fernandes,178,"Avenida Albino José Barbosa de Oliveira, 2653 - Barão Geraldo"
104917,Guilherme Queiroz Cruz,153,"Avenida Albino José Barbosa de Oliveira, 3225 - Barão Geraldo"
104918,Gabriel Matos Martins,154,"Avenida Albino José Barbosa de Oliveira, 152 - Barão Geraldo"
104919,Livia Martins Amorim,160,"Rua Coronel Quirino, 1739 - Cambuí"
104920,João Nascimento Queiroz,200,"Avenida Heitor Penteado, 1260 - Taquaral"
104921,Henrique Queiroz Vieira,170,"Avenida Heitor Penteado, 838 - Taquaral"
104922,Vinícius Santana Oliveira,184,"Avenida Albino José Barbosa de Oliveira, 1016 - Barão Geraldo"
104923,Rafael Silva Almeida,161,"Rua Maria Monteiro, 536 - Cambuí"
104924,Maria Matos Ferreira,175,"Rua Maria Monteiro, 407 - Cambuí"
104925,Pedro Silva Cruz,200,"Rua Maria Monteiro, 1170 - Cambuí"
104926,Sofia Gomes Ribeiro,168,"Rua Maria Monteiro, 50 - Cambuí"
104927,João Oliveira Paschoalino,194,"Rua Maria Monteiro, 239 - Cambuí"
104928,João Ferreira Alves,156,"Avenida Albino José Barbosa de Oliveira, 2748 - Barão Geraldo"
104929,Thiago Gomes Santana,196,"Rua Coronel Quirino, 824 - Cambuí"
104930,Vinícius Matos Santana,204,"Avenida Heitor Penteado, 1415 - Taquaral"
104931,Livia Alves Oliveira,156,"Avenida Albino José Barbosa de Oliveira, 1319 - Barão Geraldo"
104932,Thiago Paschoalino Santana,175,"Avenida Heitor Penteado, 2862 - Taquaral"
104933,Miguel Alves Queiroz,189,"Avenida Heitor Penteado, 638 - Taquaral"
104934,Felipe Paschoalino Melo,154,"Avenida Albino José Barbosa de Oliveira, 437 - Barão Geraldo"
104935,Guilherme Fernandes Cruz,170,"Avenida Heitor Penteado, 1142 - Taquaral"
104936,João Silva Queiroz,163,"Rua Coronel Quirino, 1346 - Cambuí"
104937,André Campos Silva,153,"Avenida Heitor Penteado, 1429 - Taquaral"
104938,Beatriz Ribeiro Silva,172,"Avenida Heitor Penteado, 1309 - Taquaral"
104939,Rafael Amorim Martins,191,"Rua Coronel Quirino, 1271 - Cambuí"
104940,Beatriz Silva Silva,169,"Avenida Albino José Barbosa de Oliveira, 2673 - Barão Geraldo"
104941,Rafael Medeiros Melo,164,"Avenida Albino José Barbosa de Oliveira, 2928 - Barão Geraldo"
104942,André Amorim Campos,199,"Rua Maria Monteiro, 682 - Cambuí"
104943,Rafael Ferreira Amorim,201,"Avenida Heitor Penteado, 1747 - Taquaral"
104944,Erik Amorim Ribeiro,194,"Avenida Albino José Barbosa de Oliveira, 1023 - Barão Geraldo"
104945,Sofia Cruz Medeiros,178,"Avenida Albino José Barbosa de Oliveira, 3319 - Barão Geraldo"
104946,João Paschoalino Campos,157,"Avenida Albino José Barbosa de Oliveira, 2920 - Barão Geraldo"
104947,Larissa Almeida Oliveira,190,"Avenida Albino José Barbosa de Oliveira, 2730 - Barão Geraldo"
104948,Eduardo Vieira Gomes,197,"Avenida Heitor Penteado, 1910 - Taquaral"
104949,Daniel Medeiros Ferreira,168,"Avenida Albino José Barbosa de Oliveira, 1349 - Barão Geraldo"
104950,Rafael Medeiros Fernandes,197,"Avenida Albino José Barbosa de Oliveira, 198 - Barão Geraldo"
104951,Daniel Matos Silva,188,"Avenida Albino José Barbosa de Oliveira, 2467 - Barão Geraldo"
104952,Felipe Ribeiro Campos,195,"Avenida Albino José Barbosa de Oliveira, 3184 - Barão Geraldo"
104953,Thiago Paschoalino Fernandes,177,"Avenida Albino José Barbosa de Oliveira, 538 - Barão Geraldo"
104954,Yasmin Fernandes Oliveira,195,"Avenida Heitor Penteado, 2478 - Taquaral"
104955,Victor Alves Queiroz,176,"Avenida Heitor Penteado, 1734 - Taquaral"
104956,André Martins Gomes,153,"Avenida Albino José Barbosa de Oliveira, 2434 - Barão Geraldo"
104957,Yasmin Medeiros Vieira,164,"Rua Coronel Quirino, 1741 - Cambuí"
104958,Felipe Queiroz Almeida,184,"Avenida Albino José Barbosa de Oliveira, 572 - Barão Geraldo"
104959,Thiago Silva Vieira,186,"Avenida Heitor Penteado, 488 - Taquaral"
104960,Erik Ferreira Medeiros,150,"Avenida Heitor Penteado, 793 - Taquaral"
104961,Giovanna Campos Santana,152,"Avenida Heitor Penteado, 2322 - Taquaral"
104962,Larissa Queiroz Gomes,196,"Avenida Albino José Barbosa de Oliveira, 380 - Barão Geraldo"
104963,Erik Ribeiro Paschoalino,173,"Rua Maria Monteiro, 1351 - Cambuí"
104964,Guilherme Silva Matos,176,"Avenida Heitor Penteado, 2495 - Taquaral"
104965,João Cruz Fernandes,189,"Rua Coronel Quirino, 1853 - Cambuí"
104966,Miguel Melo Vieira,185,"Avenida Albino José Barbosa de Oliveira, 3437 - Barão Geraldo"
104967,Victor Ferreira Vieira,183,"Rua Maria Monteiro, 1115 - Cambuí"
104968,Daniel Vieira Oliveira,178,"Avenida Albino José Barbosa de Oliveira, 660 - Barão Geraldo"
104969,Thiago Vieira Oliveira,173,"Rua Maria Monteiro, 264 - Cambuí"
104970,Henrique Melo Ribeiro,173,"Avenida Heitor Penteado, 2353 - Taquaral"
104971,André Oliveira Paschoalino,191,"Rua Coronel Quirino, 1941 - Cambuí"
104972,Felipe Ribeiro Alves,153,"Avenida Heitor Penteado, 712 - Taquaral"
104973,Miguel Vieira Bellini,152,"Avenida Heitor Penteado, 1718 - Taquaral"
104974,Guilherme Ribeiro Santana,183,"Avenida Albino José Barbosa de Oliveira, 626 - Barão Geraldo"
104975,Thiago Almeida Nascimento,198,"Rua Maria Monteiro, 810 - Cambuí"
104976,Beatriz Martins Nascimento,172,"Avenida Heitor Penteado, 1681 - Taquaral"
104977,Erik Silva Almeida,202,"Rua Maria Monteiro, 1242 - Cambuí"
104978,Victor Fernandes Gomes,201,"Rua Coronel Quirino, 174 - Cambuí"
104979,Gabriel Santana Silva,172,"Avenida Albino José Barbosa de Oliveira, 1189 - Barão Geraldo"
104980,Felipe Oliveira Nascimento,194,"Rua Maria Monteiro, 794 - Cambuí"
104981,Giovanna Ferreira Silva,154,"Rua Coronel Quirino, 592 - Cambuí"
104982,Clara Amorim Alves,180,"Avenida Albino José Barbosa de Oliveira, 1142 - Barão Geraldo"
104983,Victor Alves Alves,202,"Rua Maria Monteiro, 119 - Cambuí"
104984,Rafael Queiroz Ferreira,190,"Avenida Albino José Barbosa de Oliveira, 1295 - Barão Geraldo"
104985,Rafael Oliveira Medeiros,203,"Avenida Heitor Penteado, 278 - Taquaral"
104986,Victor Martins Almeida,155,"Avenida Albino José Barbosa de Oliveira, 663 - Barão Geraldo"
104987,Sofia Melo Santana,186,"Rua Maria Monteiro, 589 - Cambuí"
104988,Larissa Gomes Alves,159,"Avenida Albino José Barbosa de Oliveira, 786 - Barão Geraldo"
104989,Rafael Nascimento Santana,189,"Avenida Heitor Penteado, 2008 - Taquaral"
104990,Henrique Queiroz Matos,156,"Avenida Heitor Penteado, 69 - Taquaral"
104991,Thiago Silva Vieira,188,"Avenida Albino José Barbosa de Oliveira, 3030 - Barão Geraldo"
104992,Samuel Santana Silva,187,"Rua Maria Monteiro, 1065 - Cambuí"
104993,Felipe Ferreira Silva,170,"Rua Coronel Quirino, 150 - Cambuí"
104994,Beatriz Cruz Queiroz,169,"Rua Coronel Quirino, 652 - Cambuí"
104995,Yasmin Ribeiro Oliveira,152,"Rua Coronel Quirino, 2000 - Cambuí"
104996,Pedro Almeida Ferreira,200,"Rua Maria Monteiro, 59 - Cambuí"
104997,Victor Fernandes Alves,171,"Avenida Albino José Barbosa de Oliveira, 1927 - Barão Geraldo"
104998,Victor Martins Melo,196,"Avenida Heitor Penteado, 2751 - Taquaral"
104999,Beatriz Fernandes Cruz,153,"Avenida Albino José Barbosa de Oliveira, 975 - Barão Geraldo"
105000,Rafael Alves Paschoalino,177,"Avenida Albino José Barbosa de Oliveira, 2887 - Barão Geraldo"
105001,Erik Gomes Amorim,161,"Avenida Albino José Barbosa de Oliveira, 539 - Barão Geraldo"
105002,Henrique Fernandes Ribeiro,187,"Avenida Heitor Penteado, 2588 - Taquaral"
105003,Daniel Oliveira Alves,200,"Avenida Albino José Barbosa de Oliveira, 2015 - Barão Geraldo"
105004,Guilherme Oliveira Ferreira,185,"Avenida Heitor Penteado, 1415 - Taquaral"
105005,Sofia Oliveira Paschoalino,196,"Avenida Heitor Penteado, 1639 - Taquaral"
105006,Miguel Campos Ferreira,190,"Rua Coronel Quirino, 360 - Cambuí"
105007,Victor Melo Gomes,154,"Avenida Heitor Penteado, 1958 - Taquaral"
105008,Thiago Martins Amorim,162,"Rua Coronel Quirino, 756 - Cambuí"
105009,Gabriel Silva Alves,172,"Avenida Heitor Penteado, 1190 - Taquaral"
105010,Vinícius Fernandes Amorim,199,"Avenida Heitor Penteado, 746 - Taquaral"
105011,Yasmin Martins Nascimento,179,"Avenida Heitor Penteado, 1763 - Taquaral"
105012,Beatriz Bellini Queiroz,186,"Rua Coronel Quirino, 1925 - Cambuí"
105013,Daniel Gomes Gomes,174,"Avenida Albino José Barbosa de Oliveira, 2386 - Barão Geraldo"
105014,Giovanna Melo Martins,197,"Rua Maria Monteiro, 1253 - Cambuí"
105015,Victor Paschoalino Oliveira,176,"Avenida Heitor Penteado, 1905 - Taquaral"
105016,Samuel Oliveira Nascimento,200,"Avenida Albino José Barbosa de Oliveira, 3418 - Barão Geraldo"
105017,Vinícius Queiroz Santana,163,"Rua Maria Monteiro, 718 - Cambuí"
105018,Victor Almeida Almeida,197,"Rua Maria Monteiro, 435 - Cambuí"
105019,Yasmin Fernandes Medeiros,196,"Avenida Heitor Penteado, 2617 - Taquaral"
105020,Clara Nascimento Almeida,203,"Rua Maria Monteiro, 904 - Cambuí"
105021,João Ferreira Martins,185,"Rua Coronel Quirino, 1367 - Cambuí"
105022,Erik Ferreira Paschoalino,188,"Avenida Albino José Barbosa de Oliveira, 2075 - Barão Geraldo"
105023,Yasmin Almeida Santana,165,"Rua Coronel Quirino, 1763 - Cambuí"
105024,Erik Nascimento Nascimento,171,"Avenida Heitor Penteado, 783 - Taquaral"
105025,Clara Oliveira Bellini,170,"Rua Maria Monteiro, 279 - Cambuí"
105026,Felipe Gomes Vieira,203,"Avenida Albino José Barbosa de Oliveira, 915 - Barão Geraldo"
105027,Thiago Bellini Almeida,170,"Avenida Heitor Penteado, 2830 - Taquaral"
105028,Yasmin Matos Alves,157,"Avenida Albino José Barbosa de Oliveira, 616 - Barão Geraldo"
105029,André Amorim Oliveira,198,"Avenida Heitor Penteado, 2465 - Taquaral"
105030,João Cruz Amorim,165,"Rua Coronel Quirino, 745 - Cambuí"
105031,Sofia Martins Santana,204,"Avenida Heitor Penteado, 1188 - Taquaral"
105032,Pedro Martins Ferreira,180,"Rua Maria Monteiro, 1524 - Cambuí"
105033,Larissa Bellini Cruz,191,"Rua Coronel Quirino, 1479 - Cambuí"
105034,Livia Almeida Fernandes,159,"Rua Maria Monteiro, 78 - Cambuí"
105035,Eduardo Martins Fernandes,181,"Avenida Albino José Barbosa de Oliveira, 2686 - Barão Geraldo"
105036,Guilherme Gomes Campos,183,"Avenida Albino José Barbosa de Oliveira, 2459 - Barão Geraldo"
105037,Livia Matos Vieira,158,"Rua Maria Monteiro, 17 - Cambuí"
105038,João Amorim Melo,166,"Avenida Albino José Barbosa de Oliveira, 3426 - Barão Geraldo"
105039,André Bellini Campos,160,"Avenida Heitor Penteado, 1623 - Taquaral"
105040,Erik Bellini Alves,181,"Avenida Heitor Penteado, 1616 - Taquaral"
105041,João Fernandes Queiroz,159,"Avenida Heitor Penteado, 1038 - Taquaral"
105042,André Campos Campos,171,"Rua Maria Monteiro, 1543 - Cambuí"
105043,Livia Vieira Ribeiro,166,"Avenida Albino José Barbosa de Oliveira, 2419 - Barão Geraldo"
105044,Gabriel Almeida Amorim,153,"Rua Coronel Quirino, 401 - Cambuí"
105045,Felipe Medeiros Santana,197,"Rua Maria Monteiro, 1303 - Cambuí"
105046,Guilherme Gomes Vieira,201,"Rua Coronel Quirino, 1388 - Cambuí"
105047,Henrique Martins Ribeiro,196,"Rua Maria Monteiro, 914 - Cambuí"
105048,Erik Gomes Almeida,174,"Avenida Heitor Penteado, 1317 - Taquaral"
105049,Guilherme Nascimento Martins,170,"Rua Coronel Quirino, 1141 - Cambuí"
105050,Yasmin Amorim Medeiros,186,"Rua Coronel Quirino, 1987 - Cambuí"
105051,Giovanna Gomes Oliveira,187,"Avenida Albino José Barbosa de Oliveira, 2748 - Barão Geraldo"
105052,Erik Martins Queiroz,198,"Avenida Heitor Penteado, 240 - Taquaral"
105053,Daniel Ferreira Vieira,150,"Avenida Albino José Barbosa de Oliveira, 781 - Barão Geraldo"
105054,João Cruz Ribeiro,174,"Avenida Albino José Barbosa de Oliveira, 903 - Barão Geraldo"
105055,Livia Paschoalino Oliveira,200,"Rua Maria Monteiro, 99 - Cambuí"
105056,Henrique Almeida Melo,185,"Avenida Albino José Barbosa de Oliveira, 255 - Barão Geraldo"
105057,Samuel Martins Ferreira,166,"Avenida Albino José Barbosa de Oliveira, 877 - Barão Geraldo"
105058,André Amorim Ribeiro,190,"Avenida Albino José Barbosa de Oliveira, 1411 - Barão Geraldo"
105059,Yasmin Martins Gomes,173,"Avenida Albino José Barbosa de Oliveira, 2653 - Barão Geraldo"
105060,Beatriz Nascimento Gomes,151,"Avenida Heitor Penteado, 1364 - Taquaral"
105061,Giovanna Ribeiro Cruz,189,"Avenida Heitor Penteado, 1524 - Taquaral"
105062,Vinícius Ferreira Queiroz,164,"Avenida Albino José Barbosa de Oliveira, 503 - Barão Geraldo"
105063,João Amorim Fernandes,181,"Avenida Heitor Penteado, 2274 - Taquaral"
105064,Sofia Alves Cruz,188,"Avenida Albino José Barbosa de Oliveira, 1904 - Barão Geraldo"
105065,Erik Gomes Matos,155,"Avenida Albino José Barbosa de Oliveira, 998 - Barão Geraldo"
105066,Livia Vieira Almeida,150,"Avenida Heitor Penteado, 1735 - Taquaral"
105067,André Fernandes Melo,196,"Avenida Albino José Barbosa de Oliveira, 912 - Barão Geraldo"
105068,Giovanna Santana Queiroz,172,"Rua Coronel Quirino, 1779 - Cambuí"
105069,Vinícius Ferreira Gomes,188,"Avenida Heitor Penteado, 2666 - Taquaral"
105070,Beatriz Ferreira Nascimento,166,"Avenida Albino José Barbosa de Oliveira, 2174 - Barão Geraldo"
105071,Beatriz Cruz Amorim,183,"Avenida Heitor Penteado, 1378 - Taquaral"
105072,Miguel Alves Medeiros,190,"Avenida Heitor Penteado, 832 - Taquaral"
105073,Vinícius Alves Silva,178,"Avenida Heitor Penteado, 1916 - Taquaral"
105074,Maria Fernandes Nascimento,158,"Avenida Heitor Penteado, 845 - Taquaral"
105075,André Matos Silva,162,"Avenida Heitor Penteado, 2118 - Taquaral"
105076,Erik Nascimento Alves,155,"Avenida Heitor Penteado, 2996 - Taquaral"
105077,Maria Paschoalino Ferreira,155,"Avenida Heitor Penteado, 2340 - Taquaral"
105078,Henrique Nascimento Ribeiro,169,"Avenida Albino José Barbosa de Oliveira, 1480 - Barão Geraldo"
105079,Beatriz Campos Cruz,201,"Avenida Albino José Barbosa de Oliveira, 2385 - Barão Geraldo"
105080,João Medeiros Matos,202,"Avenida Heitor Penteado, 1696 - Taquaral"
105081,Thiago Martins Bellini,152,"Rua Maria Monteiro, 1321 - Cambuí"
105082,Erik Vieira Matos,166,"Rua Maria Monteiro, 926 - Cambuí"
105083,Daniel Almeida Almeida,198,"Avenida Albino José Barbosa de Oliveira, 638 - Barão Geraldo"
105084,Rafael Amorim Gomes,161,"Rua Coronel Quirino, 1608 - Cambuí"
105085,Giovanna Alves Ferreira,197,"Avenida Heitor Penteado, 2620 - Taquaral"
105086,Larissa Campos Bellini,196,"Rua Maria Monteiro, 27 - Cambuí"
105087,Thiago Queiroz Melo,194,"Avenida Albino José Barbosa de Oliveira, 763 - Barão Geraldo"
105088,Miguel Medeiros Vieira,204,"Rua Coronel Quirino, 289 - Cambuí"
105089,Henrique Alves Medeiros,150,"Avenida Albino José Barbosa de Oliveira, 1396 - Barão Geraldo"
105090,Eduardo Campos Ribeiro,166,"Avenida Heitor Penteado, 2417 - Taquaral"
105091,Daniel Martins Queiroz,152,"Avenida Albino José Barbosa de Oliveira, 3447 - Barão Geraldo"
105092,Thiago Vieira Fernandes,175,"Avenida Albino José Barbosa de Oliveira, 1866 - Barão Geraldo"
105093,Rafael Nascimento Gomes,164,"Avenida Albino José Barbosa de Oliveira, 951 - Barão Geraldo"
105094,Livia Paschoalino Oliveira,185,"Avenida Heitor Penteado, 1702 - Taquaral"
105095,Thiago Silva Ribeiro,181,"Rua Coronel Quirino, 243 - Cambuí"
105096,Thiago Vieira Gomes,181,"Avenida Heitor Penteado, 1769 - Taquaral"
105097,Daniel Santana Melo,153,"Avenida Heitor Penteado, 245 - Taquaral"
105098,Giovanna Nascimento Campos,167,"Rua Coronel Quirino, 194 - Cambuí"
105099,Samuel Matos Bellini,198,"Avenida Albino José Barbosa de Oliveira, 913 - Barão Geraldo"
105100,Larissa Medeiros Alves,168,"Avenida Heitor Penteado, 742 - Taquaral"
105101,Victor Amorim Santana,192,"Avenida Albino José Barbosa de Oliveira, 509 - Barão Geraldo"
105102,Maria Silva Oliveira,201,"Rua Maria Monteiro, 750 - Cambuí"
105103,Giovanna Queiroz Medeiros,184,"Avenida Albino José Barbosa de Oliveira, 1285 - Barão Geraldo"
105104,Vinícius Martins Oliveira,189,"Avenida Albino José Barbosa de Oliveira, 2492 - Barão Geraldo"
105105,Yasmin Nascimento Silva,163,"Rua Maria Monteiro, 1253 - Cambuí"
105106,André Gomes Santana,182,"Avenida Albino José Barbosa de Oliveira, 144 - Barão Geraldo"
105107,André Gomes Almeida,163,"Rua Coronel Quirino, 1262 - Cambuí"
105108,Giovanna Silva Ferreira,183,"Avenida Heitor Penteado, 2291 - Taquaral"
105109,Vinícius Ribeiro Fernandes,204,"Avenida Heitor Penteado, 1897 - Taquaral"
105110,Daniel Bellini Bellini,153,"Avenida Heitor Penteado, 821 - Taquaral"
105111,André Fernandes Bellini,173,"Avenida Albino José Barbosa de Oliveira, 2245 - Barão Geraldo"
105112,Clara Campos Nascimento,178,"Avenida Heitor Penteado, 2710 - Taquaral"
105113,Thiago Campos Ferreira,168,"Avenida Albino José Barbosa de Oliveira, 3088 - Barão Geraldo"
105114,Victor Gomes Ribeiro,155,"Avenida Heitor Penteado, 1885 - Taquaral"
105115,Vinícius Fernandes Matos,182,"Avenida Albino José Barbosa de Oliveira, 216 - Barão Geraldo"
105116,Livia Amorim Matos,198,"Avenida Heitor Penteado, 1282 - Taquaral"
105117,André Fernandes Fernandes,189,"Avenida Heitor Penteado, 1775 - Taquaral"
105118,Henrique Alves Ferreira,168,"Avenida Heitor Penteado, 2498 - Taquaral"
105119,Eduardo Ferreira Amorim,202,"Avenida Heitor Penteado, 1777 - Taquaral"
105120,Felipe Matos Oliveira,150,"Avenida Albino José Barbosa de Oliveira, 2795 - Barão Geraldo"
105121,Yasmin Martins Silva,154,"Avenida Albino José Barbosa de Oliveira, 871 - Barão Geraldo"
105122,Livia Medeiros Melo,176,"Avenida Albino José Barbosa de Oliveira, 2080 - Barão Geraldo"
105123,Clara Ribeiro Amorim,165,"Rua Coronel Quirino, 1954 - Cambuí"
105124,Sofia Alves Vieira,155,"Avenida Albino José Barbosa de Oliveira, 2178 - Barão Geraldo"
105125,Felipe Queiroz Alves,189,"Avenida Heitor Penteado, 2382 - Taquaral"
105126,Guilherme Nascimento Fernandes,162,"Rua Coronel Quirino, 1712 - Cambuí"
105127,Miguel Ferreira Paschoalino,197,"Avenida Albino José Barbosa de Oliveira, 686 - Barão Geraldo"
105128,Eduardo Campos Melo,184,"Avenida Albino José Barbosa de Oliveira, 3257 - Barão Geraldo"
105129,Erik Campos Alves,168,"Rua Coronel Quirino, 878 - Cambuí"
105130,Victor Gomes Gomes,161,"Avenida Albino José Barbosa de Oliveira, 873 - Barão Geraldo"
105131,André Nascimento Matos,165,"Rua Coronel Quirino, 1017 - Cambuí"
105132,Thiago Amorim Bellini,192,"Avenida Albino José Barbosa de Oliveira, 2008 - Barão Geraldo"
105133,Livia Matos Almeida,159,"Rua Coronel Quirino, 1570 - Cambuí"
105134,Livia Campos Cruz,174,"Avenida Heitor Penteado, 1949 - Taquaral"
105135,Daniel Martins Santana,169,"Rua Coronel Quirino, 1057 - Cambuí"
105136,Felipe Cruz Melo,180,"Rua Maria Monteiro, 1386 - Cambuí"
105137,Guilherme Oliveira Oliveira,153,"Avenida Albino José Barbosa de Oliveira, 1047 - Barão Geraldo"
105138,Thiago Martins Matos,193,"Avenida Albino José Barbosa de Oliveira, 1773 - Barão Geraldo"
105139,Maria Alves Santana,172,"Avenida Heitor Penteado, 441 - Taquaral"
105140,Maria Campos Silva,151,"Rua Coronel Quirino, 305 - Cambuí"
105141,Henrique Alves Ribeiro,171,"Avenida Heitor Penteado, 366 - Taquaral"
105142,Daniel Ribeiro Ribeiro,200,"Avenida Albino José Barbosa de Oliveira, 1560 - Barão Geraldo"
105143,Henrique Queiroz Matos,186,"Avenida Albino José Barbosa de Oliveira, 701 - Barão Geraldo"
105144,Sofia Martins Bellini,157,"Avenida Albino José Barbosa de Oliveira, 3113 - Barão Geraldo"
105145,Livia Amorim Ferreira,156,"Avenida Albino José Barbosa de Oliveira, 2533 - Barão Geraldo"
105146,Guilherme Ferreira Oliveira,163,"Rua Coronel Quirino, 613 - Cambuí"
105147,Erik Martins Nascimento,204,"Avenida Albino José Barbosa de Oliveira, 87 - Barão Geraldo"
105148,André Matos Fernandes,152,"Rua Coronel Quirino, 270 - Cambuí"
105149,Miguel Ribeiro Oliveira,199,"Avenida Albino José Barbosa de Oliveira, 2556 - Barão Geraldo"
105150,Yasmin Cruz Martins,165,"Avenida Albino José Barbosa de Oliveira, 1718 - Barão Geraldo"
105151,Victor Ribeiro Gomes,204,"Rua Maria Monteiro, 1376 - Cambuí"
105152,Maria Gomes Santana,168,"Avenida Heitor Penteado, 202 - Taquaral"
105153,Rafael Paschoalino Campos,200,"Avenida Albino José Barbosa de Oliveira, 2858 - Barão Geraldo"
105154,Gabriel Almeida Campos,167,"Avenida Albino José Barbosa de Oliveira, 425 - Barão Geraldo"
105155,Vinícius Queiroz Vieira,201,"Avenida Albino José Barbosa de Oliveira, 2240 - Barão Geraldo"
105156,Vinícius Melo Gomes,165,"Rua Maria Monteiro, 819 - Cambuí"
105157,André Fernandes Campos,157,"Avenida Albino José Barbosa de Oliveira, 1107 - Barão Geraldo"
105158,Gabriel Oliveira Melo,182,"Avenida Heitor Penteado, 2408 - Taquaral"
105159,Rafael Amorim Vieira,198,"Rua Maria Monteiro, 1331 - Cambuí"
105160,João Paschoalino Campos,161,"Rua Coronel Quirino, 1111 - Cambuí"
105161,Rafael Martins Matos,202,"Avenida Albino José Barbosa de Oliveira, 2597 - Barão Geraldo"
105162,Samuel Santana Oliveira,160,"Avenida Albino José Barbosa de Oliveira, 382 - Barão Geraldo"
105163,Miguel Alves Bellini,154,"Avenida Albino José Barbosa de Oliveira, 665 - Barão Geraldo"
105164,Erik Amorim Santana,176,"Rua Maria Monteiro, 799 - Cambuí"
105165,Henrique Almeida Nascimento,161,"Rua Maria Monteiro, 1036 - Cambuí"
105166,Clara Paschoalino Santana,166,"Avenida Heitor Penteado, 137 - Taquaral"
105167,Victor Ferreira Ferreira,155,"Rua Maria Monteiro, 502 - Cambuí"
105168,Gabriel Campos Ferreira,182,"Avenida Albino José Barbosa de Oliveira, 1500 - Barão Geraldo"
105169,Gabriel Oliveira Ferreira,154,"Rua Maria Monteiro, 159 - Cambuí"
105170,Samuel Ribeiro Cruz,177,"Rua Maria Monteiro, 818 - Cambuí"
105171,Vinícius Fernandes Oliveira,163,"Avenida Albino José Barbosa de Oliveira, 2790 - Barão Geraldo"
105172,Gabriel Ferreira Vieira,154,"Rua Coronel Quirino, 1672 - Cambuí"
105173,André Medeiros Gomes,203,"Rua Maria Monteiro, 172 - Cambuí"
105174,Samuel Amorim Martins,182,"Rua Coronel Quirino, 193 - Cambuí"
105175,Clara Gomes Silva,199,"Rua Maria Monteiro, 260 - Cambuí"
105176,Larissa Matos Cruz,197,"Avenida Albino José Barbosa de Oliveira, 1992 - Barão Geraldo"
105177,Larissa Campos Ribeiro,190,"Rua Maria Monteiro, 240 - Cambuí"
105178,Sofia Paschoalino Ferreira,168,"Rua Coronel Quirino, 1337 - Cambuí"
105179,Pedro Medeiros Nascimento,171,"Rua Maria Monteiro, 210 - Cambuí"
105180,Livia Medeiros Alves,154,"Avenida Albino José Barbosa de Oliveira, 2000 - Barão Geraldo"
105181,Livia Queiroz Ribeiro,151,"Avenida Albino José Barbosa de Oliveira, 1643 - Barão Geraldo"
105182,Rafael Ferreira Gomes,179,"Avenida Albino José Barbosa de Oliveira, 41 - Barão Geraldo"
105183,Daniel Cruz Almeida,196,"Avenida Albino José Barbosa de Oliveira, 2837 - Barão Geraldo"
105184,Giovanna Melo Cruz,188,"Rua Maria Monteiro, 958 - Cambuí"
105185,Thiago Oliveira Alves,153,"Avenida Heitor Penteado, 880 - Taquaral"
105186,Maria Fernandes Almeida,182,"Rua Coronel Quirino, 1840 - Cambuí"
105187,Gabriel Amorim Santana,162,"Avenida Heitor Penteado, 1063 - Taquaral"
105188,Giovanna Cruz Fernandes,169,"Rua Coronel Quirino, 332 - Cambuí"
105189,Rafael Vieira Ferreira,203,"Avenida Heitor Penteado, 1290 - Taquaral"
105190,Larissa Amorim Bellini,156,"Avenida Heitor Penteado, 1257 - Taquaral"
105191,Giovanna Fernandes Nascimento,164,"Avenida Heitor Penteado, 475 - Taquaral"
105192,Larissa Ferreira Fernandes,172,"Avenida Heitor Penteado, 2940 - Taquaral"
105193,Miguel Silva Melo,163,"Avenida Albino José Barbosa de Oliveira, 54 - Barão Geraldo"
105194,Giovanna Campos Medeiros,172,"Rua Coronel Quirino, 388 - Cambuí"
105195,Eduardo Almeida Queiroz,168,"Avenida Albino José Barbosa de Oliveira, 145 - Barão Geraldo"
105196,Guilherme Paschoalino Bellini,203,"Avenida Heitor Penteado, 200 - Taquaral"
105197,João Melo Alves,178,"Avenida Albino José Barbosa de Oliveira, 2700 - Barão Geraldo"
105198,Larissa Nascimento Nascimento,169,"Avenida Albino José Barbosa de Oliveira, 2243 - Barão Geraldo"
105199,Larissa Oliveira Melo,178,"Avenida Albino José Barbosa de Oliveira, 1169 - Barão Geraldo"
105200,Rafael Nascimento Amorim,173,"Avenida Albino José Barbosa de Oliveira, 742 - Barão Geraldo"
105201,Larissa Ferreira Nascimento,167,"Rua Maria Monteiro, 241 - Cambuí"
105202,Eduardo Almeida Almeida,159,"Avenida Heitor Penteado, 112 - Taquaral"
105203,Vinícius Nascimento Martins,190,"Avenida Heitor Penteado, 738 - Taquaral"
105204,Giovanna Ribeiro Bellini,157,"Avenida Heitor Penteado, 2247 - Taquaral"
105205,André Santana Melo,175,"Rua Maria Monteiro, 1409 - Cambuí"
105206,Guilherme Almeida Melo,178,"Avenida Albino José Barbosa de Oliveira, 775 - Barão Geraldo"
105207,André Silva Alves,159,"Avenida Albino José Barbosa de Oliveira, 1584 - Barão Geraldo"
105208,Thiago Queiroz Queiroz,166,"Rua Coronel Quirino, 402 - Cambuí"
105209,Livia Amorim Campos,151,"Avenida Albino José Barbosa de Oliveira, 681 - Barão Geraldo"
105210,Erik Alves Ribeiro,155,"Rua Maria Monteiro, 238 - Cambuí"
105211,Eduardo Melo Queiroz,154,"Rua Coronel Quirino, 1057 - Cambuí"
105212,Henrique Queiroz Alves,177,"Avenida Albino José Barbosa de Oliveira, 2981 - Barão Geraldo"
105213,Livia Amorim Ribeiro,190,"Avenida Heitor Penteado, 2177 - Taquaral"
105214,Erik Queiroz Amorim,154,"Avenida Albino José Barbosa de Oliveira, 695 - Barão Geraldo"
105215,Erik Amorim Martins,167,"Avenida Heitor Penteado, 2793 - Taquaral"
105216,André Vieira Fernandes,175,"Rua Maria Monteiro, 1544 - Cambuí"
105217,Gabriel Nascimento Santana,169,"Rua Coronel Quirino, 1013 - Cambuí"
105218,Gabriel Almeida Silva,190,"Avenida Albino José Barbosa de Oliveira, 472 - Barão Geraldo"
105219,Vinícius Cruz Ribeiro,198,"Avenida Heitor Penteado, 2209 - Taquaral"
105220,Felipe Alves Amorim,176,"Avenida Heitor Penteado, 2458 - Taquaral"
105221,Miguel Melo Ribeiro,198,"Rua Maria Monteiro, 665 - Cambuí"
105222,André Queiroz Bellini,161,"Rua Coronel Quirino, 486 - Cambuí"
105223,Thiago Santana Alves,156,"Avenida Albino José Barbosa de Oliveira, 1060 - Barão Geraldo"
105224,Yasmin Medeiros Martins,152,"Rua Coronel Quirino, 1006 - Cambuí"
105225,Rafael Cruz Fernandes,159,"Rua Maria Monteiro, 359 - Cambuí"
105226,Samuel Vieira Silva,183,"Rua Maria Monteiro, 1269 - Cambuí"
105227,Sofia Matos Matos,174,"Avenida Albino José Barbosa de Oliveira, 352 - Barão Geraldo"
105228,Clara Medeiros Ferreira,184,"Avenida Heitor Penteado, 864 - Taquaral"
105229,Victor Queiroz Bellini,165,"Avenida Albino José Barbosa de Oliveira, 1168 - Barão Geraldo"
105230,Gabriel Silva Oliveira,151,"Avenida Albino José Barbosa de Oliveira, 1488 - Barão Geraldo"
105231,Larissa Ribeiro Bellini,173,"Rua Maria Monteiro, 1255 - Cambuí"
105232,Gabriel Ferreira Oliveira,159,"Avenida Albino José Barbosa de Oliveira, 3202 - Barão Geraldo"
105233,Beatriz Campos Silva,187,"Rua Maria Monteiro, 1371 - Cambuí"
105234,Sofia Silva Vieira,171,"Avenida Heitor Penteado, 1842 - Taquaral"
105235,Thiago Santana Vieira,175,"Avenida Heitor Penteado, 20 - Taquaral"
105236,Eduardo Queiroz Nascimento,192,"Avenida Albino José Barbosa de Oliveira, 2065 - Barão Geraldo"
105237,Beatriz Santana Bellini,204,"Avenida Heitor Penteado, 2253 - Taquaral"
105238,Gabriel Melo Melo,188,"Avenida Heitor Penteado, 2014 - Taquaral"
105239,Pedro Ferreira Cruz,176,"Avenida Heitor Penteado, 963 - Taquaral"
105240,Sofia Medeiros Fernandes,178,"Avenida Heitor Penteado, 1796 - Taquaral"
105241,Rafael Vieira Santana,196,"Avenida Heitor Penteado, 212 - Taquaral"
105242,Pedro Cruz Ferreira,187,"Avenida Albino José Barbosa de Oliveira, 2300 - Barão Geraldo"
105243,Clara Amorim Santana,169,"Avenida Albino José Barbosa de Oliveira, 107 - Barão Geraldo"
105244,Daniel Matos Melo,176,"Avenida Albino José Barbosa de Oliveira, 1618 - Barão Geraldo"
105245,Felipe Campos Amorim,190,"Avenida Heitor Penteado, 175 - Taquaral"
105246,Guilherme Melo Paschoalino,203,"Avenida Heitor Penteado, 1328 - Taquaral"
105247,Victor Gomes Cruz,169,"Avenida Heitor Penteado, 354 - Taquaral"
105248,Thiago Ferreira Ribeiro,193,"Avenida Heitor Penteado, 1819 - Taquaral"
105249,Felipe Melo Ribeiro,168,"Rua Coronel Quirino, 1413 - Cambuí"
105250,Vinícius Ferreira Paschoalino,169,"Avenida Albino José Barbosa de Oliveira, 1002 - Barão Geraldo"
105251,Giovanna Gomes Campos,184,"Avenida Albino José Barbosa de Oliveira, 2256 - Barão Geraldo"
105252,Giovanna Amorim Ribeiro,196,"Rua Maria Monteiro, 251 - Cambuí"
105253,Erik Fernandes Queiroz,151,"Avenida Albino José Barbosa de Oliveira, 544 - Barão Geraldo"
105254,Pedro Queiroz Nascimento,179,"Rua Coronel Quirino, 321 - Cambuí"
105255,Rafael Nascimento Silva,202,"Rua Maria Monteiro, 139 - Cambuí"
105256,Sofia Bellini Fernandes,183,"Rua Coronel Quirino, 156 - Cambuí"
105257,Giovanna Matos Queiroz,171,"Avenida Heitor Penteado, 1580 - Taquaral"
105258,Guilherme Ribeiro Ferreira,152,"Avenida Albino José Barbosa de Oliveira, 308 - Barão Geraldo"
105259,Daniel Oliveira Amorim,155,"Avenida Albino José Barbosa de Oliveira, 1500 - Barão Geraldo"
105260,André Fernandes Queiroz,164,"Rua Maria Monteiro, 630 - Cambuí"
105261,Pedro Amorim Oliveira,176,"Rua Coronel Quirino, 744 - Cambuí"
105262,Erik Vieira Gomes,159,"Rua Maria Monteiro, 1391 - Cambuí"
105263,Yasmin Nascimento Cruz,158,"Avenida Heitor Penteado, 1954 - Taquaral"
105264,Miguel Fernandes Ribeiro,182,"Rua Maria Monteiro, 953 - Cambuí"
105265,Yasmin Matos Oliveira,181,"Rua Coronel Quirino, 656 - Cambuí"
105266,Felipe Cruz Bellini,197,"Avenida Albino José Barbosa de Oliveira, 3335 - Barão Geraldo"
105267,Felipe Nascimento Queiroz,155,"Avenida Heitor Penteado, 2099 - Taquaral"
105268,Guilherme Fernandes Queiroz,190,"Avenida Albino José Barbosa de Oliveira, 809 - Barão Geraldo"
105269,Pedro Cruz Nascimento,185,"Avenida Albino José Barbosa de Oliveira, 679 - Barão Geraldo"
105270,Vinícius Santana Melo,151,"Avenida Heitor Penteado, 1844 - Taquaral"
105271,Yasmin Almeida Fernandes,178,"Avenida Albino José Barbosa de Oliveira, 1271 - Barão Geraldo"
105272,Erik Santana Martins,153,"Avenida Albino José Barbosa de Oliveira, 2234 - Barão Geraldo"
105273,Erik Oliveira Campos,150,"Avenida Albino José Barbosa de Oliveira, 1019 - Barão Geraldo"
105274,Yasmin Oliveira Fernandes,168,"Avenida Albino José Barbosa de Oliveira, 2375 - Barão Geraldo"
105275,Samuel Amorim Ribeiro,175,"Rua Maria Monteiro, 214 - Cambuí"
105276,Vinícius Gomes Silva,174,"Avenida Heitor Penteado, 2871 - Taquaral"
105277,Gabriel Silva Amorim,159,"Avenida Heitor Penteado, 2857 - Taquaral"
105278,Guilherme Alves Almeida,202,"Avenida Heitor Penteado, 1808 - Taquaral"
105279,Guilherme Fernandes Alves,164,"Avenida Heitor Penteado, 2403 - Taquaral"
105280,Thiago Fernandes Ferreira,171,"Avenida Heitor Penteado, 1107 - Taquaral"
105281,Guilherme Gomes Melo,200,"Avenida Albino José Barbosa de Oliveira, 3032 - Barão Geraldo"
105282,Livia Gomes Paschoalino,197,"Rua Maria Monteiro, 1001 - Cambuí"
105283,Livia Medeiros Gomes,170,"Rua Maria Monteiro, 203 - Cambuí"
105284,João Ribeiro Almeida,171,"Avenida Heitor Penteado, 1265 - Taquaral"
105285,Miguel Silva Paschoalino,185,"Avenida Heitor Penteado, 1989 - Taquaral"
105286,Larissa Santana Santana,183,"Avenida Heitor Penteado, 538 - Taquaral"
105287,Yasmin Silva Nascimento,179,"Rua Maria Monteiro, 1146 - Cambuí"
105288,João Paschoalino Fernandes,174,"Rua Coronel Quirino, 1541 - Cambuí"
105289,Maria Martins Fernandes,194,"Avenida Heitor Penteado, 1260 - Taquaral"
105290,Sofia Matos Santana,177,"Avenida Heitor Penteado, 1813 - Taquaral"
105291,Felipe Campos Queiroz,150,"Avenida Heitor Penteado, 1331 - Taquaral"
105292,Miguel Silva Cruz,198,"Rua Maria Monteiro, 131 - Cambuí"
105293,Clara Bellini Oliveira,194,"Avenida Albino José Barbosa de Oliveira, 2615 - Barão Geraldo"
105294,Henrique Amorim Melo,153,"Avenida Albino José Barbosa de Oliveira, 2189 - Barão Geraldo"
105295,Pedro Medeiros Martins,156,"Avenida Heitor Penteado, 975 - Taquaral"
105296,Larissa Amorim Bellini,198,"Avenida Heitor Penteado, 725 - Taquaral"
105297,Giovanna Campos Melo,158,"Avenida Heitor Penteado, 2547 - Taquaral"
105298,Livia Medeiros Cruz,185,"Avenida Albino José Barbosa de Oliveira, 890 - Barão Geraldo"
105299,Beatriz Ribeiro Fernandes,168,"Avenida Albino José Barbosa de Oliveira, 2879 - Barão Geraldo"
105300,Giovanna Matos Alves,150,"Avenida Heitor Penteado, 679 - Taquaral"
105301,Miguel Nascimento Cruz,159,"Avenida Albino José Barbosa de Oliveira, 132 - Barão Geraldo"
105302,Pedro Almeida Vieira,185,"Avenida Albino José Barbosa de Oliveira, 2366 - Barão Geraldo"
105303,Henrique Gomes Almeida,158,"Avenida Albino José Barbosa de Oliveira, 2737 - Barão Geraldo"
105304,Eduardo Melo Nascimento,194,"Avenida Heitor Penteado, 2934 - Taquaral"
105305,Victor Santana Matos,195,"Avenida Albino José Barbosa de Oliveira, 3146 - Barão Geraldo"
105306,Clara Ferreira Bellini,191,"Avenida Heitor Penteado, 2196 - Taquaral"
105307,Henrique Melo Matos,181,"Avenida Heitor Penteado, 564 - Taquaral"
105308,Yasmin Silva Matos,181,"Avenida Albino José Barbosa de Oliveira, 1027 - Barão Geraldo"
105309,Samuel Nascimento Paschoalino,155,"Avenida Albino José Barbosa de Oliveira, 1317 - Barão Geraldo"
105310,Eduardo Vieira Fernandes,197,"Avenida Albino José Barbosa de Oliveira, 3270 - Barão Geraldo"
105311,João Ferreira Santana,187,"Avenida Albino José Barbosa de Oliveira, 546 - Barão Geraldo"
105312,Erik Fernandes Ferreira,166,"Avenida Albino José Barbosa de Oliveira, 2479 - Barão Geraldo"
105313,Gabriel Ferreira Alves,159,"Rua Coronel Quirino, 1454 - Cambuí"
105314,Henrique Santana Silva,199,"Avenida Heitor Penteado, 690 - Taquaral"
105315,Giovanna Campos Paschoalino,176,"Rua Coronel Quirino, 609 - Cambuí"
105316,Eduardo Cruz Ribeiro,203,"Avenida Heitor Penteado, 971 - Taquaral"
105317,Maria Gomes Martins,199,"Avenida Heitor Penteado, 1609 - Taquaral"
105318,Pedro Medeiros Queiroz,184,"Avenida Albino José Barbosa de Oliveira, 241 - Barão Geraldo"
105319,Beatriz Queiroz Alves,201,"Rua Coronel Quirino, 968 - Cambuí"
105320,André Melo Gomes,170,"Rua Maria Monteiro, 563 - Cambuí"
105321,Beatriz Queiroz Fernandes,174,"Rua Maria Monteiro, 546 - Cambuí"
105322,Sofia Amorim Nascimento,177,"Avenida Albino José Barbosa de Oliveira, 386 - Barão Geraldo"
105323,Victor Fernandes Ribeiro,196,"Avenida Heitor Penteado, 2835 - Taquaral"
105324,Clara Vieira Melo,164,"Rua Coronel Quirino, 1906 - Cambuí"
105325,Clara Matos Cruz,153,"Avenida Albino José Barbosa de Oliveira, 735 - Barão Geraldo"
105326,Sofia Oliveira Queiroz,178,"Avenida Heitor Penteado, 1653 - Taquaral"
105327,Clara Melo Ferreira,158,"Rua Coronel Quirino, 472 - Cambuí"
105328,Vinícius Ribeiro Santana,176,"Rua Maria Monteiro, 756 - Cambuí"
105329,Clara Gomes Silva,175,"Avenida Heitor Penteado, 1170 - Taquaral"
105330,Miguel Ferreira Almeida,168,"Avenida Heitor Penteado, 1500 - Taquaral"
105331,Rafael Fernandes Vieira,177,"Avenida Heitor Penteado, 2682 - Taquaral"
105332,Erik Ribeiro Melo,166,"Avenida Heitor Penteado, 1119 - Taquaral"
105333,Henrique Ferreira Queiroz,192,"Avenida Heitor Penteado, 354 - Taquaral"
105334,Larissa Gomes Paschoalino,190,"Rua Maria Monteiro, 966 - Cambuí"
105335,Livia Melo Nascimento,191,"Avenida Heitor Penteado, 2368 - Taquaral"
105336,André Campos Martins,199,"Avenida Heitor Penteado, 2335 - Taquaral"
105337,André Paschoalino Bellini,169,"Avenida Heitor Penteado, 2637 - Taquaral"
105338,Henrique Gomes Almeida,194,"Avenida Heitor Penteado, 341 - Taquaral"
105339,Giovanna Bellini Melo,189,"Avenida Albino José Barbosa de Oliveira, 745 - Barão Geraldo"
105340,Yasmin Fernandes Matos,188,"Avenida Albino José Barbosa de Oliveira, 1560 - Barão Geraldo"
105341,Miguel Ribeiro Santana,198,"Rua Maria Monteiro, 761 - Cambuí"
105342,Victor Alves Melo,202,"Rua Maria Monteiro, 1288 - Cambuí"
105343,Eduardo Santana Almeida,172,"Rua Maria Monteiro, 845 - Cambuí"
105344,Felipe Nascimento Oliveira,196,"Avenida Heitor Penteado, 2638 - Taquaral"
105345,Daniel Paschoalino Matos,181,"Avenida Albino José Barbosa de Oliveira, 1040 - Barão Geraldo"
105346,Vinícius Medeiros Almeida,201,"Avenida Albino José Barbosa de Oliveira, 1190 - Barão Geraldo"
105347,Sofia Alves Vieira,196,"Rua Coronel Quirino, 455 - Cambuí"
105348,Henrique Fernandes Bellini,182,"Avenida Heitor Penteado, 2993 - Taquaral"
105349,Yasmin Santana Santana,195,"Rua Coronel Quirino, 539 - Cambuí"
105350,Guilherme Oliveira Gomes,154,"Avenida Albino José Barbosa de Oliveira, 1544 - Barão Geraldo"
105351,Giovanna Bellini Santana,192,"Avenida Albino José Barbosa de Oliveira, 1485 - Barão Geraldo"
105352,João Paschoalino Almeida,197,"Rua Maria Monteiro, 135 - Cambuí"
105353,Miguel Cruz Martins,183,"Avenida Heitor Penteado, 498 - Taquaral"
105354,André Ferreira Santana,189,"Avenida Heitor Penteado, 2676 - Taquaral"
105355,Livia Medeiros Ferreira,160,"Rua Maria Monteiro, 579 - Cambuí"
105356,Miguel Martins Santana,199,"Avenida Heitor Penteado, 2825 - Taquaral"
105357,Felipe Martins Melo,152,"Rua Maria Monteiro, 705 - Cambuí"
105358,Daniel Vieira Oliveira,182,"Avenida Heitor Penteado, 1075 - Taquaral"
105359,Samuel Melo Queiroz,160,"Avenida Heitor Penteado, 322 - Taquaral"
105360,Daniel Oliveira Santana,165,"Rua Maria Monteiro, 297 - Cambuí"
105361,Daniel Amorim Campos,167,"Avenida Heitor Penteado, 1238 - Taquaral"
105362,João Fernandes Gomes,179,"Rua Coronel Quirino, 1195 - Cambuí"
105363,Felipe Santana Vieira,197,"Avenida Albino José Barbosa de Oliveira, 698 - Barão Geraldo"
105364,Samuel Alves Amorim,204,"Avenida Heitor Penteado, 204 - Taquaral"
105365,Giovanna Queiroz Cruz,159,"Avenida Albino José Barbosa de Oliveira, 1110 - Barão Geraldo"
105366,Miguel Paschoalino Paschoalino,167,"Avenida Albino José Barbosa de Oliveira, 64 - Barão Geraldo"
105367,Livia Gomes Martins,187,"Avenida Heitor Penteado, 2428 - Taquaral"
105368,Daniel Alves Alves,168,"Avenida Heitor Penteado, 2981 - Taquaral"
105369,Guilherme Vieira Gomes,185,"Rua Coronel Quirino, 1756 - Cambuí"
105370,Rafael Nascimento Bellini,162,"Avenida Albino José Barbosa de Oliveira, 1002 - Barão Geraldo"
105371,Larissa Vieira Ribeiro,195,"Avenida Albino José Barbosa de Oliveira, 1277 - Barão Geraldo"
105372,Rafael Martins Amorim,152,"Avenida Albino José Barbosa de Oliveira, 3336 - Barão Geraldo"
105373,André Silva Ribeiro,159,"Rua Maria Monteiro, 1072 - Cambuí"
105374,Henrique Medeiros Almeida,187,"Avenida Heitor Penteado, 1590 - Taquaral"
105375,Gabriel Oliveira Melo,150,"Avenida Heitor Penteado, 1749 - Taquaral"
105376,André Almeida Queiroz,204,"Rua Coronel Quirino, 996 - Cambuí"
105377,Eduardo Almeida Amorim,176,"Rua Coronel Quirino, 1290 - Cambuí"
105378,Beatriz Medeiros Campos,195,"Rua Maria Monteiro, 230 - Cambuí"
105379,Felipe Nascimento Alves,157,"Rua Coronel Quirino, 104 - Cambuí"
105380,Vinícius Gomes Oliveira,200,"Rua Maria Monteiro, 176 - Cambuí"
105381,Maria Oliveira Oliveira,195,"Avenida Heitor Penteado, 16 - Taquaral"
105382,Samuel Almeida Oliveira,191,"Avenida Heitor Penteado, 776 - Taquaral"
105383,João Cruz Oliveira,166,"Avenida Heitor Penteado, 2295 - Taquaral"
105384,André Amorim Santana,158,"Avenida Albino José Barbosa de Oliveira, 3242 - Barão Geraldo"
105385,Guilherme Martins Ribeiro,155,"Avenida Albino José Barbosa de Oliveira, 2626 - Barão Geraldo"
105386,João Silva Campos,192,"Rua Maria Monteiro, 363 - Cambuí"
105387,Henrique Paschoalino Paschoalino,174,"Rua Coronel Quirino, 1919 - Cambuí"
105388,Henrique Paschoalino Amorim,188,"Rua Coronel Quirino, 1630 - Cambuí"
105389,Beatriz Almeida Gomes,198,"Avenida Albino José Barbosa de Oliveira, 587 - Barão Geraldo"
105390,Beatriz Matos Martins,177,"Avenida Heitor Penteado, 1902 - Taquaral"
105391,Vinícius Queiroz Oliveira,182,"Avenida Albino José Barbosa de Oliveira, 3134 - Barão Geraldo"
105392,Erik Cruz Paschoalino,203,"Avenida Heitor Penteado, 2079 - Taquaral"
105393,João Bellini Vieira,186,"Avenida Heitor Penteado, 142 - Taquaral"
105394,Maria Vieira Cruz,158,"Rua Maria Monteiro, 595 - Cambuí"
105395,Pedro Ferreira Gomes,167,"Rua Coronel Quirino, 1816 - Cambuí"
105396,Sofia Ferreira Almeida,170,"Avenida Heitor Penteado, 1064 - Taquaral"
105397,Vinícius Ribeiro Paschoalino,151,"Avenida Heitor Penteado, 2638 - Taquaral"
105398,Guilherme Amorim Amorim,192,"Avenida Heitor Penteado, 2010 - Taquaral"
105399,Giovanna Almeida Fernandes,187,"Rua Maria Monteiro, 1454 - Cambuí"
105400,Yasmin Matos Alves,189,"Avenida Albino José Barbosa de Oliveira, 287 - Barão Geraldo"
105401,Vinícius Cruz Amorim,185,"Avenida Albino José Barbosa de Oliveira, 2380 - Barão Geraldo"
105402,Pedro Melo Santana,199,"Avenida Heitor Penteado, 2135 - Taquaral"
105403,Eduardo Bellini Queiroz,192,"Avenida Albino José Barbosa de Oliveira, 3040 - Barão Geraldo"
105404,Eduardo Almeida Bellini,186,"Avenida Albino José Barbosa de Oliveira, 1881 - Barão Geraldo"
105405,Yasmin Vieira Cruz,164,"Avenida Heitor Penteado, 2867 - Taquaral"
105406,Larissa Martins Nascimento,177,"Avenida Heitor Penteado, 2016 - Taquaral"
105407,Vinícius Cruz Bellini,167,"Avenida Albino José Barbosa de Oliveira, 2439 - Barão Geraldo"
105408,Gabriel Silva Oliveira,183,"Rua Maria Monteiro, 706 - Cambuí"
105409,Thiago Nascimento Fernandes,171,"Avenida Heitor Penteado, 1967 - Taquaral"
105410,Larissa Ferreira Melo,160,"Avenida Albino José Barbosa de Oliveira, 2713 - Barão Geraldo"
105411,Samuel Queiroz Melo,162,"Avenida Albino José Barbosa de Oliveira, 1607 - Barão Geraldo"
105412,Giovanna Almeida Fernandes,153,"Avenida Heitor Penteado, 74 - Taquaral"
105413,Maria Alves Almeida,171,"Avenida Heitor Penteado, 2958 - Taquaral"
105414,Victor Medeiros Martins,156,"Avenida Albino José Barbosa de Oliveira, 175 - Barão Geraldo"
105415,Rafael Medeiros Santana,192,"Avenida Heitor Penteado, 2489 - Taquaral"
105416,Erik Paschoalino Almeida,203,"Avenida Heitor Penteado, 1306 - Taquaral"
105417,Rafael Medeiros Bellini,173,"Rua Coronel Quirino, 1773 - Cambuí"
105418,Erik Martins Fernandes,153,"Rua Maria Monteiro, 494 - Cambuí"
105419,André Melo Amorim,177,"Avenida Heitor Penteado, 114 - Taquaral"
105420,Pedro Alves Santana,164,"Rua Coronel Quirino, 1671 - Cambuí"
105421,Rafael Melo Martins,150,"Avenida Albino José Barbosa de Oliveira, 2545 - Barão Geraldo"
105422,Miguel Santana Ferreira,204,"Avenida Albino José Barbosa de Oliveira, 1752 - Barão Geraldo"
105423,Vinícius Silva Matos,152,"Avenida Albino José Barbosa de Oliveira, 2538 - Barão Geraldo"
105424,Miguel Cruz Silva,163,"Avenida Heitor Penteado, 1473 - Taquaral"
105425,Rafael Queiroz Fernandes,187,"Avenida Heitor Penteado, 1618 - Taquaral"
105426,Henrique Oliveira Silva,199,"Rua Coronel Quirino, 768 - Cambuí"
105427,Henrique Amorim Matos,150,"Rua Maria Monteiro, 188 - Cambuí"
105428,Miguel Cruz Fernandes,187,"Rua Maria Monteiro, 1034 - Cambuí"
105429,Samuel Silva Vieira,187,"Avenida Heitor Penteado, 1605 - Taquaral"
105430,João Gomes Ribeiro,170,"Rua Maria Monteiro, 787 - Cambuí"
105431,André Matos Almeida,197,"Avenida Heitor Penteado, 435 - Taquaral"
105432,Daniel Bellini Ferreira,178,"Avenida Albino José Barbosa de Oliveira, 3225 - Barão Geraldo"
105433,Daniel Cruz Matos,154,"Rua Coronel Quirino, 807 - Cambuí"
105434,Larissa Nascimento Almeida,198,"Avenida Albino José Barbosa de Oliveira, 259 - Barão Geraldo"
105435,João Nascimento Ferreira,159,"Avenida Albino José Barbosa de Oliveira, 3230 - Barão Geraldo"
105436,Maria Matos Vieira,177,"Avenida Albino José Barbosa de Oliveira, 1327 - Barão Geraldo"
105437,Samuel Oliveira Martins,170,"Avenida Heitor Penteado, 994 - Taquaral"
105438,Samuel Santana Almeida,199,"Avenida Heitor Penteado, 1142 - Taquaral"
105439,Yasmin Bellini Paschoalino,156,"Avenida Albino José Barbosa de Oliveira, 1937 - Barão Geraldo"
105440,Felipe Alves Queiroz,152,"Avenida Heitor Penteado, 165 - Taquaral"
105441,Vinícius Almeida Melo,194,"Avenida Heitor Penteado, 2802 - Taquaral"
105442,Samuel Queiroz Medeiros,196,"Avenida Heitor Penteado, 1889 - Taquaral"
105443,Sofia Alves Matos,169,"Rua Coronel Quirino, 1892 - Cambuí"
105444,Gabriel Queiroz Oliveira,168,"Avenida Heitor Penteado, 2989 - Taquaral"
105445,João Oliveira Cruz,184,"Avenida Albino José Barbosa de Oliveira, 1362 - Barão Geraldo"
105446,Yasmin Oliveira Ribeiro,153,"Rua Maria Monteiro, 359 - Cambuí"
105447,Rafael Campos Bellini,154,"Avenida Heitor Penteado, 1727 - Taquaral"
105448,Larissa Almeida Matos,150,"Avenida Heitor Penteado, 347 - Taquaral"
105449,Vinícius Gomes Santana,153,"Avenida Albino José Barbosa de Oliveira, 3309 - Barão Geraldo"
105450,Giovanna Medeiros Martins,161,"Avenida Heitor Penteado, 656 - Taquaral"
105451,Guilherme Martins Queiroz,176,"Avenida Heitor Penteado, 2554 - Taquaral"
105452,Maria Amorim Ferreira,191,"Avenida Heitor Penteado, 1352 - Taquaral"
105453,Henrique Almeida Nascimento,172,"Rua Maria Monteiro, 1288 - Cambuí"
105454,André Vieira Silva,174,"Avenida Heitor Penteado, 1053 - Taquaral"
105455,Larissa Matos Nascimento,170,"Avenida Albino José Barbosa de Oliveira, 592 - Barão Geraldo"
105456,Felipe Campos Campos,201,"Rua Maria Monteiro, 1371 - Cambuí"
105457,Clara Medeiros Gomes,173,"Avenida Albino José Barbosa de Oliveira, 1112 - Barão Geraldo"
105458,Eduardo Almeida Amorim,174,"Rua Coronel Quirino, 101 - Cambuí"
105459,Erik Bellini Martins,194,"Rua Coronel Quirino, 1655 - Cambuí"
105460,Erik Ribeiro Gomes,204,"Rua Coronel Quirino, 1268 - Cambuí"
105461,Livia Melo Santana,195,"Avenida Albino José Barbosa de Oliveira, 537 - Barão Geraldo"
105462,Gabriel Alves Vieira,181,"Avenida Heitor Penteado, 1709 - Taquaral"
105463,Gabriel Silva Almeida,204,"Avenida Albino José Barbosa de Oliveira, 1934 - Barão Geraldo"
105464,Livia Cruz Melo,181,"Avenida Heitor Penteado, 2855 - Taquaral"
105465,Yasmin Almeida Santana,154,"Avenida Albino José Barbosa de Oliveira, 293 - Barão Geraldo"
105466,Miguel Almeida Silva,185,"Avenida Albino José Barbosa de Oliveira, 2777 - Barão Geraldo"
105467,Henrique Paschoalino Ribeiro,195,"Avenida Albino José Barbosa de Oliveira, 1546 - Barão Geraldo"
105468,Daniel Queiroz Nascimento,191,"Avenida Albino José Barbosa de Oliveira, 1376 - Barão Geraldo"
105469,Samuel Cruz Ribeiro,198,"Rua Coronel Quirino, 954 - Cambuí"
105470,Vinícius Amorim Bellini,191,"Rua Coronel Quirino, 367 - Cambuí"
105471,Yasmin Ferreira Nascimento,188,"Avenida Albino José Barbosa de Oliveira, 3073 - Barão Geraldo"
105472,Daniel Matos Campos,165,"Rua Maria Monteiro, 565 - Cambuí"
105473,Miguel Almeida Vieira,182,"Rua Coronel Quirino, 388 - Cambuí"
105474,Thiago Fernandes Silva,198,"Rua Coronel Quirino, 1719 - Cambuí"
105475,Beatriz Martins Silva,170,"Rua Maria Monteiro, 549 - Cambuí"
105476,Daniel Ribeiro Ferreira,158,"Avenida Heitor Penteado, 292 - Taquaral"
105477,Maria Melo Oliveira,155,"Avenida Albino José Barbosa de Oliveira, 2162 - Barão Geraldo"
105478,Larissa Amorim Nascimento,200,"Avenida Heitor Penteado, 1848 - Taquaral"
105479,Gabriel Queiroz Cruz,194,"Rua Maria Monteiro, 1342 - Cambuí"
105480,Clara Campos Campos,184,"Avenida Heitor Penteado, 2480 - Taquaral"
105481,João Bellini Amorim,188,"Rua Maria Monteiro, 1426 - Cambuí"
105482,Larissa Gomes Gomes,171,"Avenida Albino José Barbosa de Oliveira, 1184 - Barão Geraldo"
105483,Beatriz Ribeiro Cruz,190,"Rua Maria Monteiro, 995 - Cambuí"
105484,Giovanna Silva Silva,203,"Rua Coronel Quirino, 198 - Cambuí"
105485,Rafael Queiroz Fernandes,154,"Rua Maria Monteiro, 1521 - Cambuí"
105486,Maria Silva Alves,191,"Avenida Albino José Barbosa de Oliveira, 260 - Barão Geraldo"
105487,Clara Paschoalino Cruz,172,"Avenida Albino José Barbosa de Oliveira, 1205 - Barão Geraldo"
105488,Larissa Amorim Bellini,166,"Avenida Heitor Penteado, 2177 - Taquaral"
105489,Victor Amorim Bellini,161,"Avenida Albino José Barbosa de Oliveira, 1033 - Barão Geraldo"
105490,Victor Gomes Silva,172,"Avenida Heitor Penteado, 232 - Taquaral"
105491,Daniel Amorim Matos,165,"Avenida Albino José Barbosa de Oliveira, 2782 - Barão Geraldo"
105492,Vinícius Melo Martins,152,"Rua Maria Monteiro, 188 - Cambuí"
105493,Vinícius Queiroz Martins,179,"Rua Coronel Quirino, 1964 - Cambuí"
105494,Beatriz Campos Cruz,171,"Avenida Albino José Barbosa de Oliveira, 3004 - Barão Geraldo"
105495,Victor Ribeiro Cruz,158,"Rua Maria Monteiro, 74 - Cambuí"
105496,Victor Cruz Cruz,178,"Avenida Albino José Barbosa de Oliveira, 1711 - Barão Geraldo"
105497,Gabriel Alves Melo,196,"Avenida Heitor Penteado, 2052 - Taquaral"
105498,Yasmin Campos Gomes,186,"Avenida Heitor Penteado, 1873 - Taquaral"
105499,Livia Medeiros Alves,172,"Rua Coronel Quirino, 800 - Cambuí"
105500,Rafael Ferreira Ferreira,162,"Avenida Heitor Penteado, 1284 - Taquaral"
105501,Victor Queiroz Medeiros,181,"Avenida Heitor Penteado, 1233 - Taquaral"
105502,Livia Ribeiro Gomes,195,"Avenida Heitor Penteado, 862 - Taquaral"
105503,Yasmin Paschoalino Santana,201,"Avenida Heitor Penteado, 2522 - Taquaral"
105504,Victor Oliveira Paschoalino,196,"Avenida Heitor Penteado, 837 - Taquaral"
105505,Rafael Fernandes Cruz,197,"Avenida Heitor Penteado, 451 - Taquaral"
105506,Guilherme Gomes Paschoalino,172,"Rua Maria Monteiro, 791 - Cambuí"
105507,Thiago Ferreira Silva,194,"Avenida Albino José Barbosa de Oliveira, 2361 - Barão Geraldo"
105508,João Alves Alves,166,"Avenida Heitor Penteado, 851 - Taquaral"
105509,Gabriel Silva Ferreira,204,"Rua Maria Monteiro, 1110 - Cambuí"
105510,Beatriz Fernandes Ferreira,189,"Avenida Albino José Barbosa de Oliveira, 797 - Barão Geraldo"
105511,Larissa Ribeiro Silva,170,"Avenida Albino José Barbosa de Oliveira, 782 - Barão Geraldo"
105512,Erik Santana Matos,151,"Avenida Albino José Barbosa de Oliveira, 852 - Barão Geraldo"
105513,Sofia Ribeiro Fernandes,186,"Avenida Heitor Penteado, 1285 - Taquaral"
105514,Thiago Martins Alves,155,"Avenida Albino José Barbosa de Oliveira, 1387 - Barão Geraldo"
105515,Erik Amorim Vieira,193,"Avenida Albino José Barbosa de Oliveira, 1912 - Barão Geraldo"
105516,Henrique Alves Campos,167,"Rua Maria Monteiro, 781 - Cambuí"
105517,Sofia Bellini Fernandes,179,"Avenida Heitor Penteado, 1780 - Taquaral"
105518,Guilherme Cruz Vieira,171,"Rua Coronel Quirino, 129 - Cambuí"
105519,Rafael Martins Fernandes,203,"Avenida Heitor Penteado, 1162 - Taquaral"
105520,Vinícius Amorim Ribeiro,182,"Avenida Albino José Barbosa de Oliveira, 1320 - Barão Geraldo"
105521,Erik Martins Santana,179,"Avenida Albino José Barbosa de Oliveira, 3067 - Barão Geraldo"
105522,Giovanna Amorim Alves,166,"Avenida Heitor Penteado, 2086 - Taquaral"
105523,Henrique Ferreira Alves,192,"Avenida Heitor Penteado, 653 - Taquaral"
105524,Erik Oliveira Fernandes,181,"Rua Coronel Quirino, 685 - Cambuí"
105525,André Cruz Santana,191,"Avenida Albino José Barbosa de Oliveira, 3019 - Barão Geraldo"
105526,Victor Nascimento Queiroz,200,"Avenida Heitor Penteado, 1866 - Taquaral"
105527,Larissa Ribeiro Matos,163,"Avenida Albino José Barbosa de Oliveira, 1030 - Barão Geraldo"
105528,Guilherme Matos Matos,159,"Rua Maria Monteiro, 1204 - Cambuí"
105529,Erik Martins Campos,196,"Avenida Heitor Penteado, 1799 - Taquaral"
105530,Larissa Vieira Santana,200,"Avenida Albino José Barbosa de Oliveira, 3389 - Barão Geraldo"
105531,Clara Vieira Campos,185,"Avenida Heitor Penteado, 1422 - Taquaral"
105532,Yasmin Martins Silva,183,"Rua Maria Monteiro, 332 - Cambuí"
105533,Eduardo Fernandes Matos,158,"Rua Coronel Quirino, 1138 - Cambuí"
105534,João Martins Almeida,191,"Avenida Albino José Barbosa de Oliveira, 1869 - Barão Geraldo"
105535,Livia Cruz Nascimento,177,"Avenida Heitor Penteado, 668 - Taquaral"
105536,Vinícius Melo Vieira,160,"Avenida Heitor Penteado, 2209 - Taquaral"
105537,Henrique Bellini Ferreira,163,"Avenida Heitor Penteado, 2433 - Taquaral"
105538,Beatriz Bellini Matos,188,"Avenida Albino José Barbosa de Oliveira, 3410 - Barão Geraldo"
105539,Eduardo Silva Paschoalino,204,"Avenida Albino José Barbosa de Oliveira, 348 - Barão Geraldo"
105540,Pedro Bellini Bellini,196,"Avenida Heitor Penteado, 2569 - Taquaral"
105541,Gabriel Bellini Ferreira,203,"Avenida Albino José Barbosa de Oliveira, 3078 - Barão Geraldo"
105542,Rafael Santana Almeida,168,"Avenida Albino José Barbosa de Oliveira, 1294 - Barão Geraldo"
105543,André Nascimento Bellini,203,"Avenida Heitor Penteado, 1232 - Taquaral"
105544,André Campos Amorim,164,"Avenida Heitor Penteado, 1326 - Taquaral"
105545,Miguel Gomes Matos,177,"Rua Maria Monteiro, 1206 - Cambuí"
105546,Sofia Melo Santana,173,"Rua Maria Monteiro, 538 - Cambuí"
105547,Maria Oliveira Queiroz,157,"Rua Coronel Quirino, 447 - Cambuí"
105548,Victor Martins Ribeiro,192,"Avenida Heitor Penteado, 2165 - Taquaral"
105549,Victor Martins Silva,158,"Avenida Heitor Penteado, 2215 - Taquaral"
105550,Larissa Alves Silva,196,"Avenida Heitor Penteado, 1057 - Taquaral"
105551,Maria Alves Alves,182,"Avenida Heitor Penteado, 293 - Taquaral"
105552,Gabriel Fernandes Matos,182,"Avenida Albino José Barbosa de Oliveira, 3131 - Barão Geraldo"
105553,João Vieira Almeida,168,"Avenida Heitor Penteado, 194 - Taquaral"
105554,Henrique Bellini Matos,152,"Rua Coronel Quirino, 869 - Cambuí"
105555,Victor Almeida Cruz,159,"Avenida Heitor Penteado, 2533 - Taquaral"
105556,Samuel Amorim Matos,189,"Avenida Albino José Barbosa de Oliveira, 1744 - Barão Geraldo"
105557,Henrique Cruz Campos,196,"Avenida Heitor Penteado, 2638 - Taquaral"
105558,Gabriel Alves Ribeiro,191,"Avenida Heitor Penteado, 535 - Taquaral"
105559,Sofia Bellini Ferreira,150,"Avenida Albino José Barbosa de Oliveira, 244 - Barão Geraldo"
105560,Giovanna Melo Medeiros,178,"Avenida Albino José Barbosa de Oliveira, 2738 - Barão Geraldo"
105561,Miguel Campos Ferreira,199,"Rua Coronel Quirino, 1090 - Cambuí"
105562,Pedro Melo Gomes,183,"Avenida Albino José Barbosa de Oliveira, 3404 - Barão Geraldo"
105563,Clara Oliveira Paschoalino,200,"Avenida Albino José Barbosa de Oliveira, 998 - Barão Geraldo"
105564,Sofia Ferreira Matos,162,"Avenida Heitor Penteado, 185 - Taquaral"
105565,Rafael Medeiros Alves,203,"Avenida Albino José Barbosa de Oliveira, 443 - Barão Geraldo"
105566,Pedro Almeida Vieira,150,"Avenida Heitor Penteado, 917 - Taquaral"
105567,Yasmin Alves Vieira,183,"Avenida Albino José Barbosa de Oliveira, 61 - Barão Geraldo"
105568,Thiago Silva Melo,178,"Avenida Albino José Barbosa de Oliveira, 2416 - Barão Geraldo"
105569,Giovanna Paschoalino Campos,197,"Avenida Albino José Barbosa de Oliveira, 3294 - Barão Geraldo"
105570,Pedro Gomes Almeida,196,"Avenida Albino José Barbosa de Oliveira, 1588 - Barão Geraldo"
105571,Livia Santana Ferreira,162,"Avenida Heitor Penteado, 1981 - Taquaral"
105572,Guilherme Matos Nascimento,197,"Avenida Heitor Penteado, 2008 - Taquaral"
105573,Henrique Bellini Melo,198,"Avenida Heitor Penteado, 2662 - Taquaral"
105574,Samuel Gomes Almeida,202,"Rua Maria Monteiro, 267 - Cambuí"
105575,Sofia Melo Fernandes,178,"Avenida Albino José Barbosa de Oliveira, 2016 - Barão Geraldo"
105576,André Campos Medeiros,188,"Avenida Albino José Barbosa de Oliveira, 379 - Barão Geraldo"
105577,Larissa Alves Melo,173,"Avenida Heitor Penteado, 1742 - Taquaral"
105578,Daniel Vieira Campos,175,"Avenida Heitor Penteado, 1433 - Taquaral"
105579,Clara Queiroz Gomes,166,"Avenida Heitor Penteado, 459 - Taquaral"
105580,Thiago Oliveira Santana,156,"Avenida Albino José Barbosa de Oliveira, 1504 - Barão Geraldo"
105581,Gabriel Campos Oliveira,162,"Avenida Heitor Penteado, 341 - Taquaral"
105582,Erik Paschoalino Ribeiro,154,"Avenida Heitor Penteado, 2302 - Taquaral"
105583,Pedro Cruz Fernandes,175,"Avenida Albino José Barbosa de Oliveira, 186 - Barão Geraldo"
105584,Clara Cruz Martins,198,"Avenida Albino José Barbosa de Oliveira, 1732 - Barão Geraldo"
105585,Victor Martins Gomes,152,"Avenida Albino José Barbosa de Oliveira, 1599 - Barão Geraldo"
105586,Livia Amorim Almeida,156,"Avenida Heitor Penteado, 2628 - Taquaral"
105587,Henrique Oliveira Cruz,198,"Rua Coronel Quirino, 1264 - Cambuí"
105588,Guilherme Alves Oliveira,188,"Avenida Heitor Penteado, 499 - Taquaral"
105589,Larissa Gomes Silva,202,"Avenida Albino José Barbosa de Oliveira, 487 - Barão Geraldo"
105590,Pedro Vieira Oliveira,150,"Rua Maria Monteiro, 434 - Cambuí"
105591,Giovanna Martins Santana,198,"Avenida Albino José Barbosa de Oliveira, 1711 - Barão Geraldo"
105592,Gabriel Alves Ribeiro,166,"Rua Maria Monteiro, 279 - Cambuí"
105593,Rafael Vieira Fernandes,192,"Avenida Heitor Penteado, 315 - Taquaral"
105594,Miguel Cruz Queiroz,174,"Avenida Albino José Barbosa de Oliveira, 1538 - Barão Geraldo"
105595,Giovanna Paschoalino Campos,152,"Avenida Heitor Penteado, 285 - Taquaral"
105596,Beatriz Matos Medeiros,164,"Avenida Albino José Barbosa de Oliveira, 343 - Barão Geraldo"
105597,Yasmin Alves Cruz,178,"Rua Coronel Quirino, 1950 - Cambuí"
105598,Erik Paschoalino Queiroz,202,"Avenida Albino José Barbosa de Oliveira, 3473 - Barão Geraldo"
105599,André Paschoalino Fernandes,192,"Avenida Albino José Barbosa de Oliveira, 2295 - Barão Geraldo"
105600,Livia Nascimento Paschoalino,181,"Avenida Albino José Barbosa de Oliveira, 2384 - Barão Geraldo"
105601,Victor Melo Alves,175,"Avenida Heitor Penteado, 2162 - Taquaral"
105602,Clara Oliveira Santana,165,"Avenida Heitor Penteado, 821 - Taquaral"
105603,Rafael Campos Amorim,174,"Rua Coronel Quirino, 559 - Cambuí"
105604,Erik Matos Santana,203,"Rua Coronel Quirino, 431 - Cambuí"
105605,João Cruz Almeida,177,"Avenida Heitor Penteado, 1074 - Taquaral"
105606,Vinícius Alves Melo,158,"Avenida Albino José Barbosa de Oliveira, 1602 - Barão Geraldo"
105607,Erik Ferreira Oliveira,150,"Avenida Albino José Barbosa de Oliveira, 749 - Barão Geraldo"
105608,Samuel Almeida Ferreira,178,"Avenida Heitor Penteado, 1738 - Taquaral"
105609,André Campos Medeiros,171,"Avenida Heitor Penteado, 972 - Taquaral"
105610,Sofia Cruz Nascimento,165,"Rua Maria Monteiro, 284 - Cambuí"
105611,Guilherme Cruz Alves,190,"Avenida Heitor Penteado, 1670 - Taquaral"
105612,Yasmin Oliveira Melo,200,"Avenida Albino José Barbosa de Oliveira, 463 - Barão Geraldo"
105613,Samuel Oliveira Cruz,193,"Avenida Heitor Penteado, 844 - Taquaral"
105614,Pedro Santana Campos,200,"Rua Maria Monteiro, 1178 - Cambuí"
105615,Eduardo Campos Fernandes,203,"Avenida Albino José Barbosa de Oliveira, 1008 - Barão Geraldo"
105616,Miguel Matos Martins,190,"Avenida Heitor Penteado, 2156 - Taquaral"
105617,Miguel Cruz Matos,156,"Avenida Heitor Penteado, 936 - Taquaral"
105618,Clara Fernandes Bellini,163,"Avenida Heitor Penteado, 1730 - Taquaral"
105619,João Almeida Bellini,178,"Rua Maria Monteiro, 404 - Cambuí"
105620,Pedro Santana Martins,168,"Rua Coronel Quirino, 486 - Cambuí"
105621,Beatriz Alves Medeiros,168,"Avenida Heitor Penteado, 1936 - Taquaral"
105622,Pedro Melo Cruz,151,"Rua Coronel Quirino, 1104 - Cambuí"
105623,Samuel Vieira Ribeiro,190,"Avenida Heitor Penteado, 1613 - Taquaral"
105624,Henrique Queiroz Melo,194,"Avenida Albino José Barbosa de Oliveira, 690 - Barão Geraldo"
105625,Victor Matos Queiroz,164,"Avenida Albino José Barbosa de Oliveira, 3288 - Barão Geraldo"
105626,Livia Matos Ribeiro,152,"Rua Maria Monteiro, 620 - Cambuí"
105627,Felipe Nascimento Fernandes,160,"Rua Maria Monteiro, 454 - Cambuí"
105628,Eduardo Ferreira Santana,202,"Avenida Albino José Barbosa de Oliveira, 1930 - Barão Geraldo"
105629,Guilherme Ribeiro Gomes,195,"Rua Maria Monteiro, 456 - Cambuí"
105630,Livia Gomes Martins,179,"Rua Coronel Quirino, 1670 - Cambuí"
105631,Clara Amorim Paschoalino,189,"Avenida Albino José Barbosa de Oliveira, 2915 - Barão Geraldo"
105632,Pedro Cruz Fernandes,167,"Avenida Heitor Penteado, 2855 - Taquaral"
105633,Sofia Amorim Campos,200,"Avenida Heitor Penteado, 1340 - Taquaral"
105634,Livia Nascimento Amorim,197,"Rua Maria Monteiro, 709 - Cambuí"
105635,Guilherme Medeiros Queiroz,151,"Avenida Heitor Penteado, 484 - Taquaral"
105636,Beatriz Santana Vieira,181,"Avenida Albino José Barbosa de Oliveira, 62 - Barão Geraldo"
105637,Guilherme Melo Melo,157,"Rua Maria Monteiro, 1416 - Cambuí"
105638,Sofia Oliveira Ribeiro,171,"Avenida Heitor Penteado, 2080 - Taquaral"
105639,Henrique Medeiros Matos,155,"Avenida Albino José Barbosa de Oliveira, 578 - Barão Geraldo"
105640,André Medeiros Nascimento,161,"Avenida Albino José Barbosa de Oliveira, 2312 - Barão Geraldo"
105641,Livia Santana Alves,196,"Avenida Heitor Penteado, 2670 - Taquaral"
105642,Sofia Medeiros Gomes,189,"Avenida Albino José Barbosa de Oliveira, 2918 - Barão Geraldo"
105643,Thiago Queiroz Queiroz,185,"Rua Maria Monteiro, 1353 - Cambuí"
105644,Erik Queiroz Alves,164,"Rua Maria Monteiro, 965 - Cambuí"
105645,Yasmin Medeiros Santana,177,"Avenida Heitor Penteado, 866 - Taquaral"
105646,Daniel Ferreira Oliveira,201,"Avenida Albino José Barbosa de Oliveira, 1746 - Barão Geraldo"
105647,Gabriel Fernandes Vieira,198,"Avenida Heitor Penteado, 946 - Taquaral"
105648,Larissa Santana Amorim,194,"Avenida Heitor Penteado, 1976 - Taquaral"
105649,Felipe Melo Ribeiro,167,"Rua Maria Monteiro, 1341 - Cambuí"
105650,Vinícius Paschoalino Medeiros,151,"Rua Maria Monteiro, 858 - Cambuí"
105651,Livia Santana Cruz,162,"Avenida Heitor Penteado, 1387 - Taquaral"
105652,Guilherme Paschoalino Bellini,194,"Rua Maria Monteiro, 421 - Cambuí"
105653,Yasmin Fernandes Oliveira,203,"Avenida Albino José Barbosa de Oliveira, 2513 - Barão Geraldo"
105654,Livia Bellini Alves,164,"Rua Maria Monteiro, 1377 - Cambuí"
105655,Livia Medeiros Almeida,169,"Avenida Albino José Barbosa de Oliveira, 136 - Barão Geraldo"
105656,Eduardo Campos Bellini,178,"Rua Coronel Quirino, 839 - Cambuí"
105657,Vinícius Silva Gomes,191,"Rua Coronel Quirino, 1396 - Cambuí"
105658,Yasmin Melo Ribeiro,178,"Avenida Albino José Barbosa de Oliveira, 2739 - Barão Geraldo"
105659,Guilherme Santana Ribeiro,152,"Avenida Albino José Barbosa de Oliveira, 2713 - Barão Geraldo"
105660,Thiago Silva Gomes,168,"Rua Maria Monteiro, 1465 - Cambuí"
105661,Larissa Paschoalino Gomes,152,"Avenida Heitor Penteado, 526 - Taquaral"
105662,Maria Martins Silva,203,"Avenida Albino José Barbosa de Oliveira, 2830 - Barão Geraldo"
105663,Felipe Amorim Silva,163,"Avenida Heitor Penteado, 1859 - Taquaral"
105664,Vinícius Paschoalino Ribeiro,189,"Rua Coronel Quirino, 197 - Cambuí"
105665,Larissa Martins Medeiros,204,"Avenida Albino José Barbosa de Oliveira, 233 - Barão Geraldo"
105666,Larissa Ferreira Almeida,153,"Avenida Heitor Penteado, 2063 - Taquaral"
105667,Yasmin Bellini Vieira,201,"Avenida Heitor Penteado, 1878 - Taquaral"
105668,Rafael Cruz Cruz,160,"Rua Maria Monteiro, 1445 - Cambuí"
105669,Erik Amorim Vieira,180,"Avenida Heitor Penteado, 631 - Taquaral"
105670,Erik Matos Fernandes,192,"Avenida Heitor Penteado, 2229 - Taquaral"
105671,Erik Silva Martins,181,"Avenida Albino José Barbosa de Oliveira, 2060 - Barão Geraldo"
105672,Guilherme Matos Nascimento,176,"Avenida Heitor Penteado, 2972 - Taquaral"
105673,Guilherme Melo Silva,179,"Avenida Albino José Barbosa de Oliveira, 2089 - Barão Geraldo"
105674,Daniel Cruz Martins,192,"Avenida Albino José Barbosa de Oliveira, 26 - Barão Geraldo"
105675,Felipe Vieira Matos,151,"Avenida Albino José Barbosa de Oliveira, 1353 - Barão Geraldo"
105676,Pedro Santana Almeida,198,"Rua Coronel Quirino, 1302 - Cambuí"
105677,Samuel Medeiros Amorim,158,"Avenida Heitor Penteado, 2044 - Taquaral"
105678,Pedro Cruz Cruz,177,"Avenida Heitor Penteado, 2362 - Taquaral"
105679,Gabriel Medeiros Martins,180,"Rua Maria Monteiro, 829 - Cambuí"
105680,Erik Vieira Vieira,183,"Avenida Albino José Barbosa de Oliveira, 1682 - Barão Geraldo"
105681,Gabriel Gomes Campos,164,"Avenida Heitor Penteado, 1705 - Taquaral"
105682,João Ferreira Almeida,197,"Avenida Heitor Penteado, 2091 - Taquaral"
105683,Miguel Campos Medeiros,174,"Rua Maria Monteiro, 1450 - Cambuí"
105684,Yasmin Queiroz Santana,185,"Avenida Heitor Penteado, 2334 - Taquaral"
105685,Felipe Fernandes Medeiros,157,"Avenida Albino José Barbosa de Oliveira, 2699 - Barão Geraldo"
105686,Victor Paschoalino Almeida,158,"Avenida Heitor Penteado, 546 - Taquaral"
105687,Henrique Silva Oliveira,186,"Avenida Albino José Barbosa de Oliveira, 2311 - Barão Geraldo"
105688,João Ferreira Santana,197,"Avenida Heitor Penteado, 787 - Taquaral"
105689,Rafael Medeiros Martins,194,"Avenida Albino José Barbosa de Oliveira, 3042 - Barão Geraldo"
105690,Livia Almeida Nascimento,188,"Avenida Heitor Penteado, 1977 - Taquaral"
105691,Samuel Vieira Bellini,181,"Avenida Heitor Penteado, 324 - Taquaral"
105692,Erik Ribeiro Santana,201,"Avenida Albino José Barbosa de Oliveira, 2231 - Barão Geraldo"
105693,Henrique Ferreira Paschoalino,166,"Avenida Albino José Barbosa de Oliveira, 1415 - Barão Geraldo"
105694,Miguel Vieira Bellini,184,"Avenida Albino José Barbosa de Oliveira, 77 - Barão Geraldo"
105695,Vinícius Queiroz Nascimento,186,"Avenida Albino José Barbosa de Oliveira, 2906 - Barão Geraldo"
105696,Sofia Oliveira Almeida,168,"Avenida Albino José Barbosa de Oliveira, 2866 - Barão Geraldo"
105697,Sofia Fernandes Medeiros,193,"Avenida Heitor Penteado, 2960 - Taquaral"
105698,Daniel Vieira Gomes,178,"Avenida Heitor Penteado, 2121 - Taquaral"
105699,Samuel Matos Paschoalino,156,"Rua Maria Monteiro, 436 - Cambuí"
105700,Vinícius Oliveira Fernandes,177,"Avenida Albino José Barbosa de Oliveira, 3109 - Barão Geraldo"
105701,João Medeiros Almeida,158,"Avenida Albino José Barbosa de Oliveira, 1581 - Barão Geraldo"
105702,Daniel Bellini Paschoalino,177,"Rua Maria Monteiro, 1196 - Cambuí"
105703,Livia Paschoalino Melo,155,"Avenida Heitor Penteado, 641 - Taquaral"
105704,Beatriz Martins Melo,178,"Avenida Albino José Barbosa de Oliveira, 135 - Barão Geraldo"
105705,Daniel Bellini Ribeiro,166,"Avenida Heitor Penteado, 444 - Taquaral"
105706,Beatriz Melo Matos,165,"Avenida Albino José Barbosa de Oliveira, 2759 - Barão Geraldo"
105707,Clara Paschoalino Ribeiro,172,"Rua Coronel Quirino, 170 - Cambuí"
105708,Pedro Melo Ribeiro,180,"Avenida Albino José Barbosa de Oliveira, 2200 - Barão Geraldo"
105709,Livia Nascimento Campos,152,"Rua Coronel Quirino, 378 - Cambuí"
105710,Livia Ferreira Bellini,170,"Rua Maria Monteiro, 69 - Cambuí"
105711,Yasmin Amorim Campos,175,"Rua Maria Monteiro, 1137 - Cambuí"
105712,Giovanna Alves Ribeiro,185,"Avenida Albino José Barbosa de Oliveira, 283 - Barão Geraldo"
105713,Miguel Amorim Almeida,191,"Rua Maria Monteiro, 1563 - Cambuí"
105714,Miguel Matos Alves,186,"Avenida Albino José Barbosa de Oliveira, 1632 - Barão Geraldo"
105715,Gabriel Almeida Nascimento,202,"Avenida Heitor Penteado, 910 - Taquaral"
105716,Rafael Oliveira Martins,171,"Avenida Heitor Penteado, 81 - Taquaral"
105717,Giovanna Oliveira Alves,191,"Rua Coronel Quirino, 557 - Cambuí"
105718,Thiago Paschoalino Gomes,161,"Avenida Heitor Penteado, 2071 - Taquaral"
105719,Guilherme Almeida Medeiros,191,"Rua Coronel Quirino, 840 - Cambuí"
105720,Miguel Gomes Matos,162,"Avenida Heitor Penteado, 13 - Taquaral"
105721,Gabriel Martins Almeida,160,"Avenida Heitor Penteado, 2382 - Taquaral"
105722,Rafael Alves Santana,203,"Avenida Albino José Barbosa de Oliveira, 1433 - Barão Geraldo"
105723,Livia Gomes Gomes,165,"Avenida Heitor Penteado, 2018 - Taquaral"
105724,Miguel Ferreira Ferreira,157,"Avenida Heitor Penteado, 2422 - Taquaral"
105725,Livia Ferreira Alves,189,"Avenida Heitor Penteado, 1969 - Taquaral"
105726,Henrique Fernandes Martins,189,"Rua Coronel Quirino, 633 - Cambuí"
105727,Eduardo Queiroz Santana,194,"Avenida Heitor Penteado, 834 - Taquaral"
105728,Gabriel Santana Santana,151,"Avenida Albino José Barbosa de Oliveira, 320 - Barão Geraldo"
105729,Victor Santana Campos,179,"Avenida Heitor Penteado, 2982 - Taquaral"
105730,João Ferreira Matos,179,"Avenida Albino José Barbosa de Oliveira, 2428 - Barão Geraldo"
105731,Maria Alves Ribeiro,161,"Avenida Albino José Barbosa de Oliveira, 1118 - Barão Geraldo"
105732,Guilherme Santana Martins,159,"Avenida Heitor Penteado, 997 - Taquaral"
105733,Eduardo Amorim Cruz,193,"Avenida Albino José Barbosa de Oliveira, 3102 - Barão Geraldo"
105734,Sofia Ribeiro Ferreira,160,"Avenida Heitor Penteado, 2196 - Taquaral"
105735,Guilherme Campos Gomes,164,"Rua Maria Monteiro, 339 - Cambuí"
105736,Beatriz Santana Santana,165,"Avenida Heitor Penteado, 397 - Taquaral"
105737,Henrique Matos Oliveira,166,"Rua Maria Monteiro, 875 - Cambuí"
105738,Yasmin Martins Queiroz,175,"Avenida Heitor Penteado, 1305 - Taquaral"
105739,Maria Oliveira Ferreira,151,"Avenida Heitor Penteado, 2092 - Taquaral"
105740,André Santana Martins,199,"Rua Maria Monteiro, 1164 - Cambuí"
105741,Victor Oliveira Silva,161,"Avenida Heitor Penteado, 1262 - Taquaral"
105742,Thiago Melo Almeida,200,"Rua Maria Monteiro, 611 - Cambuí"
105743,Rafael Martins Melo,175,"Avenida Heitor Penteado, 1302 - Taquaral"
105744,Felipe Almeida Gomes,172,"Avenida Albino José Barbosa de Oliveira, 3158 - Barão Geraldo"
105745,Henrique Ferreira Bellini,167,"Avenida Albino José Barbosa de Oliveira, 177 - Barão Geraldo"
105746,Thiago Almeida Amorim,181,"Rua Maria Monteiro, 1197 - Cambuí"
105747,Henrique Campos Campos,198,"Avenida Albino José Barbosa de Oliveira, 153 - Barão Geraldo"
105748,Samuel Ribeiro Medeiros,187,"Avenida Heitor Penteado, 2136 - Taquaral"
105749,Yasmin Cruz Vieira,196,"Avenida Albino José Barbosa de Oliveira, 1065 - Barão Geraldo"
105750,Clara Paschoalino Paschoalino,152,"Avenida Heitor Penteado, 2914 - Taquaral"
105751,Beatriz Fernandes Vieira,187,"Rua Coronel Quirino, 1591 - Cambuí"
105752,Henrique Alves Santana,152,"Avenida Heitor Penteado, 1009 - Taquaral"
105753,Thiago Almeida Santana,179,"Avenida Heitor Penteado, 2360 - Taquaral"
105754,Guilherme Vieira Alves,150,"Avenida Albino José Barbosa de Oliveira, 2281 - Barão Geraldo"
105755,Vinícius Fernandes Melo,179,"Avenida Albino José Barbosa de Oliveira, 438 - Barão Geraldo"
105756,Miguel Amorim Fernandes,194,"Rua Maria Monteiro, 1186 - Cambuí"
105757,Larissa Oliveira Nascimento,181,"Avenida Albino José Barbosa de Oliveira, 2366 - Barão Geraldo"
105758,Guilherme Cruz Matos,177,"Avenida Heitor Penteado, 287 - Taquaral"
105759,Erik Almeida Oliveira,170,"Avenida Albino José Barbosa de Oliveira, 597 - Barão Geraldo"
105760,Maria Cruz Matos,195,"Rua Maria Monteiro, 37 - Cambuí"
105761,Vinícius Gomes Oliveira,162,"Avenida Heitor Penteado, 525 - Taquaral"
105762,Sofia Matos Ribeiro,176,"Avenida Albino José Barbosa de Oliveira, 2691 - Barão Geraldo"
105763,Pedro Silva Bellini,185,"Avenida Albino José Barbosa de Oliveira, 1478 - Barão Geraldo"
105764,Daniel Almeida Ferreira,156,"Avenida Albino José Barbosa de Oliveira, 434 - Barão Geraldo"
105765,Daniel Medeiros Almeida,171,"Rua Maria Monteiro, 412 - Cambuí"
105766,Livia Amorim Martins,159,"Avenida Heitor Penteado, 68 - Taquaral"
105767,Pedro Oliveira Paschoalino,188,"Avenida Albino José Barbosa de Oliveira, 690 - Barão Geraldo"
105768,Victor Alves Ferreira,202,"Avenida Albino José Barbosa de Oliveira, 268 - Barão Geraldo"
105769,Victor Melo Oliveira,164,"Rua Coronel Quirino, 1256 - Cambuí"
105770,Miguel Paschoalino Amorim,164,"Avenida Heitor Penteado, 2994 - Taquaral"
105771,Yasmin Melo Alves,153,"Avenida Albino José Barbosa de Oliveira, 3124 - Barão Geraldo"
105772,Henrique Vieira Alves,181,"Rua Maria Monteiro, 1152 - Cambuí"
105773,Clara Oliveira Almeida,172,"Avenida Albino José Barbosa de Oliveira, 2792 - Barão Geraldo"
105774,Vinícius Nascimento Martins,204,"Avenida Heitor Penteado, 1604 - Taquaral"
105775,Eduardo Cruz Santana,155,"Avenida Heitor Penteado, 2601 - Taquaral"
105776,Rafael Fernandes Nascimento,173,"Avenida Heitor Penteado, 2991 - Taquaral"
105777,Larissa Vieira Alves,169,"Avenida Albino José Barbosa de Oliveira, 3440 - Barão Geraldo"
105778,Vinícius Amorim Paschoalino,186,"Rua Maria Monteiro, 644 - Cambuí"
105779,Vinícius Melo Gomes,169,"Rua Maria Monteiro, 1165 - Cambuí"
105780,Erik Alves Silva,161,"Avenida Albino José Barbosa de Oliveira, 2263 - Barão Geraldo"
105781,Felipe Queiroz Silva,182,"Rua Coronel Quirino, 687 - Cambuí"
105782,Samuel Paschoalino Amorim,177,"Avenida Heitor Penteado, 97 - Taquaral"
105783,Henrique Oliveira Medeiros,157,"Avenida Albino José Barbosa de Oliveira, 2101 - Barão Geraldo"
105784,Rafael Bellini Nascimento,150,"Rua Coronel Quirino, 589 - Cambuí"
105785,Giovanna Ferreira Gomes,186,"Rua Maria Monteiro, 1307 - Cambuí"
105786,Henrique Medeiros Silva,171,"Avenida Albino José Barbosa de Oliveira, 2900 - Barão Geraldo"
105787,Thiago Ferreira Vieira,155,"Rua Maria Monteiro, 798 - Cambuí"
105788,Henrique Matos Medeiros,170,"Avenida Heitor Penteado, 2098 - Taquaral"
105789,Eduardo Campos Paschoalino,181,"Rua Maria Monteiro, 976 - Cambuí"
105790,Thiago Melo Paschoalino,184,"Rua Coronel Quirino, 732 - Cambuí"
105791,Guilherme Martins Santana,164,"Avenida Albino José Barbosa de Oliveira, 2266 - Barão Geraldo"
105792,Pedro Martins Martins,154,"Avenida Heitor Penteado, 921 - Taquaral"
105793,Beatriz Silva Martins,195,"Rua Maria Monteiro, 169 - Cambuí"
105794,Henrique Alves Queiroz,199,"Avenida Heitor Penteado, 241 - Taquaral"
105795,Maria Gomes Fernandes,197,"Avenida Heitor Penteado, 1849 - Taquaral"
105796,Eduardo Alves Silva,155,"Avenida Heitor Penteado, 2030 - Taquaral"
105797,Sofia Santana Amorim,174,"Rua Maria Monteiro, 1452 - Cambuí"
105798,Guilherme Silva Vieira,195,"Avenida Albino José Barbosa de Oliveira, 3136 - Barão Geraldo"
105799,Miguel Vieira Fernandes,189,"Rua Maria Monteiro, 130 - Cambuí"
105800,Samuel Cruz Paschoalino,178,"Rua Coronel Quirino, 754 - Cambuí"
105801,Eduardo Cruz Bellini,156,"Avenida Heitor Penteado, 147 - Taquaral"
105802,Clara Oliveira Alves,189,"Avenida Heitor Penteado, 985 - Taquaral"
105803,Clara Almeida Melo,162,"Avenida Albino José Barbosa de Oliveira, 866 - Barão Geraldo"
105804,Gabriel Vieira Vieira,187,"Avenida Heitor Penteado, 1558 - Taquaral"
105805,André Paschoalino Fernandes,167,"Avenida Heitor Penteado, 2180 - Taquaral"
105806,Vinícius Vieira Almeida,151,"Avenida Heitor Penteado, 2445 - Taquaral"
105807,Victor Ribeiro Ferreira,157,"Avenida Albino José Barbosa de Oliveira, 1100 - Barão Geraldo"
105808,Rafael Fernandes Cruz,160,"Avenida Albino José Barbosa de Oliveira, 2723 - Barão Geraldo"
105809,Vinícius Cruz Medeiros,182,"Rua Coronel Quirino, 762 - Cambuí"
105810,Larissa Almeida Santana,203,"Avenida Heitor Penteado, 272 - Taquaral"
105811,Thiago Vieira Oliveira,187,"Rua Coronel Quirino, 677 - Cambuí"
105812,Clara Vieira Paschoalino,197,"Avenida Albino José Barbosa de Oliveira, 1962 - Barão Geraldo"
105813,Maria Bellini Santana,176,"Avenida Heitor Penteado, 398 - Taquaral"
105814,Beatriz Vieira Martins,169,"Avenida Albino José Barbosa de Oliveira, 1305 - Barão Geraldo"
105815,Henrique Ribeiro Queiroz,161,"Rua Coronel Quirino, 829 - Cambuí"
105816,Felipe Amorim Santana,192,"Rua Coronel Quirino, 1008 - Cambuí"
105817,Larissa Amorim Campos,180,"Avenida Albino José Barbosa de Oliveira, 3314 - Barão Geraldo"
105818,Larissa Oliveira Amorim,176,"Avenida Heitor Penteado, 1333 - Taquaral"
105819,Guilherme Melo Medeiros,181,"Rua Coronel Quirino, 1440 - Cambuí"
105820,Miguel Oliveira Queiroz,159,"Avenida Albino José Barbosa de Oliveira, 2906 - Barão Geraldo"
105821,André Vieira Oliveira,152,"Rua Coronel Quirino, 313 - Cambuí"
105822,Felipe Silva Almeida,194,"Rua Maria Monteiro, 654 - Cambuí"
105823,Sofia Melo Santana,176,"Avenida Albino José Barbosa de Oliveira, 1961 - Barão Geraldo"
105824,Larissa Cruz Vieira,184,"Rua Maria Monteiro, 1122 - Cambuí"
105825,Felipe Oliveira Fernandes,180,"Avenida Heitor Penteado, 1319 - Taquaral"
105826,Gabriel Oliveira Martins,164,"Avenida Heitor Penteado, 1184 - Taquaral"
105827,Rafael Melo Nascimento,165,"Avenida Albino José Barbosa de Oliveira, 2035 - Barão Geraldo"
105828,Vinícius Gomes Queiroz,162,"Rua Coronel Quirino, 223 - Cambuí"
105829,Rafael Nascimento Santana,198,"Avenida Albino José Barbosa de Oliveira, 3085 - Barão Geraldo"
105830,Maria Silva Alves,184,"Avenida Albino José Barbosa de Oliveira, 2502 - Barão Geraldo"
105831,Thiago Bellini Queiroz,201,"Avenida Albino José Barbosa de Oliveira, 2074 - Barão Geraldo"
105832,André Ribeiro Silva,160,"Avenida Albino José Barbosa de Oliveira, 287 - Barão Geraldo"
105833,Guilherme Oliveira Vieira,170,"Avenida Albino José Barbosa de Oliveira, 1071 - Barão Geraldo"
105834,Beatriz Vieira Amorim,200,"Avenida Heitor Penteado, 2887 - Taquaral"
105835,João Medeiros Campos,203,"Rua Maria Monteiro, 1565 - Cambuí"
105836,Maria Vieira Ferreira,160,"Avenida Heitor Penteado, 2095 - Taquaral"
105837,André Vieira Fernandes,179,"Avenida Heitor Penteado, 1028 - Taquaral"
105838,Victor Alves Campos,197,"Avenida Albino José Barbosa de Oliveira, 3067 - Barão Geraldo"
105839,Yasmin Vieira Melo,202,"Avenida Albino José Barbosa de Oliveira, 1553 - Barão Geraldo"
105840,Giovanna Fernandes Ferreira,184,"Rua Maria Monteiro, 433 - Cambuí"
105841,João Amorim Alves,171,"Avenida Albino José Barbosa de Oliveira, 1010 - Barão Geraldo"
105842,Pedro Nascimento Amorim,187,"Avenida Heitor Penteado, 576 - Taquaral"
105843,Henrique Matos Santana,180,"Avenida Heitor Penteado, 1861 - Taquaral"
105844,Gabriel Melo Oliveira,163,"Rua Coronel Quirino, 257 - Cambuí"
105845,Beatriz Alves Gomes,173,"Avenida Heitor Penteado, 2969 - Taquaral"
105846,Miguel Ferreira Fernandes,199,"Avenida Heitor Penteado, 1658 - Taquaral"
105847,Livia Ferreira Ferreira,198,"Rua Maria Monteiro, 1320 - Cambuí"
105848,Miguel Almeida Almeida,181,"Rua Maria Monteiro, 561 - Cambuí"
105849,Thiago Martins Gomes,185,"Avenida Albino José Barbosa de Oliveira, 1910 - Barão Geraldo"
105850,André Almeida Fernandes,181,"Rua Coronel Quirino, 325 - Cambuí"
105851,Livia Ribeiro Almeida,204,"Avenida Albino José Barbosa de Oliveira, 3175 - Barão Geraldo"
105852,Livia Alves Paschoalino,164,"Rua Coronel Quirino, 1287 - Cambuí"
105853,Maria Oliveira Almeida,192,"Avenida Heitor Penteado, 1981 - Taquaral"
105854,Victor Oliveira Santana,184,"Avenida Heitor Penteado, 893 - Taquaral"
105855,Daniel Paschoalino Martins,152,"Avenida Albino José Barbosa de Oliveira, 110 - Barão Geraldo"
105856,Pedro Almeida Silva,165,"Rua Coronel Quirino, 1434 - Cambuí"
105857,Henrique Santana Paschoalino,154,"Avenida Heitor Penteado, 2304 - Taquaral"
105858,Pedro Martins Oliveira,170,"Avenida Heitor Penteado, 1702 - Taquaral"
105859,Guilherme Matos Silva,159,"Avenida Albino José Barbosa de Oliveira, 2347 - Barão Geraldo"
105860,Gabriel Santana Amorim,168,"Rua Maria Monteiro, 1260 - Cambuí"
105861,Vinícius Amorim Gomes,174,"Rua Maria Monteiro, 1492 - Cambuí"
105862,Maria Oliveira Amorim,153,"Avenida Albino José Barbosa de Oliveira, 379 - Barão Geraldo"
105863,Yasmin Medeiros Alves,178,"Avenida Albino José Barbosa de Oliveira, 2884 - Barão Geraldo"
105864,Daniel Vieira Fernandes,168,"Rua Maria Monteiro, 1055 - Cambuí"
105865,Larissa Amorim Campos,192,"Avenida Albino José Barbosa de Oliveira, 3140 - Barão Geraldo"
105866,Guilherme Almeida Bellini,151,"Avenida Heitor Penteado, 1437 - Taquaral"
105867,Samuel Amorim Santana,159,"Rua Coronel Quirino, 1876 - Cambuí"
105868,Maria Amorim Paschoalino,192,"Avenida Albino José Barbosa de Oliveira, 2065 - Barão Geraldo"
105869,Guilherme Ribeiro Oliveira,174,"Avenida Heitor Penteado, 1409 - Taquaral"
105870,Henrique Ribeiro Nascimento,169,"Avenida Heitor Penteado, 273 - Taquaral"
105871,Yasmin Campos Gomes,197,"Avenida Albino José Barbosa de Oliveira, 1313 - Barão Geraldo"
105872,Vinícius Cruz Campos,168,"Avenida Albino José Barbosa de Oliveira, 360 - Barão Geraldo"
105873,Eduardo Queiroz Nascimento,172,"Avenida Heitor Penteado, 219 - Taquaral"
105874,Henrique Alves Almeida,173,"Rua Coronel Quirino, 923 - Cambuí"
105875,João Melo Amorim,160,"Rua Maria Monteiro, 425 - Cambuí"
105876,Clara Paschoalino Ferreira,195,"Rua Maria Monteiro, 892 - Cambuí"
105877,João Gomes Bellini,183,"Avenida Heitor Penteado, 1346 - Taquaral"
105878,Felipe Fernandes Bellini,204,"Avenida Albino José Barbosa de Oliveira, 2518 - Barão Geraldo"
105879,Henrique Ribeiro Amorim,177,"Rua Coronel Quirino, 1014 - Cambuí"
105880,Giovanna Matos Fernandes,154,"Avenida Albino José Barbosa de Oliveira, 1485 - Barão Geraldo"
105881,Victor Fernandes Santana,154,"Avenida Heitor Penteado, 1757 - Taquaral"
105882,Eduardo Fernandes Ribeiro,200,"Avenida Albino José Barbosa de Oliveira, 2689 - Barão Geraldo"
105883,Victor Bellini Melo,170,"Rua Maria Monteiro, 408 - Cambuí"
105884,Vinícius Bellini Bellini,161,"Rua Coronel Quirino, 222 - Cambuí"
105885,Pedro Melo Amorim,199,"Avenida Albino José Barbosa de Oliveira, 717 - Barão Geraldo"
105886,André Fernandes Queiroz,153,"Avenida Albino José Barbosa de Oliveira, 2206 - Barão Geraldo"
105887,Daniel Martins Almeida,203,"Avenida Heitor Penteado, 1206 - Taquaral"
105888,Vinícius Fernandes Vieira,198,"Avenida Albino José Barbosa de Oliveira, 1230 - Barão Geraldo"
105889,Samuel Amorim Ferreira,191,"Avenida Heitor Penteado, 217 - Taquaral"
105890,Vinícius Silva Vieira,169,"Avenida Albino José Barbosa de Oliveira, 873 - Barão Geraldo"
105891,Miguel Martins Santana,187,"Rua Maria Monteiro, 750 - Cambuí"
105892,Giovanna Almeida Alves,174,"Avenida Albino José Barbosa de Oliveira, 735 - Barão Geraldo"
105893,Beatriz Amorim Bellini,163,"Avenida Albino José Barbosa de Oliveira, 1628 - Barão Geraldo"
105894,Gabriel Ribeiro Paschoalino,160,"Avenida Heitor Penteado, 1619 - Taquaral"
105895,Henrique Alves Campos,181,"Rua Maria Monteiro, 822 - Cambuí"
105896,Pedro Matos Almeida,160,"Rua Maria Monteiro, 43 - Cambuí"
105897,Giovanna Fernandes Amorim,167,"Avenida Albino José Barbosa de Oliveira, 1596 - Barão Geraldo"
105898,Henrique Campos Matos,176,"Rua Maria Monteiro, 970 - Cambuí"
105899,Felipe Ribeiro Santana,204,"Rua Coronel Quirino, 1927 - Cambuí"
105900,Vinícius Campos Cruz,203,"Rua Maria Monteiro, 492 - Cambuí"
105901,Guilherme Medeiros Santana,167,"Rua Coronel Quirino, 738 - Cambuí"
105902,Samuel Queiroz Nascimento,172,"Avenida Albino José Barbosa de Oliveira, 2121 - Barão Geraldo"
105903,Gabriel Martins Gomes,160,"Avenida Heitor Penteado, 1162 - Taquaral"
105904,Larissa Paschoalino Nascimento,170,"Avenida Albino José Barbosa de Oliveira, 2597 - Barão Geraldo"
105905,Giovanna Santana Almeida,193,"Rua Coronel Quirino, 1752 - Cambuí"
105906,Guilherme Paschoalino Paschoalino,154,"Rua Coronel Quirino, 1847 - Cambuí"
105907,Rafael Ribeiro Gomes,172,"Avenida Albino José Barbosa de Oliveira, 2794 - Barão Geraldo"
105908,Clara Alves Ferreira,190,"Rua Maria Monteiro, 204 - Cambuí"
105909,Eduardo Ferreira Ribeiro,174,"Rua Maria Monteiro, 805 - Cambuí"
105910,Livia Matos Oliveira,190,"Avenida Heitor Penteado, 1547 - Taquaral"
105911,Vinícius Ferreira Fernandes,203,"Avenida Heitor Penteado, 598 - Taquaral"
105912,Daniel Silva Ferreira,159,"Avenida Albino José Barbosa de Oliveira, 1496 - Barão Geraldo"
105913,Giovanna Santana Campos,171,"Avenida Heitor Penteado, 306 - Taquaral"
105914,Miguel Nascimento Oliveira,168,"Avenida Heitor Penteado, 2194 - Taquaral"
105915,Victor Almeida Fernandes,150,"Avenida Albino José Barbosa de Oliveira, 1868 - Barão Geraldo"
105916,André Cruz Medeiros,156,"Avenida Albino José Barbosa de Oliveira, 633 - Barão Geraldo"
105917,Henrique Matos Amorim,153,"Rua Coronel Quirino, 255 - Cambuí"
105918,João Almeida Fernandes,150,"Rua Maria Monteiro, 1057 - Cambuí"
105919,Thiago Martins Matos,164,"Avenida Heitor Penteado, 336 - Taquaral"
105920,André Ribeiro Gomes,189,"Rua Coronel Quirino, 1597 - Cambuí"
105921,Rafael Fernandes Martins,161,"Avenida Heitor Penteado, 2712 - Taquaral"
105922,Erik Fernandes Campos,171,"Rua Maria Monteiro, 807 - Cambuí"
105923,Beatriz Ribeiro Nascimento,171,"Rua Coronel Quirino, 957 - Cambuí"
105924,Henrique Melo Melo,199,"Avenida Albino José Barbosa de Oliveira, 2619 - Barão Geraldo"
105925,Beatriz Queiroz Medeiros,196,"Rua Coronel Quirino, 636 - Cambuí"
105926,Thiago Almeida Amorim,166,"Avenida Albino José Barbosa de Oliveira, 826 - Barão Geraldo"
105927,Clara Vieira Almeida,178,"Avenida Albino José Barbosa de Oliveira, 3380 - Barão Geraldo"
105928,Eduardo Cruz Queiroz,195,"Avenida Albino José Barbosa de Oliveira, 3371 - Barão Geraldo"
105929,Erik Bellini Vieira,163,"Rua Coronel Quirino, 668 - Cambuí"
105930,João Alves Fernandes,199,"Rua Maria Monteiro, 862 - Cambuí"
105931,Clara Gomes Fernandes,169,"Avenida Heitor Penteado, 2245 - Taquaral"
105932,Clara Amorim Martins,199,"Avenida Albino José Barbosa de Oliveira, 1318 - Barão Geraldo"
105933,Sofia Medeiros Queiroz,197,"Avenida Heitor Penteado, 614 - Taquaral"
105934,Maria Ribeiro Martins,182,"Rua Coronel Quirino, 815 - Cambuí"
105935,Larissa Almeida Matos,204,"Rua Maria Monteiro, 1409 - Cambuí"
105936,Clara Santana Ferreira,192,"Avenida Heitor Penteado, 876 - Taquaral"
105937,Erik Cruz Silva,164,"Avenida Albino José Barbosa de Oliveira, 1429 - Barão Geraldo"
105938,Gabriel Bellini Medeiros,161,"Avenida Heitor Penteado, 67 - Taquaral"
105939,Rafael Matos Paschoalino,189,"Avenida Heitor Penteado, 287 - Taquaral"
105940,Beatriz Ribeiro Bellini,203,"Avenida Albino José Barbosa de Oliveira, 2824 - Barão Geraldo"
105941,Pedro Medeiros Medeiros,169,"Avenida Heitor Penteado, 2535 - Taquaral"
105942,Gabriel Bellini Almeida,179,"Avenida Albino José Barbosa de Oliveira, 108 - Barão Geraldo"
105943,Eduardo Queiroz Fernandes,187,"Rua Maria Monteiro, 1364 - Cambuí"
105944,Henrique Martins Ribeiro,152,"Avenida Albino José Barbosa de Oliveira, 1427 - Barão Geraldo"
105945,Yasmin Martins Paschoalino,177,"Avenida Albino José Barbosa de Oliveira, 3452 - Barão Geraldo"
105946,Samuel Nascimento Amorim,175,"Avenida Heitor Penteado, 1830 - Taquaral"
105947,André Gomes Matos,179,"Rua Coronel Quirino, 1207 - Cambuí"
105948,Clara Medeiros Santana,162,"Avenida Heitor Penteado, 920 - Taquaral"
105949,Victor Medeiros Santana,162,"Avenida Albino José Barbosa de Oliveira, 3189 - Barão Geraldo"
105950,Gabriel Melo Amorim,151,"Rua Coronel Quirino, 1664 - Cambuí"
105951,André Alves Vieira,186,"Rua Coronel Quirino, 1032 - Cambuí"
105952,Victor Alves Queiroz,198,"Avenida Albino José Barbosa de Oliveira, 1471 - Barão Geraldo"
105953,Erik Martins Santana,187,"Avenida Heitor Penteado, 709 - Taquaral"
105954,Eduardo Matos Paschoalino,151,"Avenida Albino José Barbosa de Oliveira, 1208 - Barão Geraldo"
105955,Rafael Campos Nascimento,185,"Avenida Albino José Barbosa de Oliveira, 651 - Barão Geraldo"
105956,Giovanna Matos Alves,203,"Rua Maria Monteiro, 1049 - Cambuí"
105957,Samuel Martins Oliveira,175,"Avenida Albino José Barbosa de Oliveira, 1470 - Barão Geraldo"
105958,Felipe Campos Silva,160,"Avenida Albino José Barbosa de Oliveira, 204 - Barão Geraldo"
105959,Henrique Santana Fernandes,157,"Avenida Albino José Barbosa de Oliveira, 578 - Barão Geraldo"
105960,Giovanna Martins Cruz,193,"Rua Coronel Quirino, 1887 - Cambuí"
105961,Rafael Nascimento Ferreira,189,"Avenida Heitor Penteado, 502 - Taquaral"
105962,André Ferreira Campos,192,"Rua Coronel Quirino, 1343 - Cambuí"
105963,Rafael Queiroz Martins,171,"Avenida Heitor Penteado, 1378 - Taquaral"
105964,Felipe Oliveira Cruz,169,"Rua Coronel Quirino, 1654 - Cambuí"
105965,Beatriz Martins Cruz,157,"Rua Coronel Quirino, 1608 - Cambuí"
105966,Thiago Santana Santana,178,"Rua Maria Monteiro, 580 - Cambuí"
105967,Victor Nascimento Santana,189,"Avenida Albino José Barbosa de Oliveira, 958 - Barão Geraldo"
105968,Victor Nascimento Alves,175,"Avenida Albino José Barbosa de Oliveira, 987 - Barão Geraldo"
105969,Miguel Medeiros Ribeiro,179,"Rua Maria Monteiro, 1419 - Cambuí"
105970,Rafael Bellini Melo,166,"Rua Coronel Quirino, 193 - Cambuí"
105971,Giovanna Santana Queiroz,169,"Avenida Albino José Barbosa de Oliveira, 2002 - Barão Geraldo"
105972,André Nascimento Paschoalino,201,"Avenida Heitor Penteado, 632 - Taquaral"
105973,Felipe Oliveira Fernandes,204,"Rua Maria Monteiro, 1045 - Cambuí"
105974,Felipe Amorim Martins,165,"Avenida Heitor Penteado, 203 - Taquaral"
105975,Thiago Fernandes Ferreira,195,"Avenida Albino José Barbosa de Oliveira, 1983 - Barão Geraldo"
105976,Livia Campos Oliveira,192,"Avenida Albino José Barbosa de Oliveira, 1463 - Barão Geraldo"
105977,Pedro Amorim Matos,156,"Avenida Heitor Penteado, 2451 - Taquaral"
105978,Vinícius Nascimento Bellini,165,"Avenida Albino José Barbosa de Oliveira, 642 - Barão Geraldo"
105979,Clara Campos Cruz,194,"Avenida Albino José Barbosa de Oliveira, 3030 - Barão Geraldo"
105980,André Paschoalino Campos,196,"Avenida Albino José Barbosa de Oliveira, 792 - Barão Geraldo"
105981,Beatriz Paschoalino Silva,197,"Rua Maria Monteiro, 1080 - Cambuí"
105982,André Nascimento Ferreira,176,"Avenida Heitor Penteado, 403 - Taquaral"
105983,Livia Melo Oliveira,202,"Avenida Heitor Penteado, 2694 - Taquaral"
105984,Daniel Medeiros Alves,172,"Rua Maria Monteiro, 1219 - Cambuí"
105985,Felipe Ribeiro Santana,173,"Avenida Albino José Barbosa de Oliveira, 2120 - Barão Geraldo"
105986,Maria Alves Vieira,158,"Avenida Heitor Penteado, 1372 - Taquaral"
105987,Giovanna Gomes Ribeiro,184,"Rua Coronel Quirino, 1474 - Cambuí"
105988,André Nascimento Medeiros,200,"Avenida Albino José Barbosa de Oliveira, 2716 - Barão Geraldo"
105989,Daniel Nascimento Almeida,169,"Rua Coronel Quirino, 1297 - Cambuí"
105990,Giovanna Ferreira Santana,186,"Rua Coronel Quirino, 341 - Cambuí"
105991,Daniel Ribeiro Paschoalino,191,"Avenida Albino José Barbosa de Oliveira, 875 - Barão Geraldo"
105992,Pedro Oliveira Paschoalino,166,"Avenida Heitor Penteado, 707 - Taquaral"
105993,Daniel Vieira Bellini,196,"Rua Maria Monteiro, 1268 - Cambuí"
105994,Miguel Melo Matos,180,"Rua Coronel Quirino, 618 - Cambuí"
105995,Giovanna Silva Paschoalino,204,"Avenida Heitor Penteado, 1937 - Taquaral"
105996,Larissa Melo Amorim,157,"Avenida Albino José Barbosa de Oliveira, 2336 - Barão Geraldo"
105997,Clara Almeida Santana,164,"Rua Maria Monteiro, 975 - Cambuí"
105998,Clara Martins Martins,180,"Rua Coronel Quirino, 614 - Cambuí"
105999,André Medeiros Amorim,202,"Avenida Albino José Barbosa de Oliveira, 131 - Barão Geraldo"
106000,Maria Ferreira Gomes,179,"Rua Coronel Quirino, 830 - Cambuí"
106001,Erik Paschoalino Melo,195,"Avenida Heitor Penteado, 2180 - Taquaral"
106002,Beatriz Vieira Silva,169,"Avenida Heitor Penteado, 2771 - Taquaral"
106003,Larissa Nascimento Amorim,188,"Avenida Heitor Penteado, 1971 - Taquaral"
106004,Felipe Silva Paschoalino,202,"Avenida Heitor Penteado, 2462 - Taquaral"
106005,Yasmin Silva Santana,204,"Avenida Heitor Penteado, 1554 - Taquaral"
106006,Gabriel Ferreira Paschoalino,161,"Rua Coronel Quirino, 376 - Cambuí"
106007,Rafael Medeiros Melo,198,"Rua Coronel Quirino, 875 - Cambuí"
106008,Maria Matos Amorim,166,"Avenida Albino José Barbosa de Oliveira, 3153 - Barão Geraldo"
106009,Gabriel Medeiros Nascimento,191,"Avenida Heitor Penteado, 1088 - Taquaral"
106010,João Vieira Campos,179,"Rua Maria Monteiro, 23 - Cambuí"
106011,João Ferreira Amorim,178,"Avenida Albino José Barbosa de Oliveira, 2235 - Barão Geraldo"
106012,Sofia Oliveira Alves,168,"Rua Maria Monteiro, 903 - Cambuí"
106013,Yasmin Alves Matos,195,"Avenida Albino José Barbosa de Oliveira, 2062 - Barão Geraldo"
106014,Sofia Almeida Fernandes,160,"Avenida Albino José Barbosa de Oliveira, 1466 - Barão Geraldo"
106015,Thiago Ribeiro Alves,183,"Rua Coronel Quirino, 109 - Cambuí"
106016,Maria Oliveira Melo,199,"Avenida Heitor Penteado, 2389 - Taquaral"
106017,Livia Alves Ferreira,156,"Rua Coronel Quirino, 339 - Cambuí"
106018,João Nascimento Almeida,193,"Avenida Heitor Penteado, 570 - Taquaral"
106019,Yasmin Amorim Matos,183,"Avenida Heitor Penteado, 1988 - Taquaral"
106020,Maria Alves Gomes,169,"Avenida Heitor Penteado, 552 - Taquaral"
106021,Clara Campos Silva,199,"Avenida Albino José Barbosa de Oliveira, 1725 - Barão Geraldo"
106022,Eduardo Fernandes Alves,187,"Avenida Albino José Barbosa de Oliveira, 2299 - Barão Geraldo"
106023,Rafael Ferreira Ferreira,173,"Rua Maria Monteiro, 1374 - Cambuí"
106024,Sofia Oliveira Medeiros,159,"Avenida Albino José Barbosa de Oliveira, 1760 - Barão Geraldo"
106025,Henrique Queiroz Ribeiro,181,"Rua Coronel Quirino, 1062 - Cambuí"
106026,Eduardo Campos Fernandes,201,"Avenida Albino José Barbosa de Oliveira, 1893 - Barão Geraldo"
106027,Sofia Ribeiro Oliveira,164,"Avenida Heitor Penteado, 1081 - Taquaral"
106028,Victor Almeida Santana,186,"Avenida Albino José Barbosa de Oliveira, 1027 - Barão Geraldo"
106029,Larissa Martins Vieira,169,"Avenida Heitor Penteado, 2006 - Taquaral"
106030,Maria Cruz Queiroz,152,"Avenida Heitor Penteado, 651 - Taquaral"
106031,Sofia Medeiros Queiroz,186,"Avenida Albino José Barbosa de Oliveira, 3106 - Barão Geraldo"
106032,Daniel Melo Paschoalino,189,"Avenida Albino José Barbosa de Oliveira, 56 - Barão Geraldo"
106033,Giovanna Matos Oliveira,157,"Rua Coronel Quirino, 592 - Cambuí"
106034,Thiago Bellini Fernandes,189,"Avenida Albino José Barbosa de Oliveira, 565 - Barão Geraldo"
106035,Pedro Cruz Fernandes,193,"Avenida Albino José Barbosa de Oliveira, 181 - Barão Geraldo"
106036,Thiago Alves Matos,172,"Avenida Albino José Barbosa de Oliveira, 780 - Barão Geraldo"
106037,Livia Queiroz Martins,189,"Rua Coronel Quirino, 1901 - Cambuí"
106038,Gabriel Melo Alves,160,"Rua Coronel Quirino, 1543 - Cambuí"
106039,Thiago Gomes Cruz,195,"Rua Maria Monteiro, 182 - Cambuí"
106040,Gabriel Ribeiro Ribeiro,157,"Avenida Heitor Penteado, 2958 - Taquaral"
106041,Miguel Almeida Santana,178,"Avenida Heitor Penteado, 1357 - Taquaral"
106042,Larissa Paschoalino Queiroz,179,"Avenida Heitor Penteado, 836 - Taquaral"
106043,Daniel Amorim Almeida,159,"Avenida Albino José Barbosa de Oliveira, 1907 - Barão Geraldo"
106044,Clara Nascimento Bellini,188,"Rua Coronel Quirino, 1658 - Cambuí"
106045,Livia Nascimento Santana,177,"Avenida Albino José Barbosa de Oliveira, 2368 - Barão Geraldo"
106046,Sofia Ribeiro Cruz,198,"Avenida Heitor Penteado, 2197 - Taquaral"
106047,Felipe Paschoalino Paschoalino,185,"Rua Coronel Quirino, 846 - Cambuí"
106048,André Nascimento Cruz,162,"Avenida Heitor Penteado, 2365 - Taquaral"
106049,Felipe Oliveira Vieira,181,"Avenida Heitor Penteado, 964 - Taquaral"
106050,Clara Silva Ferreira,185,"Avenida Albino José Barbosa de Oliveira, 395 - Barão Geraldo"
106051,Daniel Gomes Alves,186,"Rua Maria Monteiro, 1593 - Cambuí"
106052,Yasmin Martins Paschoalino,175,"Avenida Albino José Barbosa de Oliveira, 96 - Barão Geraldo"
106053,Larissa Campos Nascimento,171,"Avenida Heitor Penteado, 852 - Taquaral"
106054,Henrique Martins Alves,153,"Avenida Heitor Penteado, 219 - Taquaral"
106055,Felipe Nascimento Gomes,180,"Avenida Albino José Barbosa de Oliveira, 1211 - Barão Geraldo"
106056,Vinícius Melo Amorim,167,"Rua Coronel Quirino, 1909 - Cambuí"
106057,Rafael Campos Melo,187,"Avenida Heitor Penteado, 2569 - Taquaral"
106058,Beatriz Amorim Medeiros,173,"Avenida Albino José Barbosa de Oliveira, 888 - Barão Geraldo"
106059,Pedro Fernandes Alves,172,"Rua Coronel Quirino, 1852 - Cambuí"
106060,André Silva Amorim,171,"Avenida Albino José Barbosa de Oliveira, 3307 - Barão Geraldo"
106061,Livia Matos Cruz,151,"Rua Coronel Quirino, 1455 - Cambuí"
106062,Maria Melo Campos,180,"Avenida Heitor Penteado, 2784 - Taquaral"
106063,João Amorim Paschoalino,204,"Avenida Albino José Barbosa de Oliveira, 2370 - Barão Geraldo"
106064,Livia Medeiros Amorim,160,"Avenida Albino José Barbosa de Oliveira, 1595 - Barão Geraldo"
106065,Clara Amorim Silva,177,"Avenida Heitor Penteado, 751 - Taquaral"
106066,Sofia Vieira Vieira,195,"Rua Coronel Quirino, 606 - Cambuí"
106067,Gabriel Ribeiro Cruz,181,"Avenida Heitor Penteado, 496 - Taquaral"
106068,Miguel Martins Fernandes,154,"Rua Coronel Quirino, 1201 - Cambuí"
106069,Gabriel Campos Amorim,187,"Avenida Heitor Penteado, 2287 - Taquaral"
106070,Beatriz Fernandes Nascimento,159,"Avenida Albino José Barbosa de Oliveira, 1850 - Barão Geraldo"
106071,Sofia Ferreira Santana,189,"Rua Maria Monteiro, 798 - Cambuí"
106072,Vinícius Gomes Cruz,195,"Avenida Heitor Penteado, 2853 - Taquaral"
106073,André Almeida Melo,173,"Rua Maria Monteiro, 1143 - Cambuí"
106074,Yasmin Paschoalino Queiroz,184,"Rua Maria Monteiro, 350 - Cambuí"
106075,Miguel Vieira Queiroz,193,"Avenida Heitor Penteado, 2666 - Taquaral"
106076,Erik Ferreira Silva,197,"Rua Coronel Quirino, 1282 - Cambuí"
106077,Larissa Melo Martins,172,"Avenida Albino José Barbosa de Oliveira, 2568 - Barão Geraldo"
106078,Sofia Ribeiro Medeiros,166,"Avenida Heitor Penteado, 2623 - Taquaral"
106079,Giovanna Melo Cruz,150,"Avenida Albino José Barbosa de Oliveira, 419 - Barão Geraldo"
106080,Larissa Queiroz Amorim,204,"Avenida Albino José Barbosa de Oliveira, 2784 - Barão Geraldo"
106081,Erik Ferreira Nascimento,180,"Avenida Albino José Barbosa de Oliveira, 1516 - Barão Geraldo"
106082,Erik Medeiros Nascimento,180,"Rua Coronel Quirino, 1560 - Cambuí"
106083,Vinícius Fernandes Gomes,191,"Rua Maria Monteiro, 1456 - Cambuí"
106084,Daniel Almeida Vieira,204,"Avenida Heitor Penteado, 1876 - Taquaral"
106085,Felipe Amorim Amorim,191,"Avenida Heitor Penteado, 517 - Taquaral"
106086,Gabriel Paschoalino Martins,202,"Avenida Albino José Barbosa de Oliveira, 1519 - Barão Geraldo"
106087,Thiago Ribeiro Oliveira,183,"Avenida Albino José Barbosa de Oliveira, 2033 - Barão Geraldo"
106088,Livia Medeiros Nascimento,158,"Rua Coronel Quirino, 1782 - Cambuí"
106089,Erik Bellini Fernandes,171,"Rua Coronel Quirino, 1638 - Cambuí"
106090,Yasmin Melo Amorim,162,"Avenida Albino José Barbosa de Oliveira, 1055 - Barão Geraldo"
106091,Gabriel Ferreira Cruz,174,"Avenida Albino José Barbosa de Oliveira, 1119 - Barão Geraldo"
106092,Daniel Oliveira Almeida,197,"Avenida Albino José Barbosa de Oliveira, 19 - Barão Geraldo"
106093,Eduardo Campos Melo,167,"Rua Maria Monteiro, 1538 - Cambuí"
106094,André Ferreira Amorim,200,"Avenida Albino José Barbosa de Oliveira, 158 - Barão Geraldo"
106095,João Gomes Paschoalino,161,"Avenida Heitor Penteado, 1690 - Taquaral"
106096,Larissa Queiroz Alves,189,"Rua Maria Monteiro, 498 - Cambuí"
106097,Rafael Matos Cruz,166,"Rua Maria Monteiro, 1498 - Cambuí"
106098,Maria Amorim Medeiros,164,"Avenida Heitor Penteado, 175 - Taquaral"
106099,Giovanna Gomes Matos,191,"Avenida Heitor Penteado, 660 - Taquaral"
106100,Larissa Gomes Vieira,164,"Avenida Albino José Barbosa de Oliveira, 2156 - Barão Geraldo"
106101,Clara Vieira Silva,164,"Avenida Albino José Barbosa de Oliveira, 732 - Barão Geraldo"
106102,Yasmin Alves Amorim,204,"Avenida Albino José Barbosa de Oliveira, 3078 - Barão Geraldo"
106103,Livia Queiroz Bellini,188,"Avenida Heitor Penteado, 1867 - Taquaral"
106104,Eduardo Cruz Paschoalino,162,"Rua Coronel Quirino, 629 - Cambuí"
106105,Erik Vieira Melo,166,"Avenida Albino José Barbosa de Oliveira, 2368 - Barão Geraldo"
106106,Erik Santana Ferreira,181,"Avenida Albino José Barbosa de Oliveira, 1545 - Barão Geraldo"
106107,Yasmin Matos Alves,158,"Rua Coronel Quirino, 1512 - Cambuí"
106108,Sofia Silva Amorim,189,"Rua Coronel Quirino, 935 - Cambuí"
106109,Clara Oliveira Melo,169,"Avenida Albino José Barbosa de Oliveira, 1139 - Barão Geraldo"
106110,Maria Cruz Matos,175,"Avenida Heitor Penteado, 2093 - Taquaral"
106111,Beatriz Bellini Santana,176,"Avenida Heitor Penteado, 2741 - Taquaral"
106112,Eduardo Nascimento Almeida,170,"Avenida Heitor Penteado, 255 - Taquaral"
106113,Thiago Martins Paschoalino,167,"Avenida Albino José Barbosa de Oliveira, 778 - Barão Geraldo"
106114,João Medeiros Queiroz,162,"Avenida Albino José Barbosa de Oliveira, 1462 - Barão Geraldo"
106115,André Cruz Queiroz,165,"Avenida Albino José Barbosa de Oliveira, 3270 - Barão Geraldo"
106116,Yasmin Silva Melo,158,"Avenida Heitor Penteado, 1892 - Taquaral"
106117,Samuel Paschoalino Nascimento,161,"Rua Coronel Quirino, 499 - Cambuí"
106118,Eduardo Fernandes Bellini,193,"Avenida Albino José Barbosa de Oliveira, 18 - Barão Geraldo"
106119,Pedro Santana Santana,187,"Avenida Albino José Barbosa de Oliveira, 1957 - Barão Geraldo"
106120,Yasmin Amorim Amorim,168,"Avenida Heitor Penteado, 2879 - Taquaral"
106121,Pedro Santana Cruz,156,"Rua Coronel Quirino, 225 - Cambuí"
106122,Erik Martins Matos,184,"Rua Coronel Quirino, 872 - Cambuí"
106123,Rafael Ribeiro Matos,197,"Rua Maria Monteiro, 611 - Cambuí"
106124,Clara Almeida Almeida,167,"Rua Maria Monteiro, 213 - Cambuí"
106125,Samuel Almeida Vieira,165,"Avenida Heitor Penteado, 2034 - Taquaral"
106126,Pedro Queiroz Vieira,204,"Avenida Heitor Penteado, 614 - Taquaral"
106127,Victor Oliveira Bellini,188,"Avenida Heitor Penteado, 1803 - Taquaral"
106128,Rafael Gomes Ribeiro,153,"Rua Maria Monteiro, 927 - Cambuí"
106129,João Bellini Silva,174,"Avenida Albino José Barbosa de Oliveira, 430 - Barão Geraldo"
106130,Maria Medeiros Gomes,181,"Avenida Heitor Penteado, 882 - Taquaral"
106131,Beatriz Fernandes Martins,189,"Avenida Albino José Barbosa de Oliveira, 47 - Barão Geraldo"
106132,André Santana Alves,162,"Avenida Heitor Penteado, 740 - Taquaral"
106133,Livia Ferreira Campos,194,"Avenida Albino José Barbosa de Oliveira, 654 - Barão Geraldo"
106134,Gabriel Almeida Amorim,166,"Avenida Albino José Barbosa de Oliveira, 2826 - Barão Geraldo"
106135,Vinícius Queiroz Gomes,198,"Avenida Heitor Penteado, 2106 - Taquaral"
106136,Rafael Ribeiro Oliveira,186,"Avenida Albino José Barbosa de Oliveira, 2005 - Barão Geraldo"
106137,Gabriel Campos Queiroz,155,"Avenida Albino José Barbosa de Oliveira, 1901 - Barão Geraldo"
106138,Guilherme Amorim Vieira,168,"Avenida Heitor Penteado, 697 - Taquaral"
106139,Maria Campos Paschoalino,162,"Avenida Heitor Penteado, 599 - Taquaral"
106140,Maria Vieira Matos,175,"Avenida Albino José Barbosa de Oliveira, 1287 - Barão Geraldo"
106141,Clara Almeida Ribeiro,163,"Rua Maria Monteiro, 821 - Cambuí"
106142,Beatriz Alves Silva,180,"Avenida Albino José Barbosa de Oliveira, 2363 - Barão Geraldo"
106143,Livia Silva Ferreira,203,"Rua Coronel Quirino, 1145 - Cambuí"
106144,Rafael Fernandes Nascimento,153,"Avenida Heitor Penteado, 1127 - Taquaral"
106145,Sofia Campos Fernandes,188,"Avenida Heitor Penteado, 1384 - Taquaral"
106146,Guilherme Amorim Queiroz,157,"Avenida Heitor Penteado, 1168 - Taquaral"
106147,Pedro Martins Melo,174,"Avenida Heitor Penteado, 2108 - Taquaral"
106148,Larissa Matos Campos,162,"Rua Maria Monteiro, 1406 - Cambuí"
106149,Vinícius Melo Almeida,181,"Rua Coronel Quirino, 1370 - Cambuí"
106150,Pedro Fernandes Vieira,187,"Rua Coronel Quirino, 1520 - Cambuí"
106151,Larissa Amorim Fernandes,187,"Rua Coronel Quirino, 1554 - Cambuí"
106152,Sofia Queiroz Campos,177,"Avenida Albino José Barbosa de Oliveira, 144 - Barão Geraldo"
106153,Rafael Vieira Silva,202,"Avenida Albino José Barbosa de Oliveira, 1619 - Barão Geraldo"
106154,Rafael Silva Silva,179,"Rua Maria Monteiro, 537 - Cambuí"
106155,Guilherme Campos Queiroz,152,"Rua Coronel Quirino, 563 - Cambuí"
106156,Gabriel Fernandes Fernandes,177,"Rua Maria Monteiro, 326 - Cambuí"
106157,Gabriel Melo Santana,152,"Avenida Albino José Barbosa de Oliveira, 3350 - Barão Geraldo"
106158,João Nascimento Santana,194,"Avenida Albino José Barbosa de Oliveira, 1582 - Barão Geraldo"
106159,Henrique Queiroz Gomes,203,"Avenida Heitor Penteado, 1672 - Taquaral"
106160,Giovanna Silva Campos,183,"Avenida Heitor Penteado, 2696 - Taquaral"
106161,Maria Santana Campos,165,"Rua Coronel Quirino, 579 - Cambuí"
106162,Eduardo Nascimento Santana,171,"Avenida Albino José Barbosa de Oliveira, 1147 - Barão Geraldo"
106163,Yasmin Alves Matos,181,"Rua Maria Monteiro, 1426 - Cambuí"
106164,Sofia Fernandes Santana,187,"Avenida Heitor Penteado, 916 - Taquaral"
106165,Miguel Melo Queiroz,157,"Avenida Heitor Penteado, 2882 - Taquaral"
106166,Erik Cruz Nascimento,204,"Rua Coronel Quirino, 1970 - Cambuí"
106167,Rafael Bellini Santana,157,"Rua Coronel Quirino, 1226 - Cambuí"
106168,Vinícius Ribeiro Fernandes,155,"Avenida Albino José Barbosa de Oliveira, 1507 - Barão Geraldo"
106169,Erik Ribeiro Amorim,163,"Avenida Albino José Barbosa de Oliveira, 992 - Barão Geraldo"
106170,João Bellini Martins,181,"Avenida Albino José Barbosa de Oliveira, 1373 - Barão Geraldo"
106171,Pedro Silva Melo,184,"Avenida Heitor Penteado, 775 - Taquaral"
106172,Miguel Matos Fernandes,159,"Rua Maria Monteiro, 784 - Cambuí"
106173,Eduardo Silva Campos,152,"Avenida Heitor Penteado, 1224 - Taquaral"
106174,Clara Silva Cruz,161,"Avenida Heitor Penteado, 1534 - Taquaral"
106175,Livia Matos Martins,198,"Rua Coronel Quirino, 325 - Cambuí"
106176,André Vieira Santana,180,"Avenida Heitor Penteado, 133 - Taquaral"
106177,Giovanna Amorim Ferreira,178,"Avenida Heitor Penteado, 1434 - Taquaral"
106178,Sofia Melo Silva,154,"Avenida Albino José Barbosa de Oliveira, 2048 - Barão Geraldo"
106179,Samuel Melo Gomes,201,"Rua Coronel Quirino, 420 - Cambuí"
106180,Felipe Silva Medeiros,174,"Avenida Albino José Barbosa de Oliveira, 157 - Barão Geraldo"
106181,Maria Ribeiro Amorim,190,"Avenida Albino José Barbosa de Oliveira, 2187 - Barão Geraldo"
106182,Vinícius Cruz Amorim,180,"Avenida Heitor Penteado, 1194 - Taquaral"
106183,Maria Martins Fernandes,170,"Rua Maria Monteiro, 1591 - Cambuí"
106184,Daniel Almeida Oliveira,169,"Rua Coronel Quirino, 1479 - Cambuí"
106185,Daniel Alves Medeiros,188,"Avenida Albino José Barbosa de Oliveira, 2696 - Barão Geraldo"
106186,Beatriz Vieira Silva,171,"Rua Coronel Quirino, 1249 - Cambuí"
106187,Daniel Matos Matos,153,"Avenida Heitor Penteado, 1644 - Taquaral"
106188,Giovanna Almeida Cruz,162,"Rua Coronel Quirino, 982 - Cambuí"
106189,Thiago Gomes Santana,194,"Rua Maria Monteiro, 794 - Cambuí"
106190,Beatriz Melo Medeiros,191,"Avenida Albino José Barbosa de Oliveira, 1381 - Barão Geraldo"
106191,André Cruz Fernandes,199,"Avenida Albino José Barbosa de Oliveira, 267 - Barão Geraldo"
106192,Vinícius Silva Nascimento,198,"Avenida Heitor Penteado, 1986 - Taquaral"
106193,Maria Bellini Bellini,169,"Avenida Albino José Barbosa de Oliveira, 2855 - Barão Geraldo"
106194,Gabriel Campos Campos,201,"Avenida Heitor Penteado, 2406 - Taquaral"
106195,Victor Silva Matos,162,"Rua Coronel Quirino, 1897 - Cambuí"
106196,João Bellini Almeida,166,"Avenida Albino José Barbosa de Oliveira, 2418 - Barão Geraldo"
106197,André Matos Melo,203,"Avenida Heitor Penteado, 284 - Taquaral"
106198,Henrique Bellini Oliveira,185,"Rua Coronel Quirino, 1743 - Cambuí"
106199,Livia Santana Matos,182,"Rua Coronel Quirino, 1667 - Cambuí"
106200,Vinícius Paschoalino Oliveira,150,"Avenida Heitor Penteado, 2180 - Taquaral"
106201,Clara Melo Campos,164,"Avenida Albino José Barbosa de Oliveira, 2750 - Barão Geraldo"
106202,Giovanna Amorim Cruz,162,"Rua Coronel Quirino, 966 - Cambuí"
106203,Daniel Bellini Gomes,166,"Avenida Albino José Barbosa de Oliveira, 468 - Barão Geraldo"
106204,Gabriel Bellini Ferreira,173,"Rua Coronel Quirino, 953 - Cambuí"
106205,Vinícius Oliveira Oliveira,157,"Rua Coronel Quirino, 667 - Cambuí"
106206,Gabriel Silva Cruz,199,"Avenida Albino José Barbosa de Oliveira, 325 - Barão Geraldo"
106207,André Bellini Nascimento,176,"Avenida Heitor Penteado, 2876 - Taquaral"
106208,Maria Melo Campos,194,"Avenida Heitor Penteado, 1026 - Taquaral"
106209,Livia Ferreira Santana,172,"Rua Maria Monteiro, 271 - Cambuí"
106210,Gabriel Cruz Vieira,195,"Avenida Albino José Barbosa de Oliveira, 3179 - Barão Geraldo"
106211,Maria Ferreira Ferreira,157,"Avenida Heitor Penteado, 2780 - Taquaral"
106212,Eduardo Martins Campos,157,"Avenida Albino José Barbosa de Oliveira, 19 - Barão Geraldo"
106213,Livia Paschoalino Matos,175,"Rua Coronel Quirino, 1181 - Cambuí"
106214,Giovanna Santana Amorim,196,"Avenida Albino José Barbosa de Oliveira, 697 - Barão Geraldo"
106215,Maria Queiroz Fernandes,162,"Avenida Albino José Barbosa de Oliveira, 306 - Barão Geraldo"
106216,Henrique Paschoalino Amorim,188,"Avenida Albino José Barbosa de Oliveira, 188 - Barão Geraldo"
106217,Samuel Campos Martins,186,"Avenida Albino José Barbosa de Oliveira, 1018 - Barão Geraldo"
106218,Miguel Campos Santana,198,"Avenida Heitor Penteado, 2278 - Taquaral"
106219,João Almeida Vieira,177,"Avenida Albino José Barbosa de Oliveira, 3325 - Barão Geraldo"
106220,Vinícius Martins Oliveira,174,"Rua Coronel Quirino, 1155 - Cambuí"
106221,Livia Santana Santana,165,"Rua Coronel Quirino, 1644 - Cambuí"
106222,Henrique Alves Martins,204,"Avenida Albino José Barbosa de Oliveira, 43 - Barão Geraldo"
106223,Giovanna Bellini Nascimento,151,"Avenida Albino José Barbosa de Oliveira, 2144 - Barão Geraldo"
106224,Gabriel Martins Campos,203,"Rua Coronel Quirino, 1154 - Cambuí"
106225,Pedro Paschoalino Melo,167,"Avenida Albino José Barbosa de Oliveira, 1360 - Barão Geraldo"
106226,Gabriel Ribeiro Vieira,166,"Avenida Albino José Barbosa de Oliveira, 2248 - Barão Geraldo"
106227,Miguel Paschoalino Martins,179,"Rua Coronel Quirino, 132 - Cambuí"
106228,Victor Alves Alves,188,"Rua Maria Monteiro, 588 - Cambuí"
106229,Livia Paschoalino Amorim,162,"Avenida Albino José Barbosa de Oliveira, 1402 - Barão Geraldo"
106230,Maria Ferreira Gomes,181,"Rua Maria Monteiro, 1433 - Cambuí"
106231,Clara Gomes Silva,199,"Avenida Albino José Barbosa de Oliveira, 1398 - Barão Geraldo"
106232,João Bellini Silva,178,"Avenida Heitor Penteado, 1407 - Taquaral"
106233,João Silva Amorim,195,"Avenida Albino José Barbosa de Oliveira, 3329 - Barão Geraldo"
106234,Erik Oliveira Bellini,179,"Avenida Albino José Barbosa de Oliveira, 2609 - Barão Geraldo"
106235,Victor Ribeiro Queiroz,167,"Rua Maria Monteiro, 493 - Cambuí"
106236,Vinícius Queiroz Santana,162,"Rua Maria Monteiro, 851 - Cambuí"
106237,Beatriz Martins Alves,192,"Avenida Albino José Barbosa de Oliveira, 2338 - Barão Geraldo"
106238,Beatriz Bellini Vieira,170,"Avenida Heitor Penteado, 100 - Taquaral"
106239,Larissa Oliveira Vieira,179,"Rua Maria Monteiro, 339 - Cambuí"
106240,Vinícius Matos Medeiros,170,"Avenida Heitor Penteado, 1845 - Taquaral"
106241,Giovanna Vieira Queiroz,197,"Avenida Heitor Penteado, 600 - Taquaral"
106242,Giovanna Ferreira Almeida,204,"Avenida Albino José Barbosa de Oliveira, 620 - Barão Geraldo"
106243,Guilherme Almeida Gomes,166,"Avenida Albino José Barbosa de Oliveira, 2328 - Barão Geraldo"
106244,Giovanna Oliveira Bellini,189,"Avenida Albino José Barbosa de Oliveira, 1634 - Barão Geraldo"
106245,Maria Nascimento Oliveira,168,"Rua Maria Monteiro, 946 - Cambuí"
106246,Samuel Vieira Bellini,201,"Avenida Heitor Penteado, 2405 - Taquaral"
106247,Clara Campos Medeiros,164,"Avenida Albino José Barbosa de Oliveira, 2462 - Barão Geraldo"
106248,Victor Ribeiro Oliveira,158,"Rua Maria Monteiro, 806 - Cambuí"
106249,Guilherme Matos Amorim,201,"Rua Maria Monteiro, 10 - Cambuí"
106250,Maria Oliveira Bellini,159,"Rua Maria Monteiro, 171 - Cambuí"
106251,André Santana Campos,193,"Avenida Albino José Barbosa de Oliveira, 3061 - Barão Geraldo"
106252,Larissa Vieira Vieira,180,"Avenida Heitor Penteado, 1719 - Taquaral"
106253,Daniel Silva Oliveira,202,"Avenida Albino José Barbosa de Oliveira, 2039 - Barão Geraldo"
106254,Sofia Cruz Ferreira,172,"Avenida Albino José Barbosa de Oliveira, 3118 - Barão Geraldo"
106255,Sofia Alves Oliveira,201,"Avenida Heitor Penteado, 1461 - Taquaral"
106256,Eduardo Matos Oliveira,179,"Avenida Heitor Penteado, 874 - Taquaral"
106257,Gabriel Paschoalino Fernandes,182,"Rua Coronel Quirino, 1276 - Cambuí"
106258,Erik Silva Queiroz,201,"Avenida Albino José Barbosa de Oliveira, 3488 - Barão Geraldo"
106259,André Queiroz Queiroz,158,"Rua Coronel Quirino, 581 - Cambuí"
106260,Beatriz Martins Almeida,203,"Avenida Albino José Barbosa de Oliveira, 1200 - Barão Geraldo"
106261,Erik Medeiros Amorim,196,"Avenida Albino José Barbosa de Oliveira, 1639 - Barão Geraldo"
106262,Eduardo Almeida Bellini,150,"Avenida Heitor Penteado, 171 - Taquaral"
106263,Vinícius Alves Melo,193,"Avenida Albino José Barbosa de Oliveira, 600 - Barão Geraldo"
106264,Giovanna Ferreira Bellini,184,"Avenida Albino José Barbosa de Oliveira, 788 - Barão Geraldo"
106265,Miguel Oliveira Cruz,160,"Rua Maria Monteiro, 473 - Cambuí"
106266,Larissa Bellini Oliveira,183,"Rua Coronel Quirino, 402 - Cambuí"
106267,Rafael Campos Medeiros,165,"Avenida Heitor Penteado, 1589 - Taquaral"
106268,Clara Martins Almeida,158,"Avenida Heitor Penteado, 773 - Taquaral"
106269,André Nascimento Ferreira,181,"Avenida Heitor Penteado, 901 - Taquaral"
106270,Samuel Amorim Martins,164,"Avenida Albino José Barbosa de Oliveira, 3347 - Barão Geraldo"
106271,Sofia Matos Martins,161,"Avenida Heitor Penteado, 1039 - Taquaral"
106272,Samuel Ferreira Ribeiro,182,"Avenida Heitor Penteado, 495 - Taquaral"
106273,Samuel Alves Campos,194,"Avenida Albino José Barbosa de Oliveira, 2827 - Barão Geraldo"
106274,Victor Martins Silva,163,"Avenida Heitor Penteado, 2371 - Taquaral"
106275,Samuel Gomes Oliveira,157,"Rua Coronel Quirino, 1911 - Cambuí"
106276,Samuel Amorim Almeida,157,"Rua Maria Monteiro, 765 - Cambuí"
106277,Beatriz Santana Vieira,176,"Avenida Heitor Penteado, 586 - Taquaral"
106278,Vinícius Alves Nascimento,161,"Avenida Albino José Barbosa de Oliveira, 2119 - Barão Geraldo"
106279,Daniel Campos Gomes,150,"Avenida Albino José Barbosa de Oliveira, 2322 - Barão Geraldo"
106280,Livia Martins Nascimento,192,"Avenida Albino José Barbosa de Oliveira, 2424 - Barão Geraldo"
106281,João Paschoalino Fernandes,189,"Rua Maria Monteiro, 897 - Cambuí"
106282,Pedro Santana Paschoalino,191,"Avenida Albino José Barbosa de Oliveira, 1537 - Barão Geraldo"
106283,Felipe Gomes Ribeiro,200,"Avenida Heitor Penteado, 738 - Taquaral"
106284,Eduardo Ferreira Melo,160,"Avenida Heitor Penteado, 591 - Taquaral"
106285,Thiago Almeida Ribeiro,188,"Avenida Heitor Penteado, 2829 - Taquaral"
106286,Guilherme Martins Bellini,192,"Rua Maria Monteiro, 501 - Cambuí"
106287,Eduardo Paschoalino Bellini,180,"Avenida Heitor Penteado, 349 - Taquaral"
106288,Miguel Silva Amorim,166,"Rua Coronel Quirino, 797 - Cambuí"
106289,Livia Ferreira Ferreira,182,"Rua Coronel Quirino, 351 - Cambuí"
106290,João Santana Ferreira,181,"Avenida Albino José Barbosa de Oliveira, 2520 - Barão Geraldo"
106291,Eduardo Gomes Medeiros,178,"Avenida Albino José Barbosa de Oliveira, 1399 - Barão Geraldo"
106292,Gabriel Almeida Ribeiro,170,"Avenida Albino José Barbosa de Oliveira, 3430 - Barão Geraldo"
106293,Daniel Nascimento Alves,170,"Avenida Albino José Barbosa de Oliveira, 669 - Barão Geraldo"
106294,Beatriz Alves Ferreira,189,"Rua Maria Monteiro, 190 - Cambuí"
106295,Livia Ribeiro Gomes,172,"Avenida Heitor Penteado, 340 - Taquaral"
106296,Clara Campos Nascimento,155,"Avenida Albino José Barbosa de Oliveira, 1732 - Barão Geraldo"
106297,João Queiroz Matos,171,"Rua Coronel Quirino, 843 - Cambuí"
106298,Pedro Medeiros Amorim,199,"Rua Maria Monteiro, 1543 - Cambuí"
106299,Clara Alves Fernandes,187,"Avenida Heitor Penteado, 1105 - Taquaral"
106300,Felipe Nascimento Queiroz,186,"Avenida Heitor Penteado, 1504 - Taquaral"
106301,Erik Paschoalino Cruz,194,"Avenida Albino José Barbosa de Oliveira, 1146 - Barão Geraldo"
106302,Eduardo Matos Silva,200,"Rua Coronel Quirino, 1526 - Cambuí"
106303,Beatriz Paschoalino Queiroz,203,"Rua Maria Monteiro, 72 - Cambuí"
106304,Felipe Ribeiro Queiroz,157,"Avenida Albino José Barbosa de Oliveira, 772 - Barão Geraldo"
106305,João Paschoalino Ferreira,190,"Rua Maria Monteiro, 1092 - Cambuí"
106306,Livia Fernandes Campos,198,"Avenida Heitor Penteado, 1929 - Taquaral"
106307,Miguel Alves Campos,184,"Avenida Albino José Barbosa de Oliveira, 1748 - Barão Geraldo"
106308,Henrique Nascimento Alves,200,"Avenida Heitor Penteado, 1062 - Taquaral"
106309,Beatriz Queiroz Melo,160,"Avenida Heitor Penteado, 2655 - Taquaral"
106310,Daniel Ferreira Amorim,173,"Avenida Albino José Barbosa de Oliveira, 3086 - Barão Geraldo"
106311,Maria Queiroz Medeiros,198,"Rua Maria Monteiro, 172 - Cambuí"
106312,Yasmin Matos Melo,170,"Avenida Albino José Barbosa de Oliveira, 1219 - Barão Geraldo"
106313,Samuel Vieira Almeida,200,"Rua Maria Monteiro, 1053 - Cambuí"
106314,Livia Fernandes Ferreira,151,"Avenida Heitor Penteado, 1928 - Taquaral"
106315,Thiago Ribeiro Silva,189,"Avenida Albino José Barbosa de Oliveira, 1624 - Barão Geraldo"
106316,Eduardo Almeida Santana,168,"Rua Maria Monteiro, 1325 - Cambuí"
106317,Clara Campos Martins,188,"Avenida Albino José Barbosa de Oliveira, 1930 - Barão Geraldo"
106318,Giovanna Martins Bellini,177,"Avenida Albino José Barbosa de Oliveira, 3228 - Barão Geraldo"
106319,Beatriz Medeiros Nascimento,166,"Avenida Albino José Barbosa de Oliveira, 2649 - Barão Geraldo"
106320,André Almeida Santana,155,"Rua Maria Monteiro, 1539 - Cambuí"
106321,Maria Melo Santana,168,"Avenida Heitor Penteado, 555 - Taquaral"
106322,Maria Almeida Gomes,187,"Avenida Heitor Penteado, 2432 - Taquaral"
106323,Sofia Melo Silva,177,"Rua Maria Monteiro, 284 - Cambuí"
106324,Felipe Paschoalino Vieira,151,"Avenida Heitor Penteado, 1484 - Taquaral"
106325,Erik Medeiros Silva,187,"Avenida Heitor Penteado, 1857 - Taquaral"
106326,Thiago Amorim Vieira,204,"Rua Coronel Quirino, 1034 - Cambuí"
106327,Gabriel Ferreira Oliveira,186,"Avenida Heitor Penteado, 1836 - Taquaral"
106328,Yasmin Amorim Cruz,200,"Avenida Albino José Barbosa de Oliveira, 206 - Barão Geraldo"
106329,Clara Ferreira Fernandes,201,"Rua Maria Monteiro, 1358 - Cambuí"
106330,Vinícius Alves Amorim,153,"Avenida Albino José Barbosa de Oliveira, 774 - Barão Geraldo"
106331,Giovanna Melo Matos,171,"Rua Maria Monteiro, 587 - Cambuí"
106332,Sofia Fernandes Ribeiro,175,"Avenida Albino José Barbosa de Oliveira, 1779 - Barão Geraldo"
106333,Yasmin Fernandes Queiroz,198,"Rua Maria Monteiro, 1466 - Cambuí"
106334,Eduardo Melo Queiroz,192,"Avenida Heitor Penteado, 2185 - Taquaral"
106335,Yasmin Silva Campos,185,"Rua Coronel Quirino, 1557 - Cambuí"
106336,Gabriel Bellini Paschoalino,162,"Avenida Albino José Barbosa de Oliveira, 2230 - Barão Geraldo"
106337,Maria Amorim Silva,201,"Avenida Albino José Barbosa de Oliveira, 732 - Barão Geraldo"
106338,Henrique Queiroz Nascimento,181,"Rua Coronel Quirino, 1046 - Cambuí"
106339,Pedro Martins Medeiros,166,"Avenida Heitor Penteado, 1519 - Taquaral"
106340,Victor Nascimento Silva,190,"Avenida Albino José Barbosa de Oliveira, 1841 - Barão Geraldo"
106341,Daniel Almeida Matos,185,"Avenida Heitor Penteado, 1580 - Taquaral"
106342,Gabriel Bellini Bellini,204,"Avenida Albino José Barbosa de Oliveira, 2805 - Barão Geraldo"
106343,Miguel Almeida Cruz,195,"Avenida Albino José Barbosa de Oliveira, 2165 - Barão Geraldo"
106344,Larissa Matos Queiroz,168,"Avenida Heitor Penteado, 545 - Taquaral"
106345,João Gomes Martins,184,"Avenida Albino José Barbosa de Oliveira, 625 - Barão Geraldo"
106346,Maria Melo Fernandes,195,"Avenida Heitor Penteado, 1678 - Taquaral"
106347,Guilherme Vieira Bellini,189,"Rua Coronel Quirino, 1559 - Cambuí"
106348,Erik Campos Amorim,177,"Avenida Albino José Barbosa de Oliveira, 2435 - Barão Geraldo"
106349,Yasmin Vieira Fernandes,150,"Avenida Heitor Penteado, 1833 - Taquaral"
106350,Beatriz Gomes Martins,191,"Avenida Albino José Barbosa de Oliveira, 2161 - Barão Geraldo"
106351,Maria Almeida Gomes,167,"Avenida Albino José Barbosa de Oliveira, 2139 - Barão Geraldo"
106352,Pedro Paschoalino Fernandes,197,"Avenida Albino José Barbosa de Oliveira, 891 - Barão Geraldo"
106353,João Cruz Nascimento,189,"Avenida Albino José Barbosa de Oliveira, 3066 - Barão Geraldo"
106354,Gabriel Amorim Amorim,182,"Rua Maria Monteiro, 1185 - Cambuí"
106355,Livia Melo Santana,161,"Avenida Heitor Penteado, 2620 - Taquaral"
106356,Livia Gomes Bellini,157,"Avenida Heitor Penteado, 2894 - Taquaral"
106357,Guilherme Bellini Campos,173,"Rua Maria Monteiro, 1468 - Cambuí"
106358,Erik Fernandes Oliveira,165,"Avenida Albino José Barbosa de Oliveira, 3075 - Barão Geraldo"
106359,Vinícius Fernandes Melo,199,"Avenida Heitor Penteado, 950 - Taquaral"
106360,Livia Vieira Cruz,153,"Avenida Albino José Barbosa de Oliveira, 2591 - Barão Geraldo"
106361,Clara Vieira Paschoalino,187,"Rua Maria Monteiro, 1277 - Cambuí"
106362,Eduardo Matos Gomes,193,"Avenida Heitor Penteado, 885 - Taquaral"
106363,Pedro Vieira Ribeiro,176,"Avenida Heitor Penteado, 2348 - Taquaral"
106364,Eduardo Medeiros Paschoalino,158,"Avenida Heitor Penteado, 1652 - Taquaral"
106365,Pedro Oliveira Medeiros,196,"Avenida Albino José Barbosa de Oliveira, 2079 - Barão Geraldo"
106366,Eduardo Nascimento Alves,165,"Avenida Albino José Barbosa de Oliveira, 3412 - Barão Geraldo"
106367,Yasmin Alves Melo,161,"Avenida Heitor Penteado, 2314 - Taquaral"
106368,Clara Medeiros Oliveira,180,"Avenida Albino José Barbosa de Oliveira, 2791 - Barão Geraldo"
106369,Guilherme Fernandes Cruz,173,"Avenida Heitor Penteado, 2909 - Taquaral"
106370,Beatriz Melo Vieira,204,"Avenida Heitor Penteado, 563 - Taquaral"
106371,Beatriz Campos Paschoalino,163,"Rua Maria Monteiro, 1136 - Cambuí"
106372,Felipe Oliveira Martins,194,"Avenida Albino José Barbosa de Oliveira, 105 - Barão Geraldo"
106373,Pedro Cruz Silva,174,"Rua Maria Monteiro, 1530 - Cambuí"
106374,Victor Nascimento Campos,183,"Avenida Heitor Penteado, 2076 - Taquaral"
106375,Samuel Vieira Campos,152,"Avenida Heitor Penteado, 2451 - Taquaral"
106376,Guilherme Almeida Vieira,173,"Rua Coronel Quirino, 473 - Cambuí"
106377,Miguel Campos Silva,203,"Avenida Heitor Penteado, 1328 - Taquaral"
106378,Erik Ribeiro Queiroz,191,"Avenida Heitor Penteado, 2410 - Taquaral"
106379,Daniel Amorim Campos,158,"Avenida Heitor Penteado, 1047 - Taquaral"
106380,Gabriel Nascimento Medeiros,175,"Avenida Albino José Barbosa de Oliveira, 2324 - Barão Geraldo"
106381,Livia Fernandes Oliveira,169,"Avenida Albino José Barbosa de Oliveira, 1833 - Barão Geraldo"
106382,Larissa Amorim Ferreira,189,"Rua Maria Monteiro, 1369 - Cambuí"
106383,João Queiroz Nascimento,159,"Avenida Albino José Barbosa de Oliveira, 16 - Barão Geraldo"
106384,Guilherme Ribeiro Martins,168,"Avenida Albino José Barbosa de Oliveira, 2595 - Barão Geraldo"
106385,Maria Bellini Nascimento,152,"Avenida Heitor Penteado, 761 - Taquaral"
106386,Yasmin Fernandes Santana,173,"Avenida Heitor Penteado, 2709 - Taquaral"
106387,Gabriel Ferreira Almeida,154,"Rua Coronel Quirino, 1856 - Cambuí"
106388,Larissa Almeida Medeiros,152,"Avenida Albino José Barbosa de Oliveira, 2961 - Barão Geraldo"
106389,Clara Medeiros Melo,176,"Avenida Albino José Barbosa de Oliveira, 1744 - Barão Geraldo"
106390,Daniel Almeida Cruz,165,"Avenida Heitor Penteado, 2546 - Taquaral"
106391,Miguel Almeida Almeida,198,"Avenida Heitor Penteado, 193 - Taquaral"
106392,Thiago Vieira Nascimento,164,"Avenida Heitor Penteado, 1880 - Taquaral"
106393,Henrique Fernandes Melo,184,"Rua Coronel Quirino, 418 - Cambuí"
106394,Gabriel Amorim Gomes,161,"Avenida Albino José Barbosa de Oliveira, 271 - Barão Geraldo"
106395,Maria Cruz Ribeiro,190,"Rua Maria Monteiro, 534 - Cambuí"
106396,Yasmin Matos Melo,202,"Rua Maria Monteiro, 680 - Cambuí"
106397,Guilherme Santana Amorim,193,"Rua Coronel Quirino, 1048 - Cambuí"
106398,Rafael Medeiros Alves,175,"Avenida Heitor Penteado, 2794 - Taquaral"
106399,Erik Martins Santana,196,"Avenida Heitor Penteado, 1829 - Taquaral"
106400,João Vieira Medeiros,183,"Rua Coronel Quirino, 1949 - Cambuí"
106401,Beatriz Silva Martins,172,"Avenida Albino José Barbosa de Oliveira, 1599 - Barão Geraldo"
106402,Erik Amorim Ferreira,180,"Avenida Heitor Penteado, 1331 - Taquaral"
106403,Yasmin Martins Fernandes,199,"Rua Maria Monteiro, 1373 - Cambuí"
106404,Miguel Almeida Fernandes,169,"Rua Maria Monteiro, 623 - Cambuí"
106405,Thiago Gomes Fernandes,161,"Avenida Albino José Barbosa de Oliveira, 2464 - Barão Geraldo"
106406,Victor Oliveira Paschoalino,172,"Rua Coronel Quirino, 102 - Cambuí"
106407,Erik Silva Gomes,153,"Avenida Heitor Penteado, 317 - Taquaral"
106408,Clara Amorim Fernandes,172,"Avenida Albino José Barbosa de Oliveira, 2098 - Barão Geraldo"
106409,Eduardo Medeiros Almeida,197,"Rua Coronel Quirino, 274 - Cambuí"
106410,Gabriel Queiroz Campos,204,"Avenida Albino José Barbosa de Oliveira, 1981 - Barão Geraldo"
106411,Pedro Silva Santana,197,"Avenida Heitor Penteado, 1619 - Taquaral"
106412,Thiago Oliveira Gomes,150,"Avenida Albino José Barbosa de Oliveira, 2484 - Barão Geraldo"
106413,Beatriz Paschoalino Ribeiro,203,"Avenida Heitor Penteado, 1953 - Taquaral"
106414,João Fernandes Campos,174,"Rua Maria Monteiro, 950 - Cambuí"
106415,João Fernandes Paschoalino,151,"Rua Maria Monteiro, 603 - Cambuí"
106416,Daniel Amorim Queiroz,179,"Rua Coronel Quirino, 898 - Cambuí"
106417,Felipe Santana Almeida,152,"Avenida Heitor Penteado, 216 - Taquaral"
106418,Henrique Queiroz Silva,170,"Rua Maria Monteiro, 723 - Cambuí"
106419,Samuel Martins Queiroz,174,"Rua Coronel Quirino, 1835 - Cambuí"
106420,Victor Campos Campos,169,"Avenida Albino José Barbosa de Oliveira, 2939 - Barão Geraldo"
106421,Felipe Gomes Medeiros,198,"Rua Coronel Quirino, 767 - Cambuí"
106422,Miguel Melo Matos,201,"Avenida Albino José Barbosa de Oliveira, 2990 - Barão Geraldo"
106423,Guilherme Matos Ferreira,171,"Avenida Albino José Barbosa de Oliveira, 2015 - Barão Geraldo"
106424,Beatriz Nascimento Fernandes,170,"Rua Coronel Quirino, 1593 - Cambuí"
106425,André Gomes Melo,182,"Rua Coronel Quirino, 1247 - Cambuí"
106426,Rafael Vieira Amorim,201,"Rua Maria Monteiro, 1364 - Cambuí"
106427,Maria Ferreira Campos,187,"Avenida Heitor Penteado, 2150 - Taquaral"
106428,Victor Bellini Fernandes,164,"Avenida Albino José Barbosa de Oliveira, 2682 - Barão Geraldo"
106429,Victor Bellini Ferreira,195,"Avenida Albino José Barbosa de Oliveira, 3334 - Barão Geraldo"
106430,Giovanna Nascimento Ribeiro,201,"Avenida Heitor Penteado, 1107 - Taquaral"
106431,Beatriz Bellini Melo,164,"Avenida Albino José Barbosa de Oliveira, 3078 - Barão Geraldo"
106432,Giovanna Martins Silva,195,"Avenida Albino José Barbosa de Oliveira, 761 - Barão Geraldo"
106433,André Queiroz Bellini,174,"Avenida Albino José Barbosa de Oliveira, 371 - Barão Geraldo"
106434,Beatriz Bellini Ferreira,170,"Avenida Heitor Penteado, 2698 - Taquaral"
106435,Gabriel Martins Paschoalino,173,"Avenida Heitor Penteado, 449 - Taquaral"
106436,Maria Medeiros Vieira,154,"Avenida Albino José Barbosa de Oliveira, 731 - Barão Geraldo"
106437,Giovanna Matos Matos,155,"Avenida Heitor Penteado, 1625 - Taquaral"
106438,Maria Paschoalino Queiroz,198,"Avenida Albino José Barbosa de Oliveira, 1057 - Barão Geraldo"
106439,Thiago Ribeiro Nascimento,192,"Rua Maria Monteiro, 1204 - Cambuí"
106440,Vinícius Medeiros Amorim,197,"Avenida Heitor Penteado, 2588 - Taquaral"
106441,Victor Santana Matos,193,"Avenida Albino José Barbosa de Oliveira, 1620 - Barão Geraldo"
106442,Yasmin Matos Nascimento,196,"Avenida Heitor Penteado, 77 - Taquaral"
106443,Daniel Bellini Martins,172,"Rua Coronel Quirino, 511 - Cambuí"
106444,Sofia Fernandes Oliveira,153,"Avenida Heitor Penteado, 2922 - Taquaral"
106445,Sofia Ribeiro Santana,176,"Rua Maria Monteiro, 744 - Cambuí"
106446,André Gomes Vieira,167,"Avenida Albino José Barbosa de Oliveira, 1602 - Barão Geraldo"
106447,Henrique Ribeiro Bellini,170,"Avenida Heitor Penteado, 1834 - Taquaral"
106448,Pedro Paschoalino Cruz,177,"Avenida Albino José Barbosa de Oliveira, 3044 - Barão Geraldo"
106449,Eduardo Silva Oliveira,184,"Avenida Albino José Barbosa de Oliveira, 1240 - Barão Geraldo"
106450,Yasmin Nascimento Silva,171,"Avenida Albino José Barbosa de Oliveira, 380 - Barão Geraldo"
106451,Maria Oliveira Gomes,189,"Rua Coronel Quirino, 1667 - Cambuí"
106452,Felipe Oliveira Alves,172,"Rua Coronel Quirino, 1633 - Cambuí"
106453,Daniel Nascimento Nascimento,152,"Avenida Albino José Barbosa de Oliveira, 2485 - Barão Geraldo"
106454,Sofia Matos Ribeiro,189,"Avenida Heitor Penteado, 665 - Taquaral"
106455,Clara Vieira Almeida,199,"Avenida Heitor Penteado, 2449 - Taquaral"
106456,Daniel Paschoalino Bellini,159,"Avenida Heitor Penteado, 1814 - Taquaral"
106457,Clara Silva Oliveira,174,"Avenida Heitor Penteado, 2864 - Taquaral"
106458,Daniel Ferreira Fernandes,201,"Rua Coronel Quirino, 838 - Cambuí"
106459,Daniel Queiroz Matos,198,"Avenida Heitor Penteado, 1952 - Taquaral"
106460,Miguel Queiroz Cruz,157,"Rua Maria Monteiro, 1430 - Cambuí"
106461,Pedro Campos Silva,204,"Avenida Albino José Barbosa de Oliveira, 2504 - Barão Geraldo"
106462,Clara Alves Vieira,160,"Avenida Albino José Barbosa de Oliveira, 1343 - Barão Geraldo"
106463,João Oliveira Martins,154,"Avenida Heitor Penteado, 1968 - Taquaral"
106464,Felipe Matos Silva,194,"Rua Maria Monteiro, 1355 - Cambuí"
106465,Thiago Paschoalino Campos,202,"Rua Maria Monteiro, 454 - Cambuí"
106466,Clara Vieira Oliveira,204,"Avenida Albino José Barbosa de Oliveira, 878 - Barão Geraldo"
106467,Eduardo Fernandes Oliveira,186,"Rua Coronel Quirino, 1143 - Cambuí"
106468,Samuel Matos Santana,194,"Avenida Albino José Barbosa de Oliveira, 1939 - Barão Geraldo"
106469,Pedro Ribeiro Alves,187,"Avenida Heitor Penteado, 90 - Taquaral"
106470,André Fernandes Martins,178,"Rua Maria Monteiro, 521 - Cambuí"
106471,Maria Cruz Queiroz,154,"Avenida Heitor Penteado, 320 - Taquaral"
106472,Livia Santana Oliveira,158,"Avenida Heitor Penteado, 1984 - Taquaral"
106473,Felipe Campos Ribeiro,197,"Rua Maria Monteiro, 1529 - Cambuí"
106474,Pedro Melo Vieira,151,"Avenida Albino José Barbosa de Oliveira, 2165 - Barão Geraldo"
106475,Thiago Bellini Amorim,150,"Avenida Heitor Penteado, 2878 - Taquaral"
106476,Sofia Ferreira Martins,189,"Avenida Albino José Barbosa de Oliveira, 268 - Barão Geraldo"
106477,Henrique Ribeiro Alves,200,"Avenida Albino José Barbosa de Oliveira, 3272 - Barão Geraldo"
106478,Felipe Medeiros Medeiros,179,"Avenida Heitor Penteado, 1947 - Taquaral"
106479,Miguel Santana Paschoalino,160,"Avenida Heitor Penteado, 1386 - Taquaral"
106480,Victor Alves Paschoalino,177,"Avenida Albino José Barbosa de Oliveira, 645 - Barão Geraldo"
106481,Yasmin Alves Ribeiro,193,"Rua Coronel Quirino, 840 - Cambuí"
106482,Henrique Gomes Paschoalino,161,"Rua Coronel Quirino, 1239 - Cambuí"
106483,Henrique Ferreira Vieira,188,"Avenida Heitor Penteado, 1800 - Taquaral"
106484,Eduardo Cruz Campos,175,"Rua Maria Monteiro, 1375 - Cambuí"
106485,Samuel Matos Cruz,162,"Rua Maria Monteiro, 1130 - Cambuí"
106486,Victor Almeida Amorim,157,"Avenida Albino José Barbosa de Oliveira, 2501 - Barão Geraldo"
106487,Pedro Matos Matos,203,"Rua Maria Monteiro, 740 - Cambuí"
106488,Thiago Fernandes Cruz,177,"Rua Coronel Quirino, 1179 - Cambuí"
106489,Vinícius Medeiros Ribeiro,179,"Avenida Albino José Barbosa de Oliveira, 435 - Barão Geraldo"
106490,Henrique Bellini Nascimento,158,"Avenida Heitor Penteado, 1446 - Taquaral"
106491,Sofia Gomes Nascimento,188,"Avenida Albino José Barbosa de Oliveira, 1240 - Barão Geraldo"
106492,Beatriz Cruz Medeiros,180,"Avenida Heitor Penteado, 1691 - Taquaral"
106493,Guilherme Almeida Silva,170,"Avenida Albino José Barbosa de Oliveira, 3493 - Barão Geraldo"
106494,Livia Almeida Silva,196,"Avenida Albino José Barbosa de Oliveira, 1099 - Barão Geraldo"
106495,Henrique Gomes Vieira,183,"Avenida Heitor Penteado, 2778 - Taquaral"
106496,Samuel Alves Vieira,204,"Avenida Heitor Penteado, 148 - Taquaral"
106497,Pedro Nascimento Nascimento,180,"Avenida Heitor Penteado, 2139 - Taquaral"
106498,Maria Paschoalino Paschoalino,201,"Rua Maria Monteiro, 1562 - Cambuí"
106499,Guilherme Fernandes Oliveira,174,"Rua Maria Monteiro, 1137 - Cambuí"
106500,Larissa Vieira Almeida,161,"Avenida Heitor Penteado, 2165 - Taquaral"
106501,Samuel Campos Campos,150,"Avenida Albino José Barbosa de Oliveira, 2221 - Barão Geraldo"
106502,Daniel Alves Cruz,204,"Avenida Heitor Penteado, 1661 - Taquaral"
106503,Daniel Silva Fernandes,171,"Avenida Albino José Barbosa de Oliveira, 3363 - Barão Geraldo"
106504,Henrique Cruz Oliveira,189,"Avenida Heitor Penteado, 2785 - Taquaral"
106505,Victor Santana Melo,186,"Avenida Heitor Penteado, 2674 - Taquaral"
106506,Clara Bellini Medeiros,196,"Rua Coronel Quirino, 1184 - Cambuí"
106507,Giovanna Nascimento Matos,150,"Rua Maria Monteiro, 13 - Cambuí"
106508,Sofia Vieira Matos,150,"Avenida Albino José Barbosa de Oliveira, 2002 - Barão Geraldo"
106509,Victor Matos Nascimento,191,"Avenida Albino José Barbosa de Oliveira, 3302 - Barão Geraldo"
106510,Sofia Nascimento Cruz,203,"Avenida Heitor Penteado, 2056 - Taquaral"
106511,Livia Medeiros Nascimento,191,"Avenida Heitor Penteado, 2419 - Taquaral"
106512,Maria Vieira Fernandes,170,"Rua Coronel Quirino, 1188 - Cambuí"
106513,Giovanna Medeiros Almeida,164,"Avenida Albino José Barbosa de Oliveira, 1553 - Barão Geraldo"
106514,Clara Cruz Melo,166,"Rua Coronel Quirino, 1709 - Cambuí"
106515,André Cruz Amorim,171,"Avenida Albino José Barbosa de Oliveira, 1601 - Barão Geraldo"
106516,Beatriz Amorim Alves,187,"Avenida Heitor Penteado, 908 - Taquaral"
106517,Livia Matos Cruz,184,"Rua Coronel Quirino, 1773 - Cambuí"
106518,Giovanna Oliveira Melo,194,"Avenida Heitor Penteado, 1142 - Taquaral"
106519,Sofia Bellini Vieira,165,"Avenida Albino José Barbosa de Oliveira, 947 - Barão Geraldo"
106520,Henrique Oliveira Oliveira,157,"Rua Coronel Quirino, 1282 - Cambuí"
106521,Rafael Melo Cruz,196,"Rua Maria Monteiro, 1428 - Cambuí"
106522,Rafael Paschoalino Amorim,166,"Avenida Heitor Penteado, 2066 - Taquaral"
106523,Felipe Almeida Oliveira,166,"Rua Maria Monteiro, 716 - Cambuí"
106524,Thiago Queiroz Bellini,203,"Rua Maria Monteiro, 457 - Cambuí"
106525,Maria Paschoalino Queiroz,175,"Avenida Heitor Penteado, 856 - Taquaral"
106526,Giovanna Melo Santana,162,"Avenida Albino José Barbosa de Oliveira, 1013 - Barão Geraldo"
106527,Pedro Matos Bellini,166,"Avenida Heitor Penteado, 215 - Taquaral"
106528,Beatriz Gomes Santana,187,"Avenida Heitor Penteado, 482 - Taquaral"
106529,Vinícius Martins Santana,166,"Avenida Albino José Barbosa de Oliveira, 45 - Barão Geraldo"
106530,Samuel Nascimento Alves,197,"Avenida Heitor Penteado, 1044 - Taquaral"
106531,Eduardo Martins Melo,163,"Avenida Heitor Penteado, 1716 - Taquaral"
106532,Maria Melo Nascimento,194,"Rua Coronel Quirino, 1870 - Cambuí"
106533,Giovanna Bellini Campos,155,"Avenida Albino José Barbosa de Oliveira, 681 - Barão Geraldo"
106534,Daniel Gomes Silva,184,"Avenida Albino José Barbosa de Oliveira, 1114 - Barão Geraldo"
106535,Rafael Campos Amorim,195,"Avenida Heitor Penteado, 1856 - Taquaral"
106536,André Cruz Martins,163,"Rua Coronel Quirino, 873 - Cambuí"
106537,Victor Santana Silva,196,"Rua Coronel Quirino, 1289 - Cambuí"
106538,Larissa Almeida Melo,157,"Rua Maria Monteiro, 909 - Cambuí"
106539,Erik Ribeiro Melo,164,"Avenida Heitor Penteado, 2961 - Taquaral"
106540,Daniel Bellini Almeida,203,"Rua Coronel Quirino, 992 - Cambuí"
106541,Larissa Medeiros Bellini,176,"Avenida Heitor Penteado, 2524 - Taquaral"
106542,Gabriel Medeiros Vieira,162,"Avenida Heitor Penteado, 2156 - Taquaral"
106543,Yasmin Martins Almeida,198,"Avenida Heitor Penteado, 2082 - Taquaral"
106544,Felipe Silva Cruz,180,"Avenida Albino José Barbosa de Oliveira, 2691 - Barão Geraldo"
106545,Victor Paschoalino Ribeiro,202,"Avenida Heitor Penteado, 487 - Taquaral"
106546,Felipe Cruz Paschoalino,184,"Rua Maria Monteiro, 1303 - Cambuí"
106547,Maria Cruz Fernandes,155,"Avenida Albino José Barbosa de Oliveira, 1084 - Barão Geraldo"
106548,Felipe Ferreira Almeida,154,"Avenida Heitor Penteado, 274 - Taquaral"
106549,Eduardo Ribeiro Cruz,171,"Avenida Heitor Penteado, 2322 - Taquaral"
106550,João Fernandes Gomes,198,"Avenida Heitor Penteado, 1398 - Taquaral"
106551,Livia Queiroz Silva,172,"Avenida Heitor Penteado, 1965 - Taquaral"
106552,Miguel Santana Ribeiro,174,"Avenida Heitor Penteado, 1147 - Taquaral"
106553,Eduardo Santana Martins,183,"Rua Coronel Quirino, 1411 - Cambuí"
106554,João Santana Bellini,175,"Rua Maria Monteiro, 300 - Cambuí"
106555,Pedro Amorim Silva,196,"Rua Coronel Quirino, 1155 - Cambuí"
106556,Maria Medeiros Silva,154,"Avenida Heitor Penteado, 1522 - Taquaral"
106557,André Gomes Ferreira,175,"Avenida Heitor Penteado, 2552 - Taquaral"
106558,Erik Medeiros Medeiros,169,"Rua Coronel Quirino, 780 - Cambuí"
106559,Thiago Ferreira Queiroz,155,"Avenida Heitor Penteado, 2437 - Taquaral"
106560,Guilherme Santana Gomes,155,"Avenida Albino José Barbosa de Oliveira, 529 - Barão Geraldo"
106561,Daniel Nascimento Almeida,199,"Avenida Albino José Barbosa de Oliveira, 3344 - Barão Geraldo"
106562,Guilherme Silva Oliveira,167,"Avenida Albino José Barbosa de Oliveira, 2628 - Barão Geraldo"
106563,Maria Paschoalino Amorim,153,"Rua Maria Monteiro, 672 - Cambuí"
106564,Samuel Vieira Melo,166,"Avenida Albino José Barbosa de Oliveira, 1319 - Barão Geraldo"
106565,Miguel Alves Nascimento,163,"Avenida Heitor Penteado, 474 - Taquaral"
106566,Rafael Bellini Ferreira,163,"Avenida Heitor Penteado, 1565 - Taquaral"
106567,Felipe Silva Amorim,162,"Avenida Heitor Penteado, 1174 - Taquaral"
106568,Livia Silva Oliveira,156,"Rua Coronel Quirino, 1593 - Cambuí"
106569,Pedro Bellini Ferreira,193,"Avenida Albino José Barbosa de Oliveira, 2351 - Barão Geraldo"
106570,Eduardo Paschoalino Bellini,204,"Rua Coronel Quirino, 720 - Cambuí"
106571,Rafael Amorim Martins,164,"Rua Coronel Quirino, 937 - Cambuí"
106572,Gabriel Matos Queiroz,168,"Rua Coronel Quirino, 311 - Cambuí"
106573,Rafael Almeida Cruz,192,"Rua Maria Monteiro, 1259 - Cambuí"
106574,Giovanna Alves Queiroz,196,"Rua Maria Monteiro, 123 - Cambuí"
106575,Giovanna Cruz Silva,193,"Avenida Heitor Penteado, 979 - Taquaral"
106576,Yasmin Queiroz Nascimento,184,"Rua Coronel Quirino, 1896 - Cambuí"
106577,Thiago Martins Paschoalino,166,"Rua Coronel Quirino, 1354 - Cambuí"
106578,Clara Melo Cruz,184,"Avenida Heitor Penteado, 2407 - Taquaral"
106579,Gabriel Nascimento Silva,168,"Avenida Albino José Barbosa de Oliveira, 2346 - Barão Geraldo"
106580,Gabriel Matos Campos,169,"Avenida Heitor Penteado, 2073 - Taquaral"
106581,Victor Queiroz Oliveira,185,"Rua Maria Monteiro, 1227 - Cambuí"
106582,Rafael Amorim Queiroz,184,"Avenida Heitor Penteado, 2161 - Taquaral"
106583,André Almeida Paschoalino,181,"Avenida Heitor Penteado, 2587 - Taquaral"
106584,Henrique Matos Gomes,197,"Avenida Heitor Penteado, 2075 - Taquaral"
106585,Victor Fernandes Paschoalino,193,"Avenida Albino José Barbosa de Oliveira, 3197 - Barão Geraldo"
106586,Pedro Santana Oliveira,189,"Avenida Albino José Barbosa de Oliveira, 789 - Barão Geraldo"
106587,Daniel Nascimento Gomes,173,"Avenida Heitor Penteado, 1023 - Taquaral"
106588,Giovanna Silva Melo,166,"Rua Coronel Quirino, 1033 - Cambuí"
106589,Felipe Ribeiro Martins,156,"Rua Maria Monteiro, 905 - Cambuí"
106590,Yasmin Campos Melo,192,"Avenida Heitor Penteado, 121 - Taquaral"
106591,Victor Alves Cruz,199,"Avenida Albino José Barbosa de Oliveira, 2702 - Barão Geraldo"
106592,Livia Amorim Campos,150,"Avenida Albino José Barbosa de Oliveira, 2071 - Barão Geraldo"
106593,Felipe Bellini Fernandes,184,"Avenida Heitor Penteado, 55 - Taquaral"
106594,Beatriz Fernandes Alves,181,"Rua Coronel Quirino, 668 - Cambuí"
106595,Pedro Bellini Matos,185,"Avenida Heitor Penteado, 1827 - Taquaral"
106596,Henrique Amorim Bellini,162,"Avenida Albino José Barbosa de Oliveira, 2470 - Barão Geraldo"
106597,Maria Matos Paschoalino,155,"Avenida Heitor Penteado, 2507 - Taquaral"
106598,Larissa Vieira Cruz,163,"Avenida Albino José Barbosa de Oliveira, 2820 - Barão Geraldo"
106599,Victor Almeida Bellini,186,"Rua Maria Monteiro, 914 - Cambuí"
106600,Maria Medeiros Santana,197,"Avenida Albino José Barbosa de Oliveira, 2920 - Barão Geraldo"
106601,Miguel Gomes Matos,164,"Rua Maria Monteiro, 838 - Cambuí"
106602,Thiago Vieira Cruz,196,"Avenida Heitor Penteado, 1847 - Taquaral"
106603,Yasmin Matos Ferreira,153,"Avenida Albino José Barbosa de Oliveira, 1425 - Barão Geraldo"
106604,Larissa Almeida Bellini,189,"Avenida Heitor Penteado, 983 - Taquaral"
106605,Thiago Santana Santana,165,"Rua Coronel Quirino, 1372 - Cambuí"
106606,João Cruz Medeiros,177,"Avenida Heitor Penteado, 1448 - Taquaral"
106607,Giovanna Paschoalino Melo,165,"Avenida Heitor Penteado, 505 - Taquaral"
106608,Maria Cruz Silva,153,"Rua Coronel Quirino, 1005 - Cambuí"
106609,Rafael Melo Ferreira,194,"Avenida Heitor Penteado, 2402 - Taquaral"
106610,Felipe Vieira Fernandes,175,"Avenida Albino José Barbosa de Oliveira, 684 - Barão Geraldo"
106611,Gabriel Campos Cruz,177,"Avenida Heitor Penteado, 2277 - Taquaral"
106612,Clara Silva Campos,181,"Rua Coronel Quirino, 1473 - Cambuí"
106613,Sofia Ribeiro Bellini,194,"Rua Coronel Quirino, 114 - Cambuí"
106614,Beatriz Amorim Silva,151,"Avenida Heitor Penteado, 2925 - Taquaral"
106615,Sofia Oliveira Paschoalino,180,"Avenida Heitor Penteado, 2839 - Taquaral"
106616,Pedro Santana Gomes,152,"Avenida Albino José Barbosa de Oliveira, 1503 - Barão Geraldo"
106617,Henrique Cruz Vieira,203,"Rua Coronel Quirino, 793 - Cambuí"
106618,Samuel Melo Bellini,157,"Avenida Albino José Barbosa de Oliveira, 591 - Barão Geraldo"
106619,Victor Silva Paschoalino,173,"Avenida Heitor Penteado, 2546 - Taquaral"
106620,Maria Alves Alves,164,"Avenida Heitor Penteado, 1867 - Taquaral"
106621,Miguel Matos Oliveira,192,"Avenida Albino José Barbosa de Oliveira, 1440 - Barão Geraldo"
106622,André Cruz Ribeiro,180,"Rua Maria Monteiro, 103 - Cambuí"
106623,Victor Paschoalino Silva,158,"Avenida Heitor Penteado, 1846 - Taquaral"
106624,Felipe Oliveira Oliveira,188,"Rua Maria Monteiro, 273 - Cambuí"
106625,Gabriel Medeiros Oliveira,194,"Avenida Albino José Barbosa de Oliveira, 1310 - Barão Geraldo"
106626,Felipe Santana Santana,151,"Avenida Heitor Penteado, 2274 - Taquaral"
106627,Eduardo Nascimento Ferreira,157,"Avenida Heitor Penteado, 760 - Taquaral"
106628,Beatriz Ferreira Bellini,156,"Avenida Heitor Penteado, 929 - Taquaral"
106629,Vinícius Almeida Medeiros,193,"Avenida Heitor Penteado, 467 - Taquaral"
106630,Daniel Santana Alves,200,"Avenida Heitor Penteado, 1280 - Taquaral"
106631,Rafael Nascimento Gomes,188,"Rua Maria Monteiro, 978 - Cambuí"
106632,Eduardo Vieira Oliveira,191,"Rua Coronel Quirino, 594 - Cambuí"
106633,Pedro Martins Paschoalino,165,"Rua Coronel Quirino, 1510 - Cambuí"
106634,Erik Alves Medeiros,184,"Rua Maria Monteiro, 1093 - Cambuí"
106635,Sofia Oliveira Gomes,179,"Avenida Heitor Penteado, 146 - Taquaral"
106636,Daniel Vieira Oliveira,159,"Avenida Heitor Penteado, 2809 - Taquaral"
106637,Felipe Vieira Almeida,187,"Avenida Albino José Barbosa de Oliveira, 1751 - Barão Geraldo"
106638,Maria Cruz Gomes,167,"Avenida Albino José Barbosa de Oliveira, 1744 - Barão Geraldo"
106639,Gabriel Oliveira Silva,199,"Avenida Heitor Penteado, 824 - Taquaral"
106640,Larissa Queiroz Matos,154,"Avenida Albino José Barbosa de Oliveira, 1753 - Barão Geraldo"
106641,Yasmin Queiroz Melo,202,"Avenida Heitor Penteado, 198 - Taquaral"
106642,Victor Fernandes Ferreira,178,"Avenida Heitor Penteado, 1979 - Taquaral"
106643,Erik Campos Matos,188,"Avenida Heitor Penteado, 2320 - Taquaral"
106644,Yasmin Melo Santana,183,"Avenida Heitor Penteado, 1007 - Taquaral"
106645,Miguel Gomes Oliveira,192,"Avenida Albino José Barbosa de Oliveira, 1200 - Barão Geraldo"
106646,Vinícius Ferreira Silva,194,"Rua Maria Monteiro, 662 - Cambuí"
106647,Henrique Silva Campos,172,"Avenida Albino José Barbosa de Oliveira, 1981 - Barão Geraldo"
106648,Felipe Paschoalino Santana,154,"Avenida Albino José Barbosa de Oliveira, 1459 - Barão Geraldo"
106649,Livia Nascimento Martins,179,"Rua Coronel Quirino, 180 - Cambuí"
106650,Sofia Ferreira Vieira,155,"Rua Coronel Quirino, 1509 - Cambuí"
106651,Victor Cruz Almeida,195,"Avenida Albino José Barbosa de Oliveira, 115 - Barão Geraldo"
106652,Beatriz Bellini Matos,193,"Avenida Albino José Barbosa de Oliveira, 3311 - Barão Geraldo"
106653,Daniel Matos Amorim,153,"Avenida Heitor Penteado, 629 - Taquaral"
106654,Livia Ribeiro Melo,178,"Rua Coronel Quirino, 1092 - Cambuí"
106655,Larissa Almeida Medeiros,172,"Avenida Albino José Barbosa de Oliveira, 3106 - Barão Geraldo"
106656,Samuel Oliveira Matos,155,"Avenida Heitor Penteado, 2587 - Taquaral"
106657,Gabriel Almeida Bellini,181,"Rua Maria Monteiro, 1088 - Cambuí"
106658,Beatriz Queiroz Campos,191,"Rua Maria Monteiro, 600 - Cambuí"
106659,Sofia Vieira Bellini,167,"Rua Maria Monteiro, 596 - Cambuí"
106660,Sofia Matos Vieira,164,"Rua Coronel Quirino, 221 - Cambuí"
106661,Henrique Queiroz Matos,189,"Avenida Heitor Penteado, 2385 - Taquaral"
106662,Clara Silva Silva,181,"Rua Maria Monteiro, 841 - Cambuí"
106663,Henrique Matos Almeida,158,"Avenida Heitor Penteado, 2152 - Taquaral"
106664,Erik Medeiros Gomes,186,"Avenida Albino José Barbosa de Oliveira, 1763 - Barão Geraldo"
106665,Pedro Santana Almeida,159,"Avenida Albino José Barbosa de Oliveira, 362 - Barão Geraldo"
106666,Gabriel Ribeiro Vieira,169,"Avenida Heitor Penteado, 2589 - Taquaral"
106667,Samuel Almeida Campos,155,"Avenida Heitor Penteado, 375 - Taquaral"
106668,Miguel Vieira Gomes,197,"Rua Coronel Quirino, 134 - Cambuí"
106669,Thiago Ribeiro Matos,152,"Avenida Albino José Barbosa de Oliveira, 1814 - Barão Geraldo"
106670,Clara Fernandes Ferreira,191,"Avenida Albino José Barbosa de Oliveira, 194 - Barão Geraldo"
106671,Erik Silva Fernandes,160,"Rua Maria Monteiro, 648 - Cambuí"
106672,André Medeiros Paschoalino,192,"Avenida Heitor Penteado, 148 - Taquaral"
106673,André Paschoalino Paschoalino,166,"Avenida Albino José Barbosa de Oliveira, 542 - Barão Geraldo"
106674,Clara Fernandes Oliveira,181,"Avenida Albino José Barbosa de Oliveira, 104 - Barão Geraldo"
106675,Thiago Ribeiro Melo,153,"Avenida Heitor Penteado, 2675 - Taquaral"
106676,Clara Vieira Santana,153,"Avenida Heitor Penteado, 2496 - Taquaral"
106677,Pedro Cruz Ferreira,166,"Avenida Heitor Penteado, 1370 - Taquaral"
106678,Sofia Ribeiro Alves,190,"Avenida Heitor Penteado, 2860 - Taquaral"
106679,Beatriz Ribeiro Campos,168,"Avenida Albino José Barbosa de Oliveira, 2786 - Barão Geraldo"
106680,André Almeida Alves,154,"Rua Coronel Quirino, 532 - Cambuí"
106681,Henrique Martins Cruz,181,"Avenida Albino José Barbosa de Oliveira, 1662 - Barão Geraldo"
106682,Samuel Ribeiro Nascimento,171,"Avenida Heitor Penteado, 583 - Taquaral"
106683,Guilherme Silva Oliveira,155,"Rua Coronel Quirino, 843 - Cambuí"
106684,Clara Matos Almeida,184,"Avenida Heitor Penteado, 1994 - Taquaral"
106685,Vinícius Melo Matos,171,"Rua Maria Monteiro, 492 - Cambuí"
106686,Pedro Nascimento Amorim,150,"Avenida Heitor Penteado, 1225 - Taquaral"
106687,Samuel Vieira Almeida,169,"Avenida Albino José Barbosa de Oliveira, 1077 - Barão Geraldo"
106688,Erik Nascimento Queiroz,171,"Avenida Heitor Penteado, 1654 - Taquaral"
106689,Vinícius Medeiros Fernandes,197,"Avenida Albino José Barbosa de Oliveira, 2759 - Barão Geraldo"
106690,Livia Amorim Medeiros,204,"Avenida Albino José Barbosa de Oliveira, 3165 - Barão Geraldo"
106691,Samuel Gomes Ferreira,160,"Rua Maria Monteiro, 542 - Cambuí"
106692,André Medeiros Campos,162,"Avenida Heitor Penteado, 2433 - Taquaral"
106693,Beatriz Paschoalino Silva,191,"Avenida Albino José Barbosa de Oliveira, 1129 - Barão Geraldo"
106694,Gabriel Martins Alves,152,"Avenida Albino José Barbosa de Oliveira, 2040 - Barão Geraldo"
106695,Rafael Fernandes Vieira,158,"Avenida Albino José Barbosa de Oliveira, 3459 - Barão Geraldo"
106696,João Queiroz Silva,161,"Avenida Heitor Penteado, 1245 - Taquaral"
106697,Samuel Almeida Martins,172,"Rua Coronel Quirino, 324 - Cambuí"
106698,Livia Melo Cruz,163,"Avenida Albino José Barbosa de Oliveira, 218 - Barão Geraldo"
106699,Gabriel Gomes Almeida,182,"Avenida Albino José Barbosa de Oliveira, 873 - Barão Geraldo"
106700,Giovanna Queiroz Bellini,167,"Rua Coronel Quirino, 1788 - Cambuí"
106701,Henrique Alves Medeiros,198,"Rua Maria Monteiro, 825 - Cambuí"
106702,João Nascimento Oliveira,190,"Avenida Heitor Penteado, 922 - Taquaral"
106703,Victor Martins Medeiros,158,"Rua Maria Monteiro, 1293 - Cambuí"
106704,Sofia Medeiros Ribeiro,172,"Avenida Albino José Barbosa de Oliveira, 1565 - Barão Geraldo"
106705,Pedro Medeiros Gomes,159,"Avenida Albino José Barbosa de Oliveira, 2792 - Barão Geraldo"
106706,Felipe Bellini Gomes,168,"Rua Maria Monteiro, 757 - Cambuí"
106707,Vinícius Campos Matos,196,"Rua Maria Monteiro, 790 - Cambuí"
106708,Miguel Campos Alves,154,"Avenida Heitor Penteado, 1079 - Taquaral"
106709,André Campos Ribeiro,196,"Avenida Heitor Penteado, 638 - Taquaral"
106710,Samuel Oliveira Almeida,201,"Avenida Heitor Penteado, 958 - Taquaral"
106711,Clara Medeiros Silva,172,"Rua Maria Monteiro, 725 - Cambuí"
106712,Beatriz Cruz Martins,179,"Rua Coronel Quirino, 321 - Cambuí"
106713,Giovanna Queiroz Cruz,174,"Rua Coronel Quirino, 924 - Cambuí"
106714,Sofia Queiroz Paschoalino,177,"Avenida Albino José Barbosa de Oliveira, 1626 - Barão Geraldo"
106715,Giovanna Ribeiro Silva,183,"Rua Maria Monteiro, 1558 - Cambuí"
106716,Rafael Oliveira Matos,194,"Avenida Albino José Barbosa de Oliveira, 2050 - Barão Geraldo"
106717,Pedro Amorim Bellini,197,"Avenida Albino José Barbosa de Oliveira, 2010 - Barão Geraldo"
106718,Samuel Santana Martins,196,"Avenida Heitor Penteado, 162 - Taquaral"
106719,Larissa Santana Queiroz,174,"Avenida Albino José Barbosa de Oliveira, 2594 - Barão Geraldo"
106720,Rafael Vieira Martins,159,"Avenida Albino José Barbosa de Oliveira, 500 - Barão Geraldo"
106721,Giovanna Bellini Almeida,163,"Avenida Heitor Penteado, 2680 - Taquaral"
106722,Yasmin Vieira Almeida,191,"Rua Maria Monteiro, 1563 - Cambuí"
106723,Larissa Martins Campos,195,"Avenida Heitor Penteado, 395 - Taquaral"
106724,Yasmin Nascimento Oliveira,179,"Avenida Heitor Penteado, 1147 - Taquaral"
106725,Samuel Melo Ribeiro,204,"Rua Coronel Quirino, 1793 - Cambuí"
106726,Yasmin Nascimento Gomes,190,"Rua Coronel Quirino, 1808 - Cambuí"
106727,Guilherme Oliveira Paschoalino,174,"Avenida Heitor Penteado, 368 - Taquaral"
106728,Gabriel Gomes Almeida,163,"Avenida Heitor Penteado, 161 - Taquaral"
106729,João Queiroz Gomes,184,"Avenida Heitor Penteado, 439 - Taquaral"
106730,Felipe Cruz Nascimento,201,"Avenida Heitor Penteado, 1771 - Taquaral"
106731,Giovanna Vieira Ferreira,197,"Avenida Heitor Penteado, 1423 - Taquaral"
106732,Beatriz Martins Nascimento,183,"Avenida Albino José Barbosa de Oliveira, 2465 - Barão Geraldo"
106733,Rafael Martins Oliveira,159,"Avenida Heitor Penteado, 2993 - Taquaral"
106734,João Alves Nascimento,184,"Avenida Heitor Penteado, 363 - Taquaral"
106735,Beatriz Oliveira Martins,160,"Avenida Albino José Barbosa de Oliveira, 3431 - Barão Geraldo"
106736,Gabriel Alves Fernandes,160,"Rua Coronel Quirino, 1242 - Cambuí"
106737,Sofia Oliveira Nascimento,170,"Rua Coronel Quirino, 1318 - Cambuí"
106738,Felipe Paschoalino Vieira,170,"Avenida Albino José Barbosa de Oliveira, 3403 - Barão Geraldo"
106739,Pedro Martins Nascimento,171,"Avenida Heitor Penteado, 95 - Taquaral"
106740,Maria Silva Nascimento,194,"Avenida Albino José Barbosa de Oliveira, 3330 - Barão Geraldo"
106741,Samuel Melo Queiroz,156,"Avenida Albino José Barbosa de Oliveira, 1829 - Barão Geraldo"
106742,Samuel Paschoalino Bellini,204,"Rua Coronel Quirino, 766 - Cambuí"
106743,Thiago Cruz Alves,166,"Avenida Albino José Barbosa de Oliveira, 1289 - Barão Geraldo"
106744,Gabriel Matos Queiroz,151,"Rua Coronel Quirino, 1472 - Cambuí"
106745,Samuel Oliveira Silva,161,"Avenida Heitor Penteado, 2897 - Taquaral"
106746,Henrique Almeida Ferreira,191,"Avenida Heitor Penteado, 2712 - Taquaral"
106747,Vinícius Medeiros Fernandes,167,"Avenida Albino José Barbosa de Oliveira, 1283 - Barão Geraldo"
106748,Beatriz Nascimento Ribeiro,203,"Avenida Heitor Penteado, 1116 - Taquaral"
106749,Beatriz Nascimento Bellini,160,"Rua Maria Monteiro, 901 - Cambuí"
106750,Felipe Santana Santana,165,"Avenida Albino José Barbosa de Oliveira, 789 - Barão Geraldo"
106751,João Santana Queiroz,198,"Avenida Heitor Penteado, 1166 - Taquaral"
106752,Giovanna Melo Fernandes,200,"Rua Coronel Quirino, 823 - Cambuí"
106753,Larissa Cruz Martins,167,"Avenida Heitor Penteado, 363 - Taquaral"
106754,Thiago Bellini Almeida,184,"Avenida Albino José Barbosa de Oliveira, 597 - Barão Geraldo"
106755,Daniel Vieira Cruz,202,"Avenida Heitor Penteado, 371 - Taquaral"
106756,Larissa Campos Ferreira,175,"Rua Coronel Quirino, 351 - Cambuí"
106757,Samuel Ferreira Cruz,165,"Avenida Albino José Barbosa de Oliveira, 1421 - Barão Geraldo"
106758,Sofia Medeiros Campos,155,"Rua Maria Monteiro, 1188 - Cambuí"
106759,Felipe Bellini Melo,193,"Avenida Albino José Barbosa de Oliveira, 1128 - Barão Geraldo"
106760,Clara Ribeiro Santana,192,"Rua Coronel Quirino, 1682 - Cambuí"
106761,Pedro Santana Almeida,196,"Rua Coronel Quirino, 794 - Cambuí"
106762,Livia Ribeiro Fernandes,196,"Rua Coronel Quirino, 923 - Cambuí"
106763,Gabriel Medeiros Gomes,197,"Avenida Albino José Barbosa de Oliveira, 2101 - Barão Geraldo"
106764,Beatriz Vieira Vieira,191,"Avenida Heitor Penteado, 2865 - Taquaral"
106765,Vinícius Queiroz Amorim,161,"Rua Coronel Quirino, 420 - Cambuí"
106766,Henrique Martins Cruz,162,"Avenida Heitor Penteado, 629 - Taquaral"
106767,Miguel Queiroz Gomes,153,"Avenida Heitor Penteado, 851 - Taquaral"
106768,Sofia Queiroz Paschoalino,188,"Avenida Heitor Penteado, 2845 - Taquaral"
106769,André Oliveira Santana,203,"Avenida Albino José Barbosa de Oliveira, 2699 - Barão Geraldo"
106770,André Paschoalino Melo,151,"Avenida Albino José Barbosa de Oliveira, 2011 - Barão Geraldo"
106771,Daniel Fernandes Gomes,175,"Avenida Albino José Barbosa de Oliveira, 3013 - Barão Geraldo"
106772,Daniel Matos Almeida,176,"Rua Maria Monteiro, 842 - Cambuí"
106773,Vinícius Queiroz Paschoalino,176,"Avenida Heitor Penteado, 1858 - Taquaral"
106774,Gabriel Martins Fernandes,164,"Rua Maria Monteiro, 326 - Cambuí"
106775,Pedro Ribeiro Amorim,157,"Avenida Heitor Penteado, 1848 - Taquaral"
106776,Giovanna Nascimento Campos,156,"Avenida Heitor Penteado, 1808 - Taquaral"
106777,Daniel Gomes Paschoalino,196,"Avenida Heitor Penteado, 2526 - Taquaral"
106778,Vinícius Santana Martins,204,"Avenida Heitor Penteado, 2388 - Taquaral"
106779,João Campos Alves,195,"Avenida Albino José Barbosa de Oliveira, 3132 - Barão Geraldo"
106780,Eduardo Medeiros Vieira,189,"Avenida Heitor Penteado, 2632 - Taquaral"
106781,Guilherme Campos Vieira,161,"Avenida Albino José Barbosa de Oliveira, 3092 - Barão Geraldo"
106782,Daniel Queiroz Ribeiro,162,"Avenida Heitor Penteado, 2365 - Taquaral"
106783,Victor Nascimento Cruz,192,"Avenida Heitor Penteado, 2496 - Taquaral"
106784,Sofia Nascimento Bellini,166,"Avenida Albino José Barbosa de Oliveira, 3235 - Barão Geraldo"
106785,Gabriel Martins Queiroz,166,"Rua Maria Monteiro, 864 - Cambuí"
106786,Pedro Fernandes Paschoalino,185,"Avenida Heitor Penteado, 2619 - Taquaral"
106787,Victor Almeida Gomes,170,"Avenida Heitor Penteado, 2990 - Taquaral"
106788,Felipe Oliveira Oliveira,157,"Avenida Heitor Penteado, 2076 - Taquaral"
106789,Felipe Campos Campos,154,"Avenida Heitor Penteado, 2822 - Taquaral"
106790,Samuel Almeida Vieira,175,"Avenida Heitor Penteado, 1666 - Taquaral"
106791,Gabriel Ferreira Silva,165,"Avenida Albino José Barbosa de Oliveira, 1808 - Barão Geraldo"
106792,Henrique Fernandes Gomes,185,"Avenida Albino José Barbosa de Oliveira, 3136 - Barão Geraldo"
106793,Clara Vieira Silva,177,"Rua Maria Monteiro, 401 - Cambuí"
106794,Beatriz Nascimento Almeida,203,"Rua Coronel Quirino, 352 - Cambuí"
106795,Samuel Matos Gomes,178,"Avenida Albino José Barbosa de Oliveira, 449 - Barão Geraldo"
106796,Thiago Medeiros Alves,196,"Avenida Heitor Penteado, 2454 - Taquaral"
106797,Rafael Paschoalino Fernandes,161,"Rua Coronel Quirino, 598 - Cambuí"
106798,Gabriel Amorim Martins,186,"Avenida Heitor Penteado, 859 - Taquaral"
106799,Maria Gomes Medeiros,179,"Avenida Albino José Barbosa de Oliveira, 785 - Barão Geraldo"
106800,Samuel Cruz Cruz,172,"Rua Maria Monteiro, 1349 - Cambuí"
106801,Thiago Almeida Gomes,165,"Avenida Heitor Penteado, 2107 - Taquaral"
106802,André Medeiros Santana,163,"Rua Maria Monteiro, 825 - Cambuí"
106803,Beatriz Queiroz Santana,159,"Avenida Heitor Penteado, 2224 - Taquaral"
106804,João Martins Martins,156,"Rua Maria Monteiro, 521 - Cambuí"
106805,Vinícius Vieira Paschoalino,194,"Avenida Heitor Penteado, 2212 - Taquaral"
106806,Livia Almeida Ferreira,201,"Rua Maria Monteiro, 1232 - Cambuí"
106807,Clara Fernandes Santana,186,"Rua Coronel Quirino, 497 - Cambuí"
106808,Daniel Oliveira Santana,178,"Rua Maria Monteiro, 734 - Cambuí"
106809,Giovanna Fernandes Alves,152,"Avenida Heitor Penteado, 2317 - Taquaral"
106810,Beatriz Gomes Queiroz,164,"Avenida Heitor Penteado, 1482 - Taquaral"
106811,Sofia Oliveira Gomes,185,"Avenida Heitor Penteado, 1075 - Taquaral"
106812,Victor Cruz Amorim,196,"Rua Coronel Quirino, 1287 - Cambuí"
106813,Rafael Amorim Gomes,195,"Rua Maria Monteiro, 1389 - Cambuí"
106814,Sofia Ribeiro Almeida,201,"Avenida Heitor Penteado, 60 - Taquaral"
106815,Vinícius Santana Queiroz,168,"Avenida Albino José Barbosa de Oliveira, 3475 - Barão Geraldo"
106816,Giovanna Nascimento Medeiros,162,"Rua Maria Monteiro, 1475 - Cambuí"
106817,Daniel Bellini Nascimento,191,"Avenida Heitor Penteado, 254 - Taquaral"
106818,Sofia Paschoalino Queiroz,170,"Avenida Heitor Penteado, 165 - Taquaral"
106819,Miguel Santana Fernandes,186,"Rua Coronel Quirino, 1969 - Cambuí"
106820,Guilherme Bellini Amorim,176,"Avenida Albino José Barbosa de Oliveira, 3326 - Barão Geraldo"
106821,Yasmin Matos Queiroz,204,"Rua Coronel Quirino, 1867 - Cambuí"
106822,Eduardo Gomes Medeiros,201,"Avenida Heitor Penteado, 602 - Taquaral"
106823,Felipe Bellini Ribeiro,178,"Avenida Heitor Penteado, 2624 - Taquaral"
106824,João Campos Cruz,169,"Avenida Albino José Barbosa de Oliveira, 1755 - Barão Geraldo"
106825,Beatriz Cruz Alves,174,"Avenida Albino José Barbosa de Oliveira, 3254 - Barão Geraldo"
106826,Miguel Paschoalino Campos,155,"Rua Coronel Quirino, 188 - Cambuí"
106827,Beatriz Queiroz Alves,185,"Avenida Heitor Penteado, 276 - Taquaral"
106828,Victor Melo Vieira,151,"Rua Coronel Quirino, 167 - Cambuí"
106829,Guilherme Nascimento Melo,171,"Rua Coronel Quirino, 1874 - Cambuí"
106830,Erik Paschoalino Ferreira,181,"Avenida Heitor Penteado, 2678 - Taquaral"
106831,Giovanna Melo Oliveira,165,"Rua Coronel Quirino, 378 - Cambuí"
106832,Livia Campos Melo,167,"Avenida Albino José Barbosa de Oliveira, 162 - Barão Geraldo"
106833,Vinícius Ribeiro Gomes,154,"Avenida Albino José Barbosa de Oliveira, 2641 - Barão Geraldo"
106834,Vinícius Melo Martins,203,"Avenida Heitor Penteado, 1741 - Taquaral"
106835,Yasmin Nascimento Matos,185,"Avenida Albino José Barbosa de Oliveira, 1723 - Barão Geraldo"
106836,Rafael Campos Campos,179,"Avenida Heitor Penteado, 2194 - Taquaral"
106837,Thiago Ferreira Vieira,194,"Rua Coronel Quirino, 1231 - Cambuí"
106838,Samuel Nascimento Almeida,168,"Rua Coronel Quirino, 1241 - Cambuí"
106839,Sofia Alves Melo,172,"Avenida Albino José Barbosa de Oliveira, 475 - Barão Geraldo"
106840,Livia Ribeiro Melo,183,"Avenida Heitor Penteado, 1822 - Taquaral"
106841,Gabriel Almeida Fernandes,162,"Rua Coronel Quirino, 501 - Cambuí"
106842,Victor Cruz Nascimento,192,"Rua Coronel Quirino, 269 - Cambuí"
106843,André Queiroz Nascimento,203,"Avenida Heitor Penteado, 2379 - Taquaral"
106844,Victor Campos Santana,178,"Rua Maria Monteiro, 1277 - Cambuí"
106845,Erik Santana Cruz,185,"Rua Maria Monteiro, 63 - Cambuí"
106846,Erik Bellini Nascimento,171,"Rua Coronel Quirino, 1831 - Cambuí"
106847,Eduardo Gomes Martins,201,"Avenida Albino José Barbosa de Oliveira, 735 - Barão Geraldo"
106848,Victor Matos Medeiros,201,"Avenida Heitor Penteado, 1985 - Taquaral"
106849,Maria Campos Paschoalino,196,"Rua Maria Monteiro, 1345 - Cambuí"
106850,Sofia Amorim Almeida,185,"Avenida Heitor Penteado, 1179 - Taquaral"
106851,Livia Ribeiro Cruz,158,"Avenida Albino José Barbosa de Oliveira, 2685 - Barão Geraldo"
106852,Miguel Gomes Paschoalino,188,"Avenida Heitor Penteado, 268 - Taquaral"
106853,Rafael Ferreira Oliveira,200,"Rua Maria Monteiro, 955 - Cambuí"
106854,Thiago Santana Nascimento,168,"Rua Maria Monteiro, 686 - Cambuí"
106855,Sofia Bellini Queiroz,187,"Rua Maria Monteiro, 1230 - Cambuí"
106856,Vinícius Bellini Fernandes,155,"Rua Maria Monteiro, 286 - Cambuí"
106857,Yasmin Campos Alves,201,"Avenida Albino José Barbosa de Oliveira, 2756 - Barão Geraldo"
106858,Rafael Bellini Queiroz,196,"Avenida Albino José Barbosa de Oliveira, 3167 - Barão Geraldo"
106859,Eduardo Matos Paschoalino,164,"Avenida Heitor Penteado, 162 - Taquaral"
106860,Guilherme Paschoalino Alves,169,"Rua Coronel Quirino, 1313 - Cambuí"
106861,Maria Cruz Almeida,158,"Avenida Albino José Barbosa de Oliveira, 2265 - Barão Geraldo"
106862,Larissa Melo Campos,181,"Avenida Albino José Barbosa de Oliveira, 2014 - Barão Geraldo"
106863,Maria Fernandes Paschoalino,153,"Avenida Heitor Penteado, 971 - Taquaral"
106864,Sofia Almeida Martins,199,"Avenida Albino José Barbosa de Oliveira, 2082 - Barão Geraldo"
106865,Victor Alves Matos,167,"Avenida Albino José Barbosa de Oliveira, 3235 - Barão Geraldo"
106866,Yasmin Almeida Gomes,154,"Avenida Heitor Penteado, 2468 - Taquaral"
106867,Yasmin Silva Vieira,169,"Avenida Heitor Penteado, 2246 - Taquaral"
106868,Sofia Martins Melo,172,"Rua Maria Monteiro, 983 - Cambuí"
106869,Livia Alves Gomes,160,"Avenida Albino José Barbosa de Oliveira, 3026 - Barão Geraldo"
106870,Rafael Vieira Santana,186,"Avenida Heitor Penteado, 897 - Taquaral"
106871,André Matos Amorim,171,"Avenida Heitor Penteado, 2462 - Taquaral"
106872,Maria Cruz Almeida,153,"Avenida Albino José Barbosa de Oliveira, 1968 - Barão Geraldo"
106873,Felipe Queiroz Fernandes,178,"Avenida Heitor Penteado, 2625 - Taquaral"
106874,Victor Fernandes Cruz,193,"Avenida Albino José Barbosa de Oliveira, 2665 - Barão Geraldo"
106875,Giovanna Santana Silva,183,"Rua Coronel Quirino, 1803 - Cambuí"
106876,Livia Matos Almeida,162,"Avenida Heitor Penteado, 2220 - Taquaral"
106877,Gabriel Melo Nascimento,191,"Avenida Heitor Penteado, 168 - Taquaral"
106878,Samuel Silva Ribeiro,158,"Rua Coronel Quirino, 1631 - Cambuí"
106879,Beatriz Paschoalino Oliveira,191,"Avenida Heitor Penteado, 2537 - Taquaral"
106880,Pedro Bellini Paschoalino,180,"Avenida Albino José Barbosa de Oliveira, 3007 - Barão Geraldo"
106881,André Queiroz Gomes,156,"Rua Maria Monteiro, 918 - Cambuí"
106882,Vinícius Martins Martins,153,"Rua Maria Monteiro, 1300 - Cambuí"
106883,Clara Medeiros Cruz,168,"Rua Maria Monteiro, 1578 - Cambuí"
106884,Livia Queiroz Santana,191,"Avenida Heitor Penteado, 1168 - Taquaral"
106885,Clara Vieira Santana,179,"Rua Maria Monteiro, 494 - Cambuí"
106886,Vinícius Fernandes Paschoalino,180,"Rua Coronel Quirino, 1478 - Cambuí"
106887,Beatriz Vieira Martins,184,"Avenida Heitor Penteado, 1093 - Taquaral"
106888,Samuel Medeiros Campos,170,"Rua Maria Monteiro, 109 - Cambuí"
106889,Rafael Silva Vieira,180,"Rua Coronel Quirino, 930 - Cambuí"
106890,Guilherme Ribeiro Campos,168,"Rua Maria Monteiro, 1275 - Cambuí"
106891,Clara Fernandes Medeiros,180,"Avenida Albino José Barbosa de Oliveira, 865 - Barão Geraldo"
106892,Miguel Gomes Oliveira,202,"Avenida Heitor Penteado, 39 - Taquaral"
106893,Rafael Queiroz Santana,181,"Avenida Heitor Penteado, 723 - Taquaral"
106894,Victor Ferreira Ribeiro,151,"Avenida Heitor Penteado, 2822 - Taquaral"
106895,Maria Ribeiro Almeida,201,"Avenida Albino José Barbosa de Oliveira, 326 - Barão Geraldo"
106896,Beatriz Alves Bellini,159,"Avenida Heitor Penteado, 544 - Taquaral"
106897,Rafael Silva Silva,151,"Avenida Heitor Penteado, 938 - Taquaral"
106898,André Amorim Ferreira,151,"Rua Maria Monteiro, 786 - Cambuí"
106899,Miguel Campos Nascimento,173,"Rua Coronel Quirino, 207 - Cambuí"
106900,Livia Oliveira Medeiros,166,"Avenida Albino José Barbosa de Oliveira, 789 - Barão Geraldo"
106901,Larissa Ferreira Almeida,181,"Rua Maria Monteiro, 140 - Cambuí"
106902,Thiago Martins Gomes,165,"Avenida Heitor Penteado, 2840 - Taquaral"
106903,Yasmin Almeida Campos,165,"Avenida Heitor Penteado, 2476 - Taquaral"
106904,Eduardo Alves Paschoalino,195,"Avenida Albino José Barbosa de Oliveira, 1306 - Barão Geraldo"
106905,Sofia Vieira Amorim,188,"Avenida Heitor Penteado, 199 - Taquaral"
106906,Thiago Ribeiro Amorim,202,"Avenida Heitor Penteado, 2482 - Taquaral"
106907,Livia Medeiros Oliveira,180,"Avenida Albino José Barbosa de Oliveira, 128 - Barão Geraldo"
106908,Victor Campos Vieira,192,"Avenida Albino José Barbosa de Oliveira, 2459 - Barão Geraldo"
106909,Giovanna Paschoalino Martins,173,"Avenida Albino José Barbosa de Oliveira, 33 - Barão Geraldo"
106910,Samuel Matos Silva,150,"Avenida Heitor Penteado, 1816 - Taquaral"
106911,Clara Santana Santana,160,"Rua Coronel Quirino, 422 - Cambuí"
106912,Felipe Ferreira Bellini,204,"Avenida Heitor Penteado, 1504 - Taquaral"
106913,Clara Almeida Fernandes,170,"Avenida Albino José Barbosa de Oliveira, 366 - Barão Geraldo"
106914,João Oliveira Santana,153,"Avenida Heitor Penteado, 987 - Taquaral"
106915,João Martins Cruz,156,"Avenida Heitor Penteado, 1090 - Taquaral"
106916,Miguel Matos Vieira,175,"Rua Maria Monteiro, 1345 - Cambuí"
106917,Miguel Paschoalino Santana,196,"Rua Maria Monteiro, 1452 - Cambuí"
106918,Erik Cruz Vieira,199,"Rua Coronel Quirino, 1080 - Cambuí"
106919,Vinícius Oliveira Paschoalino,161,"Rua Maria Monteiro, 822 - Cambuí"
106920,Livia Cruz Bellini,180,"Avenida Heitor Penteado, 1744 - Taquaral"
106921,Maria Bellini Queiroz,166,"Rua Maria Monteiro, 613 - Cambuí"
106922,Yasmin Fernandes Almeida,182,"Avenida Albino José Barbosa de Oliveira, 801 - Barão Geraldo"
106923,Miguel Amorim Matos,160,"Avenida Heitor Penteado, 1813 - Taquaral"
106924,Victor Alves Martins,177,"Avenida Heitor Penteado, 342 - Taquaral"
106925,Daniel Santana Santana,181,"Avenida Albino José Barbosa de Oliveira, 2385 - Barão Geraldo"
106926,Miguel Vieira Matos,150,"Rua Coronel Quirino, 1064 - Cambuí"
106927,Guilherme Nascimento Silva,196,"Rua Coronel Quirino, 790 - Cambuí"
106928,Victor Medeiros Oliveira,177,"Rua Maria Monteiro, 273 - Cambuí"
106929,Victor Fernandes Medeiros,202,"Avenida Albino José Barbosa de Oliveira, 2804 - Barão Geraldo"
106930,Eduardo Martins Nascimento,191,"Avenida Albino José Barbosa de Oliveira, 2853 - Barão Geraldo"
106931,Samuel Medeiros Cruz,156,"Avenida Albino José Barbosa de Oliveira, 678 - Barão Geraldo"
106932,Maria Silva Nascimento,151,"Avenida Heitor Penteado, 1303 - Taquaral"
106933,Beatriz Bellini Ferreira,191,"Avenida Albino José Barbosa de Oliveira, 2150 - Barão Geraldo"
106934,Felipe Silva Cruz,173,"Avenida Albino José Barbosa de Oliveira, 1652 - Barão Geraldo"
106935,Livia Amorim Matos,153,"Avenida Albino José Barbosa de Oliveira, 414 - Barão Geraldo"
106936,Daniel Almeida Ferreira,193,"Avenida Heitor Penteado, 1309 - Taquaral"
106937,Thiago Amorim Queiroz,168,"Rua Maria Monteiro, 146 - Cambuí"
106938,Erik Oliveira Vieira,175,"Avenida Heitor Penteado, 2972 - Taquaral"
106939,André Oliveira Ribeiro,160,"Avenida Heitor Penteado, 653 - Taquaral"
106940,Clara Amorim Melo,189,"Avenida Heitor Penteado, 1502 - Taquaral"
106941,Sofia Oliveira Cruz,199,"Avenida Heitor Penteado, 1810 - Taquaral"
106942,Rafael Santana Silva,192,"Rua Maria Monteiro, 1387 - Cambuí"
106943,Samuel Gomes Oliveira,160,"Rua Coronel Quirino, 252 - Cambuí"
106944,Victor Matos Fernandes,194,"Avenida Albino José Barbosa de Oliveira, 3457 - Barão Geraldo"
106945,Thiago Amorim Campos,152,"Avenida Albino José Barbosa de Oliveira, 388 - Barão Geraldo"
106946,Miguel Bellini Gomes,161,"Avenida Albino José Barbosa de Oliveira, 2805 - Barão Geraldo"
106947,Gabriel Matos Bellini,152,"Avenida Heitor Penteado, 2455 - Taquaral"
106948,Daniel Queiroz Oliveira,191,"Avenida Heitor Penteado, 1310 - Taquaral"
106949,Sofia Fernandes Gomes,176,"Avenida Albino José Barbosa de Oliveira, 2233 - Barão Geraldo"
106950,André Fernandes Bellini,198,"Avenida Heitor Penteado, 30 - Taquaral"
106951,Victor Ferreira Paschoalino,203,"Rua Coronel Quirino, 115 - Cambuí"
106952,Pedro Melo Matos,151,"Rua Maria Monteiro, 1019 - Cambuí"
106953,Thiago Ribeiro Gomes,198,"Avenida Heitor Penteado, 1900 - Taquaral"
106954,Livia Cruz Ferreira,165,"Rua Coronel Quirino, 313 - Cambuí"
106955,Pedro Medeiros Martins,151,"Rua Maria Monteiro, 242 - Cambuí"
106956,Pedro Bellini Martins,203,"Rua Maria Monteiro, 935 - Cambuí"
106957,Samuel Almeida Paschoalino,179,"Rua Maria Monteiro, 195 - Cambuí"
106958,João Paschoalino Martins,169,"Avenida Albino José Barbosa de Oliveira, 1873 - Barão Geraldo"
106959,Sofia Almeida Vieira,187,"Rua Maria Monteiro, 510 - Cambuí"
106960,Yasmin Oliveira Oliveira,177,"Avenida Heitor Penteado, 2414 - Taquaral"
106961,Gabriel Ribeiro Alves,174,"Avenida Heitor Penteado, 1738 - Taquaral"
106962,Henrique Oliveira Vieira,181,"Avenida Heitor Penteado, 135 - Taquaral"
106963,Livia Alves Paschoalino,159,"Rua Maria Monteiro, 1373 - Cambuí"
106964,Henrique Matos Ferreira,191,"Avenida Albino José Barbosa de Oliveira, 1200 - Barão Geraldo"
106965,Daniel Silva Martins,189,"Rua Coronel Quirino, 1580 - Cambuí"
106966,Victor Almeida Vieira,182,"Rua Coronel Quirino, 1232 - Cambuí"
106967,Samuel Ribeiro Oliveira,162,"Rua Coronel Quirino, 253 - Cambuí"
106968,Clara Melo Almeida,190,"Rua Coronel Quirino, 1881 - Cambuí"
106969,Henrique Melo Martins,203,"Avenida Heitor Penteado, 1120 - Taquaral"
106970,Miguel Campos Medeiros,191,"Avenida Albino José Barbosa de Oliveira, 1250 - Barão Geraldo"
106971,Sofia Melo Matos,196,"Avenida Albino José Barbosa de Oliveira, 3435 - Barão Geraldo"
106972,Yasmin Silva Bellini,186,"Rua Coronel Quirino, 1899 - Cambuí"
106973,Maria Campos Campos,203,"Avenida Heitor Penteado, 1204 - Taquaral"
106974,Sofia Nascimento Matos,165,"Avenida Albino José Barbosa de Oliveira, 1797 - Barão Geraldo"
106975,André Oliveira Almeida,194,"Rua Coronel Quirino, 1962 - Cambuí"
106976,Beatriz Fernandes Medeiros,171,"Avenida Albino José Barbosa de Oliveira, 529 - Barão Geraldo"
106977,Vinícius Bellini Matos,169,"Rua Maria Monteiro, 1329 - Cambuí"
106978,Maria Campos Silva,199,"Avenida Heitor Penteado, 527 - Taquaral"
106979,Samuel Nascimento Ribeiro,192,"Avenida Albino José Barbosa de Oliveira, 3272 - Barão Geraldo"
106980,Eduardo Nascimento Campos,176,"Rua Coronel Quirino, 1985 - Cambuí"
106981,Henrique Campos Queiroz,190,"Avenida Albino José Barbosa de Oliveira, 1649 - Barão Geraldo"
106982,Sofia Ribeiro Vieira,165,"Rua Maria Monteiro, 1071 - Cambuí"
106983,Rafael Vieira Nascimento,183,"Avenida Albino José Barbosa de Oliveira, 410 - Barão Geraldo"
106984,João Ferreira Ribeiro,181,"Avenida Albino José Barbosa de Oliveira, 2522 - Barão Geraldo"
106985,Sofia Queiroz Ferreira,175,"Rua Maria Monteiro, 581 - Cambuí"
106986,Beatriz Ribeiro Ferreira,174,"Avenida Albino José Barbosa de Oliveira, 1611 - Barão Geraldo"
106987,Clara Alves Oliveira,151,"Avenida Heitor Penteado, 274 - Taquaral"
106988,Gabriel Matos Martins,161,"Avenida Heitor Penteado, 1749 - Taquaral"
106989,Miguel Martins Amorim,189,"Avenida Heitor Penteado, 781 - Taquaral"
106990,Felipe Matos Oliveira,158,"Rua Maria Monteiro, 897 - Cambuí"
106991,André Campos Ferreira,161,"Avenida Heitor Penteado, 49 - Taquaral"
106992,Giovanna Martins Vieira,175,"Avenida Heitor Penteado, 1335 - Taquaral"
106993,Vinícius Vieira Ribeiro,158,"Avenida Albino José Barbosa de Oliveira, 433 - Barão Geraldo"
106994,Yasmin Ferreira Amorim,159,"Rua Maria Monteiro, 984 - Cambuí"
106995,Vinícius Matos Amorim,181,"Avenida Albino José Barbosa de Oliveira, 926 - Barão Geraldo"
106996,Livia Matos Almeida,183,"Avenida Albino José Barbosa de Oliveira, 2634 - Barão Geraldo"
106997,Vinícius Melo Gomes,197,"Avenida Heitor Penteado, 2601 - Taquaral"
106998,Samuel Amorim Almeida,169,"Rua Maria Monteiro, 1026 - Cambuí"
106999,Eduardo Fernandes Queiroz,188,"Avenida Albino José Barbosa de Oliveira, 2627 - Barão Geraldo"
107000,Victor Santana Amorim,151,"Avenida Heitor Penteado, 2371 - Taquaral"
107001,Thiago Medeiros Ribeiro,150,"Avenida Albino José Barbosa de Oliveira, 1864 - Barão Geraldo"
107002,Sofia Fernandes Queiroz,200,"Avenida Albino José Barbosa de Oliveira, 229 - Barão Geraldo"
107003,André Martins Ribeiro,185,"Rua Maria Monteiro, 38 - Cambuí"
107004,Erik Ribeiro Bellini,173,"Avenida Heitor Penteado, 2858 - Taquaral"
107005,João Medeiros Silva,203,"Avenida Albino José Barbosa de Oliveira, 2606 - Barão Geraldo"
107006,André Alves Martins,176,"Avenida Heitor Penteado, 2010 - Taquaral"
107007,Livia Campos Fernandes,151,"Avenida Heitor Penteado, 994 - Taquaral"
107008,Yasmin Ferreira Melo,180,"Rua Coronel Quirino, 1537 - Cambuí"
107009,Beatriz Paschoalino Cruz,163,"Rua Coronel Quirino, 1440 - Cambuí"
107010,Erik Silva Matos,151,"Avenida Albino José Barbosa de Oliveira, 1028 - Barão Geraldo"
107011,Erik Fernandes Alves,178,"Avenida Heitor Penteado, 151 - Taquaral"
107012,Giovanna Silva Oliveira,164,"Rua Coronel Quirino, 1128 - Cambuí"
107013,Samuel Martins Ferreira,161,"Avenida Heitor Penteado, 1496 - Taquaral"
107014,Victor Martins Santana,186,"Rua Maria Monteiro, 1373 - Cambuí"
107015,Eduardo Alves Campos,177,"Avenida Albino José Barbosa de Oliveira, 3274 - Barão Geraldo"
107016,Guilherme Oliveira Ribeiro,169,"Avenida Heitor Penteado, 1050 - Taquaral"
107017,Gabriel Ribeiro Almeida,188,"Rua Maria Monteiro, 980 - Cambuí"
107018,Yasmin Matos Melo,173,"Rua Maria Monteiro, 1541 - Cambuí"
107019,Giovanna Martins Bellini,170,"Rua Coronel Quirino, 1372 - Cambuí"
107020,Felipe Matos Melo,159,"Avenida Heitor Penteado, 1110 - Taquaral"
107021,Daniel Fernandes Martins,195,"Avenida Albino José Barbosa de Oliveira, 3031 - Barão Geraldo"
107022,Erik Silva Vieira,163,"Avenida Albino José Barbosa de Oliveira, 702 - Barão Geraldo"
107023,Yasmin Fernandes Oliveira,186,"Avenida Albino José Barbosa de Oliveira, 1351 - Barão Geraldo"
107024,Sofia Fernandes Amorim,167,"Avenida Albino José Barbosa de Oliveira, 143 - Barão Geraldo"
107025,Erik Fernandes Martins,173,"Avenida Albino José Barbosa de Oliveira, 1988 - Barão Geraldo"
107026,Erik Melo Oliveira,163,"Avenida Albino José Barbosa de Oliveira, 2066 - Barão Geraldo"
107027,Livia Melo Bellini,183,"Rua Coronel Quirino, 1015 - Cambuí"
107028,Larissa Bellini Fernandes,161,"Avenida Albino José Barbosa de Oliveira, 1609 - Barão Geraldo"
107029,Samuel Campos Alves,171,"Avenida Heitor Penteado, 1634 - Taquaral"
107030,Daniel Bellini Queiroz,155,"Rua Maria Monteiro, 599 - Cambuí"
107031,Daniel Matos Martins,185,"Rua Coronel Quirino, 1401 - Cambuí"
107032,João Alves Paschoalino,194,"Rua Maria Monteiro, 1232 - Cambuí"
107033,Rafael Amorim Queiroz,185,"Avenida Heitor Penteado, 154 - Taquaral"
107034,Giovanna Martins Matos,171,"Avenida Albino José Barbosa de Oliveira, 737 - Barão Geraldo"
107035,Henrique Paschoalino Campos,163,"Avenida Albino José Barbosa de Oliveira, 2110 - Barão Geraldo"
107036,Henrique Amorim Nascimento,165,"Avenida Albino José Barbosa de Oliveira, 2101 - Barão Geraldo"
107037,Giovanna Bellini Paschoalino,185,"Avenida Albino José Barbosa de Oliveira, 1622 - Barão Geraldo"
107038,Felipe Nascimento Ribeiro,174,"Avenida Albino José Barbosa de Oliveira, 374 - Barão Geraldo"
107039,Vinícius Cruz Queiroz,181,"Rua Maria Monteiro, 1377 - Cambuí"
107040,Victor Vieira Cruz,182,"Rua Coronel Quirino, 1293 - Cambuí"
107041,Pedro Campos Amorim,194,"Avenida Heitor Penteado, 2280 - Taquaral"
107042,Erik Medeiros Santana,185,"Rua Maria Monteiro, 439 - Cambuí"
107043,Samuel Fernandes Melo,169,"Rua Maria Monteiro, 389 - Cambuí"
107044,Gabriel Silva Medeiros,167,"Avenida Heitor Penteado, 2000 - Taquaral"
107045,Clara Alves Santana,187,"Avenida Heitor Penteado, 1428 - Taquaral"
107046,Livia Nascimento Vieira,152,"Rua Maria Monteiro, 1073 - Cambuí"
107047,Henrique Nascimento Ferreira,172,"Avenida Heitor Penteado, 514 - Taquaral"
107048,Daniel Fernandes Fernandes,181,"Avenida Heitor Penteado, 2832 - Taquaral"
107049,Felipe Cruz Santana,194,"Avenida Heitor Penteado, 1079 - Taquaral"
107050,Thiago Oliveira Alves,165,"Rua Maria Monteiro, 581 - Cambuí"
107051,Vinícius Santana Gomes,154,"Rua Coronel Quirino, 1436 - Cambuí"
107052,Pedro Queiroz Cruz,153,"Avenida Albino José Barbosa de Oliveira, 782 - Barão Geraldo"
107053,Gabriel Gomes Ferreira,170,"Rua Maria Monteiro, 656 - Cambuí"
107054,Henrique Medeiros Paschoalino,189,"Avenida Albino José Barbosa de Oliveira, 962 - Barão Geraldo"
107055,Vinícius Silva Almeida,200,"Avenida Albino José Barbosa de Oliveira, 1051 - Barão Geraldo"
107056,Larissa Ribeiro Cruz,163,"Rua Maria Monteiro, 1394 - Cambuí"
107057,Guilherme Vieira Medeiros,188,"Avenida Heitor Penteado, 58 - Taquaral"
107058,João Oliveira Ferreira,180,"Avenida Albino José Barbosa de Oliveira, 768 - Barão Geraldo"
107059,Livia Campos Queiroz,163,"Rua Coronel Quirino, 1316 - Cambuí"
107060,Daniel Melo Queiroz,155,"Rua Coronel Quirino, 634 - Cambuí"
107061,Pedro Matos Medeiros,161,"Rua Coronel Quirino, 1430 - Cambuí"
107062,Vinícius Almeida Amorim,165,"Avenida Albino José Barbosa de Oliveira, 278 - Barão Geraldo"
107063,André Silva Alves,166,"Avenida Albino José Barbosa de Oliveira, 597 - Barão Geraldo"
107064,Eduardo Bellini Queiroz,194,"Avenida Heitor Penteado, 2723 - Taquaral"
107065,Samuel Matos Alves,172,"Avenida Heitor Penteado, 2726 - Taquaral"
107066,Livia Oliveira Almeida,163,"Avenida Heitor Penteado, 2635 - Taquaral"
107067,Henrique Matos Gomes,156,"Rua Coronel Quirino, 835 - Cambuí"
107068,Maria Medeiros Fernandes,195,"Avenida Albino José Barbosa de Oliveira, 2034 - Barão Geraldo"
107069,Victor Queiroz Gomes,181,"Avenida Albino José Barbosa de Oliveira, 1629 - Barão Geraldo"
107070,Miguel Matos Ferreira,164,"Avenida Heitor Penteado, 2011 - Taquaral"
107071,Giovanna Nascimento Oliveira,193,"Rua Coronel Quirino, 1298 - Cambuí"
107072,Eduardo Amorim Fernandes,166,"Avenida Heitor Penteado, 620 - Taquaral"
107073,Samuel Fernandes Silva,190,"Rua Maria Monteiro, 874 - Cambuí"
107074,Sofia Ribeiro Fernandes,203,"Avenida Albino José Barbosa de Oliveira, 532 - Barão Geraldo"
107075,Thiago Melo Gomes,196,"Avenida Albino José Barbosa de Oliveira, 358 - Barão Geraldo"
107076,João Fernandes Campos,193,"Rua Coronel Quirino, 312 - Cambuí"
107077,Guilherme Oliveira Queiroz,183,"Rua Maria Monteiro, 500 - Cambuí"
107078,Eduardo Nascimento Campos,154,"Avenida Albino José Barbosa de Oliveira, 217 - Barão Geraldo"
107079,Daniel Vieira Gomes,194,"Rua Maria Monteiro, 983 - Cambuí"
107080,Henrique Paschoalino Almeida,176,"Avenida Heitor Penteado, 1537 - Taquaral"
107081,André Medeiros Medeiros,201,"Avenida Albino José Barbosa de Oliveira, 739 - Barão Geraldo"
107082,Eduardo Nascimento Alves,172,"Avenida Heitor Penteado, 2372 - Taquaral"
107083,Rafael Bellini Melo,189,"Avenida Heitor Penteado, 2924 - Taquaral"
107084,Rafael Bellini Vieira,163,"Avenida Albino José Barbosa de Oliveira, 708 - Barão Geraldo"
107085,Gabriel Almeida Ribeiro,164,"Rua Maria Monteiro, 1503 - Cambuí"
107086,Daniel Fernandes Fernandes,192,"Rua Maria Monteiro, 477 - Cambuí"
107087,Clara Santana Paschoalino,182,"Rua Maria Monteiro, 1152 - Cambuí"
107088,Henrique Fernandes Amorim,202,"Avenida Heitor Penteado, 2155 - Taquaral"
107089,Beatriz Queiroz Santana,180,"Avenida Heitor Penteado, 252 - Taquaral"
107090,Rafael Ribeiro Gomes,184,"Avenida Albino José Barbosa de Oliveira, 858 - Barão Geraldo"
107091,Sofia Oliveira Cruz,166,"Avenida Albino José Barbosa de Oliveira, 1028 - Barão Geraldo"
107092,Guilherme Nascimento Nascimento,177,"Avenida Heitor Penteado, 2167 - Taquaral"
107093,Samuel Queiroz Campos,168,"Avenida Heitor Penteado, 2136 - Taquaral"
107094,Livia Martins Melo,195,"Rua Coronel Quirino, 1365 - Cambuí"
107095,Vinícius Amorim Almeida,203,"Rua Maria Monteiro, 471 - Cambuí"
107096,Pedro Bellini Gomes,172,"Rua Coronel Quirino, 1770 - Cambuí"
107097,Miguel Ribeiro Ferreira,181,"Avenida Albino José Barbosa de Oliveira, 585 - Barão Geraldo"
107098,Thiago Nascimento Ribeiro,189,"Avenida Heitor Penteado, 2122 - Taquaral"
107099,Maria Almeida Paschoalino,162,"Rua Maria Monteiro, 924 - Cambuí"
107100,Eduardo Alves Queiroz,169,"Rua Coronel Quirino, 318 - Cambuí"
107101,Thiago Oliveira Alves,184,"Avenida Albino José Barbosa de Oliveira, 315 - Barão Geraldo"
107102,Guilherme Santana Vieira,154,"Avenida Heitor Penteado, 1115 - Taquaral"
107103,Samuel Santana Oliveira,158,"Avenida Albino José Barbosa de Oliveira, 2223 - Barão Geraldo"
107104,Larissa Matos Cruz,178,"Rua Maria Monteiro, 919 - Cambuí"
107105,Thiago Almeida Santana,155,"Avenida Albino José Barbosa de Oliveira, 2672 - Barão Geraldo"
107106,Clara Almeida Santana,174,"Avenida Heitor Penteado, 2237 - Taquaral"
107107,Vinícius Almeida Ribeiro,180,"Rua Maria Monteiro, 467 - Cambuí"
107108,André Ribeiro Nascimento,171,"Rua Coronel Quirino, 225 - Cambuí"
107109,Vinícius Vieira Medeiros,151,"Avenida Albino José Barbosa de Oliveira, 2364 - Barão Geraldo"
107110,Livia Paschoalino Vieira,194,"Avenida Heitor Penteado, 702 - Taquaral"
107111,Samuel Bellini Gomes,154,"Avenida Heitor Penteado, 1292 - Taquaral"
107112,Giovanna Amorim Oliveira,176,"Avenida Heitor Penteado, 1810 - Taquaral"
107113,Felipe Matos Ferreira,174,"Avenida Heitor Penteado, 73 - Taquaral"
107114,João Paschoalino Matos,157,"Avenida Heitor Penteado, 1468 - Taquaral"
107115,Erik Amorim Martins,204,"Avenida Heitor Penteado, 847 - Taquaral"
107116,Samuel Vieira Ferreira,150,"Avenida Heitor Penteado, 2742 - Taquaral"
107117,Erik Oliveira Alves,169,"Rua Maria Monteiro, 1377 - Cambuí"
107118,Pedro Ferreira Fernandes,193,"Avenida Albino José Barbosa de Oliveira, 2322 - Barão Geraldo"
107119,Giovanna Alves Matos,172,"Avenida Albino José Barbosa de Oliveira, 2129 - Barão Geraldo"
107120,Rafael Silva Amorim,181,"Avenida Heitor Penteado, 568 - Taquaral"
107121,Eduardo Martins Almeida,160,"Avenida Albino José Barbosa de Oliveira, 2025 - Barão Geraldo"
107122,Victor Medeiros Fernandes,188,"Avenida Heitor Penteado, 1405 - Taquaral"
107123,Eduardo Campos Vieira,196,"Avenida Albino José Barbosa de Oliveira, 3025 - Barão Geraldo"
107124,Samuel Ferreira Martins,203,"Avenida Heitor Penteado, 1912 - Taquaral"
107125,Yasmin Matos Bellini,173,"Rua Coronel Quirino, 972 - Cambuí"
107126,Thiago Cruz Martins,160,"Avenida Heitor Penteado, 1325 - Taquaral"
107127,Beatriz Matos Oliveira,178,"Rua Maria Monteiro, 1532 - Cambuí"
107128,Larissa Ferreira Cruz,203,"Rua Coronel Quirino, 1680 - Cambuí"
107129,Rafael Amorim Oliveira,175,"Rua Coronel Quirino, 941 - Cambuí"
107130,Clara Ferreira Santana,165,"Avenida Heitor Penteado, 259 - Taquaral"
107131,Felipe Ferreira Santana,184,"Avenida Albino José Barbosa de Oliveira, 883 - Barão Geraldo"
107132,Victor Ribeiro Melo,169,"Rua Maria Monteiro, 214 - Cambuí"
107133,Erik Paschoalino Fernandes,195,"Avenida Albino José Barbosa de Oliveira, 2953 - Barão Geraldo"
107134,Erik Oliveira Almeida,152,"Avenida Heitor Penteado, 437 - Taquaral"
107135,Victor Melo Campos,150,"Avenida Albino José Barbosa de Oliveira, 1390 - Barão Geraldo"
107136,Felipe Gomes Oliveira,202,"Avenida Albino José Barbosa de Oliveira, 114 - Barão Geraldo"
107137,Daniel Gomes Fernandes,196,"Avenida Albino José Barbosa de Oliveira, 2017 - Barão Geraldo"
107138,Yasmin Melo Vieira,150,"Rua Maria Monteiro, 399 - Cambuí"
107139,Rafael Nascimento Bellini,166,"Avenida Heitor Penteado, 953 - Taquaral"
107140,Sofia Matos Almeida,151,"Avenida Heitor Penteado, 2560 - Taquaral"
107141,Gabriel Oliveira Fernandes,178,"Rua Coronel Quirino, 117 - Cambuí"
107142,Rafael Alves Bellini,169,"Rua Coronel Quirino, 1271 - Cambuí"
107143,Victor Matos Santana,155,"Avenida Albino José Barbosa de Oliveira, 122 - Barão Geraldo"
107144,Henrique Matos Nascimento,157,"Avenida Heitor Penteado, 2215 - Taquaral"
107145,Giovanna Gomes Cruz,178,"Avenida Albino José Barbosa de Oliveira, 218 - Barão Geraldo"
107146,Pedro Ribeiro Ferreira,197,"Rua Coronel Quirino, 1983 - Cambuí"
107147,Thiago Amorim Bellini,200,"Avenida Heitor Penteado, 194 - Taquaral"
107148,Erik Martins Nascimento,182,"Avenida Heitor Penteado, 405 - Taquaral"
107149,Gabriel Paschoalino Melo,152,"Avenida Heitor Penteado, 1117 - Taquaral"
107150,Henrique Silva Silva,184,"Avenida Heitor Penteado, 530 - Taquaral"
107151,Victor Amorim Campos,154,"Avenida Heitor Penteado, 2299 - Taquaral"
107152,Larissa Cruz Oliveira,176,"Avenida Heitor Penteado, 1008 - Taquaral"
107153,Miguel Campos Melo,193,"Rua Coronel Quirino, 1900 - Cambuí"
107154,Miguel Paschoalino Oliveira,161,"Avenida Heitor Penteado, 1749 - Taquaral"
107155,Victor Oliveira Ferreira,169,"Avenida Heitor Penteado, 2367 - Taquaral"
107156,Clara Oliveira Medeiros,194,"Avenida Albino José Barbosa de Oliveira, 1383 - Barão Geraldo"
107157,Henrique Bellini Campos,169,"Avenida Albino José Barbosa de Oliveira, 1585 - Barão Geraldo"
107158,Miguel Queiroz Amorim,158,"Avenida Heitor Penteado, 539 - Taquaral"
107159,Thiago Cruz Santana,188,"Rua Coronel Quirino, 425 - Cambuí"
107160,Pedro Fernandes Almeida,153,"Avenida Albino José Barbosa de Oliveira, 2555 - Barão Geraldo"
107161,Victor Matos Queiroz,200,"Avenida Heitor Penteado, 2257 - Taquaral"
107162,Gabriel Almeida Almeida,203,"Avenida Albino José Barbosa de Oliveira, 3479 - Barão Geraldo"
107163,André Cruz Almeida,168,"Rua Coronel Quirino, 1524 - Cambuí"
107164,João Martins Medeiros,187,"Avenida Albino José Barbosa de Oliveira, 55 - Barão Geraldo"
107165,Sofia Santana Oliveira,176,"Avenida Albino José Barbosa de Oliveira, 2338 - Barão Geraldo"
107166,Beatriz Medeiros Silva,194,"Avenida Albino José Barbosa de Oliveira, 2220 - Barão Geraldo"
107167,Sofia Amorim Campos,192,"Avenida Albino José Barbosa de Oliveira, 1147 - Barão Geraldo"
107168,Yasmin Ferreira Queiroz,162,"Avenida Heitor Penteado, 1347 - Taquaral"
107169,Samuel Queiroz Melo,162,"Avenida Albino José Barbosa de Oliveira, 3057 - Barão Geraldo"
107170,Miguel Alves Santana,171,"Avenida Albino José Barbosa de Oliveira, 3386 - Barão Geraldo"
107171,Larissa Alves Queiroz,177,"Avenida Albino José Barbosa de Oliveira, 1089 - Barão Geraldo"
107172,João Oliveira Bellini,201,"Avenida Heitor Penteado, 147 - Taquaral"
107173,Rafael Matos Martins,196,"Avenida Heitor Penteado, 237 - Taquaral"
107174,Beatriz Medeiros Santana,202,"Avenida Albino José Barbosa de Oliveira, 357 - Barão Geraldo"
107175,André Silva Nascimento,194,"Avenida Heitor Penteado, 1729 - Taquaral"
107176,Gabriel Martins Ribeiro,171,"Avenida Heitor Penteado, 49 - Taquaral"
107177,Clara Melo Melo,192,"Avenida Albino José Barbosa de Oliveira, 208 - Barão Geraldo"
107178,Henrique Cruz Ferreira,168,"Rua Coronel Quirino, 1422 - Cambuí"
107179,Clara Alves Oliveira,157,"Avenida Heitor Penteado, 2473 - Taquaral"
107180,Felipe Melo Vieira,201,"Avenida Albino José Barbosa de Oliveira, 155 - Barão Geraldo"
107181,André Almeida Ribeiro,157,"Rua Maria Monteiro, 468 - Cambuí"
107182,Victor Oliveira Melo,191,"Avenida Heitor Penteado, 1251 - Taquaral"
107183,Thiago Alves Paschoalino,175,"Rua Coronel Quirino, 1610 - Cambuí"
107184,Clara Nascimento Santana,197,"Avenida Albino José Barbosa de Oliveira, 1597 - Barão Geraldo"
107185,Pedro Silva Ribeiro,200,"Avenida Albino José Barbosa de Oliveira, 88 - Barão Geraldo"
107186,Thiago Queiroz Santana,175,"Avenida Albino José Barbosa de Oliveira, 3462 - Barão Geraldo"
107187,Beatriz Campos Santana,172,"Avenida Heitor Penteado, 1785 - Taquaral"
107188,André Melo Gomes,192,"Avenida Heitor Penteado, 2136 - Taquaral"
107189,Pedro Vieira Santana,162,"Avenida Heitor Penteado, 210 - Taquaral"
107190,Yasmin Melo Amorim,177,"Rua Maria Monteiro, 611 - Cambuí"
107191,Clara Campos Cruz,158,"Rua Maria Monteiro, 609 - Cambuí"
107192,Eduardo Martins Medeiros,169,"Avenida Albino José Barbosa de Oliveira, 1053 - Barão Geraldo"
107193,Rafael Almeida Almeida,168,"Avenida Heitor Penteado, 2562 - Taquaral"
107194,Daniel Santana Oliveira,197,"Avenida Heitor Penteado, 2174 - Taquaral"
107195,Daniel Ferreira Gomes,188,"Rua Coronel Quirino, 1598 - Cambuí"
107196,Miguel Almeida Medeiros,200,"Avenida Albino José Barbosa de Oliveira, 1447 - Barão Geraldo"
107197,Daniel Campos Vieira,161,"Rua Coronel Quirino, 932 - Cambuí"
107198,Daniel Cruz Martins,164,"Rua Coronel Quirino, 1933 - Cambuí"
107199,Livia Cruz Almeida,180,"Avenida Albino José Barbosa de Oliveira, 1165 - Barão Geraldo"
107200,Erik Medeiros Cruz,204,"Avenida Heitor Penteado, 561 - Taquaral"
107201,Vinícius Medeiros Ferreira,163,"Avenida Heitor Penteado, 1738 - Taquaral"
107202,Eduardo Fernandes Queiroz,160,"Rua Maria Monteiro, 404 - Cambuí"
107203,Miguel Bellini Santana,175,"Avenida Albino José Barbosa de Oliveira, 2863 - Barão Geraldo"
107204,Vinícius Santana Medeiros,191,"Avenida Heitor Penteado, 334 - Taquaral"
107205,Guilherme Melo Santana,176,"Rua Maria Monteiro, 359 - Cambuí"
107206,Maria Martins Fernandes,160,"Avenida Albino José Barbosa de Oliveira, 3256 - Barão Geraldo"
107207,Felipe Matos Paschoalino,187,"Avenida Heitor Penteado, 734 - Taquaral"
107208,Yasmin Oliveira Ferreira,183,"Avenida Albino José Barbosa de Oliveira, 255 - Barão Geraldo"
107209,Rafael Nascimento Queiroz,192,"Avenida Albino José Barbosa de Oliveira, 1517 - Barão Geraldo"
107210,Daniel Almeida Nascimento,168,"Avenida Albino José Barbosa de Oliveira, 2474 - Barão Geraldo"
107211,Erik Cruz Vieira,155,"Rua Coronel Quirino, 592 - Cambuí"
107212,Guilherme Paschoalino Matos,195,"Rua Coronel Quirino, 144 - Cambuí"
107213,Yasmin Martins Ribeiro,201,"Avenida Heitor Penteado, 2046 - Taquaral"
107214,Samuel Almeida Fernandes,187,"Avenida Heitor Penteado, 2598 - Taquaral"
107215,André Melo Fernandes,198,"Avenida Heitor Penteado, 1980 - Taquaral"
107216,Eduardo Almeida Campos,191,"Avenida Heitor Penteado, 782 - Taquaral"
107217,Guilherme Martins Almeida,177,"Rua Maria Monteiro, 1424 - Cambuí"
107218,André Melo Santana,150,"Rua Maria Monteiro, 1444 - Cambuí"
107219,Larissa Alves Alves,184,"Rua Maria Monteiro, 1205 - Cambuí"
107220,Thiago Martins Vieira,189,"Avenida Heitor Penteado, 1942 - Taquaral"
107221,Thiago Ribeiro Paschoalino,157,"Rua Maria Monteiro, 751 - Cambuí"
107222,Felipe Melo Campos,201,"Avenida Heitor Penteado, 418 - Taquaral"
107223,João Almeida Melo,203,"Avenida Heitor Penteado, 1208 - Taquaral"
107224,Pedro Paschoalino Cruz,196,"Avenida Heitor Penteado, 2441 - Taquaral"
107225,Gabriel Ferreira Cruz,156,"Avenida Heitor Penteado, 1506 - Taquaral"
107226,Eduardo Silva Santana,160,"Avenida Albino José Barbosa de Oliveira, 1039 - Barão Geraldo"
107227,Maria Alves Matos,188,"Avenida Albino José Barbosa de Oliveira, 354 - Barão Geraldo"
107228,Henrique Matos Alves,153,"Avenida Albino José Barbosa de Oliveira, 768 - Barão Geraldo"
107229,Livia Nascimento Almeida,174,"Avenida Albino José Barbosa de Oliveira, 370 - Barão Geraldo"
107230,Felipe Paschoalino Silva,161,"Rua Coronel Quirino, 1395 - Cambuí"
107231,Clara Almeida Paschoalino,175,"Rua Coronel Quirino, 1627 - Cambuí"
107232,Eduardo Amorim Medeiros,187,"Avenida Albino José Barbosa de Oliveira, 3153 - Barão Geraldo"
107233,Maria Cruz Alves,195,"Avenida Heitor Penteado, 2378 - Taquaral"
107234,Vinícius Oliveira Amorim,161,"Avenida Heitor Penteado, 2363 - Taquaral"
107235,Gabriel Matos Amorim,192,"Rua Coronel Quirino, 1974 - Cambuí"
107236,Giovanna Medeiros Oliveira,200,"Avenida Heitor Penteado, 91 - Taquaral"
107237,Vinícius Campos Medeiros,202,"Rua Coronel Quirino, 887 - Cambuí"
107238,Miguel Vieira Gomes,186,"Avenida Heitor Penteado, 1669 - Taquaral"
107239,Maria Melo Paschoalino,195,"Rua Maria Monteiro, 1329 - Cambuí"
107240,Maria Bellini Almeida,202,"Avenida Albino José Barbosa de Oliveira, 2305 - Barão Geraldo"
107241,Eduardo Nascimento Queiroz,173,"Avenida Albino José Barbosa de Oliveira, 2304 - Barão Geraldo"
107242,Rafael Cruz Fernandes,165,"Rua Coronel Quirino, 1639 - Cambuí"
107243,Henrique Silva Oliveira,162,"Rua Coronel Quirino, 913 - Cambuí"
107244,Yasmin Ribeiro Ribeiro,174,"Avenida Albino José Barbosa de Oliveira, 1722 - Barão Geraldo"
107245,André Bellini Nascimento,203,"Avenida Heitor Penteado, 852 - Taquaral"
107246,Beatriz Bellini Medeiros,203,"Avenida Heitor Penteado, 1327 - Taquaral"
107247,Daniel Paschoalino Campos,201,"Rua Coronel Quirino, 1854 - Cambuí"
107248,João Martins Amorim,203,"Rua Coronel Quirino, 328 - Cambuí"
107249,Victor Ribeiro Ferreira,153,"Avenida Albino José Barbosa de Oliveira, 2213 - Barão Geraldo"
107250,João Gomes Nascimento,160,"Avenida Heitor Penteado, 1744 - Taquaral"
107251,Vinícius Vieira Alves,181,"Rua Coronel Quirino, 727 - Cambuí"
107252,Miguel Melo Alves,198,"Avenida Heitor Penteado, 1884 - Taquaral"
107253,João Nascimento Gomes,156,"Avenida Heitor Penteado, 2853 - Taquaral"
107254,Erik Bellini Silva,195,"Avenida Heitor Penteado, 2844 - Taquaral"
107255,Pedro Cruz Almeida,160,"Avenida Albino José Barbosa de Oliveira, 2419 - Barão Geraldo"
107256,Giovanna Ferreira Gomes,177,"Rua Maria Monteiro, 757 - Cambuí"
107257,André Cruz Medeiros,203,"Rua Coronel Quirino, 1817 - Cambuí"
107258,Sofia Medeiros Cruz,190,"Avenida Heitor Penteado, 1412 - Taquaral"
107259,Samuel Cruz Medeiros,172,"Avenida Albino José Barbosa de Oliveira, 473 - Barão Geraldo"
107260,Felipe Paschoalino Gomes,194,"Avenida Heitor Penteado, 2383 - Taquaral"
107261,Sofia Bellini Cruz,172,"Avenida Heitor Penteado, 2184 - Taquaral"
107262,Miguel Martins Silva,199,"Avenida Heitor Penteado, 1842 - Taquaral"
107263,Clara Amorim Oliveira,177,"Avenida Heitor Penteado, 117 - Taquaral"
107264,Maria Queiroz Medeiros,192,"Avenida Albino José Barbosa de Oliveira, 3474 - Barão Geraldo"
107265,Sofia Paschoalino Queiroz,196,"Avenida Albino José Barbosa de Oliveira, 3015 - Barão Geraldo"
107266,Daniel Alves Ferreira,175,"Rua Coronel Quirino, 1093 - Cambuí"
107267,Daniel Almeida Melo,174,"Rua Coronel Quirino, 1852 - Cambuí"
107268,André Cruz Fernandes,203,"Avenida Heitor Penteado, 1965 - Taquaral"
107269,Larissa Medeiros Ferreira,178,"Avenida Heitor Penteado, 1122 - Taquaral"
107270,Clara Santana Queiroz,168,"Rua Coronel Quirino, 1748 - Cambuí"
107271,Beatriz Gomes Ferreira,182,"Avenida Heitor Penteado, 236 - Taquaral"
107272,Daniel Bellini Medeiros,185,"Rua Coronel Quirino, 1635 - Cambuí"
107273,Miguel Bellini Fernandes,163,"Rua Maria Monteiro, 747 - Cambuí"
107274,Clara Medeiros Nascimento,163,"Avenida Heitor Penteado, 1058 - Taquaral"
107275,João Queiroz Silva,184,"Avenida Albino José Barbosa de Oliveira, 156 - Barão Geraldo"
107276,Pedro Nascimento Santana,179,"Avenida Albino José Barbosa de Oliveira, 1887 - Barão Geraldo"
107277,Livia Oliveira Cruz,177,"Avenida Heitor Penteado, 1526 - Taquaral"
107278,Larissa Santana Paschoalino,166,"Avenida Heitor Penteado, 2019 - Taquaral"
107279,André Melo Gomes,152,"Avenida Heitor Penteado, 2261 - Taquaral"
107280,Erik Alves Matos,165,"Avenida Heitor Penteado, 1388 - Taquaral"
107281,Samuel Alves Ferreira,195,"Avenida Albino José Barbosa de Oliveira, 2916 - Barão Geraldo"
107282,Maria Gomes Campos,179,"Avenida Albino José Barbosa de Oliveira, 1608 - Barão Geraldo"
107283,Giovanna Amorim Paschoalino,201,"Avenida Albino José Barbosa de Oliveira, 872 - Barão Geraldo"
107284,Felipe Cruz Matos,178,"Rua Coronel Quirino, 1512 - Cambuí"
107285,André Fernandes Santana,194,"Avenida Heitor Penteado, 23 - Taquaral"
107286,Yasmin Santana Campos,164,"Avenida Albino José Barbosa de Oliveira, 118 - Barão Geraldo"
107287,Livia Oliveira Ferreira,195,"Avenida Albino José Barbosa de Oliveira, 893 - Barão Geraldo"
107288,Giovanna Gomes Martins,174,"Rua Coronel Quirino, 428 - Cambuí"
107289,Maria Almeida Vieira,200,"Avenida Heitor Penteado, 545 - Taquaral"
107290,João Melo Vieira,187,"Avenida Albino José Barbosa de Oliveira, 1954 - Barão Geraldo"
107291,Samuel Bellini Almeida,191,"Avenida Heitor Penteado, 2763 - Taquaral"
107292,Larissa Amorim Paschoalino,196,"Avenida Albino José Barbosa de Oliveira, 256 - Barão Geraldo"
107293,Beatriz Medeiros Silva,202,"Avenida Albino José Barbosa de Oliveira, 3456 - Barão Geraldo"
107294,Livia Gomes Gomes,203,"Rua Coronel Quirino, 1773 - Cambuí"
107295,Daniel Nascimento Fernandes,201,"Avenida Heitor Penteado, 971 - Taquaral"
107296,Rafael Melo Paschoalino,187,"Avenida Heitor Penteado, 2509 - Taquaral"
107297,Clara Cruz Medeiros,172,"Avenida Albino José Barbosa de Oliveira, 3237 - Barão Geraldo"
107298,Miguel Melo Amorim,174,"Avenida Albino José Barbosa de Oliveira, 3196 - Barão Geraldo"
107299,Yasmin Ferreira Cruz,191,"Avenida Heitor Penteado, 2800 - Taquaral"
107300,Giovanna Medeiros Paschoalino,156,"Avenida Heitor Penteado, 2225 - Taquaral"
107301,Thiago Ribeiro Silva,171,"Rua Coronel Quirino, 502 - Cambuí"
107302,Victor Bellini Matos,166,"Avenida Albino José Barbosa de Oliveira, 199 - Barão Geraldo"
107303,Sofia Vieira Melo,167,"Rua Coronel Quirino, 1335 - Cambuí"
107304,Larissa Ribeiro Silva,198,"Avenida Heitor Penteado, 1780 - Taquaral"
107305,Victor Paschoalino Fernandes,190,"Avenida Heitor Penteado, 1968 - Taquaral"
107306,Gabriel Vieira Fernandes,159,"Avenida Heitor Penteado, 2798 - Taquaral"
107307,Erik Medeiros Silva,159,"Avenida Albino José Barbosa de Oliveira, 581 - Barão Geraldo"
107308,Vinícius Campos Queiroz,156,"Avenida Heitor Penteado, 444 - Taquaral"
107309,Beatriz Melo Nascimento,197,"Avenida Heitor Penteado, 2321 - Taquaral"
107310,Rafael Campos Amorim,199,"Rua Maria Monteiro, 807 - Cambuí"
107311,Livia Campos Queiroz,187,"Rua Coronel Quirino, 1291 - Cambuí"
107312,Pedro Ribeiro Bellini,176,"Avenida Heitor Penteado, 2822 - Taquaral"
107313,Rafael Vieira Santana,201,"Avenida Heitor Penteado, 1415 - Taquaral"
107314,Miguel Melo Ferreira,182,"Avenida Albino José Barbosa de Oliveira, 1420 - Barão Geraldo"
107315,Yasmin Cruz Gomes,150,"Rua Maria Monteiro, 805 - Cambuí"
107316,Livia Campos Matos,193,"Avenida Albino José Barbosa de Oliveira, 1438 - Barão Geraldo"
107317,Thiago Nascimento Cruz,202,"Avenida Heitor Penteado, 2181 - Taquaral"
107318,Maria Martins Cruz,183,"Rua Coronel Quirino, 1379 - Cambuí"
107319,Eduardo Santana Amorim,153,"Avenida Albino José Barbosa de Oliveira, 862 - Barão Geraldo"
107320,Guilherme Medeiros Amorim,166,"Rua Coronel Quirino, 1471 - Cambuí"
107321,Pedro Melo Silva,153,"Rua Maria Monteiro, 1082 - Cambuí"
107322,Gabriel Bellini Oliveira,192,"Rua Maria Monteiro, 451 - Cambuí"
107323,Henrique Gomes Oliveira,203,"Avenida Albino José Barbosa de Oliveira, 3388 - Barão Geraldo"
107324,Felipe Queiroz Melo,175,"Avenida Albino José Barbosa de Oliveira, 589 - Barão Geraldo"
107325,Vinícius Nascimento Melo,153,"Rua Coronel Quirino, 713 - Cambuí"
107326,Victor Cruz Campos,150,"Rua Maria Monteiro, 895 - Cambuí"
107327,Miguel Paschoalino Vieira,156,"Avenida Albino José Barbosa de Oliveira, 3114 - Barão Geraldo"
107328,Larissa Silva Oliveira,179,"Avenida Heitor Penteado, 410 - Taquaral"
107329,Maria Almeida Paschoalino,199,"Avenida Albino José Barbosa de Oliveira, 379 - Barão Geraldo"
107330,Felipe Ferreira Medeiros,158,"Avenida Albino José Barbosa de Oliveira, 2765 - Barão Geraldo"
107331,Samuel Ferreira Matos,184,"Avenida Albino José Barbosa de Oliveira, 2511 - Barão Geraldo"
107332,Erik Cruz Vieira,157,"Avenida Albino José Barbosa de Oliveira, 493 - Barão Geraldo"
107333,Maria Medeiros Oliveira,173,"Avenida Albino José Barbosa de Oliveira, 2354 - Barão Geraldo"
107334,Yasmin Paschoalino Ribeiro,168,"Avenida Heitor Penteado, 1086 - Taquaral"
107335,Yasmin Ribeiro Silva,185,"Rua Maria Monteiro, 149 - Cambuí"
107336,Daniel Matos Vieira,199,"Rua Maria Monteiro, 1143 - Cambuí"
107337,Gabriel Alves Campos,201,"Avenida Heitor Penteado, 1087 - Taquaral"
107338,Victor Queiroz Campos,192,"Avenida Heitor Penteado, 2427 - Taquaral"
107339,Samuel Melo Ferreira,176,"Avenida Heitor Penteado, 346 - Taquaral"
107340,Eduardo Cruz Vieira,181,"Avenida Albino José Barbosa de Oliveira, 122 - Barão Geraldo"
107341,Miguel Paschoalino Matos,163,"Rua Maria Monteiro, 1162 - Cambuí"
107342,Samuel Ribeiro Melo,167,"Avenida Albino José Barbosa de Oliveira, 1515 - Barão Geraldo"
107343,Guilherme Queiroz Paschoalino,177,"Avenida Albino José Barbosa de Oliveira, 1780 - Barão Geraldo"
107344,Clara Matos Martins,178,"Avenida Albino José Barbosa de Oliveira, 2657 - Barão Geraldo"
107345,Giovanna Nascimento Matos,165,"Avenida Albino José Barbosa de Oliveira, 641 - Barão Geraldo"
107346,Eduardo Oliveira Cruz,184,"Rua Coronel Quirino, 1793 - Cambuí"
107347,Miguel Alves Queiroz,196,"Rua Maria Monteiro, 1486 - Cambuí"
107348,Samuel Bellini Melo,180,"Avenida Heitor Penteado, 2778 - Taquaral"
107349,Miguel Queiroz Alves,153,"Avenida Albino José Barbosa de Oliveira, 661 - Barão Geraldo"
107350,Miguel Paschoalino Matos,186,"Avenida Albino José Barbosa de Oliveira, 1586 - Barão Geraldo"
107351,Erik Medeiros Paschoalino,166,"Rua Coronel Quirino, 1573 - Cambuí"
107352,Giovanna Matos Medeiros,188,"Avenida Heitor Penteado, 1265 - Taquaral"
107353,Maria Amorim Fernandes,197,"Avenida Albino José Barbosa de Oliveira, 229 - Barão Geraldo"
107354,Pedro Vieira Oliveira,195,"Avenida Albino José Barbosa de Oliveira, 49 - Barão Geraldo"
107355,Felipe Martins Melo,175,"Avenida Albino José Barbosa de Oliveira, 1847 - Barão Geraldo"
107356,Clara Nascimento Campos,197,"Avenida Heitor Penteado, 2810 - Taquaral"
107357,Livia Vieira Ribeiro,188,"Rua Coronel Quirino, 1278 - Cambuí"
107358,Yasmin Vieira Oliveira,190,"Rua Maria Monteiro, 831 - Cambuí"
107359,Samuel Amorim Melo,153,"Rua Coronel Quirino, 195 - Cambuí"
107360,Giovanna Oliveira Campos,179,"Avenida Heitor Penteado, 820 - Taquaral"
107361,Yasmin Gomes Matos,179,"Rua Coronel Quirino, 1008 - Cambuí"
107362,Samuel Almeida Ferreira,171,"Avenida Albino José Barbosa de Oliveira, 1148 - Barão Geraldo"
107363,Thiago Martins Melo,160,"Avenida Albino José Barbosa de Oliveira, 2777 - Barão Geraldo"
107364,Yasmin Amorim Ribeiro,151,"Avenida Albino José Barbosa de Oliveira, 2840 - Barão Geraldo"
107365,Beatriz Silva Medeiros,193,"Avenida Heitor Penteado, 1626 - Taquaral"
107366,Victor Alves Bellini,161,"Avenida Albino José Barbosa de Oliveira, 3132 - Barão Geraldo"
107367,Larissa Cruz Silva,179,"Avenida Albino José Barbosa de Oliveira, 2423 - Barão Geraldo"
107368,Clara Melo Gomes,185,"Rua Coronel Quirino, 1862 - Cambuí"
107369,Daniel Alves Gomes,167,"Avenida Albino José Barbosa de Oliveira, 3292 - Barão Geraldo"
107370,Beatriz Amorim Matos,175,"Rua Coronel Quirino, 1006 - Cambuí"
107371,Rafael Bellini Oliveira,202,"Rua Coronel Quirino, 1083 - Cambuí"
107372,Pedro Nascimento Matos,156,"Avenida Heitor Penteado, 2215 - Taquaral"
107373,Sofia Bellini Fernandes,150,"Avenida Heitor Penteado, 223 - Taquaral"
107374,Thiago Martins Alves,175,"Avenida Heitor Penteado, 1824 - Taquaral"
107375,Daniel Ferreira Melo,172,"Avenida Heitor Penteado, 2454 - Taquaral"
107376,Yasmin Ribeiro Martins,175,"Avenida Heitor Penteado, 1294 - Taquaral"
107377,Erik Nascimento Ribeiro,194,"Rua Coronel Quirino, 305 - Cambuí"
107378,Beatriz Campos Gomes,155,"Avenida Albino José Barbosa de Oliveira, 2000 - Barão Geraldo"
107379,Larissa Ribeiro Nascimento,155,"Rua Maria Monteiro, 1373 - Cambuí"
107380,Vinícius Martins Martins,193,"Avenida Albino José Barbosa de Oliveira, 586 - Barão Geraldo"
107381,Sofia Bellini Silva,157,"Rua Coronel Quirino, 141 - Cambuí"
107382,Vinícius Gomes Paschoalino,173,"Avenida Heitor Penteado, 2895 - Taquaral"
107383,Giovanna Ferreira Queiroz,171,"Rua Coronel Quirino, 1750 - Cambuí"
107384,Guilherme Almeida Vieira,168,"Rua Maria Monteiro, 285 - Cambuí"
107385,Miguel Paschoalino Almeida,186,"Avenida Albino José Barbosa de Oliveira, 1031 - Barão Geraldo"
107386,Sofia Fernandes Cruz,167,"Avenida Albino José Barbosa de Oliveira, 1879 - Barão Geraldo"
107387,Livia Almeida Oliveira,180,"Rua Maria Monteiro, 874 - Cambuí"
107388,João Melo Bellini,186,"Avenida Heitor Penteado, 2177 - Taquaral"
107389,Rafael Gomes Silva,179,"Rua Coronel Quirino, 1370 - Cambuí"
107390,Sofia Matos Almeida,191,"Avenida Heitor Penteado, 1474 - Taquaral"
107391,André Queiroz Melo,182,"Avenida Heitor Penteado, 333 - Taquaral"
107392,Gabriel Silva Matos,159,"Avenida Albino José Barbosa de Oliveira, 1525 - Barão Geraldo"
107393,Livia Matos Queiroz,186,"Rua Maria Monteiro, 1365 - Cambuí"
107394,Gabriel Campos Medeiros,161,"Rua Maria Monteiro, 243 - Cambuí"
107395,Maria Almeida Silva,203,"Avenida Albino José Barbosa de Oliveira, 2103 - Barão Geraldo"
107396,Livia Amorim Almeida,179,"Avenida Heitor Penteado, 1630 - Taquaral"
107397,Samuel Ferreira Campos,176,"Avenida Heitor Penteado, 385 - Taquaral"
107398,Victor Vieira Gomes,188,"Rua Coronel Quirino, 217 - Cambuí"
107399,André Campos Vieira,158,"Avenida Albino José Barbosa de Oliveira, 2975 - Barão Geraldo"
107400,Clara Nascimento Vieira,203,"Avenida Albino José Barbosa de Oliveira, 2730 - Barão Geraldo"
107401,Felipe Cruz Melo,170,"Avenida Albino José Barbosa de Oliveira, 1137 - Barão Geraldo"
107402,Thiago Bellini Alves,161,"Avenida Albino José Barbosa de Oliveira, 387 - Barão Geraldo"
107403,Yasmin Campos Ribeiro,204,"Avenida Heitor Penteado, 1709 - Taquaral"
107404,Erik Santana Gomes,178,"Rua Coronel Quirino, 577 - Cambuí"
107405,Daniel Bellini Santana,182,"Rua Maria Monteiro, 222 - Cambuí"
107406,Pedro Gomes Paschoalino,192,"Avenida Albino José Barbosa de Oliveira, 882 - Barão Geraldo"
107407,Henrique Oliveira Bellini,202,"Avenida Heitor Penteado, 976 - Taquaral"
107408,Beatriz Silva Fernandes,164,"Avenida Albino José Barbosa de Oliveira, 3333 - Barão Geraldo"
107409,Sofia Queiroz Cruz,151,"Avenida Albino José Barbosa de Oliveira, 351 - Barão Geraldo"
107410,Livia Fernandes Paschoalino,201,"Rua Maria Monteiro, 1362 - Cambuí"
107411,Erik Alves Silva,188,"Avenida Heitor Penteado, 1704 - Taquaral"
107412,Guilherme Amorim Almeida,202,"Rua Maria Monteiro, 1139 - Cambuí"
107413,Giovanna Cruz Campos,193,"Avenida Albino José Barbosa de Oliveira, 662 - Barão Geraldo"
107414,Daniel Gomes Fernandes,203,"Avenida Albino José Barbosa de Oliveira, 73 - Barão Geraldo"
107415,Rafael Medeiros Santana,167,"Rua Coronel Quirino, 258 - Cambuí"
107416,Larissa Nascimento Silva,152,"Rua Coronel Quirino, 785 - Cambuí"
107417,André Melo Gomes,156,"Avenida Heitor Penteado, 1660 - Taquaral"
107418,Livia Vieira Amorim,192,"Rua Maria Monteiro, 1341 - Cambuí"
107419,Thiago Amorim Vieira,167,"Avenida Heitor Penteado, 1119 - Taquaral"
107420,Samuel Almeida Silva,193,"Rua Coronel Quirino, 1211 - Cambuí"
107421,Vinícius Matos Melo,187,"Avenida Albino José Barbosa de Oliveira, 3428 - Barão Geraldo"
107422,Sofia Ribeiro Medeiros,186,"Avenida Heitor Penteado, 351 - Taquaral"
107423,Sofia Matos Paschoalino,182,"Rua Maria Monteiro, 76 - Cambuí"
107424,Livia Ferreira Matos,193,"Avenida Heitor Penteado, 225 - Taquaral"
107425,Eduardo Cruz Silva,180,"Rua Coronel Quirino, 1628 - Cambuí"
107426,Clara Ferreira Silva,160,"Rua Maria Monteiro, 1459 - Cambuí"
107427,Maria Queiroz Cruz,153,"Rua Coronel Quirino, 1351 - Cambuí"
107428,Gabriel Fernandes Campos,167,"Avenida Albino José Barbosa de Oliveira, 248 - Barão Geraldo"
107429,Erik Martins Ribeiro,153,"Rua Coronel Quirino, 931 - Cambuí"
107430,Livia Silva Matos,198,"Avenida Albino José Barbosa de Oliveira, 3282 - Barão Geraldo"
107431,Maria Campos Matos,183,"Avenida Albino José Barbosa de Oliveira, 3273 - Barão Geraldo"
107432,Vinícius Bellini Melo,178,"Avenida Heitor Penteado, 2496 - Taquaral"
107433,Livia Campos Matos,173,"Avenida Heitor Penteado, 213 - Taquaral"
107434,Miguel Nascimento Queiroz,171,"Avenida Heitor Penteado, 2067 - Taquaral"
107435,Livia Melo Nascimento,151,"Avenida Heitor Penteado, 623 - Taquaral"
107436,Larissa Vieira Fernandes,193,"Avenida Heitor Penteado, 1443 - Taquaral"
107437,Henrique Melo Silva,155,"Rua Coronel Quirino, 446 - Cambuí"
107438,Henrique Medeiros Cruz,191,"Rua Coronel Quirino, 920 - Cambuí"
107439,Daniel Campos Almeida,174,"Avenida Heitor Penteado, 1594 - Taquaral"
107440,Thiago Campos Oliveira,204,"Avenida Albino José Barbosa de Oliveira, 2725 - Barão Geraldo"
107441,Beatriz Amorim Alves,170,"Avenida Albino José Barbosa de Oliveira, 3110 - Barão Geraldo"
107442,Gabriel Martins Medeiros,204,"Rua Coronel Quirino, 791 - Cambuí"
107443,João Cruz Vieira,165,"Avenida Heitor Penteado, 2132 - Taquaral"
107444,Pedro Vieira Gomes,180,"Rua Coronel Quirino, 1691 - Cambuí"
107445,Yasmin Medeiros Bellini,163,"Avenida Heitor Penteado, 484 - Taquaral"
107446,Vinícius Matos Matos,188,"Avenida Heitor Penteado, 1577 - Taquaral"
107447,Livia Santana Gomes,177,"Rua Coronel Quirino, 1239 - Cambuí"
107448,Henrique Bellini Gomes,181,"Rua Maria Monteiro, 1172 - Cambuí"
107449,Larissa Ribeiro Almeida,177,"Avenida Heitor Penteado, 1460 - Taquaral"
107450,Daniel Queiroz Melo,200,"Avenida Heitor Penteado, 2290 - Taquaral"
107451,Giovanna Fernandes Alves,204,"Rua Coronel Quirino, 1107 - Cambuí"
107452,Vinícius Medeiros Martins,198,"Avenida Albino José Barbosa de Oliveira, 3492 - Barão Geraldo"
107453,Pedro Paschoalino Medeiros,158,"Avenida Heitor Penteado, 1085 - Taquaral"
107454,André Campos Ribeiro,194,"Avenida Heitor Penteado, 384 - Taquaral"
107455,Rafael Melo Nascimento,171,"Avenida Heitor Penteado, 572 - Taquaral"
107456,Eduardo Nascimento Queiroz,181,"Avenida Albino José Barbosa de Oliveira, 3146 - Barão Geraldo"
107457,Victor Silva Oliveira,154,"Rua Coronel Quirino, 1111 - Cambuí"
107458,Beatriz Nascimento Martins,172,"Avenida Albino José Barbosa de Oliveira, 2181 - Barão Geraldo"
107459,Livia Silva Matos,154,"Avenida Albino José Barbosa de Oliveira, 2877 - Barão Geraldo"
107460,Vinícius Gomes Gomes,191,"Avenida Heitor Penteado, 275 - Taquaral"
107461,Pedro Gomes Medeiros,202,"Avenida Heitor Penteado, 941 - Taquaral"
107462,Henrique Gomes Silva,181,"Avenida Heitor Penteado, 734 - Taquaral"
107463,Erik Paschoalino Nascimento,159,"Avenida Heitor Penteado, 2538 - Taquaral"
107464,Henrique Gomes Alves,188,"Avenida Heitor Penteado, 1211 - Taquaral"
107465,Pedro Ferreira Fernandes,164,"Rua Coronel Quirino, 228 - Cambuí"
107466,Sofia Paschoalino Melo,156,"Avenida Heitor Penteado, 1217 - Taquaral"
107467,Miguel Nascimento Fernandes,178,"Rua Maria Monteiro, 921 - Cambuí"
107468,Gabriel Santana Queiroz,196,"Avenida Heitor Penteado, 1808 - Taquaral"
107469,Vinícius Paschoalino Gomes,152,"Avenida Albino José Barbosa de Oliveira, 190 - Barão Geraldo"
107470,Eduardo Bellini Alves,168,"Avenida Heitor Penteado, 1094 - Taquaral"
107471,Giovanna Martins Martins,159,"Rua Coronel Quirino, 837 - Cambuí"
107472,Eduardo Ribeiro Oliveira,177,"Avenida Albino José Barbosa de Oliveira, 641 - Barão Geraldo"
107473,Maria Fernandes Nascimento,178,"Avenida Albino José Barbosa de Oliveira, 2451 - Barão Geraldo"
107474,Beatriz Cruz Martins,164,"Avenida Albino José Barbosa de Oliveira, 1613 - Barão Geraldo"
107475,Rafael Fernandes Campos,184,"Avenida Heitor Penteado, 2808 - Taquaral"
107476,Vinícius Alves Bellini,155,"Rua Coronel Quirino, 615 - Cambuí"
107477,Beatriz Paschoalino Gomes,161,"Rua Coronel Quirino, 1704 - Cambuí"
107478,Erik Oliveira Cruz,196,"Rua Coronel Quirino, 177 - Cambuí"
107479,Erik Almeida Nascimento,187,"Rua Coronel Quirino, 985 - Cambuí"
107480,Erik Ferreira Gomes,162,"Rua Maria Monteiro, 1418 - Cambuí"
107481,Pedro Amorim Nascimento,178,"Avenida Heitor Penteado, 464 - Taquaral"
107482,Livia Almeida Fernandes,168,"Avenida Albino José Barbosa de Oliveira, 32 - Barão Geraldo"
107483,Vinícius Vieira Martins,152,"Avenida Heitor Penteado, 2277 - Taquaral"
107484,André Cruz Vieira,157,"Avenida Heitor Penteado, 2086 - Taquaral"
107485,Erik Silva Cruz,157,"Avenida Heitor Penteado, 1495 - Taquaral"
107486,Clara Alves Queiroz,204,"Avenida Heitor Penteado, 430 - Taquaral"
107487,Giovanna Matos Queiroz,169,"Avenida Albino José Barbosa de Oliveira, 1989 - Barão Geraldo"
107488,Rafael Martins Medeiros,196,"Avenida Heitor Penteado, 1785 - Taquaral"
107489,André Matos Paschoalino,153,"Avenida Heitor Penteado, 547 - Taquaral"
107490,Daniel Amorim Melo,200,"Avenida Albino José Barbosa de Oliveira, 2484 - Barão Geraldo"
107491,Samuel Martins Amorim,170,"Avenida Albino José Barbosa de Oliveira, 3280 - Barão Geraldo"
107492,Larissa Amorim Matos,152,"Rua Maria Monteiro, 623 - Cambuí"
107493,Eduardo Santana Vieira,194,"Avenida Albino José Barbosa de Oliveira, 1070 - Barão Geraldo"
107494,Erik Melo Campos,157,"Rua Maria Monteiro, 1310 - Cambuí"
107495,João Ferreira Paschoalino,172,"Avenida Albino José Barbosa de Oliveira, 463 - Barão Geraldo"
107496,Giovanna Ferreira Almeida,165,"Avenida Heitor Penteado, 1863 - Taquaral"
107497,Larissa Gomes Silva,162,"Rua Coronel Quirino, 1374 - Cambuí"
107498,Erik Ribeiro Gomes,152,"Avenida Heitor Penteado, 813 - Taquaral"
107499,Clara Almeida Cruz,197,"Avenida Heitor Penteado, 1158 - Taquaral"
107500,Erik Medeiros Santana,158,"Avenida Albino José Barbosa de Oliveira, 2155 - Barão Geraldo"
107501,Samuel Silva Bellini,163,"Avenida Albino José Barbosa de Oliveira, 708 - Barão Geraldo"
107502,Thiago Amorim Fernandes,162,"Avenida Albino José Barbosa de Oliveira, 1424 - Barão Geraldo"
107503,Gabriel Gomes Alves,202,"Avenida Albino José Barbosa de Oliveira, 3320 - Barão Geraldo"
107504,Larissa Melo Martins,156,"Avenida Heitor Penteado, 2582 - Taquaral"
107505,Sofia Medeiros Ferreira,164,"Avenida Heitor Penteado, 381 - Taquaral"
107506,Sofia Alves Ribeiro,156,"Rua Maria Monteiro, 710 - Cambuí"
107507,Erik Alves Silva,187,"Avenida Heitor Penteado, 259 - Taquaral"
107508,Samuel Oliveira Nascimento,183,"Avenida Albino José Barbosa de Oliveira, 1709 - Barão Geraldo"
107509,Eduardo Cruz Matos,190,"Rua Maria Monteiro, 1155 - Cambuí"
107510,Larissa Bellini Queiroz,171,"Avenida Albino José Barbosa de Oliveira, 619 - Barão Geraldo"
107511,Henrique Silva Alves,173,"Avenida Heitor Penteado, 2705 - Taquaral"
107512,Giovanna Medeiros Medeiros,198,"Rua Maria Monteiro, 836 - Cambuí"
107513,Yasmin Gomes Silva,186,"Avenida Albino José Barbosa de Oliveira, 2949 - Barão Geraldo"
107514,Guilherme Ribeiro Alves,193,"Rua Coronel Quirino, 1571 - Cambuí"
107515,Guilherme Ribeiro Ferreira,150,"Rua Coronel Quirino, 227 - Cambuí"
107516,Henrique Almeida Santana,159,"Rua Coronel Quirino, 1998 - Cambuí"
107517,Clara Cruz Almeida,192,"Avenida Heitor Penteado, 2560 - Taquaral"
107518,Felipe Almeida Ferreira,165,"Rua Coronel Quirino, 352 - Cambuí"
107519,Guilherme Matos Campos,195,"Avenida Heitor Penteado, 1561 - Taquaral"
107520,Thiago Amorim Campos,157,"Rua Coronel Quirino, 1544 - Cambuí"
107521,Thiago Vieira Ferreira,198,"Avenida Heitor Penteado, 2355 - Taquaral"
107522,Miguel Martins Santana,174,"Avenida Heitor Penteado, 2228 - Taquaral"
107523,Gabriel Nascimento Ribeiro,199,"Avenida Heitor Penteado, 1590 - Taquaral"
107524,Rafael Oliveira Amorim,161,"Rua Maria Monteiro, 746 - Cambuí"
107525,Erik Paschoalino Santana,174,"Rua Coronel Quirino, 1151 - Cambuí"
107526,Sofia Matos Martins,166,"Avenida Heitor Penteado, 601 - Taquaral"
107527,Yasmin Oliveira Vieira,175,"Rua Maria Monteiro, 374 - Cambuí"
107528,Pedro Alves Paschoalino,195,"Avenida Heitor Penteado, 1482 - Taquaral"
107529,Rafael Matos Medeiros,197,"Rua Maria Monteiro, 803 - Cambuí"
107530,Clara Campos Martins,163,"Avenida Albino José Barbosa de Oliveira, 85 - Barão Geraldo"
107531,Gabriel Medeiros Silva,190,"Avenida Albino José Barbosa de Oliveira, 2300 - Barão Geraldo"
107532,Henrique Ribeiro Santana,185,"Avenida Heitor Penteado, 2670 - Taquaral"
107533,Beatriz Martins Campos,172,"Avenida Albino José Barbosa de Oliveira, 406 - Barão Geraldo"
107534,Gabriel Fernandes Matos,192,"Avenida Albino José Barbosa de Oliveira, 2615 - Barão Geraldo"
107535,Samuel Almeida Silva,155,"Avenida Heitor Penteado, 239 - Taquaral"
107536,Vinícius Bellini Fernandes,196,"Rua Maria Monteiro, 905 - Cambuí"
107537,Gabriel Nascimento Paschoalino,154,"Avenida Heitor Penteado, 2221 - Taquaral"
107538,Beatriz Ribeiro Cruz,192,"Avenida Heitor Penteado, 996 - Taquaral"
107539,Samuel Vieira Martins,174,"Avenida Albino José Barbosa de Oliveira, 121 - Barão Geraldo"
107540,Miguel Amorim Queiroz,167,"Rua Coronel Quirino, 981 - Cambuí"
107541,Guilherme Queiroz Vieira,162,"Rua Maria Monteiro, 1446 - Cambuí"
107542,Maria Alves Oliveira,192,"Avenida Heitor Penteado, 15 - Taquaral"
107543,Giovanna Silva Silva,163,"Avenida Albino José Barbosa de Oliveira, 166 - Barão Geraldo"
107544,Yasmin Alves Silva,177,"Avenida Heitor Penteado, 2325 - Taquaral"
107545,Giovanna Gomes Medeiros,167,"Avenida Albino José Barbosa de Oliveira, 1936 - Barão Geraldo"
107546,Sofia Santana Matos,177,"Avenida Heitor Penteado, 1175 - Taquaral"
107547,João Vieira Amorim,200,"Avenida Heitor Penteado, 2511 - Taquaral"
107548,Vinícius Campos Santana,176,"Rua Coronel Quirino, 1631 - Cambuí"
107549,Miguel Matos Cruz,181,"Avenida Albino José Barbosa de Oliveira, 246 - Barão Geraldo"
107550,André Ribeiro Ribeiro,196,"Avenida Heitor Penteado, 70 - Taquaral"
107551,Thiago Fernandes Bellini,158,"Rua Coronel Quirino, 1441 - Cambuí"
107552,Rafael Campos Cruz,189,"Avenida Albino José Barbosa de Oliveira, 664 - Barão Geraldo"
107553,Eduardo Matos Ferreira,181,"Avenida Heitor Penteado, 1086 - Taquaral"
107554,Samuel Queiroz Silva,169,"Avenida Heitor Penteado, 780 - Taquaral"
107555,Sofia Martins Campos,177,"Rua Maria Monteiro, 666 - Cambuí"
107556,Victor Melo Gomes,182,"Avenida Albino José Barbosa de Oliveira, 494 - Barão Geraldo"
107557,Victor Queiroz Queiroz,153,"Avenida Albino José Barbosa de Oliveira, 2020 - Barão Geraldo"
107558,Eduardo Campos Medeiros,195,"Avenida Heitor Penteado, 1985 - Taquaral"
107559,Guilherme Fernandes Amorim,183,"Rua Maria Monteiro, 1119 - Cambuí"
107560,Victor Almeida Amorim,197,"Avenida Heitor Penteado, 1995 - Taquaral"
107561,Daniel Silva Ferreira,152,"Avenida Heitor Penteado, 1577 - Taquaral"
107562,Yasmin Almeida Silva,175,"Rua Maria Monteiro, 1036 - Cambuí"
107563,Livia Bellini Medeiros,157,"Avenida Heitor Penteado, 1830 - Taquaral"
107564,Clara Campos Matos,155,"Rua Coronel Quirino, 744 - Cambuí"
107565,Thiago Martins Silva,165,"Rua Maria Monteiro, 36 - Cambuí"
107566,Erik Silva Almeida,173,"Avenida Heitor Penteado, 2206 - Taquaral"
107567,Felipe Matos Ribeiro,197,"Avenida Heitor Penteado, 1319 - Taquaral"
107568,Gabriel Melo Ferreira,188,"Avenida Heitor Penteado, 489 - Taquaral"
107569,Erik Queiroz Bellini,179,"Rua Coronel Quirino, 421 - Cambuí"
107570,Gabriel Melo Cruz,194,"Avenida Heitor Penteado, 340 - Taquaral"
107571,Eduardo Cruz Ribeiro,162,"Rua Coronel Quirino, 1232 - Cambuí"
107572,Yasmin Matos Amorim,154,"Avenida Albino José Barbosa de Oliveira, 2764 - Barão Geraldo"
107573,André Martins Oliveira,174,"Avenida Heitor Penteado, 2957 - Taquaral"
107574,Victor Santana Oliveira,169,"Avenida Heitor Penteado, 863 - Taquaral"
107575,Samuel Queiroz Medeiros,203,"Avenida Albino José Barbosa de Oliveira, 2183 - Barão Geraldo"
107576,Larissa Melo Matos,167,"Avenida Albino José Barbosa de Oliveira, 369 - Barão Geraldo"
107577,Felipe Oliveira Almeida,196,"Avenida Albino José Barbosa de Oliveira, 1479 - Barão Geraldo"
107578,Daniel Medeiros Cruz,167,"Avenida Albino José Barbosa de Oliveira, 3375 - Barão Geraldo"
107579,André Oliveira Bellini,151,"Avenida Heitor Penteado, 530 - Taquaral"
107580,Erik Paschoalino Paschoalino,159,"Rua Maria Monteiro, 1018 - Cambuí"
107581,Clara Queiroz Martins,204,"Avenida Heitor Penteado, 1135 - Taquaral"
107582,Miguel Gomes Martins,194,"Avenida Albino José Barbosa de Oliveira, 287 - Barão Geraldo"
107583,Daniel Medeiros Paschoalino,199,"Avenida Heitor Penteado, 2387 - Taquaral"
107584,Samuel Ribeiro Campos,196,"Avenida Albino José Barbosa de Oliveira, 895 - Barão Geraldo"
107585,Yasmin Matos Amorim,161,"Rua Coronel Quirino, 933 - Cambuí"
107586,Larissa Martins Cruz,196,"Avenida Albino José Barbosa de Oliveira, 3223 - Barão Geraldo"
107587,André Matos Vieira,162,"Avenida Heitor Penteado, 1845 - Taquaral"
107588,Guilherme Santana Alves,199,"Rua Coronel Quirino, 1814 - Cambuí"
107589,Livia Vieira Nascimento,196,"Avenida Albino José Barbosa de Oliveira, 182 - Barão Geraldo"
107590,Beatriz Bellini Matos,204,"Avenida Albino José Barbosa de Oliveira, 2772 - Barão Geraldo"
107591,Guilherme Fernandes Ribeiro,160,"Avenida Heitor Penteado, 844 - Taquaral"
107592,Gabriel Ribeiro Vieira,168,"Avenida Albino José Barbosa de Oliveira, 1547 - Barão Geraldo"
107593,Victor Queiroz Medeiros,184,"Rua Coronel Quirino, 945 - Cambuí"
107594,Pedro Silva Gomes,188,"Rua Coronel Quirino, 1761 - Cambuí"
107595,Sofia Ribeiro Almeida,202,"Rua Coronel Quirino, 265 - Cambuí"
107596,Felipe Fernandes Nascimento,175,"Rua Coronel Quirino, 1798 - Cambuí"
107597,Maria Melo Fernandes,195,"Rua Maria Monteiro, 987 - Cambuí"
107598,Yasmin Cruz Medeiros,163,"Rua Coronel Quirino, 1360 - Cambuí"
107599,André Santana Paschoalino,203,"Rua Maria Monteiro, 1331 - Cambuí"
107600,Miguel Martins Oliveira,194,"Avenida Heitor Penteado, 2334 - Taquaral"
107601,André Alves Silva,193,"Rua Coronel Quirino, 897 - Cambuí"
107602,Henrique Melo Martins,173,"Avenida Albino José Barbosa de Oliveira, 786 - Barão Geraldo"
107603,Miguel Vieira Fernandes,190,"Avenida Heitor Penteado, 860 - Taquaral"
107604,André Medeiros Gomes,150,"Avenida Heitor Penteado, 2787 - Taquaral"
107605,Maria Martins Gomes,200,"Avenida Albino José Barbosa de Oliveira, 354 - Barão Geraldo"
107606,Giovanna Vieira Vieira,192,"Avenida Albino José Barbosa de Oliveira, 3037 - Barão Geraldo"
107607,André Ribeiro Martins,204,"Avenida Heitor Penteado, 1537 - Taquaral"
107608,João Nascimento Vieira,171,"Avenida Heitor Penteado, 1517 - Taquaral"
107609,Larissa Vieira Bellini,172,"Rua Coronel Quirino, 322 - Cambuí"
107610,Guilherme Paschoalino Ferreira,203,"Avenida Heitor Penteado, 2882 - Taquaral"
107611,Sofia Fernandes Cruz,168,"Rua Maria Monteiro, 1103 - Cambuí"
107612,Livia Campos Melo,167,"Avenida Heitor Penteado, 1692 - Taquaral"
107613,Giovanna Campos Amorim,161,"Rua Maria Monteiro, 1389 - Cambuí"
107614,Beatriz Queiroz Campos,204,"Rua Maria Monteiro, 416 - Cambuí"
107615,André Alves Matos,177,"Rua Coronel Quirino, 418 - Cambuí"
107616,Felipe Gomes Gomes,177,"Rua Maria Monteiro, 464 - Cambuí"
107617,Sofia Santana Nascimento,182,"Avenida Albino José Barbosa de Oliveira, 434 - Barão Geraldo"
107618,Sofia Almeida Martins,168,"Avenida Albino José Barbosa de Oliveira, 26 - Barão Geraldo"
107619,Sofia Melo Melo,177,"Rua Coronel Quirino, 155 - Cambuí"
107620,Vinícius Martins Oliveira,201,"Avenida Albino José Barbosa de Oliveira, 2040 - Barão Geraldo"
107621,Livia Campos Ferreira,198,"Rua Coronel Quirino, 111 - Cambuí"
107622,André Queiroz Bellini,186,"Rua Coronel Quirino, 602 - Cambuí"
107623,Sofia Gomes Matos,175,"Avenida Albino José Barbosa de Oliveira, 1564 - Barão Geraldo"
107624,Sofia Queiroz Ribeiro,184,"Avenida Heitor Penteado, 1924 - Taquaral"
107625,Victor Cruz Amorim,183,"Rua Coronel Quirino, 1435 - Cambuí"
107626,Samuel Ribeiro Amorim,184,"Rua Coronel Quirino, 187 - Cambuí"
107627,Vinícius Vieira Alves,189,"Avenida Albino José Barbosa de Oliveira, 1910 - Barão Geraldo"
107628,André Alves Melo,165,"Avenida Heitor Penteado, 2083 - Taquaral"
107629,Maria Oliveira Alves,187,"Avenida Albino José Barbosa de Oliveira, 1757 - Barão Geraldo"
107630,Miguel Vieira Melo,162,"Rua Coronel Quirino, 1131 - Cambuí"
107631,Miguel Martins Paschoalino,172,"Rua Coronel Quirino, 520 - Cambuí"
107632,Larissa Campos Bellini,203,"Avenida Heitor Penteado, 2180 - Taquaral"
107633,Eduardo Paschoalino Vieira,171,"Rua Maria Monteiro, 422 - Cambuí"
107634,Eduardo Gomes Alves,165,"Rua Maria Monteiro, 1165 - Cambuí"
107635,Miguel Ribeiro Queiroz,177,"Avenida Heitor Penteado, 392 - Taquaral"
107636,Victor Matos Oliveira,197,"Avenida Albino José Barbosa de Oliveira, 1216 - Barão Geraldo"
107637,Livia Paschoalino Nascimento,184,"Avenida Heitor Penteado, 216 - Taquaral"
107638,Clara Matos Paschoalino,194,"Avenida Albino José Barbosa de Oliveira, 1492 - Barão Geraldo"
107639,Victor Alves Almeida,195,"Rua Coronel Quirino, 383 - Cambuí"
107640,Clara Ferreira Alves,157,"Rua Maria Monteiro, 1163 - Cambuí"
107641,Henrique Queiroz Fernandes,193,"Avenida Albino José Barbosa de Oliveira, 3448 - Barão Geraldo"
107642,Daniel Ferreira Amorim,204,"Rua Coronel Quirino, 1042 - Cambuí"
107643,Miguel Nascimento Vieira,204,"Avenida Albino José Barbosa de Oliveira, 2080 - Barão Geraldo"
107644,Yasmin Almeida Amorim,171,"Avenida Albino José Barbosa de Oliveira, 1745 - Barão Geraldo"
107645,Guilherme Martins Campos,170,"Avenida Albino José Barbosa de Oliveira, 56 - Barão Geraldo"
107646,Erik Vieira Cruz,175,"Rua Coronel Quirino, 1687 - Cambuí"
107647,Sofia Ribeiro Matos,189,"Avenida Heitor Penteado, 663 - Taquaral"
107648,Eduardo Silva Vieira,170,"Avenida Heitor Penteado, 1286 - Taquaral"
107649,Vinícius Melo Martins,174,"Avenida Albino José Barbosa de Oliveira, 1523 - Barão Geraldo"
107650,Eduardo Gomes Silva,190,"Rua Coronel Quirino, 872 - Cambuí"
107651,Erik Oliveira Almeida,150,"Avenida Heitor Penteado, 1739 - Taquaral"
107652,Vinícius Amorim Fernandes,155,"Avenida Albino José Barbosa de Oliveira, 2785 - Barão Geraldo"
107653,Samuel Melo Vieira,172,"Avenida Heitor Penteado, 652 - Taquaral"
107654,Miguel Medeiros Silva,200,"Avenida Albino José Barbosa de Oliveira, 423 - Barão Geraldo"
107655,Thiago Alves Silva,172,"Avenida Albino José Barbosa de Oliveira, 2486 - Barão Geraldo"
107656,Eduardo Cruz Matos,192,"Avenida Heitor Penteado, 898 - Taquaral"
107657,João Nascimento Alves,192,"Rua Maria Monteiro, 1151 - Cambuí"
107658,Pedro Medeiros Fernandes,172,"Rua Maria Monteiro, 551 - Cambuí"
107659,Maria Queiroz Almeida,181,"Avenida Albino José Barbosa de Oliveira, 2540 - Barão Geraldo"
107660,André Melo Almeida,179,"Avenida Albino José Barbosa de Oliveira, 2981 - Barão Geraldo"
107661,Eduardo Alves Amorim,162,"Avenida Heitor Penteado, 2183 - Taquaral"
107662,André Melo Paschoalino,192,"Avenida Heitor Penteado, 1122 - Taquaral"
107663,Thiago Medeiros Vieira,167,"Avenida Albino José Barbosa de Oliveira, 798 - Barão Geraldo"
107664,Rafael Martins Bellini,172,"Avenida Heitor Penteado, 1313 - Taquaral"
107665,Larissa Fernandes Gomes,164,"Avenida Albino José Barbosa de Oliveira, 2844 - Barão Geraldo"
107666,Giovanna Medeiros Ferreira,182,"Avenida Heitor Penteado, 1594 - Taquaral"
107667,Erik Santana Almeida,170,"Rua Maria Monteiro, 214 - Cambuí"
107668,Giovanna Amorim Oliveira,188,"Rua Maria Monteiro, 1382 - Cambuí"
107669,Samuel Oliveira Matos,172,"Avenida Albino José Barbosa de Oliveira, 1739 - Barão Geraldo"
107670,Vinícius Fernandes Silva,176,"Avenida Albino José Barbosa de Oliveira, 3072 - Barão Geraldo"
107671,André Medeiros Vieira,194,"Avenida Albino José Barbosa de Oliveira, 1229 - Barão Geraldo"
107672,Pedro Queiroz Ribeiro,193,"Rua Coronel Quirino, 1988 - Cambuí"
107673,Samuel Oliveira Oliveira,167,"Avenida Albino José Barbosa de Oliveira, 2612 - Barão Geraldo"
107674,Larissa Silva Ferreira,173,"Avenida Albino José Barbosa de Oliveira, 921 - Barão Geraldo"
107675,Gabriel Vieira Almeida,200,"Avenida Albino José Barbosa de Oliveira, 2185 - Barão Geraldo"
107676,Maria Vieira Martins,196,"Avenida Heitor Penteado, 2888 - Taquaral"
107677,Sofia Alves Paschoalino,189,"Rua Coronel Quirino, 1173 - Cambuí"
107678,Pedro Vieira Medeiros,200,"Rua Coronel Quirino, 1545 - Cambuí"
107679,João Matos Ribeiro,191,"Rua Coronel Quirino, 318 - Cambuí"
107680,Larissa Medeiros Vieira,156,"Rua Coronel Quirino, 1605 - Cambuí"
107681,Daniel Melo Alves,199,"Avenida Albino José Barbosa de Oliveira, 104 - Barão Geraldo"
107682,André Campos Oliveira,197,"Avenida Heitor Penteado, 1376 - Taquaral"
107683,Miguel Cruz Vieira,169,"Avenida Heitor Penteado, 2223 - Taquaral"
107684,Henrique Oliveira Gomes,176,"Avenida Albino José Barbosa de Oliveira, 972 - Barão Geraldo"
107685,Clara Medeiros Alves,155,"Avenida Albino José Barbosa de Oliveira, 830 - Barão Geraldo"
107686,Gabriel Ferreira Medeiros,176,"Avenida Albino José Barbosa de Oliveira, 1172 - Barão Geraldo"
107687,Victor Almeida Santana,158,"Rua Maria Monteiro, 988 - Cambuí"
107688,Beatriz Medeiros Ferreira,202,"Avenida Albino José Barbosa de Oliveira, 1598 - Barão Geraldo"
107689,Clara Gomes Melo,194,"Rua Coronel Quirino, 1084 - Cambuí"
107690,Henrique Paschoalino Paschoalino,180,"Avenida Albino José Barbosa de Oliveira, 2969 - Barão Geraldo"
107691,Pedro Silva Ribeiro,170,"Avenida Heitor Penteado, 814 - Taquaral"
107692,Clara Queiroz Melo,175,"Rua Coronel Quirino, 1215 - Cambuí"
107693,Guilherme Matos Fernandes,189,"Rua Coronel Quirino, 562 - Cambuí"
107694,Larissa Nascimento Bellini,197,"Avenida Albino José Barbosa de Oliveira, 1451 - Barão Geraldo"
107695,Rafael Almeida Melo,194,"Avenida Albino José Barbosa de Oliveira, 1683 - Barão Geraldo"
107696,Samuel Ferreira Gomes,162,"Avenida Heitor Penteado, 141 - Taquaral"
107697,Victor Matos Melo,198,"Avenida Albino José Barbosa de Oliveira, 3388 - Barão Geraldo"
107698,Felipe Gomes Alves,172,"Rua Coronel Quirino, 1166 - Cambuí"
107699,Eduardo Campos Silva,169,"Avenida Heitor Penteado, 1046 - Taquaral"
107700,Giovanna Amorim Cruz,186,"Rua Maria Monteiro, 690 - Cambuí"
107701,Maria Vieira Campos,203,"Avenida Heitor Penteado, 1215 - Taquaral"
107702,Thiago Queiroz Almeida,202,"Avenida Heitor Penteado, 578 - Taquaral"
107703,Pedro Santana Nascimento,177,"Rua Coronel Quirino, 1146 - Cambuí"
107704,Sofia Vieira Santana,166,"Avenida Albino José Barbosa de Oliveira, 3460 - Barão Geraldo"
107705,Thiago Vieira Medeiros,177,"Avenida Heitor Penteado, 2595 - Taquaral"
107706,Giovanna Fernandes Medeiros,190,"Rua Coronel Quirino, 1949 - Cambuí"
107707,Eduardo Alves Matos,151,"Avenida Heitor Penteado, 623 - Taquaral"
107708,Yasmin Campos Martins,174,"Avenida Heitor Penteado, 2312 - Taquaral"
107709,Gabriel Oliveira Vieira,199,"Avenida Heitor Penteado, 1871 - Taquaral"
107710,Miguel Nascimento Santana,190,"Rua Maria Monteiro, 1182 - Cambuí"
107711,Thiago Alves Ferreira,155,"Avenida Albino José Barbosa de Oliveira, 1907 - Barão Geraldo"
107712,Giovanna Queiroz Bellini,160,"Rua Maria Monteiro, 1481 - Cambuí"
107713,Henrique Almeida Gomes,187,"Avenida Heitor Penteado, 2532 - Taquaral"
107714,Samuel Medeiros Martins,155,"Avenida Heitor Penteado, 1785 - Taquaral"
107715,Giovanna Matos Gomes,194,"Avenida Albino José Barbosa de Oliveira, 415 - Barão Geraldo"
107716,Beatriz Gomes Ferreira,160,"Avenida Heitor Penteado, 436 - Taquaral"
107717,Felipe Melo Matos,163,"Rua Maria Monteiro, 907 - Cambuí"
107718,Gabriel Silva Nascimento,151,"Avenida Albino José Barbosa de Oliveira, 2291 - Barão Geraldo"
107719,Sofia Queiroz Santana,189,"Avenida Heitor Penteado, 979 - Taquaral"
107720,Sofia Nascimento Oliveira,152,"Avenida Albino José Barbosa de Oliveira, 3301 - Barão Geraldo"
107721,Henrique Bellini Martins,204,"Rua Coronel Quirino, 382 - Cambuí"
107722,Rafael Nascimento Martins,202,"Rua Coronel Quirino, 1424 - Cambuí"
107723,Eduardo Matos Medeiros,184,"Avenida Heitor Penteado, 2669 - Taquaral"
107724,Henrique Fernandes Medeiros,182,"Avenida Albino José Barbosa de Oliveira, 774 - Barão Geraldo"
107725,Miguel Ferreira Silva,173,"Avenida Albino José Barbosa de Oliveira, 1774 - Barão Geraldo"
107726,Larissa Medeiros Martins,168,"Rua Maria Monteiro, 474 - Cambuí"
107727,João Ferreira Campos,167,"Avenida Heitor Penteado, 1537 - Taquaral"
107728,Henrique Alves Vieira,198,"Avenida Heitor Penteado, 2637 - Taquaral"
107729,João Martins Oliveira,201,"Avenida Albino José Barbosa de Oliveira, 2301 - Barão Geraldo"
107730,Felipe Melo Oliveira,173,"Avenida Heitor Penteado, 2019 - Taquaral"
107731,Thiago Paschoalino Campos,194,"Avenida Albino José Barbosa de Oliveira, 2901 - Barão Geraldo"
107732,Beatriz Matos Fernandes,184,"Avenida Heitor Penteado, 1691 - Taquaral"
107733,Henrique Cruz Medeiros,150,"Rua Coronel Quirino, 574 - Cambuí"
107734,Pedro Ribeiro Nascimento,185,"Avenida Albino José Barbosa de Oliveira, 26 - Barão Geraldo"
107735,Thiago Paschoalino Campos,174,"Avenida Albino José Barbosa de Oliveira, 138 - Barão Geraldo"
107736,Daniel Bellini Cruz,194,"Rua Maria Monteiro, 314 - Cambuí"
107737,Clara Cruz Ferreira,198,"Avenida Heitor Penteado, 1178 - Taquaral"
107738,Samuel Martins Cruz,192,"Avenida Heitor Penteado, 2408 - Taquaral"
107739,Vinícius Paschoalino Almeida,183,"Avenida Heitor Penteado, 1176 - Taquaral"
107740,Henrique Nascimento Ferreira,174,"Avenida Albino José Barbosa de Oliveira, 2330 - Barão Geraldo"
107741,Yasmin Martins Medeiros,165,"Rua Maria Monteiro, 106 - Cambuí"
107742,Yasmin Oliveira Oliveira,183,"Avenida Albino José Barbosa de Oliveira, 1770 - Barão Geraldo"
107743,Rafael Paschoalino Martins,178,"Avenida Heitor Penteado, 2737 - Taquaral"
107744,Larissa Campos Alves,168,"Avenida Albino José Barbosa de Oliveira, 1275 - Barão Geraldo"
107745,Gabriel Fernandes Silva,172,"Avenida Heitor Penteado, 2960 - Taquaral"
107746,Larissa Vieira Oliveira,168,"Rua Maria Monteiro, 121 - Cambuí"
107747,André Vieira Almeida,174,"Rua Coronel Quirino, 1912 - Cambuí"
107748,Erik Ferreira Fernandes,165,"Avenida Albino José Barbosa de Oliveira, 1648 - Barão Geraldo"
107749,Victor Alves Medeiros,203,"Rua Coronel Quirino, 1589 - Cambuí"
107750,André Oliveira Gomes,200,"Avenida Heitor Penteado, 27 - Taquaral"
107751,Larissa Medeiros Vieira,158,"Avenida Albino José Barbosa de Oliveira, 750 - Barão Geraldo"
107752,Henrique Cruz Fernandes,150,"Avenida Albino José Barbosa de Oliveira, 1402 - Barão Geraldo"
107753,Felipe Oliveira Alves,191,"Avenida Albino José Barbosa de Oliveira, 2821 - Barão Geraldo"
107754,Rafael Melo Silva,168,"Rua Maria Monteiro, 1032 - Cambuí"
107755,Miguel Ribeiro Campos,182,"Rua Maria Monteiro, 233 - Cambuí"
107756,Henrique Medeiros Ferreira,183,"Avenida Heitor Penteado, 1539 - Taquaral"
107757,Guilherme Medeiros Amorim,165,"Avenida Heitor Penteado, 197 - Taquaral"
107758,Daniel Ferreira Santana,193,"Avenida Albino José Barbosa de Oliveira, 252 - Barão Geraldo"
107759,Eduardo Ferreira Campos,189,"Avenida Albino José Barbosa de Oliveira, 3086 - Barão Geraldo"
107760,Sofia Medeiros Alves,204,"Rua Maria Monteiro, 1023 - Cambuí"
107761,Larissa Melo Alves,167,"Rua Maria Monteiro, 1380 - Cambuí"
107762,Rafael Paschoalino Bellini,183,"Avenida Heitor Penteado, 2628 - Taquaral"
107763,Yasmin Vieira Medeiros,174,"Rua Coronel Quirino, 168 - Cambuí"
107764,André Martins Nascimento,194,"Rua Coronel Quirino, 652 - Cambuí"
107765,Yasmin Campos Santana,155,"Rua Maria Monteiro, 948 - Cambuí"
107766,Guilherme Paschoalino Santana,170,"Avenida Heitor Penteado, 1014 - Taquaral"
107767,Larissa Melo Cruz,155,"Avenida Heitor Penteado, 2760 - Taquaral"
107768,André Silva Alves,181,"Avenida Heitor Penteado, 584 - Taquaral"
107769,Eduardo Medeiros Santana,190,"Avenida Heitor Penteado, 259 - Taquaral"
107770,Maria Medeiros Queiroz,197,"Avenida Heitor Penteado, 1175 - Taquaral"
107771,Vinícius Nascimento Vieira,192,"Avenida Heitor Penteado, 2762 - Taquaral"
107772,Clara Matos Nascimento,188,"Avenida Heitor Penteado, 344 - Taquaral"
107773,Rafael Campos Cruz,180,"Avenida Heitor Penteado, 652 - Taquaral"
107774,Gabriel Ribeiro Fernandes,191,"Avenida Albino José Barbosa de Oliveira, 2881 - Barão Geraldo"
107775,Vinícius Campos Oliveira,159,"Avenida Albino José Barbosa de Oliveira, 797 - Barão Geraldo"
107776,Sofia Alves Alves,179,"Avenida Albino José Barbosa de Oliveira, 1416 - Barão Geraldo"
107777,Gabriel Alves Melo,201,"Avenida Heitor Penteado, 1306 - Taquaral"
107778,Henrique Almeida Medeiros,167,"Avenida Albino José Barbosa de Oliveira, 253 - Barão Geraldo"
107779,João Martins Vieira,173,"Avenida Heitor Penteado, 2767 - Taquaral"
107780,Beatriz Medeiros Gomes,201,"Avenida Heitor Penteado, 680 - Taquaral"
107781,Pedro Melo Melo,158,"Avenida Albino José Barbosa de Oliveira, 3134 - Barão Geraldo"
107782,André Ribeiro Paschoalino,180,"Rua Maria Monteiro, 212 - Cambuí"
107783,Livia Melo Gomes,164,"Avenida Heitor Penteado, 2994 - Taquaral"
107784,Sofia Medeiros Vieira,153,"Rua Maria Monteiro, 1359 - Cambuí"
107785,Sofia Martins Ferreira,189,"Rua Maria Monteiro, 1245 - Cambuí"
107786,Pedro Silva Medeiros,158,"Avenida Heitor Penteado, 2897 - Taquaral"
107787,Larissa Bellini Amorim,194,"Avenida Heitor Penteado, 2645 - Taquaral"
107788,Samuel Silva Almeida,158,"Avenida Heitor Penteado, 943 - Taquaral"
107789,Larissa Santana Santana,175,"Avenida Albino José Barbosa de Oliveira, 2439 - Barão Geraldo"
107790,Victor Nascimento Nascimento,153,"Avenida Albino José Barbosa de Oliveira, 1423 - Barão Geraldo"
107791,Victor Alves Bellini,166,"Avenida Albino José Barbosa de Oliveira, 2161 - Barão Geraldo"
107792,André Paschoalino Martins,165,"Avenida Heitor Penteado, 2849 - Taquaral"
107793,Pedro Ferreira Martins,164,"Avenida Albino José Barbosa de Oliveira, 2907 - Barão Geraldo"
107794,Erik Fernandes Fernandes,184,"Rua Coronel Quirino, 1854 - Cambuí"
107795,André Santana Oliveira,201,"Avenida Heitor Penteado, 540 - Taquaral"
107796,Rafael Alves Paschoalino,154,"Avenida Heitor Penteado, 2956 - Taquaral"
107797,Clara Amorim Santana,204,"Avenida Heitor Penteado, 625 - Taquaral"
107798,Livia Fernandes Silva,154,"Avenida Albino José Barbosa de Oliveira, 2719 - Barão Geraldo"
107799,Eduardo Martins Oliveira,169,"Avenida Heitor Penteado, 2315 - Taquaral"
107800,Guilherme Cruz Ferreira,164,"Rua Coronel Quirino, 1022 - Cambuí"
107801,Sofia Silva Oliveira,167,"Avenida Albino José Barbosa de Oliveira, 99 - Barão Geraldo"
107802,Victor Medeiros Ribeiro,196,"Rua Coronel Quirino, 1244 - Cambuí"
107803,Erik Melo Almeida,151,"Avenida Heitor Penteado, 721 - Taquaral"
107804,Gabriel Bellini Nascimento,178,"Avenida Albino José Barbosa de Oliveira, 2381 - Barão Geraldo"
107805,Henrique Cruz Vieira,162,"Avenida Albino José Barbosa de Oliveira, 280 - Barão Geraldo"
107806,André Medeiros Melo,153,"Avenida Heitor Penteado, 547 - Taquaral"
107807,Beatriz Ribeiro Gomes,191,"Rua Maria Monteiro, 1039 - Cambuí"
107808,Yasmin Medeiros Alves,194,"Rua Coronel Quirino, 828 - Cambuí"
107809,Gabriel Paschoalino Ribeiro,159,"Avenida Albino José Barbosa de Oliveira, 2485 - Barão Geraldo"
107810,Sofia Matos Gomes,180,"Avenida Heitor Penteado, 747 - Taquaral"
107811,Samuel Silva Bellini,190,"Avenida Heitor Penteado, 17 - Taquaral"
107812,André Almeida Cruz,157,"Avenida Heitor Penteado, 1933 - Taquaral"
107813,Clara Martins Martins,152,"Avenida Albino José Barbosa de Oliveira, 1491 - Barão Geraldo"
107814,Miguel Bellini Almeida,197,"Avenida Albino José Barbosa de Oliveira, 946 - Barão Geraldo"
107815,Vinícius Paschoalino Nascimento,195,"Avenida Heitor Penteado, 1561 - Taquaral"
107816,Yasmin Fernandes Ferreira,158,"Avenida Heitor Penteado, 2675 - Taquaral"
107817,Henrique Melo Matos,179,"Rua Maria Monteiro, 597 - Cambuí"
107818,Sofia Ferreira Fernandes,202,"Rua Coronel Quirino, 663 - Cambuí"
107819,Victor Oliveira Vieira,160,"Rua Coronel Quirino, 1516 - Cambuí"
107820,Erik Melo Melo,184,"Rua Maria Monteiro, 858 - Cambuí"
107821,Maria Nascimento Oliveira,186,"Avenida Albino José Barbosa de Oliveira, 301 - Barão Geraldo"
107822,Livia Medeiros Bellini,191,"Avenida Albino José Barbosa de Oliveira, 2430 - Barão Geraldo"
107823,Gabriel Gomes Oliveira,162,"Avenida Heitor Penteado, 987 - Taquaral"
107824,André Almeida Ferreira,185,"Avenida Heitor Penteado, 2221 - Taquaral"
107825,João Alves Queiroz,162,"Avenida Albino José Barbosa de Oliveira, 1345 - Barão Geraldo"
107826,Erik Vieira Silva,161,"Avenida Albino José Barbosa de Oliveira, 3050 - Barão Geraldo"
107827,Miguel Ferreira Paschoalino,186,"Avenida Heitor Penteado, 2840 - Taquaral"
107828,Larissa Campos Almeida,159,"Avenida Albino José Barbosa de Oliveira, 649 - Barão Geraldo"
107829,André Ferreira Cruz,158,"Avenida Albino José Barbosa de Oliveira, 310 - Barão Geraldo"
107830,Clara Alves Oliveira,201,"Avenida Albino José Barbosa de Oliveira, 3262 - Barão Geraldo"
107831,Gabriel Matos Paschoalino,156,"Rua Maria Monteiro, 815 - Cambuí"
107832,Erik Santana Gomes,151,"Avenida Heitor Penteado, 397 - Taquaral"
107833,Larissa Oliveira Cruz,203,"Avenida Albino José Barbosa de Oliveira, 1318 - Barão Geraldo"
107834,Rafael Campos Oliveira,172,"Avenida Heitor Penteado, 2040 - Taquaral"
107835,Clara Alves Queiroz,188,"Avenida Albino José Barbosa de Oliveira, 3152 - Barão Geraldo"
107836,Daniel Queiroz Melo,189,"Avenida Heitor Penteado, 222 - Taquaral"
107837,Pedro Paschoalino Alves,188,"Avenida Heitor Penteado, 1525 - Taquaral"
107838,Victor Cruz Gomes,170,"Rua Coronel Quirino, 151 - Cambuí"
107839,Daniel Cruz Queiroz,172,"Avenida Albino José Barbosa de Oliveira, 2653 - Barão Geraldo"
107840,Maria Santana Matos,178,"Avenida Albino José Barbosa de Oliveira, 2625 - Barão Geraldo"
107841,João Fernandes Matos,163,"Avenida Heitor Penteado, 1586 - Taquaral"
107842,Sofia Vieira Melo,175,"Avenida Albino José Barbosa de Oliveira, 769 - Barão Geraldo"
107843,Henrique Melo Ferreira,200,"Avenida Heitor Penteado, 744 - Taquaral"
107844,Larissa Amorim Oliveira,154,"Avenida Heitor Penteado, 542 - Taquaral"
107845,Larissa Cruz Martins,204,"Avenida Heitor Penteado, 1865 - Taquaral"
107846,Sofia Queiroz Medeiros,180,"Rua Maria Monteiro, 1584 - Cambuí"
107847,Larissa Medeiros Fernandes,174,"Avenida Heitor Penteado, 1055 - Taquaral"
107848,Gabriel Amorim Matos,180,"Avenida Albino José Barbosa de Oliveira, 174 - Barão Geraldo"
107849,Larissa Campos Santana,199,"Avenida Heitor Penteado, 1816 - Taquaral"
107850,Clara Matos Martins,169,"Avenida Albino José Barbosa de Oliveira, 2036 - Barão Geraldo"
107851,Vinícius Almeida Queiroz,193,"Avenida Albino José Barbosa de Oliveira, 677 - Barão Geraldo"
107852,Victor Amorim Oliveira,204,"Avenida Albino José Barbosa de Oliveira, 2550 - Barão Geraldo"
107853,Samuel Silva Fernandes,166,"Avenida Albino José Barbosa de Oliveira, 3433 - Barão Geraldo"
107854,Guilherme Medeiros Cruz,194,"Rua Coronel Quirino, 1258 - Cambuí"
107855,Samuel Almeida Oliveira,151,"Rua Coronel Quirino, 841 - Cambuí"
107856,Thiago Amorim Oliveira,174,"Avenida Heitor Penteado, 450 - Taquaral"
107857,André Medeiros Oliveira,162,"Avenida Albino José Barbosa de Oliveira, 2086 - Barão Geraldo"
107858,Sofia Santana Campos,188,"Avenida Heitor Penteado, 2951 - Taquaral"
107859,Guilherme Matos Almeida,177,"Avenida Albino José Barbosa de Oliveira, 2169 - Barão Geraldo"
107860,Rafael Bellini Almeida,191,"Rua Coronel Quirino, 1755 - Cambuí"
107861,Yasmin Almeida Medeiros,204,"Rua Maria Monteiro, 216 - Cambuí"
107862,Giovanna Vieira Silva,155,"Avenida Heitor Penteado, 438 - Taquaral"
107863,Giovanna Amorim Silva,152,"Avenida Heitor Penteado, 689 - Taquaral"
107864,Rafael Santana Almeida,184,"Avenida Heitor Penteado, 1838 - Taquaral"
107865,Thiago Queiroz Cruz,167,"Avenida Albino José Barbosa de Oliveira, 414 - Barão Geraldo"
107866,Clara Gomes Alves,160,"Avenida Heitor Penteado, 927 - Taquaral"
107867,Victor Campos Santana,203,"Rua Maria Monteiro, 154 - Cambuí"
107868,Larissa Paschoalino Almeida,169,"Avenida Albino José Barbosa de Oliveira, 2361 - Barão Geraldo"
107869,Thiago Ribeiro Paschoalino,154,"Rua Maria Monteiro, 1372 - Cambuí"
107870,Eduardo Medeiros Ribeiro,168,"Rua Coronel Quirino, 1773 - Cambuí"
107871,Felipe Medeiros Silva,171,"Avenida Heitor Penteado, 1578 - Taquaral"
107872,Larissa Almeida Bellini,168,"Rua Coronel Quirino, 1634 - Cambuí"
107873,Eduardo Almeida Ferreira,196,"Rua Coronel Quirino, 877 - Cambuí"
107874,Pedro Alves Almeida,165,"Avenida Heitor Penteado, 593 - Taquaral"
107875,Larissa Cruz Bellini,173,"Rua Maria Monteiro, 51 - Cambuí"
107876,João Santana Medeiros,190,"Rua Maria Monteiro, 1031 - Cambuí"
107877,Eduardo Queiroz Vieira,153,"Avenida Albino José Barbosa de Oliveira, 1270 - Barão Geraldo"
107878,Maria Fernandes Medeiros,164,"Avenida Albino José Barbosa de Oliveira, 3354 - Barão Geraldo"
107879,Maria Silva Martins,174,"Avenida Albino José Barbosa de Oliveira, 241 - Barão Geraldo"
107880,Felipe Paschoalino Medeiros,193,"Rua Coronel Quirino, 347 - Cambuí"
107881,João Campos Bellini,204,"Avenida Albino José Barbosa de Oliveira, 1343 - Barão Geraldo"
107882,Miguel Ferreira Ferreira,184,"Rua Maria Monteiro, 1340 - Cambuí"
107883,João Martins Melo,204,"Avenida Heitor Penteado, 401 - Taquaral"
107884,Daniel Campos Matos,163,"Avenida Albino José Barbosa de Oliveira, 1365 - Barão Geraldo"
107885,Gabriel Almeida Vieira,198,"Rua Coronel Quirino, 1809 - Cambuí"
107886,Yasmin Paschoalino Ribeiro,168,"Avenida Heitor Penteado, 708 - Taquaral"
107887,Erik Campos Vieira,187,"Avenida Albino José Barbosa de Oliveira, 2605 - Barão Geraldo"
107888,Maria Vieira Amorim,185,"Avenida Albino José Barbosa de Oliveira, 2913 - Barão Geraldo"
107889,Guilherme Martins Campos,156,"Avenida Heitor Penteado, 2776 - Taquaral"
107890,Beatriz Oliveira Melo,179,"Avenida Heitor Penteado, 743 - Taquaral"
107891,Thiago Queiroz Santana,168,"Avenida Heitor Penteado, 1309 - Taquaral"
107892,Daniel Paschoalino Silva,198,"Rua Maria Monteiro, 167 - Cambuí"
107893,Gabriel Matos Silva,174,"Avenida Albino José Barbosa de Oliveira, 679 - Barão Geraldo"
107894,Clara Campos Martins,165,"Avenida Albino José Barbosa de Oliveira, 3121 - Barão Geraldo"
107895,Livia Oliveira Almeida,196,"Rua Coronel Quirino, 374 - Cambuí"
107896,Victor Vieira Santana,203,"Avenida Albino José Barbosa de Oliveira, 1830 - Barão Geraldo"
107897,Daniel Gomes Amorim,189,"Avenida Heitor Penteado, 2478 - Taquaral"
107898,André Queiroz Medeiros,200,"Rua Maria Monteiro, 645 - Cambuí"
107899,João Martins Matos,157,"Avenida Albino José Barbosa de Oliveira, 1038 - Barão Geraldo"
107900,João Gomes Martins,167,"Avenida Albino José Barbosa de Oliveira, 3324 - Barão Geraldo"
107901,Miguel Medeiros Martins,177,"Rua Coronel Quirino, 1451 - Cambuí"
107902,Gabriel Martins Almeida,165,"Avenida Heitor Penteado, 2789 - Taquaral"
107903,Clara Melo Queiroz,201,"Avenida Albino José Barbosa de Oliveira, 730 - Barão Geraldo"
107904,Livia Alves Alves,168,"Avenida Albino José Barbosa de Oliveira, 2750 - Barão Geraldo"
107905,Beatriz Nascimento Melo,191,"Rua Coronel Quirino, 112 - Cambuí"
107906,Guilherme Silva Nascimento,166,"Avenida Albino José Barbosa de Oliveira, 3151 - Barão Geraldo"
107907,Rafael Medeiros Ferreira,194,"Avenida Heitor Penteado, 2733 - Taquaral"
107908,Maria Martins Santana,162,"Rua Coronel Quirino, 1022 - Cambuí"
107909,Yasmin Nascimento Campos,156,"Rua Coronel Quirino, 1181 - Cambuí"
107910,Felipe Bellini Melo,176,"Avenida Heitor Penteado, 2660 - Taquaral"
107911,Maria Alves Paschoalino,159,"Avenida Heitor Penteado, 1322 - Taquaral"
107912,Guilherme Ribeiro Campos,183,"Avenida Albino José Barbosa de Oliveira, 2228 - Barão Geraldo"
107913,Livia Oliveira Ferreira,185,"Rua Coronel Quirino, 281 - Cambuí"
107914,Felipe Almeida Oliveira,174,"Avenida Albino José Barbosa de Oliveira, 3247 - Barão Geraldo"
107915,Livia Almeida Gomes,155,"Rua Maria Monteiro, 193 - Cambuí"
107916,Daniel Vieira Nascimento,173,"Avenida Albino José Barbosa de Oliveira, 1865 - Barão Geraldo"
107917,Eduardo Silva Santana,167,"Rua Maria Monteiro, 986 - Cambuí"
107918,Maria Almeida Fernandes,172,"Avenida Heitor Penteado, 1131 - Taquaral"
107919,Rafael Matos Fernandes,155,"Avenida Heitor Penteado, 1706 - Taquaral"
107920,Giovanna Almeida Cruz,178,"Avenida Heitor Penteado, 2546 - Taquaral"
107921,Yasmin Queiroz Queiroz,174,"Avenida Heitor Penteado, 2992 - Taquaral"
107922,Rafael Medeiros Matos,204,"Avenida Heitor Penteado, 49 - Taquaral"
107923,Thiago Amorim Campos,166,"Rua Coronel Quirino, 211 - Cambuí"
107924,Yasmin Campos Cruz,195,"Avenida Albino José Barbosa de Oliveira, 970 - Barão Geraldo"
107925,Thiago Campos Gomes,173,"Avenida Heitor Penteado, 342 - Taquaral"
107926,Eduardo Ribeiro Bellini,160,"Rua Maria Monteiro, 813 - Cambuí"
107927,Thiago Nascimento Vieira,175,"Avenida Albino José Barbosa de Oliveira, 1411 - Barão Geraldo"
107928,Yasmin Campos Melo,200,"Avenida Heitor Penteado, 2854 - Taquaral"
107929,Yasmin Martins Silva,183,"Avenida Heitor Penteado, 1526 - Taquaral"
107930,Gabriel Santana Matos,177,"Avenida Heitor Penteado, 1495 - Taquaral"
107931,Henrique Bellini Almeida,152,"Avenida Albino José Barbosa de Oliveira, 798 - Barão Geraldo"
107932,Thiago Nascimento Ferreira,160,"Avenida Albino José Barbosa de Oliveira, 2418 - Barão Geraldo"
107933,Erik Alves Medeiros,187,"Avenida Albino José Barbosa de Oliveira, 1974 - Barão Geraldo"
107934,João Matos Bellini,163,"Avenida Heitor Penteado, 250 - Taquaral"
107935,Gabriel Bellini Silva,200,"Avenida Heitor Penteado, 1784 - Taquaral"
107936,Felipe Medeiros Bellini,175,"Avenida Albino José Barbosa de Oliveira, 2526 - Barão Geraldo"
107937,Clara Vieira Alves,197,"Rua Maria Monteiro, 504 - Cambuí"
107938,Yasmin Queiroz Amorim,170,"Rua Maria Monteiro, 1263 - Cambuí"
107939,Livia Paschoalino Alves,203,"Avenida Heitor Penteado, 2888 - Taquaral"
107940,Thiago Silva Alves,188,"Rua Maria Monteiro, 646 - Cambuí"
107941,Miguel Martins Melo,179,"Avenida Albino José Barbosa de Oliveira, 2616 - Barão Geraldo"
107942,Yasmin Silva Amorim,157,"Rua Coronel Quirino, 1815 - Cambuí"
107943,Henrique Ferreira Martins,200,"Rua Coronel Quirino, 1806 - Cambuí"
107944,Victor Silva Ribeiro,169,"Avenida Heitor Penteado, 1905 - Taquaral"
107945,Henrique Santana Alves,197,"Rua Maria Monteiro, 669 - Cambuí"
107946,Gabriel Gomes Alves,181,"Rua Coronel Quirino, 437 - Cambuí"
107947,Victor Amorim Silva,171,"Avenida Albino José Barbosa de Oliveira, 2020 - Barão Geraldo"
107948,Livia Martins Campos,156,"Avenida Albino José Barbosa de Oliveira, 2610 - Barão Geraldo"
107949,Samuel Martins Vieira,158,"Avenida Heitor Penteado, 2380 - Taquaral"
107950,Maria Santana Silva,194,"Rua Maria Monteiro, 1188 - Cambuí"
107951,Eduardo Vieira Oliveira,150,"Avenida Albino José Barbosa de Oliveira, 466 - Barão Geraldo"
107952,Henrique Nascimento Alves,178,"Avenida Heitor Penteado, 1971 - Taquaral"
107953,André Matos Paschoalino,157,"Rua Maria Monteiro, 894 - Cambuí"
107954,Victor Fernandes Campos,203,"Avenida Heitor Penteado, 1637 - Taquaral"
107955,Guilherme Queiroz Vieira,153,"Avenida Albino José Barbosa de Oliveira, 912 - Barão Geraldo"
107956,Henrique Oliveira Martins,184,"Avenida Heitor Penteado, 246 - Taquaral"
107957,Vinícius Almeida Fernandes,152,"Avenida Heitor Penteado, 1112 - Taquaral"
107958,João Melo Martins,203,"Rua Maria Monteiro, 952 - Cambuí"
107959,Livia Nascimento Ferreira,194,"Avenida Albino José Barbosa de Oliveira, 1824 - Barão Geraldo"
107960,Erik Cruz Bellini,189,"Avenida Albino José Barbosa de Oliveira, 2773 - Barão Geraldo"
107961,André Ferreira Silva,156,"Rua Maria Monteiro, 1227 - Cambuí"
107962,Eduardo Bellini Alves,176,"Avenida Albino José Barbosa de Oliveira, 1699 - Barão Geraldo"
107963,Larissa Melo Cruz,150,"Avenida Heitor Penteado, 2335 - Taquaral"
107964,Giovanna Oliveira Martins,176,"Avenida Albino José Barbosa de Oliveira, 2767 - Barão Geraldo"
107965,Daniel Nascimento Medeiros,165,"Rua Coronel Quirino, 655 - Cambuí"
107966,Yasmin Silva Ribeiro,187,"Avenida Albino José Barbosa de Oliveira, 3399 - Barão Geraldo"
107967,Sofia Melo Santana,156,"Rua Maria Monteiro, 316 - Cambuí"
107968,Gabriel Oliveira Gomes,193,"Avenida Albino José Barbosa de Oliveira, 85 - Barão Geraldo"
107969,Daniel Nascimento Fernandes,172,"Avenida Albino José Barbosa de Oliveira, 2226 - Barão Geraldo"
107970,Guilherme Santana Medeiros,190,"Avenida Albino José Barbosa de Oliveira, 2926 - Barão Geraldo"
107971,Miguel Melo Gomes,160,"Avenida Heitor Penteado, 2316 - Taquaral"
107972,Gabriel Ferreira Bellini,191,"Avenida Albino José Barbosa de Oliveira, 1058 - Barão Geraldo"
107973,Daniel Paschoalino Paschoalino,202,"Rua Coronel Quirino, 813 - Cambuí"
107974,Sofia Ribeiro Cruz,182,"Avenida Albino José Barbosa de Oliveira, 2185 - Barão Geraldo"
107975,Pedro Queiroz Alves,199,"Avenida Albino José Barbosa de Oliveira, 2213 - Barão Geraldo"
107976,Erik Almeida Cruz,185,"Avenida Albino José Barbosa de Oliveira, 734 - Barão Geraldo"
107977,Clara Alves Matos,186,"Avenida Heitor Penteado, 2067 - Taquaral"
107978,Miguel Vieira Matos,190,"Rua Maria Monteiro, 35 - Cambuí"
107979,Giovanna Fernandes Oliveira,166,"Rua Coronel Quirino, 232 - Cambuí"
107980,Felipe Alves Silva,184,"Avenida Heitor Penteado, 2009 - Taquaral"
107981,Thiago Oliveira Gomes,197,"Avenida Heitor Penteado, 75 - Taquaral"
107982,Samuel Ferreira Silva,154,"Rua Maria Monteiro, 1568 - Cambuí"
107983,Giovanna Ribeiro Amorim,197,"Rua Coronel Quirino, 1026 - Cambuí"
107984,Beatriz Cruz Amorim,181,"Rua Maria Monteiro, 144 - Cambuí"
107985,Felipe Ribeiro Oliveira,152,"Avenida Heitor Penteado, 1837 - Taquaral"
107986,Rafael Paschoalino Queiroz,201,"Avenida Albino José Barbosa de Oliveira, 1144 - Barão Geraldo"
107987,Maria Fernandes Almeida,196,"Rua Maria Monteiro, 1105 - Cambuí"
107988,Gabriel Ferreira Ferreira,184,"Rua Coronel Quirino, 1640 - Cambuí"
107989,Miguel Almeida Melo,201,"Avenida Heitor Penteado, 2504 - Taquaral"
107990,Maria Martins Fernandes,163,"Avenida Albino José Barbosa de Oliveira, 2634 - Barão Geraldo"
107991,Maria Santana Santana,197,"Rua Coronel Quirino, 263 - Cambuí"
107992,Miguel Paschoalino Cruz,180,"Avenida Heitor Penteado, 239 - Taquaral"
107993,Giovanna Medeiros Ribeiro,180,"Avenida Albino José Barbosa de Oliveira, 2754 - Barão Geraldo"
107994,Beatriz Ribeiro Alves,166,"Avenida Albino José Barbosa de Oliveira, 2729 - Barão Geraldo"
107995,Eduardo Ferreira Matos,173,"Rua Maria Monteiro, 775 - Cambuí"
107996,Clara Paschoalino Alves,201,"Avenida Albino José Barbosa de Oliveira, 2626 - Barão Geraldo"
107997,Henrique Ribeiro Queiroz,172,"Rua Coronel Quirino, 1203 - Cambuí"
107998,Yasmin Medeiros Medeiros,167,"Rua Maria Monteiro, 251 - Cambuí"
107999,André Almeida Amorim,199,"Avenida Albino José Barbosa de Oliveira, 1503 - Barão Geraldo"
108000,Yasmin Oliveira Almeida,203,"Rua Maria Monteiro, 1462 - Cambuí"
108001,Clara Nascimento Oliveira,163,"Rua Coronel Quirino, 1753 - Cambuí"
108002,Henrique Ferreira Santana,199,"Avenida Albino José Barbosa de Oliveira, 117 - Barão Geraldo"
108003,Daniel Gomes Paschoalino,164,"Avenida Heitor Penteado, 2443 - Taquaral"
108004,Vinícius Nascimento Bellini,164,"Rua Coronel Quirino, 985 - Cambuí"
108005,Victor Cruz Santana,155,"Avenida Albino José Barbosa de Oliveira, 1162 - Barão Geraldo"
108006,Livia Queiroz Ribeiro,176,"Avenida Albino José Barbosa de Oliveira, 255 - Barão Geraldo"
108007,Larissa Vieira Amorim,164,"Avenida Heitor Penteado, 1355 - Taquaral"
108008,Erik Medeiros Santana,199,"Rua Maria Monteiro, 1272 - Cambuí"
108009,Daniel Santana Martins,185,"Avenida Heitor Penteado, 2035 - Taquaral"
108010,Vinícius Alves Alves,204,"Avenida Albino José Barbosa de Oliveira, 2890 - Barão Geraldo"
108011,Larissa Almeida Queiroz,157,"Avenida Albino José Barbosa de Oliveira, 2558 - Barão Geraldo"
108012,Livia Oliveira Paschoalino,164,"Avenida Albino José Barbosa de Oliveira, 1787 - Barão Geraldo"
108013,Vinícius Ribeiro Oliveira,152,"Avenida Albino José Barbosa de Oliveira, 96 - Barão Geraldo"
108014,Victor Ribeiro Amorim,196,"Avenida Albino José Barbosa de Oliveira, 2787 - Barão Geraldo"
108015,Gabriel Alves Almeida,162,"Rua Coronel Quirino, 1793 - Cambuí"
108016,Thiago Alves Campos,190,"Avenida Albino José Barbosa de Oliveira, 3420 - Barão Geraldo"
108017,João Santana Bellini,183,"Avenida Heitor Penteado, 340 - Taquaral"
108018,Eduardo Oliveira Almeida,173,"Avenida Heitor Penteado, 2969 - Taquaral"
108019,Rafael Ferreira Bellini,189,"Avenida Heitor Penteado, 431 - Taquaral"
108020,Larissa Campos Santana,181,"Avenida Heitor Penteado, 2815 - Taquaral"
108021,Samuel Campos Campos,181,"Rua Coronel Quirino, 434 - Cambuí"
108022,Erik Paschoalino Nascimento,179,"Rua Coronel Quirino, 1919 - Cambuí"
108023,João Amorim Bellini,201,"Avenida Heitor Penteado, 2291 - Taquaral"
108024,João Bellini Almeida,198,"Rua Coronel Quirino, 1616 - Cambuí"
108025,Gabriel Gomes Gomes,162,"Avenida Albino José Barbosa de Oliveira, 2280 - Barão Geraldo"
108026,Clara Queiroz Alves,150,"Rua Coronel Quirino, 1489 - Cambuí"
108027,Beatriz Amorim Martins,183,"Rua Coronel Quirino, 1376 - Cambuí"
108028,Clara Medeiros Matos,164,"Avenida Albino José Barbosa de Oliveira, 1994 - Barão Geraldo"
108029,Miguel Medeiros Queiroz,193,"Avenida Albino José Barbosa de Oliveira, 2884 - Barão Geraldo"
108030,Erik Martins Campos,163,"Avenida Heitor Penteado, 1176 - Taquaral"
108031,Pedro Cruz Queiroz,178,"Rua Maria Monteiro, 482 - Cambuí"
108032,Erik Santana Martins,183,"Rua Maria Monteiro, 181 - Cambuí"
108033,Beatriz Cruz Paschoalino,167,"Avenida Heitor Penteado, 2139 - Taquaral"
108034,Pedro Cruz Almeida,203,"Avenida Heitor Penteado, 1842 - Taquaral"
108035,Livia Cruz Alves,156,"Avenida Heitor Penteado, 739 - Taquaral"
108036,Rafael Matos Bellini,178,"Rua Coronel Quirino, 1350 - Cambuí"
108037,Sofia Matos Ribeiro,204,"Avenida Heitor Penteado, 1727 - Taquaral"
108038,Erik Vieira Amorim,180,"Avenida Heitor Penteado, 2508 - Taquaral"
108039,Yasmin Ribeiro Gomes,174,"Avenida Heitor Penteado, 2082 - Taquaral"
108040,Larissa Silva Matos,187,"Rua Maria Monteiro, 753 - Cambuí"
108041,Giovanna Martins Amorim,163,"Rua Maria Monteiro, 179 - Cambuí"
108042,Felipe Fernandes Ferreira,157,"Rua Maria Monteiro, 836 - Cambuí"
108043,Giovanna Almeida Almeida,176,"Rua Maria Monteiro, 547 - Cambuí"
108044,Felipe Santana Almeida,203,"Avenida Albino José Barbosa de Oliveira, 603 - Barão Geraldo"
108045,Eduardo Oliveira Queiroz,151,"Avenida Heitor Penteado, 2866 - Taquaral"
108046,André Ribeiro Cruz,166,"Avenida Heitor Penteado, 2187 - Taquaral"
108047,Vinícius Nascimento Silva,186,"Avenida Heitor Penteado, 2791 - Taquaral"
108048,Eduardo Alves Matos,163,"Rua Coronel Quirino, 1136 - Cambuí"
108049,Yasmin Melo Almeida,174,"Rua Maria Monteiro, 1273 - Cambuí"
108050,Larissa Ribeiro Oliveira,179,"Avenida Albino José Barbosa de Oliveira, 3046 - Barão Geraldo"
108051,Erik Alves Martins,178,"Avenida Heitor Penteado, 823 - Taquaral"
108052,Beatriz Martins Oliveira,169,"Avenida Albino José Barbosa de Oliveira, 1058 - Barão Geraldo"
108053,Vinícius Fernandes Santana,170,"Avenida Albino José Barbosa de Oliveira, 384 - Barão Geraldo"
108054,João Ribeiro Medeiros,202,"Rua Maria Monteiro, 250 - Cambuí"
108055,Livia Bellini Ribeiro,171,"Rua Coronel Quirino, 1427 - Cambuí"
108056,Thiago Amorim Bellini,184,"Avenida Heitor Penteado, 1670 - Taquaral"
108057,Clara Ribeiro Cruz,186,"Avenida Albino José Barbosa de Oliveira, 3199 - Barão Geraldo"
108058,Sofia Medeiros Silva,165,"Rua Coronel Quirino, 1881 - Cambuí"
108059,Livia Amorim Silva,199,"Rua Maria Monteiro, 1285 - Cambuí"
108060,Daniel Bellini Paschoalino,198,"Avenida Albino José Barbosa de Oliveira, 1519 - Barão Geraldo"
108061,Pedro Fernandes Bellini,192,"Rua Maria Monteiro, 429 - Cambuí"
108062,Sofia Nascimento Cruz,166,"Avenida Heitor Penteado, 67 - Taquaral"
108063,Rafael Matos Fernandes,165,"Avenida Albino José Barbosa de Oliveira, 2507 - Barão Geraldo"
108064,Eduardo Paschoalino Vieira,204,"Avenida Heitor Penteado, 490 - Taquaral"
108065,Gabriel Martins Oliveira,151,"Avenida Heitor Penteado, 693 - Taquaral"
108066,Livia Medeiros Queiroz,153,"Avenida Heitor Penteado, 2801 - Taquaral"
108067,Guilherme Martins Bellini,170,"Avenida Albino José Barbosa de Oliveira, 612 - Barão Geraldo"
108068,Victor Amorim Alves,188,"Avenida Heitor Penteado, 1038 - Taquaral"
108069,Livia Vieira Fernandes,183,"Avenida Albino José Barbosa de Oliveira, 403 - Barão Geraldo"
108070,Thiago Silva Amorim,179,"Avenida Albino José Barbosa de Oliveira, 2340 - Barão Geraldo"
108071,Beatriz Alves Fernandes,155,"Avenida Heitor Penteado, 2369 - Taquaral"
108072,Giovanna Melo Vieira,166,"Avenida Heitor Penteado, 1800 - Taquaral"
108073,Erik Ribeiro Vieira,188,"Rua Maria Monteiro, 1015 - Cambuí"
108074,João Vieira Gomes,174,"Rua Maria Monteiro, 775 - Cambuí"
108075,Thiago Silva Vieira,154,"Rua Maria Monteiro, 870 - Cambuí"
108076,Clara Melo Fernandes,154,"Avenida Albino José Barbosa de Oliveira, 2839 - Barão Geraldo"
108077,Henrique Gomes Silva,169,"Avenida Heitor Penteado, 2960 - Taquaral"
108078,André Melo Vieira,165,"Avenida Albino José Barbosa de Oliveira, 1258 - Barão Geraldo"
108079,Victor Martins Melo,200,"Avenida Albino José Barbosa de Oliveira, 2521 - Barão Geraldo"
108080,Felipe Melo Fernandes,190,"Avenida Heitor Penteado, 1959 - Taquaral"
108081,Miguel Matos Amorim,186,"Avenida Albino José Barbosa de Oliveira, 2137 - Barão Geraldo"
108082,João Oliveira Medeiros,189,"Avenida Heitor Penteado, 1506 - Taquaral"
108083,Pedro Paschoalino Almeida,158,"Avenida Albino José Barbosa de Oliveira, 2146 - Barão Geraldo"
108084,André Silva Oliveira,154,"Avenida Heitor Penteado, 2371 - Taquaral"
108085,Maria Oliveira Paschoalino,191,"Rua Coronel Quirino, 147 - Cambuí"
108086,Clara Campos Ribeiro,151,"Avenida Heitor Penteado, 2590 - Taquaral"
108087,Pedro Cruz Almeida,158,"Avenida Albino José Barbosa de Oliveira, 2085 - Barão Geraldo"
108088,Thiago Vieira Almeida,192,"Avenida Heitor Penteado, 1568 - Taquaral"
108089,Guilherme Vieira Santana,185,"Rua Maria Monteiro, 762 - Cambuí"
108090,Victor Bellini Gomes,171,"Avenida Heitor Penteado, 2780 - Taquaral"
108091,Vinícius Martins Ferreira,171,"Rua Coronel Quirino, 394 - Cambuí"
108092,Sofia Melo Ribeiro,171,"Rua Maria Monteiro, 847 - Cambuí"
108093,Miguel Martins Medeiros,183,"Avenida Heitor Penteado, 92 - Taquaral"
108094,Victor Queiroz Amorim,204,"Rua Maria Monteiro, 767 - Cambuí"
108095,Felipe Vieira Oliveira,178,"Rua Maria Monteiro, 1312 - Cambuí"
108096,Maria Amorim Amorim,187,"Avenida Heitor Penteado, 890 - Taquaral"
108097,Gabriel Vieira Campos,195,"Avenida Heitor Penteado, 1179 - Taquaral"
108098,Erik Almeida Ferreira,182,"Avenida Heitor Penteado, 1392 - Taquaral"
108099,Rafael Martins Paschoalino,167,"Avenida Heitor Penteado, 876 - Taquaral"
108100,Miguel Fernandes Melo,156,"Avenida Albino José Barbosa de Oliveira, 377 - Barão Geraldo"
108101,Samuel Matos Campos,150,"Rua Coronel Quirino, 1308 - Cambuí"
108102,Pedro Ribeiro Matos,182,"Avenida Albino José Barbosa de Oliveira, 42 - Barão Geraldo"
108103,Maria Alves Bellini,150,"Avenida Albino José Barbosa de Oliveira, 3322 - Barão Geraldo"
108104,Rafael Santana Ribeiro,173,"Avenida Albino José Barbosa de Oliveira, 1026 - Barão Geraldo"
108105,Yasmin Melo Nascimento,153,"Avenida Albino José Barbosa de Oliveira, 2220 - Barão Geraldo"
108106,Felipe Cruz Campos,153,"Avenida Albino José Barbosa de Oliveira, 3278 - Barão Geraldo"
108107,Clara Ribeiro Martins,167,"Rua Maria Monteiro, 1350 - Cambuí"
108108,Henrique Nascimento Santana,176,"Rua Coronel Quirino, 1740 - Cambuí"
108109,André Queiroz Melo,192,"Avenida Heitor Penteado, 2827 - Taquaral"
108110,Rafael Fernandes Oliveira,181,"Avenida Albino José Barbosa de Oliveira, 3471 - Barão Geraldo"
108111,Gabriel Cruz Almeida,182,"Rua Coronel Quirino, 1722 - Cambuí"
108112,Beatriz Oliveira Cruz,177,"Avenida Heitor Penteado, 1190 - Taquaral"
108113,Victor Vieira Alves,191,"Avenida Heitor Penteado, 659 - Taquaral"
108114,André Alves Amorim,190,"Avenida Albino José Barbosa de Oliveira, 1580 - Barão Geraldo"
108115,Livia Silva Nascimento,204,"Rua Maria Monteiro, 323 - Cambuí"
108116,Victor Ribeiro Ferreira,185,"Rua Maria Monteiro, 584 - Cambuí"
108117,Guilherme Amorim Paschoalino,155,"Avenida Heitor Penteado, 2781 - Taquaral"
108118,Larissa Medeiros Paschoalino,165,"Avenida Heitor Penteado, 2418 - Taquaral"
108119,Eduardo Gomes Matos,183,"Avenida Albino José Barbosa de Oliveira, 509 - Barão Geraldo"
108120,Miguel Martins Nascimento,172,"Rua Maria Monteiro, 926 - Cambuí"
108121,Guilherme Matos Gomes,199,"Rua Coronel Quirino, 190 - Cambuí"
108122,Pedro Martins Nascimento,191,"Avenida Albino José Barbosa de Oliveira, 2345 - Barão Geraldo"
108123,Victor Ferreira Melo,173,"Avenida Albino José Barbosa de Oliveira, 2488 - Barão Geraldo"
108124,Miguel Nascimento Vieira,198,"Avenida Albino José Barbosa de Oliveira, 1402 - Barão Geraldo"
108125,Maria Santana Martins,162,"Rua Maria Monteiro, 797 - Cambuí"
108126,João Gomes Medeiros,167,"Avenida Albino José Barbosa de Oliveira, 2134 - Barão Geraldo"
108127,Giovanna Fernandes Medeiros,203,"Avenida Albino José Barbosa de Oliveira, 2534 - Barão Geraldo"
108128,André Gomes Bellini,162,"Rua Maria Monteiro, 790 - Cambuí"
108129,João Fernandes Bellini,198,"Rua Coronel Quirino, 130 - Cambuí"
108130,Pedro Santana Medeiros,186,"Avenida Heitor Penteado, 1995 - Taquaral"
108131,Victor Martins Silva,192,"Avenida Albino José Barbosa de Oliveira, 2881 - Barão Geraldo"
108132,Victor Gomes Campos,188,"Avenida Heitor Penteado, 244 - Taquaral"
108133,Erik Ferreira Ferreira,191,"Rua Coronel Quirino, 1433 - Cambuí"
108134,Clara Cruz Ribeiro,166,"Rua Maria Monteiro, 747 - Cambuí"
108135,Victor Ribeiro Alves,164,"Avenida Heitor Penteado, 2677 - Taquaral"
108136,Eduardo Melo Martins,167,"Avenida Albino José Barbosa de Oliveira, 731 - Barão Geraldo"
108137,Gabriel Fernandes Santana,172,"Avenida Heitor Penteado, 2822 - Taquaral"
108138,Beatriz Alves Melo,203,"Avenida Albino José Barbosa de Oliveira, 2522 - Barão Geraldo"
108139,Miguel Paschoalino Oliveira,200,"Avenida Heitor Penteado, 584 - Taquaral"
108140,João Alves Cruz,179,"Rua Coronel Quirino, 444 - Cambuí"
108141,Erik Queiroz Oliveira,183,"Avenida Albino José Barbosa de Oliveira, 2784 - Barão Geraldo"
108142,Miguel Gomes Santana,153,"Avenida Albino José Barbosa de Oliveira, 3133 - Barão Geraldo"
108143,Maria Nascimento Bellini,152,"Rua Maria Monteiro, 197 - Cambuí"
108144,Clara Fernandes Campos,156,"Rua Coronel Quirino, 303 - Cambuí"
108145,Guilherme Queiroz Campos,167,"Avenida Heitor Penteado, 846 - Taquaral"
108146,Sofia Melo Fernandes,191,"Avenida Albino José Barbosa de Oliveira, 115 - Barão Geraldo"
108147,Vinícius Martins Alves,156,"Rua Coronel Quirino, 1147 - Cambuí"
108148,Guilherme Gomes Gomes,189,"Rua Coronel Quirino, 1243 - Cambuí"
108149,Gabriel Nascimento Fernandes,155,"Avenida Albino José Barbosa de Oliveira, 1079 - Barão Geraldo"
108150,Giovanna Nascimento Bellini,171,"Avenida Heitor Penteado, 2008 - Taquaral"
108151,Guilherme Silva Vieira,150,"Rua Maria Monteiro, 416 - Cambuí"
108152,Guilherme Campos Cruz,153,"Rua Coronel Quirino, 1858 - Cambuí"
108153,Livia Melo Campos,195,"Avenida Albino José Barbosa de Oliveira, 2040 - Barão Geraldo"
108154,Victor Bellini Campos,198,"Avenida Heitor Penteado, 2299 - Taquaral"
108155,Gabriel Silva Silva,201,"Rua Maria Monteiro, 1474 - Cambuí"
108156,Victor Ferreira Nascimento,199,"Avenida Albino José Barbosa de Oliveira, 2811 - Barão Geraldo"
108157,Gabriel Melo Silva,192,"Avenida Albino José Barbosa de Oliveira, 3291 - Barão Geraldo"
108158,Maria Silva Paschoalino,178,"Avenida Heitor Penteado, 2109 - Taquaral"
108159,Samuel Matos Oliveira,170,"Avenida Heitor Penteado, 201 - Taquaral"
108160,Eduardo Bellini Medeiros,175,"Avenida Albino José Barbosa de Oliveira, 2344 - Barão Geraldo"
108161,Victor Fernandes Queiroz,163,"Avenida Heitor Penteado, 1549 - Taquaral"
108162,Maria Almeida Campos,158,"Avenida Albino José Barbosa de Oliveira, 733 - Barão Geraldo"
108163,Thiago Amorim Santana,196,"Rua Maria Monteiro, 1148 - Cambuí"
108164,Victor Matos Ribeiro,161,"Rua Maria Monteiro, 1086 - Cambuí"
108165,Samuel Melo Silva,191,"Avenida Albino José Barbosa de Oliveira, 1153 - Barão Geraldo"
108166,Daniel Bellini Oliveira,200,"Avenida Heitor Penteado, 2460 - Taquaral"
108167,Daniel Paschoalino Melo,200,"Rua Maria Monteiro, 224 - Cambuí"
108168,Miguel Almeida Medeiros,155,"Rua Maria Monteiro, 801 - Cambuí"
108169,Larissa Oliveira Cruz,169,"Avenida Heitor Penteado, 1276 - Taquaral"
108170,Pedro Medeiros Amorim,173,"Avenida Heitor Penteado, 899 - Taquaral"
108171,Henrique Nascimento Queiroz,176,"Rua Maria Monteiro, 1415 - Cambuí"
108172,João Santana Nascimento,187,"Rua Maria Monteiro, 282 - Cambuí"
108173,Rafael Gomes Alves,157,"Rua Coronel Quirino, 1180 - Cambuí"
108174,Henrique Amorim Melo,150,"Rua Coronel Quirino, 1710 - Cambuí"
108175,Eduardo Almeida Medeiros,203,"Rua Coronel Quirino, 463 - Cambuí"
108176,Gabriel Paschoalino Medeiros,198,"Avenida Albino José Barbosa de Oliveira, 585 - Barão Geraldo"
108177,Guilherme Silva Melo,198,"Avenida Heitor Penteado, 2164 - Taquaral"
108178,Maria Nascimento Martins,173,"Avenida Albino José Barbosa de Oliveira, 335 - Barão Geraldo"
108179,Clara Almeida Campos,196,"Avenida Albino José Barbosa de Oliveira, 2512 - Barão Geraldo"
108180,Gabriel Melo Medeiros,156,"Rua Maria Monteiro, 858 - Cambuí"
108181,André Almeida Alves,168,"Rua Maria Monteiro, 545 - Cambuí"
108182,Daniel Almeida Cruz,171,"Rua Coronel Quirino, 804 - Cambuí"
108183,Felipe Ferreira Fernandes,204,"Rua Coronel Quirino, 442 - Cambuí"
108184,Livia Alves Queiroz,184,"Avenida Heitor Penteado, 2276 - Taquaral"
108185,Larissa Campos Martins,179,"Avenida Albino José Barbosa de Oliveira, 49 - Barão Geraldo"
108186,Felipe Fernandes Melo,178,"Avenida Albino José Barbosa de Oliveira, 932 - Barão Geraldo"
108187,Henrique Ribeiro Amorim,171,"Rua Maria Monteiro, 48 - Cambuí"
108188,André Matos Gomes,160,"Rua Coronel Quirino, 1332 - Cambuí"
108189,Clara Melo Campos,169,"Avenida Albino José Barbosa de Oliveira, 3113 - Barão Geraldo"
108190,Felipe Vieira Silva,178,"Avenida Heitor Penteado, 933 - Taquaral"
108191,Larissa Alves Matos,200,"Avenida Heitor Penteado, 649 - Taquaral"
108192,Guilherme Santana Silva,190,"Rua Maria Monteiro, 163 - Cambuí"
108193,Larissa Fernandes Martins,191,"Rua Coronel Quirino, 165 - Cambuí"
108194,Livia Bellini Vieira,183,"Rua Maria Monteiro, 1168 - Cambuí"
108195,Clara Bellini Matos,150,"Avenida Albino José Barbosa de Oliveira, 3420 - Barão Geraldo"
108196,Sofia Alves Medeiros,180,"Avenida Albino José Barbosa de Oliveira, 30 - Barão Geraldo"
108197,Felipe Nascimento Oliveira,179,"Rua Coronel Quirino, 894 - Cambuí"
108198,Felipe Gomes Oliveira,197,"Avenida Albino José Barbosa de Oliveira, 347 - Barão Geraldo"
108199,Yasmin Almeida Medeiros,167,"Avenida Albino José Barbosa de Oliveira, 3352 - Barão Geraldo"
108200,Gabriel Santana Nascimento,204,"Avenida Heitor Penteado, 1916 - Taquaral"
108201,Miguel Nascimento Oliveira,166,"Avenida Heitor Penteado, 2020 - Taquaral"
108202,Giovanna Gomes Santana,187,"Rua Maria Monteiro, 1305 - Cambuí"
108203,Rafael Cruz Paschoalino,163,"Avenida Albino José Barbosa de Oliveira, 1502 - Barão Geraldo"
108204,Guilherme Bellini Ferreira,172,"Rua Maria Monteiro, 898 - Cambuí"
108205,Larissa Melo Gomes,174,"Avenida Albino José Barbosa de Oliveira, 2835 - Barão Geraldo"
108206,Samuel Martins Matos,164,"Avenida Albino José Barbosa de Oliveira, 946 - Barão Geraldo"
108207,André Medeiros Matos,195,"Rua Maria Monteiro, 752 - Cambuí"
108208,Rafael Fernandes Almeida,171,"Rua Maria Monteiro, 833 - Cambuí"
108209,Victor Silva Martins,152,"Avenida Albino José Barbosa de Oliveira, 1735 - Barão Geraldo"
108210,Victor Medeiros Almeida,204,"Rua Coronel Quirino, 239 - Cambuí"
108211,Rafael Vieira Ribeiro,168,"Rua Coronel Quirino, 1826 - Cambuí"
108212,Yasmin Amorim Ferreira,193,"Avenida Albino José Barbosa de Oliveira, 1557 - Barão Geraldo"
108213,Guilherme Vieira Ferreira,183,"Rua Coronel Quirino, 600 - Cambuí"
108214,Giovanna Santana Medeiros,184,"Rua Coronel Quirino, 1463 - Cambuí"
108215,Guilherme Santana Fernandes,199,"Rua Coronel Quirino, 305 - Cambuí"
108216,Beatriz Almeida Bellini,150,"Rua Maria Monteiro, 1356 - Cambuí"
108217,Sofia Alves Medeiros,201,"Rua Maria Monteiro, 1221 - Cambuí"
108218,Erik Oliveira Matos,170,"Avenida Heitor Penteado, 841 - Taquaral"
108219,Vinícius Silva Gomes,178,"Rua Maria Monteiro, 610 - Cambuí"
108220,Livia Fernandes Oliveira,155,"Rua Coronel Quirino, 733 - Cambuí"
108221,Miguel Fernandes Oliveira,186,"Rua Maria Monteiro, 702 - Cambuí"
108222,Felipe Santana Almeida,150,"Avenida Albino José Barbosa de Oliveira, 1709 - Barão Geraldo"
108223,Samuel Almeida Campos,200,"Avenida Heitor Penteado, 978 - Taquaral"
108224,Gabriel Paschoalino Almeida,150,"Avenida Albino José Barbosa de Oliveira, 920 - Barão Geraldo"
108225,André Almeida Fernandes,176,"Avenida Heitor Penteado, 2717 - Taquaral"
108226,Livia Melo Cruz,170,"Avenida Albino José Barbosa de Oliveira, 1978 - Barão Geraldo"
108227,Felipe Santana Paschoalino,202,"Avenida Heitor Penteado, 916 - Taquaral"
108228,Gabriel Paschoalino Bellini,165,"Avenida Albino José Barbosa de Oliveira, 2418 - Barão Geraldo"
108229,Felipe Silva Gomes,193,"Avenida Heitor Penteado, 2887 - Taquaral"
108230,Miguel Ferreira Vieira,203,"Rua Maria Monteiro, 1141 - Cambuí"
108231,Thiago Cruz Gomes,189,"Avenida Heitor Penteado, 1615 - Taquaral"
108232,Miguel Alves Paschoalino,175,"Rua Coronel Quirino, 1099 - Cambuí"
108233,Miguel Gomes Almeida,165,"Avenida Heitor Penteado, 388 - Taquaral"
108234,Pedro Campos Campos,177,"Avenida Albino José Barbosa de Oliveira, 1773 - Barão Geraldo"
108235,João Fernandes Bellini,150,"Avenida Albino José Barbosa de Oliveira, 2665 - Barão Geraldo"
108236,Thiago Medeiros Oliveira,185,"Rua Coronel Quirino, 901 - Cambuí"
108237,Giovanna Ribeiro Alves,159,"Avenida Heitor Penteado, 82 - Taquaral"
108238,Felipe Medeiros Vieira,192,"Rua Coronel Quirino, 1673 - Cambuí"
108239,Erik Bellini Melo,166,"Avenida Albino José Barbosa de Oliveira, 3459 - Barão Geraldo"
108240,Sofia Silva Amorim,172,"Avenida Heitor Penteado, 1601 - Taquaral"
108241,Erik Bellini Paschoalino,156,"Avenida Albino José Barbosa de Oliveira, 2643 - Barão Geraldo"
108242,Felipe Silva Almeida,193,"Rua Maria Monteiro, 210 - Cambuí"
108243,Beatriz Almeida Matos,202,"Avenida Albino José Barbosa de Oliveira, 3134 - Barão Geraldo"
108244,Guilherme Ferreira Vieira,156,"Avenida Albino José Barbosa de Oliveira, 585 - Barão Geraldo"
108245,Victor Paschoalino Vieira,193,"Rua Maria Monteiro, 14 - Cambuí"
108246,Miguel Oliveira Oliveira,164,"Rua Coronel Quirino, 812 - Cambuí"
108247,Yasmin Almeida Nascimento,183,"Rua Maria Monteiro, 841 - Cambuí"
108248,Beatriz Alves Medeiros,195,"Avenida Albino José Barbosa de Oliveira, 3463 - Barão Geraldo"
108249,Miguel Gomes Silva,194,"Avenida Albino José Barbosa de Oliveira, 3498 - Barão Geraldo"
108250,Yasmin Matos Ferreira,153,"Avenida Heitor Penteado, 142 - Taquaral"
108251,Thiago Cruz Amorim,163,"Avenida Heitor Penteado, 501 - Taquaral"
108252,Rafael Ribeiro Amorim,163,"Avenida Albino José Barbosa de Oliveira, 1606 - Barão Geraldo"
108253,Henrique Silva Gomes,165,"Avenida Heitor Penteado, 2606 - Taquaral"
108254,Daniel Campos Campos,156,"Avenida Heitor Penteado, 1159 - Taquaral"
108255,Erik Silva Medeiros,181,"Avenida Heitor Penteado, 1613 - Taquaral"
108256,Livia Alves Ribeiro,168,"Avenida Albino José Barbosa de Oliveira, 2721 - Barão Geraldo"
108257,Sofia Bellini Matos,151,"Rua Coronel Quirino, 501 - Cambuí"
108258,Miguel Almeida Amorim,159,"Avenida Albino José Barbosa de Oliveira, 1426 - Barão Geraldo"
108259,Rafael Almeida Fernandes,199,"Avenida Heitor Penteado, 684 - Taquaral"
108260,Samuel Vieira Oliveira,166,"Rua Maria Monteiro, 17 - Cambuí"
108261,Eduardo Fernandes Campos,186,"Avenida Heitor Penteado, 339 - Taquaral"
108262,Beatriz Melo Fernandes,161,"Rua Maria Monteiro, 795 - Cambuí"
108263,Livia Martins Matos,155,"Avenida Albino José Barbosa de Oliveira, 941 - Barão Geraldo"
108264,Guilherme Silva Queiroz,171,"Avenida Heitor Penteado, 1552 - Taquaral"
108265,Thiago Almeida Bellini,181,"Avenida Heitor Penteado, 1044 - Taquaral"
108266,Pedro Bellini Ribeiro,190,"Avenida Heitor Penteado, 2969 - Taquaral"
108267,Felipe Ferreira Melo,169,"Avenida Albino José Barbosa de Oliveira, 481 - Barão Geraldo"
108268,Clara Oliveira Cruz,150,"Avenida Albino José Barbosa de Oliveira, 1220 - Barão Geraldo"
108269,Eduardo Vieira Vieira,203,"Avenida Heitor Penteado, 273 - Taquaral"
108270,Beatriz Cruz Queiroz,196,"Avenida Heitor Penteado, 2387 - Taquaral"
108271,Miguel Queiroz Medeiros,202,"Avenida Heitor Penteado, 72 - Taquaral"
108272,Gabriel Alves Matos,155,"Avenida Albino José Barbosa de Oliveira, 213 - Barão Geraldo"
108273,Maria Campos Medeiros,168,"Rua Maria Monteiro, 883 - Cambuí"
108274,Yasmin Vieira Ferreira,167,"Avenida Albino José Barbosa de Oliveira, 1259 - Barão Geraldo"
108275,Beatriz Amorim Nascimento,155,"Avenida Heitor Penteado, 1300 - Taquaral"
108276,Larissa Medeiros Ribeiro,194,"Avenida Heitor Penteado, 563 - Taquaral"
108277,Gabriel Campos Almeida,182,"Avenida Heitor Penteado, 2440 - Taquaral"
108278,João Cruz Melo,172,"Avenida Heitor Penteado, 1700 - Taquaral"
108279,Vinícius Campos Silva,172,"Avenida Albino José Barbosa de Oliveira, 165 - Barão Geraldo"
108280,Larissa Alves Oliveira,175,"Avenida Albino José Barbosa de Oliveira, 2326 - Barão Geraldo"
108281,Vinícius Fernandes Cruz,162,"Avenida Albino José Barbosa de Oliveira, 1079 - Barão Geraldo"
108282,Pedro Cruz Oliveira,156,"Avenida Heitor Penteado, 2651 - Taquaral"
108283,Erik Almeida Amorim,164,"Avenida Albino José Barbosa de Oliveira, 1091 - Barão Geraldo"
108284,Livia Silva Bellini,193,"Avenida Albino José Barbosa de Oliveira, 2733 - Barão Geraldo"
108285,Gabriel Matos Ferreira,176,"Avenida Heitor Penteado, 178 - Taquaral"
108286,Erik Oliveira Paschoalino,175,"Rua Maria Monteiro, 866 - Cambuí"
108287,João Nascimento Almeida,182,"Rua Coronel Quirino, 705 - Cambuí"
108288,Eduardo Cruz Martins,164,"Rua Coronel Quirino, 221 - Cambuí"
108289,Erik Martins Fernandes,185,"Avenida Heitor Penteado, 695 - Taquaral"
108290,Yasmin Silva Melo,194,"Rua Coronel Quirino, 447 - Cambuí"
108291,Rafael Martins Santana,204,"Avenida Heitor Penteado, 838 - Taquaral"
108292,Felipe Paschoalino Matos,176,"Avenida Albino José Barbosa de Oliveira, 780 - Barão Geraldo"
108293,Felipe Santana Nascimento,154,"Avenida Heitor Penteado, 1853 - Taquaral"
108294,Guilherme Nascimento Ferreira,151,"Avenida Heitor Penteado, 774 - Taquaral"
108295,André Nascimento Queiroz,204,"Avenida Albino José Barbosa de Oliveira, 2369 - Barão Geraldo"
108296,Samuel Amorim Queiroz,182,"Avenida Heitor Penteado, 293 - Taquaral"
108297,Vinícius Melo Fernandes,165,"Avenida Heitor Penteado, 1099 - Taquaral"
108298,André Silva Ferreira,172,"Avenida Albino José Barbosa de Oliveira, 404 - Barão Geraldo"
108299,André Oliveira Paschoalino,187,"Avenida Heitor Penteado, 1849 - Taquaral"
108300,João Campos Martins,204,"Avenida Albino José Barbosa de Oliveira, 1447 - Barão Geraldo"
108301,Samuel Alves Vieira,165,"Avenida Albino José Barbosa de Oliveira, 2281 - Barão Geraldo"
108302,Vinícius Fernandes Santana,163,"Rua Maria Monteiro, 922 - Cambuí"
108303,Yasmin Ferreira Amorim,178,"Rua Maria Monteiro, 442 - Cambuí"
108304,Giovanna Campos Oliveira,175,"Avenida Albino José Barbosa de Oliveira, 2543 - Barão Geraldo"
108305,Livia Gomes Ribeiro,184,"Avenida Albino José Barbosa de Oliveira, 117 - Barão Geraldo"
108306,Yasmin Santana Oliveira,164,"Avenida Albino José Barbosa de Oliveira, 3292 - Barão Geraldo"
108307,Vinícius Fernandes Gomes,152,"Avenida Albino José Barbosa de Oliveira, 2679 - Barão Geraldo"
108308,Gabriel Silva Oliveira,172,"Avenida Albino José Barbosa de Oliveira, 1787 - Barão Geraldo"
108309,Miguel Amorim Amorim,178,"Rua Maria Monteiro, 134 - Cambuí"
108310,Henrique Oliveira Oliveira,183,"Avenida Heitor Penteado, 1592 - Taquaral"
108311,João Melo Almeida,182,"Avenida Heitor Penteado, 1974 - Taquaral"
108312,André Gomes Vieira,190,"Avenida Heitor Penteado, 1908 - Taquaral"
108313,Livia Alves Matos,190,"Avenida Albino José Barbosa de Oliveira, 1576 - Barão Geraldo"
108314,Clara Almeida Campos,172,"Rua Coronel Quirino, 1941 - Cambuí"
108315,Eduardo Paschoalino Ribeiro,156,"Rua Coronel Quirino, 1987 - Cambuí"
108316,João Melo Oliveira,152,"Avenida Heitor Penteado, 2797 - Taquaral"
108317,Eduardo Melo Nascimento,181,"Rua Coronel Quirino, 607 - Cambuí"
108318,Daniel Vieira Fernandes,180,"Avenida Albino José Barbosa de Oliveira, 1468 - Barão Geraldo"
108319,Maria Santana Medeiros,167,"Avenida Heitor Penteado, 2386 - Taquaral"
108320,Eduardo Melo Fernandes,192,"Avenida Albino José Barbosa de Oliveira, 2117 - Barão Geraldo"
108321,Henrique Melo Martins,156,"Avenida Heitor Penteado, 43 - Taquaral"
108322,Gabriel Gomes Bellini,190,"Rua Coronel Quirino, 1387 - Cambuí"
108323,Miguel Almeida Ribeiro,150,"Avenida Heitor Penteado, 1037 - Taquaral"
108324,Maria Oliveira Campos,163,"Rua Maria Monteiro, 670 - Cambuí"
108325,Thiago Nascimento Oliveira,201,"Avenida Albino José Barbosa de Oliveira, 587 - Barão Geraldo"
108326,Beatriz Gomes Martins,181,"Rua Maria Monteiro, 390 - Cambuí"
108327,Clara Fernandes Silva,155,"Avenida Albino José Barbosa de Oliveira, 1391 - Barão Geraldo"
108328,Vinícius Queiroz Paschoalino,188,"Avenida Albino José Barbosa de Oliveira, 2208 - Barão Geraldo"
108329,Rafael Matos Fernandes,159,"Rua Maria Monteiro, 724 - Cambuí"
108330,Daniel Santana Santana,156,"Rua Maria Monteiro, 1248 - Cambuí"
108331,Thiago Cruz Bellini,175,"Rua Coronel Quirino, 498 - Cambuí"
108332,Rafael Matos Medeiros,183,"Rua Coronel Quirino, 1101 - Cambuí"
108333,Beatriz Silva Melo,179,"Rua Maria Monteiro, 1513 - Cambuí"
108334,Sofia Bellini Oliveira,185,"Avenida Albino José Barbosa de Oliveira, 3335 - Barão Geraldo"
108335,Clara Ribeiro Vieira,170,"Rua Maria Monteiro, 1161 - Cambuí"
108336,Erik Almeida Cruz,166,"Avenida Albino José Barbosa de Oliveira, 86 - Barão Geraldo"
108337,Erik Vieira Alves,182,"Rua Coronel Quirino, 1405 - Cambuí"
108338,Thiago Nascimento Queiroz,159,"Avenida Heitor Penteado, 1655 - Taquaral"
108339,Yasmin Cruz Alves,200,"Avenida Albino José Barbosa de Oliveira, 2861 - Barão Geraldo"
108340,Sofia Almeida Gomes,196,"Avenida Albino José Barbosa de Oliveira, 2392 - Barão Geraldo"
108341,Sofia Gomes Matos,191,"Avenida Albino José Barbosa de Oliveira, 3018 - Barão Geraldo"
108342,Pedro Martins Nascimento,200,"Rua Coronel Quirino, 126 - Cambuí"
108343,André Cruz Melo,161,"Avenida Heitor Penteado, 2380 - Taquaral"
108344,Daniel Queiroz Fernandes,165,"Avenida Heitor Penteado, 2475 - Taquaral"
108345,Giovanna Matos Matos,190,"Avenida Heitor Penteado, 1211 - Taquaral"
108346,Beatriz Martins Nascimento,181,"Avenida Heitor Penteado, 2904 - Taquaral"
108347,Guilherme Almeida Paschoalino,164,"Avenida Heitor Penteado, 1797 - Taquaral"
108348,Beatriz Martins Oliveira,176,"Avenida Albino José Barbosa de Oliveira, 1277 - Barão Geraldo"
108349,Victor Queiroz Amorim,177,"Rua Coronel Quirino, 1735 - Cambuí"
108350,Miguel Ribeiro Queiroz,166,"Avenida Heitor Penteado, 858 - Taquaral"
108351,Pedro Bellini Fernandes,195,"Avenida Albino José Barbosa de Oliveira, 1016 - Barão Geraldo"
108352,Samuel Fernandes Martins,199,"Rua Coronel Quirino, 1625 - Cambuí"
108353,Rafael Martins Nascimento,151,"Avenida Heitor Penteado, 2038 - Taquaral"
108354,Livia Nascimento Cruz,185,"Avenida Heitor Penteado, 2465 - Taquaral"
108355,Vinícius Gomes Almeida,199,"Avenida Heitor Penteado, 2316 - Taquaral"
108356,Felipe Nascimento Oliveira,156,"Avenida Heitor Penteado, 1685 - Taquaral"
108357,Daniel Campos Almeida,162,"Rua Maria Monteiro, 1476 - Cambuí"
108358,Larissa Gomes Almeida,164,"Avenida Heitor Penteado, 695 - Taquaral"
108359,Erik Vieira Santana,174,"Avenida Heitor Penteado, 2013 - Taquaral"
108360,Erik Paschoalino Nascimento,172,"Rua Maria Monteiro, 1395 - Cambuí"
108361,Larissa Vieira Medeiros,171,"Avenida Albino José Barbosa de Oliveira, 2348 - Barão Geraldo"
108362,Guilherme Oliveira Campos,175,"Avenida Albino José Barbosa de Oliveira, 1347 - Barão Geraldo"
108363,Giovanna Matos Santana,182,"Avenida Heitor Penteado, 1325 - Taquaral"
108364,Daniel Nascimento Amorim,160,"Avenida Albino José Barbosa de Oliveira, 1097 - Barão Geraldo"
108365,Samuel Melo Cruz,159,"Rua Maria Monteiro, 641 - Cambuí"
108366,Clara Amorim Campos,174,"Rua Maria Monteiro, 928 - Cambuí"
108367,Miguel Almeida Gomes,186,"Avenida Heitor Penteado, 625 - Taquaral"
108368,Victor Campos Campos,197,"Avenida Albino José Barbosa de Oliveira, 1585 - Barão Geraldo"
108369,Vinícius Silva Melo,192,"Avenida Albino José Barbosa de Oliveira, 2635 - Barão Geraldo"
108370,Larissa Queiroz Cruz,202,"Avenida Albino José Barbosa de Oliveira, 146 - Barão Geraldo"
108371,Rafael Oliveira Queiroz,187,"Avenida Heitor Penteado, 2398 - Taquaral"
108372,Larissa Santana Cruz,190,"Rua Coronel Quirino, 1722 - Cambuí"
108373,Thiago Matos Paschoalino,194,"Rua Maria Monteiro, 1404 - Cambuí"
108374,Beatriz Bellini Gomes,173,"Avenida Heitor Penteado, 983 - Taquaral"
108375,Maria Gomes Paschoalino,189,"Avenida Heitor Penteado, 1818 - Taquaral"
108376,Thiago Oliveira Paschoalino,195,"Avenida Heitor Penteado, 1904 - Taquaral"
108377,Beatriz Paschoalino Alves,182,"Rua Maria Monteiro, 147 - Cambuí"
108378,Felipe Oliveira Matos,166,"Rua Maria Monteiro, 1086 - Cambuí"
108379,Henrique Santana Matos,173,"Avenida Heitor Penteado, 1186 - Taquaral"
108380,Livia Santana Cruz,186,"Rua Maria Monteiro, 715 - Cambuí"
108381,André Fernandes Ribeiro,151,"Avenida Albino José Barbosa de Oliveira, 2941 - Barão Geraldo"
108382,Beatriz Fernandes Oliveira,181,"Rua Coronel Quirino, 1635 - Cambuí"
108383,Giovanna Bellini Queiroz,173,"Avenida Albino José Barbosa de Oliveira, 1705 - Barão Geraldo"
108384,Gabriel Matos Paschoalino,158,"Rua Maria Monteiro, 232 - Cambuí"
108385,João Matos Oliveira,153,"Avenida Albino José Barbosa de Oliveira, 1899 - Barão Geraldo"
108386,Maria Campos Oliveira,166,"Avenida Heitor Penteado, 113 - Taquaral"
108387,Yasmin Melo Campos,166,"Avenida Heitor Penteado, 1055 - Taquaral"
108388,Beatriz Medeiros Ferreira,202,"Avenida Heitor Penteado, 947 - Taquaral"
108389,Livia Matos Gomes,199,"Avenida Albino José Barbosa de Oliveira, 1288 - Barão Geraldo"
108390,Erik Ferreira Gomes,197,"Rua Coronel Quirino, 1789 - Cambuí"
108391,Gabriel Bellini Oliveira,179,"Avenida Heitor Penteado, 1720 - Taquaral"
108392,Sofia Santana Queiroz,189,"Avenida Heitor Penteado, 804 - Taquaral"
108393,Vinícius Martins Santana,160,"Rua Maria Monteiro, 821 - Cambuí"
108394,Felipe Amorim Gomes,170,"Avenida Albino José Barbosa de Oliveira, 2436 - Barão Geraldo"
108395,Thiago Vieira Queiroz,170,"Rua Coronel Quirino, 924 - Cambuí"
108396,Henrique Ribeiro Cruz,167,"Rua Coronel Quirino, 1404 - Cambuí"
108397,Rafael Matos Martins,204,"Avenida Albino José Barbosa de Oliveira, 66 - Barão Geraldo"
108398,Erik Martins Ferreira,178,"Avenida Albino José Barbosa de Oliveira, 925 - Barão Geraldo"
108399,Daniel Bellini Gomes,173,"Avenida Albino José Barbosa de Oliveira, 195 - Barão Geraldo"
108400,Sofia Nascimento Cruz,159,"Rua Coronel Quirino, 1220 - Cambuí"
108401,André Vieira Santana,194,"Avenida Albino José Barbosa de Oliveira, 1951 - Barão Geraldo"
108402,Eduardo Queiroz Oliveira,166,"Avenida Albino José Barbosa de Oliveira, 1667 - Barão Geraldo"
108403,Felipe Bellini Campos,167,"Avenida Heitor Penteado, 50 - Taquaral"
108404,Eduardo Cruz Matos,191,"Avenida Albino José Barbosa de Oliveira, 2786 - Barão Geraldo"
108405,Samuel Bellini Alves,197,"Avenida Heitor Penteado, 2091 - Taquaral"
108406,Erik Ferreira Campos,169,"Avenida Albino José Barbosa de Oliveira, 3086 - Barão Geraldo"
108407,Thiago Vieira Queiroz,186,"Avenida Albino José Barbosa de Oliveira, 1162 - Barão Geraldo"
108408,Pedro Fernandes Paschoalino,194,"Avenida Heitor Penteado, 2941 - Taquaral"
108409,Livia Amorim Amorim,167,"Rua Maria Monteiro, 895 - Cambuí"
108410,Livia Cruz Ribeiro,166,"Rua Coronel Quirino, 520 - Cambuí"
108411,Beatriz Gomes Ribeiro,158,"Avenida Heitor Penteado, 149 - Taquaral"
108412,Thiago Alves Melo,163,"Avenida Albino José Barbosa de Oliveira, 901 - Barão Geraldo"
108413,Erik Paschoalino Ribeiro,198,"Avenida Heitor Penteado, 330 - Taquaral"
108414,Sofia Queiroz Cruz,178,"Avenida Heitor Penteado, 2834 - Taquaral"
108415,Rafael Silva Bellini,180,"Rua Maria Monteiro, 399 - Cambuí"
108416,Clara Campos Almeida,153,"Avenida Heitor Penteado, 631 - Taquaral"
108417,Miguel Campos Ferreira,167,"Avenida Albino José Barbosa de Oliveira, 2140 - Barão Geraldo"
108418,Maria Cruz Ferreira,169,"Avenida Albino José Barbosa de Oliveira, 1261 - Barão Geraldo"
108419,Samuel Cruz Alves,196,"Avenida Heitor Penteado, 2672 - Taquaral"
108420,Victor Gomes Melo,192,"Rua Maria Monteiro, 1599 - Cambuí"
108421,Sofia Ribeiro Bellini,193,"Avenida Albino José Barbosa de Oliveira, 1145 - Barão Geraldo"
108422,Sofia Nascimento Alves,158,"Avenida Albino José Barbosa de Oliveira, 2690 - Barão Geraldo"
108423,Yasmin Amorim Oliveira,162,"Rua Coronel Quirino, 686 - Cambuí"
108424,Thiago Paschoalino Almeida,164,"Avenida Heitor Penteado, 1054 - Taquaral"
108425,Larissa Martins Martins,176,"Avenida Albino José Barbosa de Oliveira, 2981 - Barão Geraldo"
108426,João Martins Matos,164,"Avenida Heitor Penteado, 2307 - Taquaral"
108427,Livia Oliveira Campos,177,"Avenida Albino José Barbosa de Oliveira, 2283 - Barão Geraldo"
108428,João Melo Cruz,186,"Rua Maria Monteiro, 488 - Cambuí"
108429,Eduardo Fernandes Ferreira,204,"Avenida Albino José Barbosa de Oliveira, 2668 - Barão Geraldo"
108430,Felipe Nascimento Campos,168,"Rua Maria Monteiro, 1311 - Cambuí"
108431,Samuel Melo Melo,175,"Avenida Heitor Penteado, 2296 - Taquaral"
108432,Erik Fernandes Fernandes,201,"Rua Coronel Quirino, 807 - Cambuí"
108433,Gabriel Campos Silva,175,"Rua Maria Monteiro, 757 - Cambuí"
108434,Yasmin Gomes Ribeiro,174,"Avenida Albino José Barbosa de Oliveira, 149 - Barão Geraldo"
108435,Rafael Paschoalino Ferreira,175,"Rua Maria Monteiro, 419 - Cambuí"
108436,Thiago Nascimento Almeida,175,"Avenida Heitor Penteado, 269 - Taquaral"
108437,Victor Campos Paschoalino,195,"Avenida Heitor Penteado, 2679 - Taquaral"
108438,Miguel Silva Ribeiro,177,"Rua Maria Monteiro, 1041 - Cambuí"
108439,Pedro Almeida Campos,198,"Avenida Heitor Penteado, 2983 - Taquaral"
108440,Maria Gomes Melo,167,"Avenida Heitor Penteado, 1663 - Taquaral"
108441,Guilherme Vieira Ferreira,181,"Rua Maria Monteiro, 1056 - Cambuí"
108442,Victor Campos Martins,202,"Avenida Heitor Penteado, 2458 - Taquaral"
108443,Pedro Paschoalino Matos,152,"Rua Coronel Quirino, 427 - Cambuí"
108444,André Matos Campos,151,"Avenida Heitor Penteado, 2183 - Taquaral"
108445,Miguel Nascimento Amorim,182,"Avenida Albino José Barbosa de Oliveira, 25 - Barão Geraldo"
108446,Giovanna Matos Alves,191,"Avenida Heitor Penteado, 1026 - Taquaral"
108447,Yasmin Campos Melo,168,"Avenida Albino José Barbosa de Oliveira, 1719 - Barão Geraldo"
108448,Guilherme Martins Silva,166,"Avenida Heitor Penteado, 721 - Taquaral"
108449,Clara Queiroz Santana,193,"Avenida Albino José Barbosa de Oliveira, 1829 - Barão Geraldo"
108450,Vinícius Queiroz Nascimento,182,"Avenida Albino José Barbosa de Oliveira, 2474 - Barão Geraldo"
108451,Daniel Gomes Ferreira,161,"Avenida Albino José Barbosa de Oliveira, 2607 - Barão Geraldo"
108452,Gabriel Nascimento Ferreira,198,"Avenida Albino José Barbosa de Oliveira, 3109 - Barão Geraldo"
108453,Samuel Ribeiro Fernandes,152,"Rua Maria Monteiro, 386 - Cambuí"
108454,Felipe Martins Melo,192,"Avenida Heitor Penteado, 1131 - Taquaral"
108455,Sofia Matos Cruz,198,"Avenida Heitor Penteado, 1033 - Taquaral"
108456,Livia Nascimento Melo,204,"Avenida Albino José Barbosa de Oliveira, 1013 - Barão Geraldo"
108457,Sofia Paschoalino Silva,175,"Avenida Heitor Penteado, 1005 - Taquaral"
108458,Guilherme Fernandes Paschoalino,184,"Rua Maria Monteiro, 908 - Cambuí"
108459,Vinícius Oliveira Ribeiro,157,"Rua Coronel Quirino, 1767 - Cambuí"
108460,Samuel Martins Paschoalino,201,"Avenida Albino José Barbosa de Oliveira, 416 - Barão Geraldo"
108461,Henrique Oliveira Cruz,185,"Avenida Albino José Barbosa de Oliveira, 1405 - Barão Geraldo"
108462,Beatriz Oliveira Martins,202,"Avenida Heitor Penteado, 956 - Taquaral"
108463,Eduardo Ferreira Medeiros,203,"Rua Coronel Quirino, 1120 - Cambuí"
108464,Livia Martins Nascimento,156,"Avenida Albino José Barbosa de Oliveira, 274 - Barão Geraldo"
108465,Sofia Campos Medeiros,195,"Avenida Albino José Barbosa de Oliveira, 1589 - Barão Geraldo"
108466,André Matos Oliveira,195,"Avenida Heitor Penteado, 356 - Taquaral"
108467,Giovanna Matos Silva,185,"Avenida Heitor Penteado, 626 - Taquaral"
108468,João Queiroz Cruz,165,"Avenida Albino José Barbosa de Oliveira, 1055 - Barão Geraldo"
108469,Gabriel Paschoalino Matos,173,"Avenida Heitor Penteado, 440 - Taquaral"
108470,Sofia Melo Matos,203,"Rua Maria Monteiro, 1160 - Cambuí"
108471,Felipe Medeiros Fernandes,150,"Rua Coronel Quirino, 362 - Cambuí"
108472,Pedro Nascimento Matos,198,"Avenida Heitor Penteado, 1269 - Taquaral"
108473,Sofia Bellini Campos,174,"Avenida Albino José Barbosa de Oliveira, 1659 - Barão Geraldo"
108474,Vinícius Amorim Silva,159,"Rua Maria Monteiro, 928 - Cambuí"
108475,Thiago Cruz Matos,203,"Avenida Albino José Barbosa de Oliveira, 2887 - Barão Geraldo"
108476,João Gomes Bellini,165,"Rua Coronel Quirino, 1997 - Cambuí"
108477,André Almeida Ferreira,165,"Rua Maria Monteiro, 935 - Cambuí"
108478,João Paschoalino Medeiros,157,"Avenida Heitor Penteado, 113 - Taquaral"
108479,André Santana Medeiros,178,"Avenida Albino José Barbosa de Oliveira, 3115 - Barão Geraldo"
108480,Yasmin Alves Martins,188,"Rua Coronel Quirino, 1411 - Cambuí"
108481,Yasmin Martins Cruz,177,"Rua Maria Monteiro, 844 - Cambuí"
108482,Victor Campos Alves,155,"Avenida Albino José Barbosa de Oliveira, 1757 - Barão Geraldo"
108483,Rafael Santana Paschoalino,165,"Avenida Heitor Penteado, 1205 - Taquaral"
108484,João Martins Nascimento,169,"Rua Coronel Quirino, 1315 - Cambuí"
108485,Daniel Matos Silva,165,"Avenida Albino José Barbosa de Oliveira, 2649 - Barão Geraldo"
108486,Victor Santana Ferreira,156,"Rua Coronel Quirino, 928 - Cambuí"
108487,Sofia Nascimento Gomes,190,"Avenida Albino José Barbosa de Oliveira, 2776 - Barão Geraldo"
108488,Miguel Melo Medeiros,163,"Rua Coronel Quirino, 1618 - Cambuí"
108489,Samuel Amorim Paschoalino,192,"Avenida Heitor Penteado, 360 - Taquaral"
108490,Rafael Cruz Queiroz,175,"Avenida Albino José Barbosa de Oliveira, 1458 - Barão Geraldo"
108491,Pedro Oliveira Gomes,175,"Rua Coronel Quirino, 1086 - Cambuí"
108492,Rafael Medeiros Paschoalino,163,"Avenida Heitor Penteado, 2936 - Taquaral"
108493,Daniel Ribeiro Santana,156,"Avenida Heitor Penteado, 2315 - Taquaral"
108494,Maria Alves Cruz,182,"Rua Coronel Quirino, 794 - Cambuí"
108495,Beatriz Bellini Silva,175,"Avenida Albino José Barbosa de Oliveira, 1705 - Barão Geraldo"
108496,Guilherme Nascimento Silva,194,"Rua Maria Monteiro, 910 - Cambuí"
108497,Eduardo Campos Campos,169,"Avenida Heitor Penteado, 2227 - Taquaral"
108498,Beatriz Martins Amorim,152,"Avenida Albino José Barbosa de Oliveira, 788 - Barão Geraldo"
108499,Giovanna Fernandes Gomes,201,"Avenida Albino José Barbosa de Oliveira, 163 - Barão Geraldo"
108500,Sofia Martins Alves,153,"Avenida Heitor Penteado, 1110 - Taquaral"
108501,Erik Nascimento Medeiros,175,"Avenida Heitor Penteado, 27 - Taquaral"
108502,Livia Almeida Almeida,160,"Rua Coronel Quirino, 1805 - Cambuí"
108503,Daniel Fernandes Alves,151,"Avenida Heitor Penteado, 2633 - Taquaral"
108504,Vinícius Campos Gomes,163,"Rua Maria Monteiro, 256 - Cambuí"
108505,Pedro Almeida Fernandes,193,"Avenida Heitor Penteado, 2540 - Taquaral"
108506,Maria Oliveira Oliveira,179,"Avenida Heitor Penteado, 1640 - Taquaral"
108507,Erik Cruz Campos,198,"Rua Maria Monteiro, 489 - Cambuí"
108508,André Fernandes Bellini,161,"Avenida Heitor Penteado, 863 - Taquaral"
108509,Felipe Ribeiro Ribeiro,175,"Rua Coronel Quirino, 105 - Cambuí"
108510,Yasmin Nascimento Ferreira,193,"Rua Maria Monteiro, 632 - Cambuí"
108511,André Silva Amorim,182,"Rua Coronel Quirino, 623 - Cambuí"
108512,Guilherme Amorim Martins,162,"Rua Maria Monteiro, 905 - Cambuí"
108513,Guilherme Matos Nascimento,163,"Avenida Albino José Barbosa de Oliveira, 2109 - Barão Geraldo"
108514,Yasmin Fernandes Alves,173,"Avenida Albino José Barbosa de Oliveira, 1315 - Barão Geraldo"
108515,Vinícius Bellini Campos,183,"Avenida Heitor Penteado, 72 - Taquaral"
108516,Maria Fernandes Oliveira,193,"Avenida Albino José Barbosa de Oliveira, 3191 - Barão Geraldo"
108517,Daniel Bellini Matos,175,"Rua Coronel Quirino, 1979 - Cambuí"
108518,Gabriel Fernandes Paschoalino,170,"Rua Coronel Quirino, 1836 - Cambuí"
108519,Pedro Vieira Almeida,177,"Avenida Albino José Barbosa de Oliveira, 2568 - Barão Geraldo"
108520,Guilherme Fernandes Alves,197,"Rua Maria Monteiro, 491 - Cambuí"
108521,Felipe Cruz Oliveira,185,"Rua Coronel Quirino, 166 - Cambuí"
108522,Larissa Campos Medeiros,189,"Rua Coronel Quirino, 1726 - Cambuí"
108523,André Bellini Martins,151,"Avenida Heitor Penteado, 753 - Taquaral"
108524,Eduardo Oliveira Vieira,191,"Avenida Heitor Penteado, 280 - Taquaral"
108525,Clara Amorim Bellini,158,"Avenida Heitor Penteado, 1846 - Taquaral"
108526,Rafael Almeida Ribeiro,172,"Avenida Heitor Penteado, 1318 - Taquaral"
108527,Miguel Amorim Oliveira,164,"Avenida Heitor Penteado, 2145 - Taquaral"
108528,Maria Silva Matos,162,"Avenida Heitor Penteado, 2609 - Taquaral"
108529,Rafael Matos Bellini,172,"Rua Maria Monteiro, 32 - Cambuí"
108530,Vinícius Alves Matos,166,"Avenida Albino José Barbosa de Oliveira, 2752 - Barão Geraldo"
108531,Henrique Fernandes Matos,197,"Avenida Albino José Barbosa de Oliveira, 3222 - Barão Geraldo"
108532,Henrique Oliveira Oliveira,151,"Avenida Heitor Penteado, 252 - Taquaral"
108533,Victor Nascimento Oliveira,169,"Avenida Heitor Penteado, 1971 - Taquaral"
108534,Yasmin Alves Almeida,169,"Rua Coronel Quirino, 337 - Cambuí"
108535,Larissa Fernandes Cruz,195,"Rua Coronel Quirino, 113 - Cambuí"
108536,Livia Cruz Queiroz,152,"Rua Coronel Quirino, 2000 - Cambuí"
108537,Henrique Amorim Alves,204,"Avenida Heitor Penteado, 1681 - Taquaral"
108538,Vinícius Vieira Ferreira,161,"Avenida Albino José Barbosa de Oliveira, 2713 - Barão Geraldo"
108539,Clara Medeiros Fernandes,189,"Avenida Heitor Penteado, 334 - Taquaral"
108540,Beatriz Queiroz Ribeiro,151,"Avenida Heitor Penteado, 1672 - Taquaral"
108541,Beatriz Alves Nascimento,185,"Rua Maria Monteiro, 610 - Cambuí"
108542,Vinícius Vieira Silva,163,"Avenida Heitor Penteado, 1552 - Taquaral"
108543,Miguel Ferreira Nascimento,165,"Avenida Albino José Barbosa de Oliveira, 2886 - Barão Geraldo"
108544,Giovanna Amorim Bellini,168,"Avenida Albino José Barbosa de Oliveira, 2100 - Barão Geraldo"
108545,João Ribeiro Santana,183,"Rua Coronel Quirino, 536 - Cambuí"
108546,João Almeida Nascimento,193,"Rua Coronel Quirino, 1875 - Cambuí"
108547,Miguel Queiroz Nascimento,195,"Avenida Albino José Barbosa de Oliveira, 1354 - Barão Geraldo"
108548,Daniel Ferreira Cruz,155,"Avenida Heitor Penteado, 1492 - Taquaral"
108549,João Melo Nascimento,162,"Avenida Heitor Penteado, 78 - Taquaral"
108550,Larissa Melo Ferreira,185,"Avenida Heitor Penteado, 1109 - Taquaral"
108551,Felipe Silva Nascimento,171,"Rua Coronel Quirino, 143 - Cambuí"
108552,Vinícius Santana Medeiros,167,"Avenida Heitor Penteado, 974 - Taquaral"
108553,Henrique Bellini Amorim,161,"Avenida Albino José Barbosa de Oliveira, 3339 - Barão Geraldo"
108554,Samuel Matos Paschoalino,201,"Avenida Albino José Barbosa de Oliveira, 2500 - Barão Geraldo"
108555,Gabriel Santana Cruz,203,"Avenida Albino José Barbosa de Oliveira, 2420 - Barão Geraldo"
108556,Samuel Santana Gomes,179,"Avenida Heitor Penteado, 2983 - Taquaral"
108557,Clara Vieira Santana,202,"Rua Maria Monteiro, 1062 - Cambuí"
108558,Gabriel Ribeiro Queiroz,200,"Avenida Heitor Penteado, 2129 - Taquaral"
108559,Vinícius Oliveira Gomes,189,"Avenida Albino José Barbosa de Oliveira, 1191 - Barão Geraldo"
108560,Beatriz Queiroz Amorim,156,"Rua Coronel Quirino, 1409 - Cambuí"
108561,Samuel Matos Oliveira,181,"Rua Maria Monteiro, 868 - Cambuí"
108562,Sofia Vieira Alves,197,"Rua Coronel Quirino, 1178 - Cambuí"
108563,Erik Amorim Matos,168,"Avenida Heitor Penteado, 1376 - Taquaral"
108564,Pedro Santana Paschoalino,155,"Rua Maria Monteiro, 1531 - Cambuí"
108565,Guilherme Matos Gomes,169,"Avenida Heitor Penteado, 2319 - Taquaral"
108566,Erik Fernandes Vieira,176,"Rua Coronel Quirino, 1354 - Cambuí"
108567,Henrique Oliveira Cruz,202,"Rua Maria Monteiro, 333 - Cambuí"
108568,Miguel Nascimento Gomes,192,"Avenida Albino José Barbosa de Oliveira, 100 - Barão Geraldo"
108569,Henrique Santana Fernandes,186,"Avenida Albino José Barbosa de Oliveira, 1215 - Barão Geraldo"
108570,Thiago Bellini Amorim,197,"Rua Maria Monteiro, 1415 - Cambuí"
108571,Samuel Medeiros Cruz,156,"Rua Maria Monteiro, 414 - Cambuí"
108572,Samuel Melo Cruz,154,"Avenida Heitor Penteado, 1363 - Taquaral"
108573,João Gomes Amorim,160,"Avenida Heitor Penteado, 177 - Taquaral"
108574,Felipe Nascimento Silva,164,"Avenida Heitor Penteado, 1413 - Taquaral"
108575,Livia Amorim Vieira,152,"Avenida Heitor Penteado, 2291 - Taquaral"
108576,Thiago Amorim Ferreira,154,"Avenida Heitor Penteado, 1032 - Taquaral"
108577,Thiago Martins Oliveira,172,"Rua Coronel Quirino, 1412 - Cambuí"
108578,Victor Martins Melo,202,"Rua Coronel Quirino, 813 - Cambuí"
108579,Clara Nascimento Bellini,186,"Avenida Heitor Penteado, 1820 - Taquaral"
108580,Felipe Martins Almeida,158,"Avenida Albino José Barbosa de Oliveira, 2661 - Barão Geraldo"
108581,Victor Campos Melo,164,"Avenida Albino José Barbosa de Oliveira, 457 - Barão Geraldo"
108582,Giovanna Martins Ribeiro,152,"Rua Coronel Quirino, 302 - Cambuí"
108583,Maria Silva Fernandes,178,"Rua Coronel Quirino, 1094 - Cambuí"
108584,Beatriz Campos Melo,155,"Avenida Heitor Penteado, 1565 - Taquaral"
108585,Victor Melo Paschoalino,166,"Avenida Heitor Penteado, 2385 - Taquaral"
108586,Larissa Medeiros Cruz,175,"Avenida Albino José Barbosa de Oliveira, 3054 - Barão Geraldo"
108587,Beatriz Matos Campos,170,"Rua Maria Monteiro, 565 - Cambuí"
108588,Sofia Fernandes Amorim,157,"Avenida Albino José Barbosa de Oliveira, 1973 - Barão Geraldo"
108589,Gabriel Melo Paschoalino,170,"Rua Coronel Quirino, 262 - Cambuí"
108590,Sofia Bellini Fernandes,160,"Avenida Albino José Barbosa de Oliveira, 1941 - Barão Geraldo"
108591,Erik Cruz Vieira,187,"Avenida Heitor Penteado, 1859 - Taquaral"
108592,Sofia Campos Gomes,157,"Avenida Albino José Barbosa de Oliveira, 3323 - Barão Geraldo"
108593,Yasmin Queiroz Nascimento,191,"Rua Maria Monteiro, 1248 - Cambuí"
108594,Guilherme Oliveira Ribeiro,173,"Avenida Heitor Penteado, 1091 - Taquaral"
108595,Guilherme Martins Silva,184,"Avenida Albino José Barbosa de Oliveira, 678 - Barão Geraldo"
108596,Thiago Queiroz Queiroz,204,"Avenida Albino José Barbosa de Oliveira, 1231 - Barão Geraldo"
108597,Guilherme Campos Campos,163,"Rua Maria Monteiro, 782 - Cambuí"
108598,Thiago Ferreira Melo,204,"Avenida Albino José Barbosa de Oliveira, 1663 - Barão Geraldo"
108599,João Ferreira Oliveira,163,"Avenida Albino José Barbosa de Oliveira, 505 - Barão Geraldo"
108600,Sofia Alves Amorim,159,"Rua Coronel Quirino, 892 - Cambuí"
108601,Henrique Ribeiro Melo,161,"Avenida Heitor Penteado, 2246 - Taquaral"
108602,João Queiroz Almeida,187,"Avenida Albino José Barbosa de Oliveira, 3455 - Barão Geraldo"
108603,Samuel Cruz Melo,193,"Avenida Albino José Barbosa de Oliveira, 2477 - Barão Geraldo"
108604,Beatriz Oliveira Almeida,204,"Rua Coronel Quirino, 1161 - Cambuí"
108605,Clara Ferreira Melo,195,"Avenida Heitor Penteado, 2323 - Taquaral"
108606,Miguel Matos Campos,183,"Rua Coronel Quirino, 350 - Cambuí"
108607,Yasmin Ribeiro Vieira,190,"Avenida Albino José Barbosa de Oliveira, 1335 - Barão Geraldo"
108608,Eduardo Nascimento Queiroz,159,"Avenida Albino José Barbosa de Oliveira, 3065 - Barão Geraldo"
108609,Sofia Santana Ribeiro,166,"Avenida Albino José Barbosa de Oliveira, 2508 - Barão Geraldo"
108610,Vinícius Ferreira Vieira,166,"Rua Coronel Quirino, 1717 - Cambuí"
108611,Miguel Paschoalino Fernandes,152,"Avenida Heitor Penteado, 1920 - Taquaral"
108612,Victor Queiroz Nascimento,180,"Avenida Heitor Penteado, 1886 - Taquaral"
108613,Giovanna Fernandes Cruz,200,"Rua Coronel Quirino, 382 - Cambuí"
108614,Giovanna Santana Gomes,150,"Avenida Heitor Penteado, 1126 - Taquaral"
108615,Pedro Oliveira Queiroz,161,"Avenida Heitor Penteado, 1977 - Taquaral"
108616,Livia Queiroz Cruz,188,"Avenida Albino José Barbosa de Oliveira, 271 - Barão Geraldo"
108617,Clara Oliveira Santana,153,"Rua Coronel Quirino, 617 - Cambuí"
108618,Rafael Paschoalino Santana,191,"Avenida Heitor Penteado, 2261 - Taquaral"
108619,Samuel Queiroz Fernandes,162,"Avenida Heitor Penteado, 234 - Taquaral"
108620,Maria Matos Cruz,183,"Avenida Heitor Penteado, 380 - Taquaral"
108621,Clara Melo Bellini,191,"Avenida Albino José Barbosa de Oliveira, 2512 - Barão Geraldo"
108622,Vinícius Amorim Matos,170,"Rua Coronel Quirino, 881 - Cambuí"
108623,Clara Silva Fernandes,171,"Rua Maria Monteiro, 929 - Cambuí"
108624,Victor Paschoalino Paschoalino,153,"Avenida Albino José Barbosa de Oliveira, 2299 - Barão Geraldo"
108625,Thiago Campos Melo,167,"Rua Maria Monteiro, 653 - Cambuí"
108626,Rafael Oliveira Cruz,154,"Avenida Heitor Penteado, 2778 - Taquaral"
108627,Miguel Ferreira Melo,168,"Rua Coronel Quirino, 1195 - Cambuí"
108628,Beatriz Alves Fernandes,151,"Avenida Heitor Penteado, 1890 - Taquaral"
108629,Eduardo Matos Gomes,161,"Rua Coronel Quirino, 833 - Cambuí"
108630,Maria Melo Santana,166,"Rua Maria Monteiro, 401 - Cambuí"
108631,Gabriel Alves Vieira,159,"Avenida Albino José Barbosa de Oliveira, 3442 - Barão Geraldo"
108632,Rafael Fernandes Queiroz,183,"Avenida Albino José Barbosa de Oliveira, 1330 - Barão Geraldo"
108633,Sofia Paschoalino Ferreira,155,"Avenida Heitor Penteado, 2516 - Taquaral"
108634,Thiago Paschoalino Fernandes,157,"Avenida Heitor Penteado, 2780 - Taquaral"
108635,Felipe Almeida Martins,200,"Avenida Heitor Penteado, 386 - Taquaral"
108636,André Cruz Cruz,160,"Avenida Heitor Penteado, 284 - Taquaral"
108637,Victor Bellini Melo,161,"Avenida Albino José Barbosa de Oliveira, 752 - Barão Geraldo"
108638,Clara Paschoalino Bellini,158,"Avenida Heitor Penteado, 1810 - Taquaral"
108639,Sofia Almeida Melo,151,"Avenida Albino José Barbosa de Oliveira, 296 - Barão Geraldo"
108640,Pedro Nascimento Almeida,157,"Avenida Heitor Penteado, 937 - Taquaral"
108641,Rafael Fernandes Alves,160,"Avenida Albino José Barbosa de Oliveira, 860 - Barão Geraldo"
108642,Daniel Bellini Gomes,202,"Avenida Albino José Barbosa de Oliveira, 1000 - Barão Geraldo"
108643,Beatriz Melo Medeiros,185,"Rua Maria Monteiro, 301 - Cambuí"
108644,Larissa Queiroz Fernandes,159,"Avenida Albino José Barbosa de Oliveira, 541 - Barão Geraldo"
108645,Sofia Cruz Queiroz,170,"Avenida Heitor Penteado, 1251 - Taquaral"
108646,Larissa Cruz Medeiros,169,"Rua Coronel Quirino, 924 - Cambuí"
108647,Guilherme Fernandes Medeiros,197,"Avenida Heitor Penteado, 1143 - Taquaral"
108648,Eduardo Nascimento Santana,157,"Avenida Albino José Barbosa de Oliveira, 1863 - Barão Geraldo"
108649,Larissa Ferreira Santana,185,"Rua Coronel Quirino, 560 - Cambuí"
108650,Livia Vieira Fernandes,178,"Avenida Heitor Penteado, 1111 - Taquaral"
108651,Larissa Queiroz Amorim,191,"Rua Coronel Quirino, 1253 - Cambuí"
108652,Felipe Martins Martins,161,"Avenida Albino José Barbosa de Oliveira, 1186 - Barão Geraldo"
108653,Eduardo Ferreira Vieira,163,"Rua Maria Monteiro, 233 - Cambuí"
108654,Felipe Alves Queiroz,197,"Avenida Albino José Barbosa de Oliveira, 1567 - Barão Geraldo"
108655,Thiago Campos Martins,203,"Rua Maria Monteiro, 1117 - Cambuí"
108656,Victor Bellini Santana,199,"Avenida Albino José Barbosa de Oliveira, 3482 - Barão Geraldo"
108657,João Bellini Campos,170,"Rua Maria Monteiro, 1097 - Cambuí"
108658,Beatriz Paschoalino Ribeiro,171,"Avenida Albino José Barbosa de Oliveira, 1053 - Barão Geraldo"
108659,Henrique Matos Fernandes,170,"Avenida Albino José Barbosa de Oliveira, 2191 - Barão Geraldo"
108660,Maria Vieira Alves,193,"Rua Maria Monteiro, 1390 - Cambuí"
108661,Rafael Nascimento Ferreira,199,"Avenida Albino José Barbosa de Oliveira, 3380 - Barão Geraldo"
108662,Yasmin Bellini Vieira,179,"Rua Coronel Quirino, 604 - Cambuí"
108663,Rafael Fernandes Martins,188,"Avenida Heitor Penteado, 116 - Taquaral"
108664,Livia Bellini Melo,169,"Avenida Heitor Penteado, 1645 - Taquaral"
108665,Pedro Melo Oliveira,173,"Avenida Albino José Barbosa de Oliveira, 2545 - Barão Geraldo"
108666,João Alves Cruz,172,"Avenida Heitor Penteado, 167 - Taquaral"
108667,Daniel Martins Nascimento,156,"Rua Maria Monteiro, 457 - Cambuí"
108668,Gabriel Martins Campos,158,"Rua Maria Monteiro, 657 - Cambuí"
108669,Beatriz Almeida Queiroz,150,"Rua Coronel Quirino, 129 - Cambuí"
108670,Gabriel Amorim Amorim,175,"Avenida Heitor Penteado, 1293 - Taquaral"
108671,Erik Ferreira Paschoalino,187,"Avenida Albino José Barbosa de Oliveira, 1349 - Barão Geraldo"
108672,Erik Matos Campos,187,"Avenida Albino José Barbosa de Oliveira, 2857 - Barão Geraldo"
108673,Maria Ribeiro Martins,203,"Rua Coronel Quirino, 966 - Cambuí"
108674,Maria Paschoalino Fernandes,193,"Avenida Albino José Barbosa de Oliveira, 3473 - Barão Geraldo"
108675,Gabriel Nascimento Oliveira,171,"Rua Maria Monteiro, 993 - Cambuí"
108676,Samuel Vieira Martins,193,"Avenida Heitor Penteado, 999 - Taquaral"
108677,Giovanna Silva Vieira,159,"Rua Maria Monteiro, 683 - Cambuí"
108678,Larissa Gomes Vieira,204,"Avenida Heitor Penteado, 643 - Taquaral"
108679,Beatriz Cruz Campos,155,"Rua Maria Monteiro, 1139 - Cambuí"
108680,Larissa Ferreira Fernandes,166,"Avenida Heitor Penteado, 1322 - Taquaral"
108681,Rafael Santana Fernandes,200,"Avenida Heitor Penteado, 1559 - Taquaral"
108682,Sofia Ribeiro Nascimento,199,"Rua Coronel Quirino, 1879 - Cambuí"
108683,Maria Silva Medeiros,187,"Avenida Albino José Barbosa de Oliveira, 2366 - Barão Geraldo"
108684,João Cruz Medeiros,173,"Avenida Albino José Barbosa de Oliveira, 227 - Barão Geraldo"
108685,Felipe Matos Matos,200,"Avenida Albino José Barbosa de Oliveira, 1162 - Barão Geraldo"
108686,André Almeida Amorim,159,"Rua Maria Monteiro, 447 - Cambuí"
108687,Felipe Paschoalino Silva,157,"Rua Coronel Quirino, 229 - Cambuí"
108688,Eduardo Amorim Gomes,170,"Avenida Albino José Barbosa de Oliveira, 1016 - Barão Geraldo"
108689,Felipe Gomes Almeida,155,"Avenida Albino José Barbosa de Oliveira, 2625 - Barão Geraldo"
108690,Samuel Cruz Silva,170,"Avenida Heitor Penteado, 585 - Taquaral"
108691,Rafael Silva Silva,188,"Rua Coronel Quirino, 1399 - Cambuí"
108692,Miguel Cruz Queiroz,173,"Avenida Heitor Penteado, 2881 - Taquaral"
108693,Victor Bellini Melo,182,"Avenida Heitor Penteado, 1769 - Taquaral"
108694,Henrique Santana Paschoalino,167,"Avenida Albino José Barbosa de Oliveira, 532 - Barão Geraldo"
108695,Victor Gomes Melo,177,"Avenida Albino José Barbosa de Oliveira, 912 - Barão Geraldo"
108696,Beatriz Gomes Amorim,201,"Avenida Albino José Barbosa de Oliveira, 3030 - Barão Geraldo"
108697,Livia Silva Campos,181,"Avenida Heitor Penteado, 2776 - Taquaral"
108698,Rafael Paschoalino Melo,161,"Rua Coronel Quirino, 633 - Cambuí"
108699,Erik Oliveira Queiroz,197,"Avenida Heitor Penteado, 321 - Taquaral"
108700,Sofia Silva Campos,191,"Avenida Albino José Barbosa de Oliveira, 2899 - Barão Geraldo"
108701,Samuel Ferreira Silva,176,"Avenida Albino José Barbosa de Oliveira, 1239 - Barão Geraldo"
108702,Henrique Alves Cruz,159,"Avenida Albino José Barbosa de Oliveira, 3398 - Barão Geraldo"
108703,Larissa Bellini Fernandes,195,"Avenida Heitor Penteado, 1401 - Taquaral"
108704,Sofia Ferreira Almeida,201,"Avenida Albino José Barbosa de Oliveira, 3391 - Barão Geraldo"
108705,Pedro Cruz Ferreira,191,"Rua Coronel Quirino, 1389 - Cambuí"
108706,Giovanna Santana Paschoalino,181,"Avenida Albino José Barbosa de Oliveira, 523 - Barão Geraldo"
108707,Rafael Gomes Matos,191,"Avenida Albino José Barbosa de Oliveira, 3311 - Barão Geraldo"
108708,Sofia Cruz Cruz,175,"Avenida Albino José Barbosa de Oliveira, 2043 - Barão Geraldo"
108709,Livia Silva Medeiros,174,"Avenida Albino José Barbosa de Oliveira, 3432 - Barão Geraldo"
108710,Felipe Nascimento Santana,160,"Rua Coronel Quirino, 1557 - Cambuí"
108711,Victor Queiroz Queiroz,172,"Avenida Heitor Penteado, 308 - Taquaral"
108712,Clara Queiroz Amorim,183,"Rua Coronel Quirino, 1686 - Cambuí"
108713,Felipe Matos Amorim,201,"Rua Coronel Quirino, 1477 - Cambuí"
108714,Miguel Ribeiro Alves,189,"Avenida Heitor Penteado, 2070 - Taquaral"
108715,Samuel Bellini Bellini,172,"Avenida Albino José Barbosa de Oliveira, 85 - Barão Geraldo"
108716,Felipe Martins Nascimento,178,"Avenida Heitor Penteado, 2753 - Taquaral"
108717,Pedro Ferreira Paschoalino,180,"Avenida Heitor Penteado, 1426 - Taquaral"
108718,Giovanna Cruz Bellini,156,"Avenida Albino José Barbosa de Oliveira, 3159 - Barão Geraldo"
108719,Larissa Paschoalino Campos,189,"Avenida Heitor Penteado, 2928 - Taquaral"
108720,André Campos Cruz,182,"Avenida Heitor Penteado, 547 - Taquaral"
108721,João Santana Queiroz,170,"Rua Coronel Quirino, 1363 - Cambuí"
108722,Rafael Gomes Paschoalino,151,"Rua Coronel Quirino, 322 - Cambuí"
108723,Erik Matos Almeida,167,"Rua Coronel Quirino, 1679 - Cambuí"
108724,Livia Almeida Alves,196,"Avenida Albino José Barbosa de Oliveira, 905 - Barão Geraldo"
108725,Giovanna Oliveira Medeiros,182,"Avenida Albino José Barbosa de Oliveira, 647 - Barão Geraldo"
108726,Giovanna Vieira Ribeiro,186,"Avenida Heitor Penteado, 14 - Taquaral"
108727,Erik Bellini Vieira,183,"Rua Maria Monteiro, 656 - Cambuí"
108728,Vinícius Medeiros Ribeiro,169,"Avenida Albino José Barbosa de Oliveira, 1560 - Barão Geraldo"
108729,João Ferreira Ferreira,184,"Avenida Heitor Penteado, 2450 - Taquaral"
108730,Eduardo Paschoalino Silva,200,"Avenida Heitor Penteado, 533 - Taquaral"
108731,Giovanna Vieira Paschoalino,199,"Avenida Albino José Barbosa de Oliveira, 2827 - Barão Geraldo"
108732,Beatriz Amorim Melo,203,"Avenida Heitor Penteado, 2765 - Taquaral"
108733,Larissa Silva Cruz,167,"Rua Maria Monteiro, 1206 - Cambuí"
108734,Victor Santana Oliveira,195,"Rua Maria Monteiro, 230 - Cambuí"
108735,Giovanna Alves Bellini,173,"Avenida Albino José Barbosa de Oliveira, 205 - Barão Geraldo"
108736,Sofia Ribeiro Vieira,157,"Avenida Heitor Penteado, 1005 - Taquaral"
108737,Beatriz Campos Amorim,179,"Rua Coronel Quirino, 1501 - Cambuí"
108738,Larissa Campos Nascimento,193,"Rua Maria Monteiro, 87 - Cambuí"
108739,Daniel Ribeiro Almeida,202,"Rua Coronel Quirino, 1398 - Cambuí"
108740,Eduardo Silva Matos,159,"Avenida Albino José Barbosa de Oliveira, 772 - Barão Geraldo"
108741,Miguel Paschoalino Melo,172,"Avenida Albino José Barbosa de Oliveira, 1600 - Barão Geraldo"
108742,Thiago Matos Amorim,201,"Rua Maria Monteiro, 687 - Cambuí"
108743,Eduardo Martins Silva,198,"Avenida Albino José Barbosa de Oliveira, 3159 - Barão Geraldo"
108744,Victor Gomes Santana,160,"Avenida Albino José Barbosa de Oliveira, 2905 - Barão Geraldo"
108745,Erik Oliveira Alves,151,"Avenida Heitor Penteado, 614 - Taquaral"
108746,Clara Amorim Nascimento,175,"Avenida Albino José Barbosa de Oliveira, 2496 - Barão Geraldo"
108747,Eduardo Oliveira Nascimento,185,"Avenida Heitor Penteado, 1585 - Taquaral"
108748,André Silva Ribeiro,182,"Avenida Heitor Penteado, 2247 - Taquaral"
108749,Yasmin Santana Oliveira,196,"Avenida Albino José Barbosa de Oliveira, 3427 - Barão Geraldo"
108750,Maria Cruz Cruz,162,"Rua Maria Monteiro, 1243 - Cambuí"
108751,Sofia Campos Medeiros,189,"Avenida Albino José Barbosa de Oliveira, 860 - Barão Geraldo"
108752,Beatriz Santana Nascimento,174,"Rua Maria Monteiro, 1194 - Cambuí"
108753,Livia Queiroz Gomes,153,"Avenida Albino José Barbosa de Oliveira, 335 - Barão Geraldo"
108754,Daniel Martins Santana,191,"Avenida Albino José Barbosa de Oliveira, 3130 - Barão Geraldo"
108755,Beatriz Amorim Paschoalino,168,"Avenida Heitor Penteado, 2183 - Taquaral"
108756,Eduardo Matos Martins,167,"Rua Maria Monteiro, 1400 - Cambuí"
108757,Miguel Ribeiro Oliveira,186,"Avenida Albino José Barbosa de Oliveira, 1985 - Barão Geraldo"
108758,Beatriz Almeida Medeiros,179,"Rua Maria Monteiro, 1246 - Cambuí"
108759,Beatriz Campos Fernandes,168,"Avenida Heitor Penteado, 59 - Taquaral"
108760,Gabriel Martins Gomes,172,"Avenida Albino José Barbosa de Oliveira, 2307 - Barão Geraldo"
108761,Thiago Almeida Vieira,203,"Avenida Albino José Barbosa de Oliveira, 3342 - Barão Geraldo"
108762,Victor Alves Santana,165,"Avenida Heitor Penteado, 1665 - Taquaral"
108763,Maria Matos Melo,150,"Avenida Albino José Barbosa de Oliveira, 3420 - Barão Geraldo"
108764,André Paschoalino Fernandes,161,"Avenida Heitor Penteado, 1408 - Taquaral"
108765,Miguel Amorim Campos,173,"Avenida Heitor Penteado, 2751 - Taquaral"
108766,Henrique Paschoalino Medeiros,183,"Avenida Heitor Penteado, 2632 - Taquaral"
108767,Daniel Amorim Bellini,202,"Avenida Heitor Penteado, 866 - Taquaral"
108768,Eduardo Fernandes Melo,157,"Rua Coronel Quirino, 303 - Cambuí"
108769,André Paschoalino Ferreira,167,"Avenida Albino José Barbosa de Oliveira, 1470 - Barão Geraldo"
108770,Felipe Campos Ferreira,197,"Avenida Albino José Barbosa de Oliveira, 3379 - Barão Geraldo"
108771,Clara Santana Medeiros,154,"Avenida Heitor Penteado, 2384 - Taquaral"
108772,Rafael Ferreira Oliveira,175,"Avenida Albino José Barbosa de Oliveira, 2731 - Barão Geraldo"
108773,Erik Vieira Cruz,179,"Rua Maria Monteiro, 1004 - Cambuí"
108774,Felipe Matos Martins,203,"Avenida Heitor Penteado, 196 - Taquaral"
108775,Victor Medeiros Queiroz,162,"Avenida Heitor Penteado, 2407 - Taquaral"
108776,Pedro Vieira Ribeiro,168,"Rua Coronel Quirino, 688 - Cambuí"
108777,Livia Amorim Almeida,178,"Rua Maria Monteiro, 1305 - Cambuí"
108778,Erik Cruz Paschoalino,152,"Avenida Heitor Penteado, 2193 - Taquaral"
108779,Giovanna Fernandes Silva,175,"Avenida Heitor Penteado, 2037 - Taquaral"
108780,Thiago Gomes Cruz,189,"Rua Maria Monteiro, 94 - Cambuí"
108781,Pedro Cruz Melo,161,"Rua Coronel Quirino, 1388 - Cambuí"
108782,Erik Matos Vieira,151,"Avenida Heitor Penteado, 63 - Taquaral"
108783,Pedro Paschoalino Ferreira,160,"Avenida Albino José Barbosa de Oliveira, 974 - Barão Geraldo"
108784,Giovanna Nascimento Bellini,193,"Avenida Albino José Barbosa de Oliveira, 2361 - Barão Geraldo"
108785,Maria Medeiros Almeida,177,"Avenida Heitor Penteado, 2227 - Taquaral"
108786,Gabriel Nascimento Nascimento,167,"Avenida Albino José Barbosa de Oliveira, 504 - Barão Geraldo"
108787,Eduardo Oliveira Alves,162,"Rua Maria Monteiro, 128 - Cambuí"
108788,Eduardo Vieira Ribeiro,186,"Rua Coronel Quirino, 1100 - Cambuí"
108789,Livia Paschoalino Almeida,171,"Rua Maria Monteiro, 1515 - Cambuí"
108790,Henrique Oliveira Santana,161,"Avenida Heitor Penteado, 523 - Taquaral"
108791,Victor Silva Vieira,151,"Avenida Heitor Penteado, 2625 - Taquaral"
108792,Eduardo Paschoalino Melo,186,"Avenida Heitor Penteado, 2722 - Taquaral"
108793,Giovanna Nascimento Ferreira,156,"Avenida Heitor Penteado, 1990 - Taquaral"
108794,Pedro Oliveira Martins,175,"Rua Maria Monteiro, 1010 - Cambuí"
108795,Vinícius Paschoalino Santana,175,"Avenida Albino José Barbosa de Oliveira, 1429 - Barão Geraldo"
108796,Yasmin Oliveira Gomes,173,"Rua Coronel Quirino, 799 - Cambuí"
108797,Rafael Ribeiro Alves,161,"Avenida Heitor Penteado, 563 - Taquaral"
108798,Henrique Cruz Bellini,165,"Avenida Albino José Barbosa de Oliveira, 2237 - Barão Geraldo"
108799,Eduardo Amorim Gomes,172,"Rua Maria Monteiro, 1412 - Cambuí"
108800,Clara Ribeiro Ferreira,189,"Rua Maria Monteiro, 1344 - Cambuí"
108801,Vinícius Nascimento Matos,158,"Rua Maria Monteiro, 1518 - Cambuí"
108802,André Almeida Silva,181,"Avenida Heitor Penteado, 2613 - Taquaral"
108803,João Alves Melo,164,"Avenida Albino José Barbosa de Oliveira, 741 - Barão Geraldo"
108804,Sofia Alves Cruz,186,"Rua Coronel Quirino, 424 - Cambuí"
108805,Livia Medeiros Almeida,162,"Avenida Albino José Barbosa de Oliveira, 253 - Barão Geraldo"
108806,Daniel Cruz Melo,154,"Avenida Heitor Penteado, 294 - Taquaral"
108807,Yasmin Cruz Fernandes,160,"Avenida Albino José Barbosa de Oliveira, 1556 - Barão Geraldo"
108808,Sofia Melo Vieira,159,"Avenida Albino José Barbosa de Oliveira, 873 - Barão Geraldo"
108809,Erik Gomes Matos,201,"Rua Coronel Quirino, 149 - Cambuí"
108810,Livia Nascimento Campos,162,"Avenida Heitor Penteado, 2288 - Taquaral"
108811,Sofia Gomes Silva,190,"Avenida Albino José Barbosa de Oliveira, 404 - Barão Geraldo"
108812,Pedro Matos Gomes,202,"Avenida Heitor Penteado, 584 - Taquaral"
108813,Samuel Gomes Almeida,195,"Rua Maria Monteiro, 625 - Cambuí"
108814,Felipe Ferreira Martins,199,"Avenida Heitor Penteado, 1160 - Taquaral"
108815,Beatriz Paschoalino Queiroz,164,"Avenida Heitor Penteado, 166 - Taquaral"
108816,Samuel Silva Nascimento,191,"Avenida Heitor Penteado, 1621 - Taquaral"
108817,Miguel Silva Paschoalino,156,"Rua Coronel Quirino, 1030 - Cambuí"
108818,Samuel Bellini Ferreira,189,"Avenida Albino José Barbosa de Oliveira, 2022 - Barão Geraldo"
108819,Yasmin Matos Vieira,177,"Avenida Heitor Penteado, 306 - Taquaral"
108820,Victor Cruz Melo,181,"Avenida Heitor Penteado, 2235 - Taquaral"
108821,Beatriz Amorim Nascimento,184,"Rua Maria Monteiro, 132 - Cambuí"
108822,Vinícius Melo Almeida,164,"Avenida Heitor Penteado, 2500 - Taquaral"
108823,Clara Gomes Nascimento,197,"Rua Coronel Quirino, 1064 - Cambuí"
108824,Beatriz Medeiros Martins,185,"Avenida Albino José Barbosa de Oliveira, 2985 - Barão Geraldo"
108825,Victor Queiroz Santana,170,"Rua Maria Monteiro, 944 - Cambuí"
108826,Livia Campos Ribeiro,155,"Rua Coronel Quirino, 1671 - Cambuí"
108827,Eduardo Santana Fernandes,150,"Avenida Heitor Penteado, 1914 - Taquaral"
108828,Gabriel Silva Matos,153,"Avenida Albino José Barbosa de Oliveira, 3041 - Barão Geraldo"
108829,Giovanna Queiroz Gomes,160,"Avenida Heitor Penteado, 1871 - Taquaral"
108830,Giovanna Ferreira Medeiros,193,"Avenida Heitor Penteado, 2437 - Taquaral"
108831,Samuel Oliveira Cruz,175,"Rua Maria Monteiro, 1508 - Cambuí"
108832,Gabriel Melo Queiroz,186,"Rua Coronel Quirino, 1387 - Cambuí"
108833,Maria Fernandes Silva,172,"Avenida Heitor Penteado, 2603 - Taquaral"
108834,Maria Oliveira Almeida,178,"Avenida Albino José Barbosa de Oliveira, 3156 - Barão Geraldo"
108835,Larissa Paschoalino Oliveira,170,"Avenida Heitor Penteado, 94 - Taquaral"
108836,Clara Oliveira Santana,197,"Avenida Albino José Barbosa de Oliveira, 3050 - Barão Geraldo"
108837,Thiago Amorim Almeida,194,"Avenida Heitor Penteado, 2221 - Taquaral"
108838,André Alves Fernandes,194,"Avenida Albino José Barbosa de Oliveira, 1298 - Barão Geraldo"
108839,André Santana Santana,198,"Rua Maria Monteiro, 1588 - Cambuí"
108840,André Medeiros Paschoalino,176,"Rua Maria Monteiro, 601 - Cambuí"
108841,André Matos Queiroz,188,"Avenida Heitor Penteado, 802 - Taquaral"
108842,Livia Bellini Nascimento,189,"Avenida Heitor Penteado, 111 - Taquaral"
108843,Thiago Martins Ferreira,162,"Avenida Heitor Penteado, 116 - Taquaral"
108844,Gabriel Melo Cruz,172,"Avenida Heitor Penteado, 18 - Taquaral"
108845,Vinícius Paschoalino Paschoalino,165,"Rua Maria Monteiro, 814 - Cambuí"
108846,Samuel Queiroz Melo,179,"Avenida Heitor Penteado, 1392 - Taquaral"
108847,Victor Vieira Cruz,153,"Avenida Heitor Penteado, 1432 - Taquaral"
108848,Giovanna Cruz Martins,189,"Rua Coronel Quirino, 1748 - Cambuí"
108849,André Paschoalino Melo,165,"Avenida Heitor Penteado, 1748 - Taquaral"
108850,Clara Martins Melo,180,"Rua Maria Monteiro, 709 - Cambuí"
108851,Thiago Ribeiro Almeida,202,"Rua Maria Monteiro, 974 - Cambuí"
108852,Gabriel Almeida Amorim,191,"Rua Maria Monteiro, 117 - Cambuí"
108853,Felipe Ferreira Melo,174,"Rua Coronel Quirino, 1138 - Cambuí"
108854,Yasmin Matos Melo,193,"Rua Maria Monteiro, 982 - Cambuí"
108855,Thiago Ferreira Campos,161,"Rua Coronel Quirino, 561 - Cambuí"
108856,Beatriz Martins Paschoalino,175,"Avenida Albino José Barbosa de Oliveira, 129 - Barão Geraldo"
108857,Sofia Fernandes Nascimento,186,"Avenida Albino José Barbosa de Oliveira, 3216 - Barão Geraldo"
108858,Sofia Vieira Matos,197,"Avenida Albino José Barbosa de Oliveira, 2276 - Barão Geraldo"
108859,Maria Amorim Silva,182,"Avenida Albino José Barbosa de Oliveira, 2202 - Barão Geraldo"
108860,Livia Bellini Medeiros,177,"Avenida Albino José Barbosa de Oliveira, 2855 - Barão Geraldo"
108861,Beatriz Paschoalino Campos,158,"Rua Maria Monteiro, 350 - Cambuí"
108862,Victor Queiroz Silva,161,"Avenida Heitor Penteado, 1249 - Taquaral"
108863,Yasmin Bellini Bellini,154,"Avenida Heitor Penteado, 256 - Taquaral"
108864,Maria Cruz Cruz,203,"Avenida Heitor Penteado, 2801 - Taquaral"
108865,Thiago Bellini Ferreira,201,"Avenida Heitor Penteado, 529 - Taquaral"
108866,Clara Cruz Queiroz,203,"Rua Maria Monteiro, 283 - Cambuí"
108867,Clara Fernandes Vieira,177,"Avenida Heitor Penteado, 2886 - Taquaral"
108868,Yasmin Campos Matos,184,"Avenida Heitor Penteado, 13 - Taquaral"
108869,Rafael Alves Silva,154,"Avenida Albino José Barbosa de Oliveira, 3495 - Barão Geraldo"
108870,Henrique Queiroz Almeida,183,"Avenida Albino José Barbosa de Oliveira, 1712 - Barão Geraldo"
108871,Victor Nascimento Almeida,195,"Avenida Heitor Penteado, 1515 - Taquaral"
108872,André Santana Ribeiro,183,"Rua Maria Monteiro, 693 - Cambuí"
108873,Giovanna Paschoalino Vieira,162,"Rua Coronel Quirino, 1091 - Cambuí"
108874,João Santana Fernandes,188,"Rua Coronel Quirino, 334 - Cambuí"
108875,Gabriel Silva Gomes,191,"Rua Maria Monteiro, 935 - Cambuí"
108876,Maria Paschoalino Ferreira,194,"Rua Coronel Quirino, 1193 - Cambuí"
108877,Henrique Martins Melo,197,"Avenida Heitor Penteado, 1132 - Taquaral"
108878,Vinícius Campos Silva,163,"Avenida Heitor Penteado, 423 - Taquaral"
108879,Guilherme Melo Silva,160,"Avenida Heitor Penteado, 973 - Taquaral"
108880,Livia Gomes Ferreira,191,"Avenida Heitor Penteado, 1761 - Taquaral"
108881,Eduardo Medeiros Cruz,187,"Avenida Albino José Barbosa de Oliveira, 794 - Barão Geraldo"
108882,Beatriz Matos Almeida,153,"Avenida Albino José Barbosa de Oliveira, 1205 - Barão Geraldo"
108883,Giovanna Ribeiro Paschoalino,202,"Rua Coronel Quirino, 453 - Cambuí"
108884,Eduardo Matos Vieira,182,"Avenida Heitor Penteado, 1829 - Taquaral"
108885,Larissa Queiroz Almeida,156,"Avenida Heitor Penteado, 2948 - Taquaral"
108886,Eduardo Ribeiro Bellini,190,"Avenida Heitor Penteado, 2797 - Taquaral"
108887,Samuel Ferreira Campos,157,"Avenida Albino José Barbosa de Oliveira, 372 - Barão Geraldo"
108888,Guilherme Paschoalino Almeida,186,"Avenida Heitor Penteado, 149 - Taquaral"
108889,Livia Almeida Medeiros,200,"Rua Maria Monteiro, 1378 - Cambuí"
108890,Samuel Alves Queiroz,159,"Avenida Albino José Barbosa de Oliveira, 2699 - Barão Geraldo"
108891,Clara Amorim Silva,192,"Avenida Heitor Penteado, 418 - Taquaral"
108892,Larissa Fernandes Almeida,164,"Avenida Heitor Penteado, 2529 - Taquaral"
108893,Miguel Bellini Alves,187,"Avenida Heitor Penteado, 2790 - Taquaral"
108894,Rafael Santana Gomes,164,"Avenida Heitor Penteado, 1448 - Taquaral"
108895,Guilherme Oliveira Bellini,154,"Avenida Albino José Barbosa de Oliveira, 2553 - Barão Geraldo"
108896,João Ferreira Paschoalino,178,"Avenida Albino José Barbosa de Oliveira, 2993 - Barão Geraldo"
108897,André Nascimento Vieira,168,"Avenida Albino José Barbosa de Oliveira, 586 - Barão Geraldo"
108898,Erik Campos Cruz,203,"Rua Maria Monteiro, 1342 - Cambuí"
108899,Sofia Almeida Matos,200,"Avenida Heitor Penteado, 2022 - Taquaral"
108900,Larissa Fernandes Cruz,159,"Rua Coronel Quirino, 1569 - Cambuí"
108901,Sofia Cruz Gomes,161,"Avenida Albino José Barbosa de Oliveira, 318 - Barão Geraldo"
108902,Clara Ribeiro Oliveira,203,"Avenida Albino José Barbosa de Oliveira, 1490 - Barão Geraldo"
108903,Rafael Fernandes Alves,153,"Avenida Albino José Barbosa de Oliveira, 2822 - Barão Geraldo"
108904,Victor Paschoalino Nascimento,180,"Avenida Albino José Barbosa de Oliveira, 952 - Barão Geraldo"
108905,Yasmin Martins Cruz,167,"Avenida Albino José Barbosa de Oliveira, 385 - Barão Geraldo"
108906,Beatriz Medeiros Ferreira,165,"Avenida Heitor Penteado, 2809 - Taquaral"
108907,Vinícius Oliveira Bellini,189,"Avenida Albino José Barbosa de Oliveira, 1789 - Barão Geraldo"
108908,Beatriz Silva Gomes,185,"Rua Maria Monteiro, 667 - Cambuí"
108909,Maria Paschoalino Medeiros,174,"Avenida Albino José Barbosa de Oliveira, 1638 - Barão Geraldo"
108910,Clara Almeida Matos,172,"Rua Maria Monteiro, 64 - Cambuí"
108911,Gabriel Queiroz Almeida,161,"Avenida Albino José Barbosa de Oliveira, 1449 - Barão Geraldo"
108912,Miguel Vieira Paschoalino,183,"Rua Maria Monteiro, 548 - Cambuí"
108913,Clara Oliveira Santana,185,"Rua Coronel Quirino, 1770 - Cambuí"
108914,Eduardo Melo Ribeiro,186,"Avenida Albino José Barbosa de Oliveira, 1678 - Barão Geraldo"
108915,Maria Vieira Alves,152,"Rua Coronel Quirino, 991 - Cambuí"
108916,Clara Almeida Paschoalino,158,"Avenida Albino José Barbosa de Oliveira, 2846 - Barão Geraldo"
108917,Rafael Silva Matos,202,"Avenida Albino José Barbosa de Oliveira, 1824 - Barão Geraldo"
108918,Larissa Alves Paschoalino,167,"Avenida Albino José Barbosa de Oliveira, 1174 - Barão Geraldo"
108919,Pedro Gomes Gomes,192,"Avenida Heitor Penteado, 1217 - Taquaral"
108920,Henrique Bellini Silva,184,"Avenida Albino José Barbosa de Oliveira, 395 - Barão Geraldo"
108921,Guilherme Martins Medeiros,204,"Avenida Albino José Barbosa de Oliveira, 1909 - Barão Geraldo"
108922,Guilherme Ribeiro Oliveira,183,"Avenida Heitor Penteado, 396 - Taquaral"
108923,Eduardo Ferreira Gomes,190,"Avenida Albino José Barbosa de Oliveira, 3062 - Barão Geraldo"
108924,Gabriel Ribeiro Nascimento,163,"Avenida Heitor Penteado, 94 - Taquaral"
108925,Livia Paschoalino Cruz,153,"Avenida Albino José Barbosa de Oliveira, 1181 - Barão Geraldo"
108926,Vinícius Vieira Fernandes,178,"Avenida Heitor Penteado, 544 - Taquaral"
108927,Gabriel Paschoalino Alves,190,"Avenida Albino José Barbosa de Oliveira, 583 - Barão Geraldo"
108928,Pedro Ribeiro Santana,194,"Avenida Heitor Penteado, 2997 - Taquaral"
108929,Thiago Nascimento Amorim,199,"Avenida Heitor Penteado, 109 - Taquaral"
108930,Eduardo Silva Bellini,164,"Avenida Albino José Barbosa de Oliveira, 2400 - Barão Geraldo"
108931,João Matos Gomes,177,"Avenida Heitor Penteado, 1732 - Taquaral"
108932,Clara Amorim Gomes,191,"Avenida Albino José Barbosa de Oliveira, 2304 - Barão Geraldo"
108933,Sofia Oliveira Oliveira,165,"Avenida Albino José Barbosa de Oliveira, 2289 - Barão Geraldo"
108934,Henrique Cruz Almeida,161,"Avenida Heitor Penteado, 1094 - Taquaral"
108935,Miguel Oliveira Martins,201,"Avenida Albino José Barbosa de Oliveira, 1556 - Barão Geraldo"
108936,Miguel Paschoalino Queiroz,154,"Rua Coronel Quirino, 1076 - Cambuí"
108937,Livia Gomes Martins,183,"Rua Maria Monteiro, 219 - Cambuí"
108938,João Martins Almeida,191,"Rua Coronel Quirino, 1167 - Cambuí"
108939,Eduardo Silva Vieira,150,"Rua Maria Monteiro, 1382 - Cambuí"
108940,Vinícius Ferreira Gomes,188,"Avenida Albino José Barbosa de Oliveira, 1621 - Barão Geraldo"
108941,Sofia Ferreira Queiroz,181,"Avenida Heitor Penteado, 1099 - Taquaral"
108942,Giovanna Campos Nascimento,175,"Rua Coronel Quirino, 1733 - Cambuí"
108943,Pedro Ferreira Vieira,166,"Rua Coronel Quirino, 1875 - Cambuí"
108944,Yasmin Oliveira Melo,197,"Avenida Albino José Barbosa de Oliveira, 1080 - Barão Geraldo"
108945,Beatriz Ribeiro Santana,176,"Avenida Heitor Penteado, 1407 - Taquaral"
108946,João Paschoalino Medeiros,173,"Avenida Albino José Barbosa de Oliveira, 3490 - Barão Geraldo"
108947,Maria Cruz Queiroz,184,"Rua Coronel Quirino, 921 - Cambuí"
108948,Guilherme Queiroz Melo,195,"Avenida Albino José Barbosa de Oliveira, 2123 - Barão Geraldo"
108949,Pedro Nascimento Almeida,191,"Avenida Heitor Penteado, 1698 - Taquaral"
108950,Eduardo Bellini Fernandes,203,"Avenida Albino José Barbosa de Oliveira, 282 - Barão Geraldo"
108951,Giovanna Santana Nascimento,188,"Avenida Heitor Penteado, 305 - Taquaral"
108952,Beatriz Nascimento Gomes,175,"Avenida Heitor Penteado, 1023 - Taquaral"
108953,Thiago Martins Matos,198,"Avenida Heitor Penteado, 2586 - Taquaral"
108954,Eduardo Cruz Almeida,187,"Avenida Albino José Barbosa de Oliveira, 1352 - Barão Geraldo"
108955,Clara Fernandes Ribeiro,172,"Avenida Heitor Penteado, 129 - Taquaral"
108956,Maria Silva Campos,171,"Avenida Albino José Barbosa de Oliveira, 39 - Barão Geraldo"
108957,Thiago Alves Oliveira,153,"Avenida Albino José Barbosa de Oliveira, 1461 - Barão Geraldo"
108958,João Silva Melo,198,"Avenida Heitor Penteado, 2807 - Taquaral"
108959,Erik Paschoalino Martins,158,"Avenida Heitor Penteado, 1995 - Taquaral"
108960,Yasmin Silva Nascimento,153,"Avenida Heitor Penteado, 1289 - Taquaral"
108961,Rafael Vieira Cruz,156,"Avenida Albino José Barbosa de Oliveira, 2130 - Barão Geraldo"
108962,Daniel Campos Amorim,172,"Avenida Heitor Penteado, 935 - Taquaral"
108963,Felipe Matos Matos,151,"Avenida Albino José Barbosa de Oliveira, 497 - Barão Geraldo"
108964,Clara Queiroz Almeida,198,"Rua Coronel Quirino, 992 - Cambuí"
108965,Miguel Bellini Paschoalino,173,"Rua Coronel Quirino, 1197 - Cambuí"
108966,Yasmin Gomes Bellini,189,"Rua Maria Monteiro, 727 - Cambuí"
108967,Guilherme Bellini Fernandes,204,"Avenida Albino José Barbosa de Oliveira, 2224 - Barão Geraldo"
108968,Yasmin Melo Nascimento,180,"Rua Maria Monteiro, 534 - Cambuí"
108969,Samuel Queiroz Oliveira,196,"Avenida Heitor Penteado, 1185 - Taquaral"
108970,Thiago Vieira Queiroz,180,"Avenida Albino José Barbosa de Oliveira, 1594 - Barão Geraldo"
108971,Samuel Silva Melo,196,"Rua Maria Monteiro, 756 - Cambuí"
108972,Maria Matos Paschoalino,189,"Rua Coronel Quirino, 320 - Cambuí"
108973,Livia Martins Silva,197,"Avenida Heitor Penteado, 2877 - Taquaral"
108974,André Alves Cruz,200,"Avenida Heitor Penteado, 1678 - Taquaral"
108975,Daniel Medeiros Oliveira,192,"Rua Coronel Quirino, 302 - Cambuí"
108976,Clara Oliveira Alves,183,"Rua Maria Monteiro, 76 - Cambuí"
108977,Guilherme Santana Silva,204,"Avenida Albino José Barbosa de Oliveira, 1209 - Barão Geraldo"
108978,Clara Oliveira Bellini,173,"Avenida Albino José Barbosa de Oliveira, 920 - Barão Geraldo"
108979,André Cruz Martins,198,"Avenida Albino José Barbosa de Oliveira, 2587 - Barão Geraldo"
108980,Beatriz Nascimento Campos,175,"Rua Maria Monteiro, 651 - Cambuí"
108981,Thiago Queiroz Gomes,165,"Avenida Albino José Barbosa de Oliveira, 1163 - Barão Geraldo"
108982,André Bellini Amorim,196,"Avenida Albino José Barbosa de Oliveira, 2771 - Barão Geraldo"
108983,Eduardo Cruz Ribeiro,162,"Rua Maria Monteiro, 949 - Cambuí"
108984,Samuel Martins Medeiros,164,"Avenida Heitor Penteado, 564 - Taquaral"
108985,Beatriz Santana Oliveira,176,"Avenida Heitor Penteado, 2866 - Taquaral"
108986,Beatriz Santana Cruz,153,"Rua Coronel Quirino, 888 - Cambuí"
108987,Vinícius Ferreira Matos,165,"Avenida Albino José Barbosa de Oliveira, 807 - Barão Geraldo"
108988,Victor Campos Campos,179,"Avenida Albino José Barbosa de Oliveira, 3422 - Barão Geraldo"
108989,Beatriz Vieira Vieira,193,"Avenida Albino José Barbosa de Oliveira, 2799 - Barão Geraldo"
108990,Giovanna Medeiros Paschoalino,179,"Avenida Heitor Penteado, 1121 - Taquaral"
108991,Felipe Nascimento Amorim,185,"Avenida Heitor Penteado, 67 - Taquaral"
108992,Daniel Bellini Cruz,152,"Avenida Albino José Barbosa de Oliveira, 2701 - Barão Geraldo"
108993,Larissa Amorim Cruz,171,"Rua Maria Monteiro, 1559 - Cambuí"
108994,Victor Ferreira Ribeiro,198,"Avenida Albino José Barbosa de Oliveira, 692 - Barão Geraldo"
108995,Sofia Gomes Medeiros,171,"Avenida Albino José Barbosa de Oliveira, 1658 - Barão Geraldo"
108996,Thiago Cruz Ribeiro,199,"Avenida Heitor Penteado, 2488 - Taquaral"
108997,Livia Almeida Alves,199,"Avenida Albino José Barbosa de Oliveira, 1344 - Barão Geraldo"
108998,Yasmin Campos Medeiros,204,"Avenida Albino José Barbosa de Oliveira, 144 - Barão Geraldo"
108999,Thiago Queiroz Silva,198,"Rua Maria Monteiro, 961 - Cambuí"
109000,Daniel Melo Ribeiro,161,"Avenida Heitor Penteado, 1328 - Taquaral"
109001,Guilherme Ribeiro Ferreira,204,"Rua Coronel Quirino, 1410 - Cambuí"
109002,Samuel Fernandes Alves,170,"Avenida Heitor Penteado, 540 - Taquaral"
109003,André Ribeiro Cruz,153,"Avenida Albino José Barbosa de Oliveira, 700 - Barão Geraldo"
109004,Clara Santana Ferreira,180,"Rua Coronel Quirino, 755 - Cambuí"
109005,Henrique Bellini Fernandes,193,"Avenida Heitor Penteado, 1705 - Taquaral"
109006,Samuel Oliveira Cruz,180,"Rua Maria Monteiro, 1145 - Cambuí"
109007,André Amorim Oliveira,172,"Rua Coronel Quirino, 1287 - Cambuí"
109008,Sofia Queiroz Ferreira,203,"Avenida Albino José Barbosa de Oliveira, 2750 - Barão Geraldo"
109009,Samuel Paschoalino Amorim,202,"Rua Maria Monteiro, 24 - Cambuí"
109010,Eduardo Ferreira Campos,169,"Avenida Albino José Barbosa de Oliveira, 10 - Barão Geraldo"
109011,Beatriz Bellini Ferreira,164,"Rua Coronel Quirino, 2000 - Cambuí"
109012,Daniel Gomes Cruz,172,"Rua Coronel Quirino, 1201 - Cambuí"
109013,Maria Paschoalino Matos,177,"Rua Coronel Quirino, 1872 - Cambuí"
109014,Larissa Queiroz Cruz,165,"Avenida Albino José Barbosa de Oliveira, 2588 - Barão Geraldo"
109015,Vinícius Amorim Almeida,186,"Rua Maria Monteiro, 114 - Cambuí"
109016,Eduardo Santana Campos,170,"Rua Maria Monteiro, 940 - Cambuí"
109017,Victor Ribeiro Martins,164,"Rua Maria Monteiro, 1120 - Cambuí"
109018,Giovanna Amorim Amorim,166,"Rua Coronel Quirino, 1269 - Cambuí"
109019,Daniel Matos Santana,199,"Avenida Albino José Barbosa de Oliveira, 691 - Barão Geraldo"
109020,Pedro Fernandes Bellini,186,"Rua Coronel Quirino, 875 - Cambuí"
109021,Beatriz Ferreira Gomes,162,"Avenida Albino José Barbosa de Oliveira, 695 - Barão Geraldo"
109022,Sofia Cruz Paschoalino,168,"Rua Coronel Quirino, 651 - Cambuí"
109023,Erik Nascimento Matos,179,"Rua Coronel Quirino, 1843 - Cambuí"
109024,André Matos Alves,194,"Avenida Albino José Barbosa de Oliveira, 2379 - Barão Geraldo"
109025,João Ferreira Queiroz,167,"Avenida Albino José Barbosa de Oliveira, 1834 - Barão Geraldo"
109026,Beatriz Paschoalino Oliveira,163,"Rua Maria Monteiro, 940 - Cambuí"
109027,Rafael Silva Nascimento,185,"Avenida Albino José Barbosa de Oliveira, 2548 - Barão Geraldo"
109028,Felipe Almeida Santana,185,"Avenida Albino José Barbosa de Oliveira, 3417 - Barão Geraldo"
109029,Livia Oliveira Oliveira,169,"Avenida Albino José Barbosa de Oliveira, 3487 - Barão Geraldo"
109030,Daniel Martins Melo,201,"Rua Coronel Quirino, 543 - Cambuí"
109031,Beatriz Martins Campos,168,"Avenida Heitor Penteado, 1264 - Taquaral"
109032,Yasmin Martins Matos,194,"Avenida Albino José Barbosa de Oliveira, 2891 - Barão Geraldo"
109033,João Ferreira Silva,193,"Avenida Heitor Penteado, 2301 - Taquaral"
109034,Livia Amorim Paschoalino,156,"Avenida Albino José Barbosa de Oliveira, 2651 - Barão Geraldo"
109035,Livia Ferreira Alves,193,"Avenida Albino José Barbosa de Oliveira, 2532 - Barão Geraldo"
109036,Clara Gomes Campos,202,"Avenida Heitor Penteado, 2504 - Taquaral"
109037,Larissa Cruz Bellini,153,"Rua Maria Monteiro, 1258 - Cambuí"
109038,Victor Alves Almeida,183,"Rua Maria Monteiro, 501 - Cambuí"
109039,Clara Fernandes Medeiros,151,"Avenida Heitor Penteado, 2158 - Taquaral"
109040,Thiago Cruz Gomes,154,"Avenida Albino José Barbosa de Oliveira, 1875 - Barão Geraldo"
109041,Guilherme Almeida Martins,204,"Rua Maria Monteiro, 547 - Cambuí"
109042,Clara Paschoalino Amorim,159,"Avenida Heitor Penteado, 2662 - Taquaral"
109043,André Santana Santana,181,"Avenida Albino José Barbosa de Oliveira, 1790 - Barão Geraldo"
109044,João Medeiros Ribeiro,191,"Rua Maria Monteiro, 727 - Cambuí"
109045,Samuel Silva Oliveira,190,"Avenida Heitor Penteado, 1507 - Taquaral"
109046,Guilherme Santana Cruz,162,"Rua Maria Monteiro, 1439 - Cambuí"
109047,Vinícius Matos Bellini,188,"Avenida Albino José Barbosa de Oliveira, 2414 - Barão Geraldo"
109048,Victor Almeida Nascimento,154,"Avenida Heitor Penteado, 1123 - Taquaral"
109049,Sofia Nascimento Queiroz,159,"Avenida Albino José Barbosa de Oliveira, 3243 - Barão Geraldo"
109050,Clara Bellini Paschoalino,159,"Avenida Albino José Barbosa de Oliveira, 274 - Barão Geraldo"
109051,André Nascimento Cruz,187,"Avenida Heitor Penteado, 2329 - Taquaral"
109052,Thiago Gomes Campos,176,"Avenida Heitor Penteado, 2680 - Taquaral"
109053,Clara Paschoalino Fernandes,200,"Rua Maria Monteiro, 960 - Cambuí"
109054,Gabriel Medeiros Almeida,170,"Avenida Albino José Barbosa de Oliveira, 1135 - Barão Geraldo"
109055,Daniel Alves Vieira,157,"Avenida Heitor Penteado, 2227 - Taquaral"
109056,Livia Amorim Alves,150,"Rua Maria Monteiro, 1161 - Cambuí"
109057,Larissa Matos Martins,177,"Avenida Albino José Barbosa de Oliveira, 1948 - Barão Geraldo"
109058,Larissa Nascimento Martins,198,"Avenida Albino José Barbosa de Oliveira, 2112 - Barão Geraldo"
109059,Larissa Bellini Bellini,188,"Avenida Heitor Penteado, 2123 - Taquaral"
109060,Yasmin Campos Fernandes,163,"Avenida Heitor Penteado, 1117 - Taquaral"
109061,Gabriel Nascimento Matos,170,"Avenida Albino José Barbosa de Oliveira, 185 - Barão Geraldo"
109062,Clara Vieira Paschoalino,179,"Rua Maria Monteiro, 871 - Cambuí"
109063,Henrique Paschoalino Cruz,170,"Rua Coronel Quirino, 809 - Cambuí"
109064,Giovanna Amorim Gomes,198,"Avenida Albino José Barbosa de Oliveira, 2030 - Barão Geraldo"
109065,Giovanna Almeida Amorim,158,"Avenida Albino José Barbosa de Oliveira, 97 - Barão Geraldo"
109066,Samuel Melo Gomes,166,"Rua Maria Monteiro, 738 - Cambuí"
109067,Daniel Fernandes Amorim,154,"Avenida Heitor Penteado, 339 - Taquaral"
109068,Gabriel Matos Fernandes,180,"Avenida Albino José Barbosa de Oliveira, 1178 - Barão Geraldo"
109069,Henrique Cruz Almeida,201,"Rua Coronel Quirino, 1014 - Cambuí"
109070,Sofia Vieira Ferreira,189,"Avenida Heitor Penteado, 2703 - Taquaral"
109071,Pedro Fernandes Cruz,187,"Avenida Albino José Barbosa de Oliveira, 1362 - Barão Geraldo"
109072,Eduardo Bellini Melo,192,"Avenida Heitor Penteado, 2616 - Taquaral"
109073,João Melo Amorim,168,"Avenida Heitor Penteado, 2886 - Taquaral"
109074,Samuel Cruz Fernandes,185,"Avenida Albino José Barbosa de Oliveira, 1748 - Barão Geraldo"
109075,João Silva Almeida,199,"Avenida Albino José Barbosa de Oliveira, 15 - Barão Geraldo"
109076,Livia Ribeiro Medeiros,182,"Rua Coronel Quirino, 1522 - Cambuí"
109077,Yasmin Campos Ferreira,162,"Avenida Albino José Barbosa de Oliveira, 533 - Barão Geraldo"
109078,Erik Bellini Martins,163,"Rua Coronel Quirino, 1855 - Cambuí"
109079,André Almeida Nascimento,182,"Rua Coronel Quirino, 1541 - Cambuí"
109080,Guilherme Gomes Alves,178,"Rua Coronel Quirino, 1371 - Cambuí"
109081,Giovanna Gomes Ferreira,192,"Avenida Albino José Barbosa de Oliveira, 3224 - Barão Geraldo"
109082,Miguel Almeida Medeiros,198,"Avenida Heitor Penteado, 29 - Taquaral"
109083,João Vieira Ferreira,185,"Rua Coronel Quirino, 337 - Cambuí"
109084,Daniel Paschoalino Ferreira,193,"Avenida Albino José Barbosa de Oliveira, 1620 - Barão Geraldo"
109085,Felipe Medeiros Queiroz,159,"Avenida Albino José Barbosa de Oliveira, 579 - Barão Geraldo"
109086,Miguel Cruz Alves,180,"Avenida Heitor Penteado, 1750 - Taquaral"
109087,Livia Silva Ribeiro,155,"Rua Coronel Quirino, 1756 - Cambuí"
109088,Pedro Matos Ribeiro,150,"Avenida Heitor Penteado, 662 - Taquaral"
109089,Gabriel Amorim Medeiros,156,"Avenida Heitor Penteado, 1994 - Taquaral"
109090,Felipe Cruz Amorim,176,"Avenida Heitor Penteado, 1592 - Taquaral"
109091,Henrique Nascimento Bellini,170,"Rua Maria Monteiro, 1415 - Cambuí"
109092,Samuel Paschoalino Oliveira,177,"Avenida Albino José Barbosa de Oliveira, 1375 - Barão Geraldo"
109093,Miguel Nascimento Vieira,165,"Avenida Heitor Penteado, 2751 - Taquaral"
109094,Guilherme Queiroz Fernandes,195,"Avenida Albino José Barbosa de Oliveira, 2541 - Barão Geraldo"
109095,Larissa Ferreira Oliveira,172,"Rua Maria Monteiro, 85 - Cambuí"
109096,Livia Medeiros Oliveira,201,"Avenida Albino José Barbosa de Oliveira, 1033 - Barão Geraldo"
109097,Victor Oliveira Fernandes,169,"Avenida Heitor Penteado, 1269 - Taquaral"
109098,Giovanna Martins Queiroz,187,"Avenida Albino José Barbosa de Oliveira, 2078 - Barão Geraldo"
109099,Livia Almeida Ferreira,203,"Rua Coronel Quirino, 1921 - Cambuí"
109100,Erik Matos Queiroz,174,"Rua Maria Monteiro, 1398 - Cambuí"
109101,Guilherme Medeiros Ferreira,177,"Rua Maria Monteiro, 408 - Cambuí"
109102,Maria Gomes Silva,154,"Rua Coronel Quirino, 1699 - Cambuí"
109103,Eduardo Paschoalino Ferreira,170,"Avenida Albino José Barbosa de Oliveira, 1420 - Barão Geraldo"
109104,Rafael Martins Santana,167,"Avenida Heitor Penteado, 889 - Taquaral"
109105,Eduardo Amorim Vieira,196,"Avenida Heitor Penteado, 2063 - Taquaral"
109106,Larissa Santana Fernandes,155,"Avenida Heitor Penteado, 1419 - Taquaral"
109107,Felipe Matos Martins,178,"Avenida Heitor Penteado, 2990 - Taquaral"
109108,Pedro Gomes Almeida,168,"Avenida Heitor Penteado, 578 - Taquaral"
109109,João Campos Almeida,182,"Avenida Heitor Penteado, 2293 - Taquaral"
109110,Felipe Queiroz Gomes,150,"Avenida Heitor Penteado, 2224 - Taquaral"
109111,Thiago Queiroz Amorim,194,"Avenida Heitor Penteado, 2978 - Taquaral"
109112,Vinícius Medeiros Gomes,152,"Avenida Heitor Penteado, 1105 - Taquaral"
109113,Yasmin Paschoalino Silva,191,"Avenida Albino José Barbosa de Oliveira, 2160 - Barão Geraldo"
109114,Samuel Queiroz Martins,170,"Rua Coronel Quirino, 734 - Cambuí"
109115,Victor Bellini Oliveira,184,"Avenida Albino José Barbosa de Oliveira, 466 - Barão Geraldo"
109116,Beatriz Fernandes Alves,190,"Rua Maria Monteiro, 115 - Cambuí"
109117,Gabriel Silva Paschoalino,189,"Rua Maria Monteiro, 713 - Cambuí"
109118,João Paschoalino Queiroz,152,"Avenida Heitor Penteado, 1669 - Taquaral"
109119,Vinícius Almeida Amorim,174,"Avenida Albino José Barbosa de Oliveira, 1404 - Barão Geraldo"
109120,Felipe Melo Gomes,194,"Rua Maria Monteiro, 595 - Cambuí"
109121,Thiago Vieira Fernandes,187,"Avenida Heitor Penteado, 568 - Taquaral"
109122,Vinícius Ferreira Gomes,194,"Avenida Albino José Barbosa de Oliveira, 2612 - Barão Geraldo"
109123,Giovanna Paschoalino Fernandes,204,"Avenida Albino José Barbosa de Oliveira, 1188 - Barão Geraldo"
109124,Felipe Ribeiro Fernandes,169,"Avenida Heitor Penteado, 1184 - Taquaral"
109125,Maria Ferreira Medeiros,201,"Rua Coronel Quirino, 861 - Cambuí"
109126,Thiago Amorim Queiroz,193,"Rua Coronel Quirino, 1464 - Cambuí"
109127,Vinícius Ferreira Amorim,194,"Avenida Albino José Barbosa de Oliveira, 878 - Barão Geraldo"
109128,Larissa Fernandes Alves,183,"Rua Coronel Quirino, 182 - Cambuí"
109129,Giovanna Oliveira Gomes,170,"Avenida Heitor Penteado, 2667 - Taquaral"
109130,Clara Melo Paschoalino,204,"Rua Maria Monteiro, 1080 - Cambuí"
109131,Gabriel Queiroz Silva,197,"Rua Coronel Quirino, 1427 - Cambuí"
109132,Eduardo Oliveira Amorim,172,"Rua Maria Monteiro, 1105 - Cambuí"
109133,Felipe Martins Almeida,155,"Avenida Albino José Barbosa de Oliveira, 1500 - Barão Geraldo"
109134,Miguel Santana Oliveira,200,"Avenida Albino José Barbosa de Oliveira, 1344 - Barão Geraldo"
109135,Beatriz Oliveira Oliveira,202,"Avenida Albino José Barbosa de Oliveira, 679 - Barão Geraldo"
109136,Rafael Almeida Amorim,162,"Rua Maria Monteiro, 1372 - Cambuí"
109137,Daniel Cruz Vieira,198,"Rua Maria Monteiro, 1336 - Cambuí"
109138,Miguel Alves Ribeiro,172,"Rua Coronel Quirino, 256 - Cambuí"
109139,Pedro Gomes Campos,158,"Avenida Albino José Barbosa de Oliveira, 3479 - Barão Geraldo"
109140,Daniel Amorim Cruz,166,"Avenida Heitor Penteado, 341 - Taquaral"
109141,Maria Oliveira Medeiros,151,"Avenida Albino José Barbosa de Oliveira, 452 - Barão Geraldo"
109142,Guilherme Oliveira Campos,168,"Avenida Albino José Barbosa de Oliveira, 1818 - Barão Geraldo"
109143,Sofia Alves Cruz,168,"Avenida Albino José Barbosa de Oliveira, 1216 - Barão Geraldo"
109144,Guilherme Silva Matos,156,"Rua Coronel Quirino, 205 - Cambuí"
109145,Livia Melo Matos,203,"Avenida Heitor Penteado, 2439 - Taquaral"
109146,Gabriel Medeiros Alves,191,"Avenida Albino José Barbosa de Oliveira, 2482 - Barão Geraldo"
109147,Erik Cruz Gomes,191,"Rua Coronel Quirino, 303 - Cambuí"
109148,Victor Paschoalino Santana,169,"Avenida Heitor Penteado, 2813 - Taquaral"
109149,Victor Oliveira Oliveira,158,"Avenida Heitor Penteado, 1936 - Taquaral"
109150,André Oliveira Gomes,166,"Avenida Heitor Penteado, 2614 - Taquaral"
109151,Victor Matos Paschoalino,176,"Avenida Heitor Penteado, 1609 - Taquaral"
109152,Daniel Silva Oliveira,196,"Avenida Albino José Barbosa de Oliveira, 2939 - Barão Geraldo"
109153,Yasmin Martins Silva,151,"Avenida Albino José Barbosa de Oliveira, 343 - Barão Geraldo"
109154,Pedro Vieira Medeiros,185,"Avenida Heitor Penteado, 2879 - Taquaral"
109155,Maria Matos Paschoalino,168,"Avenida Albino José Barbosa de Oliveira, 3307 - Barão Geraldo"
109156,Clara Ferreira Ferreira,166,"Avenida Heitor Penteado, 1267 - Taquaral"
109157,André Santana Vieira,154,"Avenida Albino José Barbosa de Oliveira, 2154 - Barão Geraldo"
109158,Livia Santana Ferreira,188,"Avenida Albino José Barbosa de Oliveira, 2220 - Barão Geraldo"
109159,Beatriz Fernandes Paschoalino,167,"Avenida Heitor Penteado, 342 - Taquaral"
109160,Beatriz Nascimento Melo,202,"Avenida Albino José Barbosa de Oliveira, 2608 - Barão Geraldo"
109161,Felipe Santana Oliveira,203,"Avenida Heitor Penteado, 2982 - Taquaral"
109162,Maria Ferreira Oliveira,156,"Rua Coronel Quirino, 1814 - Cambuí"
109163,Giovanna Silva Martins,166,"Avenida Albino José Barbosa de Oliveira, 2632 - Barão Geraldo"
109164,Victor Bellini Cruz,188,"Rua Coronel Quirino, 496 - Cambuí"
109165,Miguel Oliveira Melo,185,"Avenida Albino José Barbosa de Oliveira, 559 - Barão Geraldo"
109166,Giovanna Ferreira Gomes,189,"Avenida Heitor Penteado, 1527 - Taquaral"
109167,Gabriel Matos Paschoalino,194,"Avenida Heitor Penteado, 1235 - Taquaral"
109168,Sofia Bellini Melo,153,"Rua Maria Monteiro, 1296 - Cambuí"
109169,Beatriz Martins Fernandes,187,"Avenida Albino José Barbosa de Oliveira, 1386 - Barão Geraldo"
109170,Giovanna Medeiros Oliveira,174,"Avenida Albino José Barbosa de Oliveira, 2212 - Barão Geraldo"
109171,João Campos Campos,154,"Avenida Heitor Penteado, 2357 - Taquaral"
109172,Sofia Fernandes Cruz,179,"Avenida Heitor Penteado, 2325 - Taquaral"
109173,Larissa Campos Bellini,161,"Rua Maria Monteiro, 861 - Cambuí"
109174,Thiago Campos Bellini,153,"Avenida Albino José Barbosa de Oliveira, 940 - Barão Geraldo"
109175,Eduardo Ferreira Oliveira,173,"Rua Coronel Quirino, 1161 - Cambuí"
109176,Pedro Oliveira Matos,178,"Rua Coronel Quirino, 1875 - Cambuí"
109177,Clara Oliveira Melo,158,"Rua Maria Monteiro, 1075 - Cambuí"
109178,Daniel Martins Bellini,153,"Avenida Albino José Barbosa de Oliveira, 1437 - Barão Geraldo"
109179,João Ribeiro Medeiros,200,"Avenida Albino José Barbosa de Oliveira, 456 - Barão Geraldo"
109180,Guilherme Melo Gomes,173,"Rua Maria Monteiro, 1576 - Cambuí"
109181,Beatriz Almeida Gomes,163,"Avenida Albino José Barbosa de Oliveira, 1352 - Barão Geraldo"
109182,Larissa Gomes Ferreira,154,"Avenida Albino José Barbosa de Oliveira, 836 - Barão Geraldo"
109183,Livia Ribeiro Fernandes,167,"Rua Coronel Quirino, 1519 - Cambuí"
109184,Erik Ferreira Oliveira,191,"Avenida Albino José Barbosa de Oliveira, 3078 - Barão Geraldo"
109185,Sofia Ribeiro Nascimento,168,"Rua Coronel Quirino, 811 - Cambuí"
109186,João Santana Melo,161,"Avenida Heitor Penteado, 327 - Taquaral"
109187,Pedro Silva Campos,167,"Rua Coronel Quirino, 466 - Cambuí"
109188,Thiago Ribeiro Melo,166,"Avenida Albino José Barbosa de Oliveira, 1115 - Barão Geraldo"
109189,João Paschoalino Ferreira,179,"Rua Coronel Quirino, 310 - Cambuí"
109190,Thiago Paschoalino Queiroz,173,"Avenida Heitor Penteado, 2116 - Taquaral"
109191,Sofia Gomes Nascimento,160,"Avenida Heitor Penteado, 558 - Taquaral"
109192,André Gomes Amorim,184,"Avenida Heitor Penteado, 640 - Taquaral"
109193,João Gomes Paschoalino,172,"Rua Maria Monteiro, 961 - Cambuí"
109194,Erik Medeiros Matos,166,"Avenida Heitor Penteado, 541 - Taquaral"
109195,André Cruz Melo,150,"Avenida Albino José Barbosa de Oliveira, 192 - Barão Geraldo"
109196,Erik Campos Medeiros,164,"Avenida Heitor Penteado, 2595 - Taquaral"
109197,Erik Oliveira Vieira,181,"Avenida Heitor Penteado, 961 - Taquaral"
109198,João Nascimento Bellini,158,"Avenida Heitor Penteado, 861 - Taquaral"
109199,Vinícius Medeiros Silva,164,"Rua Coronel Quirino, 1492 - Cambuí"
109200,Giovanna Matos Melo,177,"Avenida Heitor Penteado, 753 - Taquaral"
109201,Beatriz Melo Bellini,173,"Avenida Albino José Barbosa de Oliveira, 862 - Barão Geraldo"
109202,Erik Oliveira Alves,184,"Rua Coronel Quirino, 915 - Cambuí"
109203,Felipe Bellini Santana,171,"Avenida Heitor Penteado, 2919 - Taquaral"
109204,Erik Paschoalino Oliveira,176,"Avenida Heitor Penteado, 2436 - Taquaral"
109205,Gabriel Alves Vieira,168,"Avenida Albino José Barbosa de Oliveira, 164 - Barão Geraldo"
109206,Beatriz Almeida Alves,194,"Rua Coronel Quirino, 408 - Cambuí"
109207,Rafael Fernandes Alves,161,"Rua Coronel Quirino, 1576 - Cambuí"
109208,Beatriz Cruz Campos,169,"Avenida Albino José Barbosa de Oliveira, 1111 - Barão Geraldo"
109209,Thiago Bellini Fernandes,150,"Avenida Albino José Barbosa de Oliveira, 1447 - Barão Geraldo"
109210,Guilherme Fernandes Medeiros,170,"Rua Coronel Quirino, 367 - Cambuí"
109211,Gabriel Martins Melo,198,"Avenida Albino José Barbosa de Oliveira, 2748 - Barão Geraldo"
109212,Samuel Matos Matos,194,"Avenida Heitor Penteado, 188 - Taquaral"
109213,Guilherme Santana Campos,150,"Avenida Heitor Penteado, 2205 - Taquaral"
109214,Felipe Bellini Santana,159,"Avenida Heitor Penteado, 1601 - Taquaral"
109215,Erik Nascimento Bellini,196,"Rua Maria Monteiro, 1489 - Cambuí"
109216,Livia Oliveira Melo,181,"Rua Coronel Quirino, 688 - Cambuí"
109217,Maria Almeida Paschoalino,188,"Avenida Albino José Barbosa de Oliveira, 639 - Barão Geraldo"
109218,Sofia Paschoalino Alves,171,"Rua Coronel Quirino, 172 - Cambuí"
109219,Victor Matos Ribeiro,167,"Avenida Heitor Penteado, 981 - Taquaral"
109220,Gabriel Cruz Almeida,197,"Rua Coronel Quirino, 1932 - Cambuí"
109221,Giovanna Silva Vieira,195,"Rua Maria Monteiro, 472 - Cambuí"
109222,Erik Melo Medeiros,181,"Avenida Albino José Barbosa de Oliveira, 27 - Barão Geraldo"
109223,Miguel Fernandes Campos,176,"Avenida Heitor Penteado, 2697 - Taquaral"
109224,Livia Fernandes Campos,177,"Avenida Albino José Barbosa de Oliveira, 1948 - Barão Geraldo"
109225,Vinícius Campos Almeida,167,"Avenida Heitor Penteado, 814 - Taquaral"
109226,Beatriz Cruz Almeida,188,"Avenida Heitor Penteado, 2084 - Taquaral"
109227,Gabriel Amorim Martins,198,"Avenida Heitor Penteado, 1542 - Taquaral"
109228,Felipe Vieira Amorim,178,"Avenida Heitor Penteado, 906 - Taquaral"
109229,Miguel Nascimento Melo,167,"Avenida Heitor Penteado, 1475 - Taquaral"
109230,João Silva Oliveira,193,"Avenida Heitor Penteado, 2095 - Taquaral"
109231,Clara Paschoalino Martins,157,"Avenida Heitor Penteado, 2163 - Taquaral"
109232,Erik Campos Silva,203,"Rua Coronel Quirino, 1908 - Cambuí"
109233,Rafael Vieira Melo,180,"Rua Coronel Quirino, 708 - Cambuí"
109234,Felipe Ferreira Fernandes,183,"Avenida Albino José Barbosa de Oliveira, 2385 - Barão Geraldo"
109235,Vinícius Cruz Melo,156,"Avenida Albino José Barbosa de Oliveira, 189 - Barão Geraldo"
109236,Eduardo Oliveira Martins,185,"Avenida Heitor Penteado, 2010 - Taquaral"
109237,Miguel Vieira Bellini,167,"Avenida Albino José Barbosa de Oliveira, 3391 - Barão Geraldo"
109238,Daniel Amorim Alves,187,"Rua Maria Monteiro, 953 - Cambuí"
109239,Gabriel Martins Almeida,158,"Avenida Albino José Barbosa de Oliveira, 1673 - Barão Geraldo"
109240,Maria Silva Amorim,158,"Avenida Albino José Barbosa de Oliveira, 13 - Barão Geraldo"
109241,Henrique Almeida Queiroz,195,"Avenida Albino José Barbosa de Oliveira, 51 - Barão Geraldo"
109242,Rafael Martins Silva,157,"Avenida Heitor Penteado, 1877 - Taquaral"
109243,Livia Cruz Almeida,200,"Avenida Heitor Penteado, 430 - Taquaral"
109244,Larissa Paschoalino Campos,184,"Avenida Heitor Penteado, 73 - Taquaral"
109245,Maria Cruz Ferreira,167,"Avenida Heitor Penteado, 2792 - Taquaral"
109246,Gabriel Paschoalino Paschoalino,154,"Avenida Heitor Penteado, 1333 - Taquaral"
109247,Victor Melo Oliveira,163,"Avenida Albino José Barbosa de Oliveira, 2654 - Barão Geraldo"
109248,Yasmin Matos Silva,177,"Avenida Heitor Penteado, 2200 - Taquaral"
109249,Henrique Almeida Silva,179,"Avenida Heitor Penteado, 2925 - Taquaral"
109250,Beatriz Santana Oliveira,153,"Avenida Albino José Barbosa de Oliveira, 680 - Barão Geraldo"
109251,Larissa Cruz Vieira,188,"Rua Maria Monteiro, 602 - Cambuí"
109252,João Bellini Fernandes,169,"Rua Maria Monteiro, 526 - Cambuí"
109253,João Paschoalino Fernandes,174,"Rua Maria Monteiro, 135 - Cambuí"
109254,Daniel Silva Santana,177,"Avenida Heitor Penteado, 2837 - Taquaral"
109255,Thiago Almeida Cruz,161,"Rua Maria Monteiro, 86 - Cambuí"
109256,Victor Ribeiro Cruz,151,"Avenida Heitor Penteado, 422 - Taquaral"
109257,Guilherme Bellini Medeiros,192,"Avenida Albino José Barbosa de Oliveira, 1573 - Barão Geraldo"
109258,Samuel Ferreira Amorim,163,"Rua Coronel Quirino, 1311 - Cambuí"
109259,Victor Ferreira Ribeiro,171,"Rua Maria Monteiro, 626 - Cambuí"
109260,Eduardo Silva Ferreira,180,"Avenida Albino José Barbosa de Oliveira, 3423 - Barão Geraldo"
109261,Vinícius Almeida Alves,172,"Rua Maria Monteiro, 1131 - Cambuí"
109262,Larissa Silva Almeida,197,"Avenida Heitor Penteado, 557 - Taquaral"
109263,Eduardo Vieira Queiroz,169,"Rua Maria Monteiro, 333 - Cambuí"
109264,Sofia Bellini Silva,187,"Avenida Albino José Barbosa de Oliveira, 2792 - Barão Geraldo"
109265,Rafael Fernandes Matos,204,"Rua Coronel Quirino, 104 - Cambuí"
109266,Daniel Melo Oliveira,153,"Avenida Albino José Barbosa de Oliveira, 2615 - Barão Geraldo"
109267,Thiago Paschoalino Nascimento,164,"Avenida Heitor Penteado, 1230 - Taquaral"
109268,Sofia Amorim Amorim,173,"Rua Maria Monteiro, 545 - Cambuí"
109269,Beatriz Gomes Amorim,174,"Avenida Albino José Barbosa de Oliveira, 709 - Barão Geraldo"
109270,Rafael Martins Melo,150,"Avenida Heitor Penteado, 101 - Taquaral"
109271,Felipe Santana Bellini,156,"Rua Maria Monteiro, 1425 - Cambuí"
109272,Erik Melo Melo,180,"Rua Maria Monteiro, 40 - Cambuí"
109273,Sofia Gomes Alves,161,"Rua Maria Monteiro, 400 - Cambuí"
109274,Daniel Alves Campos,191,"Rua Coronel Quirino, 1178 - Cambuí"
109275,Beatriz Oliveira Fernandes,154,"Avenida Albino José Barbosa de Oliveira, 2240 - Barão Geraldo"
109276,Miguel Matos Nascimento,193,"Avenida Albino José Barbosa de Oliveira, 1094 - Barão Geraldo"
109277,Maria Silva Medeiros,199,"Avenida Albino José Barbosa de Oliveira, 1373 - Barão Geraldo"
109278,Samuel Fernandes Ribeiro,191,"Rua Coronel Quirino, 1261 - Cambuí"
109279,Samuel Alves Queiroz,187,"Rua Maria Monteiro, 697 - Cambuí"
109280,Samuel Santana Matos,161,"Rua Maria Monteiro, 1247 - Cambuí"
109281,Erik Fernandes Gomes,188,"Avenida Heitor Penteado, 487 - Taquaral"
109282,Larissa Amorim Almeida,167,"Avenida Albino José Barbosa de Oliveira, 1692 - Barão Geraldo"
109283,Livia Oliveira Paschoalino,151,"Rua Coronel Quirino, 1931 - Cambuí"
109284,Thiago Queiroz Silva,159,"Avenida Albino José Barbosa de Oliveira, 1680 - Barão Geraldo"
109285,Livia Amorim Almeida,164,"Avenida Albino José Barbosa de Oliveira, 3286 - Barão Geraldo"
109286,Yasmin Melo Oliveira,179,"Avenida Heitor Penteado, 239 - Taquaral"
109287,João Nascimento Santana,193,"Avenida Albino José Barbosa de Oliveira, 1887 - Barão Geraldo"
109288,Rafael Fernandes Alves,166,"Avenida Albino José Barbosa de Oliveira, 892 - Barão Geraldo"
109289,Clara Melo Martins,153,"Avenida Heitor Penteado, 1136 - Taquaral"
109290,Erik Matos Oliveira,156,"Rua Maria Monteiro, 10 - Cambuí"
109291,Erik Oliveira Alves,190,"Avenida Albino José Barbosa de Oliveira, 172 - Barão Geraldo"
109292,André Cruz Matos,180,"Avenida Albino José Barbosa de Oliveira, 1616 - Barão Geraldo"
109293,Erik Alves Ribeiro,200,"Rua Maria Monteiro, 781 - Cambuí"
109294,Livia Oliveira Nascimento,204,"Rua Maria Monteiro, 1003 - Cambuí"
109295,Miguel Oliveira Matos,188,"Rua Maria Monteiro, 1487 - Cambuí"
109296,Maria Santana Melo,204,"Avenida Heitor Penteado, 1934 - Taquaral"
109297,Giovanna Oliveira Ribeiro,183,"Avenida Albino José Barbosa de Oliveira, 1736 - Barão Geraldo"
109298,André Vieira Oliveira,155,"Rua Coronel Quirino, 1627 - Cambuí"
109299,Erik Bellini Silva,199,"Rua Coronel Quirino, 483 - Cambuí"
109300,Clara Nascimento Melo,187,"Avenida Albino José Barbosa de Oliveira, 1203 - Barão Geraldo"
109301,Victor Oliveira Campos,194,"Avenida Heitor Penteado, 2908 - Taquaral"
109302,André Paschoalino Campos,200,"Avenida Heitor Penteado, 810 - Taquaral"
109303,Larissa Ribeiro Gomes,183,"Avenida Albino José Barbosa de Oliveira, 2841 - Barão Geraldo"
109304,Livia Oliveira Ferreira,193,"Avenida Heitor Penteado, 2068 - Taquaral"
109305,Beatriz Almeida Gomes,164,"Rua Maria Monteiro, 582 - Cambuí"
109306,Livia Paschoalino Silva,163,"Avenida Heitor Penteado, 2443 - Taquaral"
109307,Henrique Medeiros Melo,155,"Rua Maria Monteiro, 391 - Cambuí"
109308,João Gomes Santana,199,"Rua Maria Monteiro, 413 - Cambuí"
109309,Erik Vieira Amorim,186,"Avenida Albino José Barbosa de Oliveira, 816 - Barão Geraldo"
109310,Guilherme Ribeiro Medeiros,199,"Avenida Albino José Barbosa de Oliveira, 733 - Barão Geraldo"
109311,André Bellini Campos,181,"Avenida Albino José Barbosa de Oliveira, 900 - Barão Geraldo"
109312,Clara Medeiros Vieira,152,"Avenida Heitor Penteado, 1586 - Taquaral"
109313,Victor Bellini Bellini,152,"Rua Coronel Quirino, 1495 - Cambuí"
109314,João Santana Matos,171,"Rua Coronel Quirino, 1982 - Cambuí"
109315,Vinícius Oliveira Almeida,171,"Rua Maria Monteiro, 579 - Cambuí"
109316,Erik Nascimento Ferreira,159,"Avenida Heitor Penteado, 713 - Taquaral"
109317,Clara Vieira Melo,200,"Avenida Heitor Penteado, 667 - Taquaral"
109318,Gabriel Martins Paschoalino,152,"Rua Maria Monteiro, 525 - Cambuí"
109319,Larissa Medeiros Gomes,161,"Avenida Heitor Penteado, 1823 - Taquaral"
109320,André Queiroz Almeida,178,"Avenida Albino José Barbosa de Oliveira, 2149 - Barão Geraldo"
109321,Miguel Amorim Medeiros,197,"Avenida Albino José Barbosa de Oliveira, 2366 - Barão Geraldo"
109322,Henrique Martins Silva,166,"Avenida Albino José Barbosa de Oliveira, 2866 - Barão Geraldo"
109323,Livia Cruz Gomes,156,"Avenida Albino José Barbosa de Oliveira, 151 - Barão Geraldo"
109324,Beatriz Amorim Gomes,162,"Avenida Heitor Penteado, 650 - Taquaral"
109325,Eduardo Martins Nascimento,151,"Avenida Albino José Barbosa de Oliveira, 815 - Barão Geraldo"
109326,Felipe Queiroz Alves,153,"Avenida Albino José Barbosa de Oliveira, 1150 - Barão Geraldo"
109327,André Paschoalino Melo,159,"Rua Coronel Quirino, 1990 - Cambuí"
109328,Henrique Bellini Ferreira,188,"Rua Coronel Quirino, 1232 - Cambuí"
109329,Erik Santana Silva,173,"Avenida Albino José Barbosa de Oliveira, 858 - Barão Geraldo"
109330,Maria Vieira Ferreira,166,"Avenida Albino José Barbosa de Oliveira, 2092 - Barão Geraldo"
109331,Maria Almeida Bellini,201,"Avenida Albino José Barbosa de Oliveira, 3236 - Barão Geraldo"
109332,Yasmin Cruz Santana,155,"Avenida Albino José Barbosa de Oliveira, 3005 - Barão Geraldo"
109333,Felipe Gomes Cruz,168,"Avenida Albino José Barbosa de Oliveira, 1404 - Barão Geraldo"
109334,André Ribeiro Campos,154,"Rua Maria Monteiro, 1196 - Cambuí"
109335,Giovanna Nascimento Vieira,181,"Avenida Albino José Barbosa de Oliveira, 1403 - Barão Geraldo"
109336,Maria Nascimento Almeida,159,"Avenida Albino José Barbosa de Oliveira, 1490 - Barão Geraldo"
109337,Felipe Cruz Martins,158,"Avenida Albino José Barbosa de Oliveira, 252 - Barão Geraldo"
109338,João Silva Nascimento,176,"Avenida Albino José Barbosa de Oliveira, 1424 - Barão Geraldo"
109339,Daniel Santana Ferreira,162,"Avenida Heitor Penteado, 931 - Taquaral"
109340,Erik Ferreira Amorim,168,"Rua Maria Monteiro, 38 - Cambuí"
109341,Yasmin Martins Queiroz,170,"Rua Coronel Quirino, 109 - Cambuí"
109342,João Amorim Gomes,173,"Avenida Albino José Barbosa de Oliveira, 296 - Barão Geraldo"
109343,Beatriz Gomes Santana,187,"Avenida Albino José Barbosa de Oliveira, 2479 - Barão Geraldo"
109344,Giovanna Campos Nascimento,153,"Avenida Heitor Penteado, 1623 - Taquaral"
109345,Erik Campos Medeiros,173,"Avenida Albino José Barbosa de Oliveira, 1177 - Barão Geraldo"
109346,Giovanna Gomes Vieira,184,"Avenida Heitor Penteado, 698 - Taquaral"
109347,Pedro Fernandes Fernandes,152,"Avenida Albino José Barbosa de Oliveira, 1111 - Barão Geraldo"
109348,Daniel Queiroz Matos,153,"Avenida Albino José Barbosa de Oliveira, 3040 - Barão Geraldo"
109349,Miguel Paschoalino Vieira,186,"Avenida Heitor Penteado, 1497 - Taquaral"
109350,Pedro Campos Campos,189,"Rua Coronel Quirino, 1270 - Cambuí"
109351,Victor Santana Oliveira,197,"Rua Maria Monteiro, 948 - Cambuí"
109352,Guilherme Oliveira Medeiros,203,"Avenida Albino José Barbosa de Oliveira, 3066 - Barão Geraldo"
109353,Erik Nascimento Matos,184,"Rua Coronel Quirino, 1776 - Cambuí"
109354,Gabriel Ferreira Nascimento,180,"Rua Coronel Quirino, 1744 - Cambuí"
109355,Giovanna Silva Vieira,193,"Avenida Albino José Barbosa de Oliveira, 2573 - Barão Geraldo"
109356,Pedro Oliveira Bellini,174,"Rua Maria Monteiro, 1537 - Cambuí"
109357,Giovanna Alves Gomes,189,"Avenida Albino José Barbosa de Oliveira, 3083 - Barão Geraldo"
109358,Henrique Santana Queiroz,162,"Avenida Heitor Penteado, 1691 - Taquaral"
109359,Livia Melo Silva,153,"Rua Coronel Quirino, 246 - Cambuí"
109360,Miguel Melo Paschoalino,195,"Rua Coronel Quirino, 1451 - Cambuí"
109361,Erik Alves Nascimento,163,"Avenida Heitor Penteado, 1733 - Taquaral"
109362,Sofia Alves Bellini,162,"Avenida Albino José Barbosa de Oliveira, 3229 - Barão Geraldo"
109363,Livia Almeida Gomes,176,"Avenida Albino José Barbosa de Oliveira, 212 - Barão Geraldo"
109364,Sofia Melo Medeiros,155,"Avenida Albino José Barbosa de Oliveira, 2338 - Barão Geraldo"
109365,Giovanna Ferreira Oliveira,166,"Avenida Heitor Penteado, 1991 - Taquaral"
109366,Felipe Queiroz Gomes,185,"Rua Maria Monteiro, 420 - Cambuí"
109367,Thiago Silva Vieira,189,"Avenida Heitor Penteado, 708 - Taquaral"
109368,Rafael Paschoalino Paschoalino,198,"Avenida Heitor Penteado, 823 - Taquaral"
109369,Vinícius Fernandes Bellini,184,"Avenida Albino José Barbosa de Oliveira, 106 - Barão Geraldo"
109370,Samuel Fernandes Ribeiro,166,"Avenida Heitor Penteado, 1118 - Taquaral"
109371,Henrique Amorim Silva,190,"Avenida Albino José Barbosa de Oliveira, 584 - Barão Geraldo"
109372,Erik Vieira Martins,151,"Avenida Heitor Penteado, 1218 - Taquaral"
109373,Thiago Silva Bellini,162,"Rua Coronel Quirino, 1878 - Cambuí"
109374,Henrique Melo Campos,201,"Rua Maria Monteiro, 989 - Cambuí"
109375,André Medeiros Melo,151,"Rua Coronel Quirino, 405 - Cambuí"
109376,Gabriel Amorim Matos,201,"Avenida Albino José Barbosa de Oliveira, 788 - Barão Geraldo"
109377,Clara Silva Gomes,177,"Rua Maria Monteiro, 1256 - Cambuí"
109378,Beatriz Nascimento Amorim,192,"Rua Coronel Quirino, 1484 - Cambuí"
109379,Rafael Ribeiro Gomes,175,"Avenida Heitor Penteado, 2674 - Taquaral"
109380,Thiago Cruz Nascimento,171,"Rua Coronel Quirino, 593 - Cambuí"
109381,Gabriel Ferreira Queiroz,196,"Avenida Albino José Barbosa de Oliveira, 3071 - Barão Geraldo"
109382,Samuel Silva Silva,192,"Rua Maria Monteiro, 754 - Cambuí"
109383,Felipe Ferreira Medeiros,204,"Rua Coronel Quirino, 664 - Cambuí"
109384,Livia Martins Vieira,152,"Avenida Albino José Barbosa de Oliveira, 1163 - Barão Geraldo"
109385,Sofia Ferreira Ribeiro,184,"Avenida Heitor Penteado, 262 - Taquaral"
109386,João Gomes Silva,161,"Avenida Heitor Penteado, 2674 - Taquaral"
109387,Maria Ferreira Almeida,173,"Avenida Albino José Barbosa de Oliveira, 1199 - Barão Geraldo"
109388,Yasmin Martins Bellini,154,"Avenida Heitor Penteado, 2083 - Taquaral"
109389,Livia Matos Vieira,169,"Avenida Heitor Penteado, 161 - Taquaral"
109390,João Nascimento Vieira,188,"Avenida Heitor Penteado, 1894 - Taquaral"
109391,Samuel Alves Queiroz,188,"Avenida Albino José Barbosa de Oliveira, 3018 - Barão Geraldo"
109392,Thiago Campos Melo,162,"Rua Maria Monteiro, 1511 - Cambuí"
109393,Beatriz Medeiros Almeida,190,"Rua Maria Monteiro, 286 - Cambuí"
109394,Miguel Amorim Oliveira,202,"Avenida Heitor Penteado, 2155 - Taquaral"
109395,Victor Cruz Paschoalino,194,"Rua Coronel Quirino, 902 - Cambuí"
109396,Samuel Nascimento Fernandes,161,"Avenida Albino José Barbosa de Oliveira, 537 - Barão Geraldo"
109397,Beatriz Ferreira Ribeiro,162,"Rua Maria Monteiro, 1523 - Cambuí"
109398,Sofia Martins Paschoalino,159,"Avenida Albino José Barbosa de Oliveira, 1269 - Barão Geraldo"
109399,Guilherme Bellini Alves,182,"Avenida Albino José Barbosa de Oliveira, 114 - Barão Geraldo"
109400,Maria Gomes Medeiros,189,"Avenida Heitor Penteado, 2402 - Taquaral"
109401,Henrique Medeiros Bellini,203,"Rua Maria Monteiro, 1357 - Cambuí"
109402,Larissa Bellini Ferreira,165,"Avenida Albino José Barbosa de Oliveira, 1809 - Barão Geraldo"
109403,Giovanna Gomes Melo,194,"Rua Maria Monteiro, 1418 - Cambuí"
109404,Samuel Bellini Santana,184,"Rua Coronel Quirino, 1979 - Cambuí"
109405,André Martins Amorim,152,"Avenida Albino José Barbosa de Oliveira, 136 - Barão Geraldo"
109406,Rafael Ferreira Santana,154,"Avenida Heitor Penteado, 76 - Taquaral"
109407,André Martins Amorim,175,"Avenida Albino José Barbosa de Oliveira, 1194 - Barão Geraldo"
109408,Larissa Cruz Matos,160,"Rua Coronel Quirino, 275 - Cambuí"
109409,Eduardo Oliveira Oliveira,156,"Rua Maria Monteiro, 130 - Cambuí"
109410,Maria Gomes Amorim,202,"Avenida Heitor Penteado, 2759 - Taquaral"
109411,Victor Ribeiro Silva,159,"Avenida Heitor Penteado, 317 - Taquaral"
109412,Clara Campos Paschoalino,191,"Rua Coronel Quirino, 858 - Cambuí"
109413,Samuel Ferreira Queiroz,201,"Rua Maria Monteiro, 190 - Cambuí"
109414,Rafael Queiroz Gomes,183,"Avenida Heitor Penteado, 2261 - Taquaral"
109415,Henrique Santana Queiroz,152,"Avenida Heitor Penteado, 1595 - Taquaral"
109416,Henrique Campos Medeiros,157,"Avenida Heitor Penteado, 1773 - Taquaral"
109417,Livia Amorim Santana,180,"Avenida Heitor Penteado, 2662 - Taquaral"
109418,Victor Gomes Santana,160,"Rua Coronel Quirino, 337 - Cambuí"
109419,Guilherme Oliveira Queiroz,194,"Avenida Heitor Penteado, 1425 - Taquaral"
109420,Larissa Campos Queiroz,156,"Rua Coronel Quirino, 925 - Cambuí"
109421,Pedro Martins Paschoalino,194,"Rua Coronel Quirino, 346 - Cambuí"
109422,Thiago Fernandes Ribeiro,151,"Avenida Heitor Penteado, 1885 - Taquaral"
109423,Henrique Paschoalino Ribeiro,155,"Avenida Heitor Penteado, 2816 - Taquaral"
109424,Guilherme Melo Almeida,190,"Rua Maria Monteiro, 711 - Cambuí"
109425,Eduardo Cruz Ferreira,181,"Rua Coronel Quirino, 335 - Cambuí"
109426,Beatriz Silva Ribeiro,169,"Rua Coronel Quirino, 350 - Cambuí"
109427,Sofia Gomes Vieira,183,"Rua Maria Monteiro, 1462 - Cambuí"
109428,Sofia Martins Ferreira,199,"Avenida Heitor Penteado, 2979 - Taquaral"
109429,André Gomes Martins,165,"Avenida Heitor Penteado, 1058 - Taquaral"
109430,Felipe Oliveira Medeiros,174,"Rua Coronel Quirino, 1362 - Cambuí"
109431,Clara Martins Oliveira,161,"Rua Coronel Quirino, 329 - Cambuí"
109432,Victor Paschoalino Amorim,156,"Rua Coronel Quirino, 315 - Cambuí"
109433,Felipe Melo Melo,188,"Avenida Albino José Barbosa de Oliveira, 1343 - Barão Geraldo"
109434,Erik Queiroz Campos,166,"Rua Coronel Quirino, 1528 - Cambuí"
109435,Clara Melo Matos,194,"Avenida Heitor Penteado, 1310 - Taquaral"
109436,Erik Amorim Cruz,160,"Avenida Heitor Penteado, 507 - Taquaral"
109437,Sofia Almeida Gomes,155,"Avenida Albino José Barbosa de Oliveira, 2044 - Barão Geraldo"
109438,Larissa Fernandes Santana,172,"Rua Coronel Quirino, 1936 - Cambuí"
109439,Gabriel Ferreira Vieira,176,"Rua Maria Monteiro, 308 - Cambuí"
109440,Miguel Paschoalino Matos,195,"Rua Coronel Quirino, 397 - Cambuí"
109441,Maria Nascimento Campos,155,"Avenida Heitor Penteado, 2245 - Taquaral"
109442,Giovanna Oliveira Martins,187,"Avenida Albino José Barbosa de Oliveira, 1324 - Barão Geraldo"
109443,Victor Nascimento Oliveira,151,"Avenida Albino José Barbosa de Oliveira, 1241 - Barão Geraldo"
109444,André Santana Melo,171,"Rua Coronel Quirino, 1572 - Cambuí"
109445,Sofia Bellini Vieira,169,"Rua Coronel Quirino, 1480 - Cambuí"
109446,Yasmin Bellini Fernandes,174,"Avenida Albino José Barbosa de Oliveira, 1310 - Barão Geraldo"
109447,Guilherme Ribeiro Campos,164,"Rua Maria Monteiro, 844 - Cambuí"
109448,Larissa Paschoalino Cruz,198,"Rua Maria Monteiro, 1386 - Cambuí"
109449,Guilherme Alves Melo,178,"Rua Maria Monteiro, 162 - Cambuí"
109450,Vinícius Gomes Ferreira,157,"Avenida Albino José Barbosa de Oliveira, 3176 - Barão Geraldo"
109451,André Martins Campos,186,"Avenida Albino José Barbosa de Oliveira, 3174 - Barão Geraldo"
109452,Erik Vieira Campos,198,"Rua Maria Monteiro, 1228 - Cambuí"
109453,Henrique Matos Ferreira,201,"Avenida Albino José Barbosa de Oliveira, 684 - Barão Geraldo"
109454,Felipe Paschoalino Alves,182,"Avenida Albino José Barbosa de Oliveira, 2907 - Barão Geraldo"
109455,Giovanna Campos Queiroz,171,"Rua Maria Monteiro, 1365 - Cambuí"
109456,Erik Silva Bellini,199,"Avenida Albino José Barbosa de Oliveira, 2124 - Barão Geraldo"
109457,Sofia Queiroz Silva,196,"Avenida Albino José Barbosa de Oliveira, 1262 - Barão Geraldo"
109458,Yasmin Bellini Medeiros,154,"Avenida Albino José Barbosa de Oliveira, 1383 - Barão Geraldo"
109459,Larissa Almeida Vieira,188,"Avenida Albino José Barbosa de Oliveira, 2560 - Barão Geraldo"
109460,Miguel Matos Cruz,167,"Rua Coronel Quirino, 642 - Cambuí"
109461,Maria Amorim Queiroz,187,"Avenida Albino José Barbosa de Oliveira, 1230 - Barão Geraldo"
109462,André Martins Ribeiro,203,"Avenida Albino José Barbosa de Oliveira, 3372 - Barão Geraldo"
109463,Livia Ribeiro Silva,202,"Rua Maria Monteiro, 839 - Cambuí"
109464,Yasmin Bellini Cruz,186,"Avenida Heitor Penteado, 2650 - Taquaral"
109465,Henrique Ribeiro Queiroz,179,"Rua Coronel Quirino, 597 - Cambuí"
109466,Victor Medeiros Cruz,200,"Avenida Albino José Barbosa de Oliveira, 2571 - Barão Geraldo"
109467,Livia Ribeiro Silva,180,"Avenida Albino José Barbosa de Oliveira, 3450 - Barão Geraldo"
109468,Victor Almeida Ribeiro,159,"Avenida Heitor Penteado, 2257 - Taquaral"
109469,Samuel Vieira Fernandes,164,"Rua Maria Monteiro, 86 - Cambuí"
109470,André Santana Ferreira,191,"Avenida Heitor Penteado, 710 - Taquaral"
109471,Beatriz Cruz Amorim,197,"Avenida Albino José Barbosa de Oliveira, 2872 - Barão Geraldo"
109472,Beatriz Campos Almeida,193,"Avenida Heitor Penteado, 1120 - Taquaral"
109473,Maria Ribeiro Nascimento,167,"Rua Maria Monteiro, 1517 - Cambuí"
109474,Beatriz Ferreira Medeiros,172,"Avenida Heitor Penteado, 1938 - Taquaral"
109475,Felipe Paschoalino Queiroz,182,"Avenida Heitor Penteado, 2726 - Taquaral"
109476,Rafael Matos Medeiros,165,"Avenida Heitor Penteado, 1889 - Taquaral"
109477,Samuel Ribeiro Vieira,203,"Avenida Albino José Barbosa de Oliveira, 57 - Barão Geraldo"
109478,Miguel Oliveira Martins,187,"Avenida Heitor Penteado, 2101 - Taquaral"
109479,Eduardo Queiroz Oliveira,184,"Avenida Albino José Barbosa de Oliveira, 1039 - Barão Geraldo"
109480,Vinícius Gomes Matos,183,"Rua Maria Monteiro, 1306 - Cambuí"
109481,Erik Ribeiro Nascimento,177,"Avenida Heitor Penteado, 2942 - Taquaral"
109482,Guilherme Queiroz Fernandes,151,"Avenida Albino José Barbosa de Oliveira, 792 - Barão Geraldo"
109483,André Paschoalino Ferreira,179,"Avenida Albino José Barbosa de Oliveira, 1465 - Barão Geraldo"
109484,Eduardo Queiroz Queiroz,162,"Avenida Heitor Penteado, 234 - Taquaral"
109485,Yasmin Melo Fernandes,190,"Avenida Albino José Barbosa de Oliveira, 2761 - Barão Geraldo"
109486,Victor Oliveira Ribeiro,165,"Rua Coronel Quirino, 889 - Cambuí"
109487,Rafael Ferreira Ribeiro,154,"Rua Coronel Quirino, 1416 - Cambuí"
109488,Giovanna Vieira Vieira,204,"Rua Maria Monteiro, 178 - Cambuí"
109489,Maria Matos Paschoalino,177,"Avenida Heitor Penteado, 2425 - Taquaral"
109490,Maria Melo Cruz,202,"Avenida Heitor Penteado, 2792 - Taquaral"
109491,Thiago Campos Martins,188,"Rua Coronel Quirino, 1419 - Cambuí"
109492,Daniel Oliveira Amorim,194,"Avenida Heitor Penteado, 2803 - Taquaral"
109493,Livia Martins Almeida,169,"Avenida Albino José Barbosa de Oliveira, 2412 - Barão Geraldo"
109494,André Matos Medeiros,173,"Avenida Heitor Penteado, 368 - Taquaral"
109495,Samuel Almeida Paschoalino,176,"Rua Coronel Quirino, 103 - Cambuí"
109496,Gabriel Campos Cruz,179,"Avenida Albino José Barbosa de Oliveira, 2569 - Barão Geraldo"
109497,Miguel Medeiros Ribeiro,194,"Rua Maria Monteiro, 1358 - Cambuí"
109498,Erik Gomes Santana,176,"Avenida Albino José Barbosa de Oliveira, 1611 - Barão Geraldo"
109499,Yasmin Silva Silva,175,"Avenida Heitor Penteado, 1697 - Taquaral"
109500,Giovanna Santana Fernandes,156,"Rua Coronel Quirino, 568 - Cambuí"
109501,Vinícius Martins Ribeiro,191,"Rua Maria Monteiro, 1204 - Cambuí"
109502,Rafael Oliveira Ribeiro,196,"Avenida Albino José Barbosa de Oliveira, 190 - Barão Geraldo"
109503,Giovanna Fernandes Queiroz,202,"Avenida Heitor Penteado, 2886 - Taquaral"
109504,Yasmin Amorim Paschoalino,187,"Avenida Heitor Penteado, 1763 - Taquaral"
109505,Clara Oliveira Paschoalino,154,"Rua Coronel Quirino, 825 - Cambuí"
109506,Thiago Nascimento Almeida,172,"Rua Maria Monteiro, 1338 - Cambuí"
109507,Guilherme Oliveira Alves,177,"Rua Coronel Quirino, 1802 - Cambuí"
109508,Felipe Gomes Campos,183,"Rua Maria Monteiro, 1133 - Cambuí"
109509,André Melo Vieira,202,"Rua Maria Monteiro, 862 - Cambuí"
109510,Eduardo Bellini Ferreira,164,"Avenida Albino José Barbosa de Oliveira, 1487 - Barão Geraldo"
109511,João Bellini Paschoalino,181,"Rua Maria Monteiro, 729 - Cambuí"
109512,Erik Matos Silva,175,"Avenida Heitor Penteado, 1218 - Taquaral"
109513,Victor Ferreira Martins,197,"Avenida Heitor Penteado, 2406 - Taquaral"
109514,Larissa Medeiros Bellini,180,"Avenida Albino José Barbosa de Oliveira, 3183 - Barão Geraldo"
109515,Vinícius Martins Ribeiro,168,"Rua Maria Monteiro, 545 - Cambuí"
109516,Miguel Paschoalino Almeida,158,"Rua Coronel Quirino, 234 - Cambuí"
109517,Guilherme Bellini Martins,178,"Avenida Heitor Penteado, 1532 - Taquaral"
109518,Henrique Almeida Nascimento,203,"Rua Maria Monteiro, 1231 - Cambuí"
109519,Beatriz Alves Alves,200,"Avenida Albino José Barbosa de Oliveira, 1813 - Barão Geraldo"
109520,Gabriel Gomes Silva,188,"Avenida Heitor Penteado, 2390 - Taquaral"
109521,Samuel Vieira Matos,153,"Rua Maria Monteiro, 1529 - Cambuí"
109522,Miguel Alves Silva,152,"Avenida Heitor Penteado, 1701 - Taquaral"
109523,Yasmin Paschoalino Bellini,178,"Avenida Heitor Penteado, 2508 - Taquaral"
109524,Livia Silva Queiroz,201,"Rua Maria Monteiro, 284 - Cambuí"
109525,Sofia Almeida Cruz,160,"Rua Coronel Quirino, 1006 - Cambuí"
109526,João Melo Ferreira,182,"Avenida Heitor Penteado, 497 - Taquaral"
109527,Pedro Bellini Queiroz,187,"Avenida Heitor Penteado, 1807 - Taquaral"
109528,João Silva Martins,160,"Avenida Heitor Penteado, 105 - Taquaral"
109529,Maria Almeida Santana,176,"Avenida Albino José Barbosa de Oliveira, 1153 - Barão Geraldo"
109530,Eduardo Bellini Gomes,182,"Rua Coronel Quirino, 794 - Cambuí"
109531,Beatriz Martins Martins,170,"Avenida Albino José Barbosa de Oliveira, 3032 - Barão Geraldo"
109532,Miguel Campos Campos,188,"Rua Coronel Quirino, 1776 - Cambuí"
109533,Samuel Gomes Nascimento,180,"Avenida Heitor Penteado, 2650 - Taquaral"
109534,Victor Vieira Almeida,187,"Avenida Albino José Barbosa de Oliveira, 736 - Barão Geraldo"
109535,João Melo Nascimento,195,"Avenida Albino José Barbosa de Oliveira, 224 - Barão Geraldo"
109536,Victor Amorim Oliveira,151,"Avenida Albino José Barbosa de Oliveira, 3382 - Barão Geraldo"
109537,Eduardo Medeiros Silva,176,"Avenida Albino José Barbosa de Oliveira, 156 - Barão Geraldo"
109538,Erik Campos Queiroz,185,"Rua Maria Monteiro, 446 - Cambuí"
109539,Livia Oliveira Oliveira,160,"Avenida Heitor Penteado, 1202 - Taquaral"
109540,Maria Melo Campos,196,"Avenida Albino José Barbosa de Oliveira, 1820 - Barão Geraldo"
109541,Eduardo Paschoalino Martins,167,"Avenida Heitor Penteado, 1943 - Taquaral"
109542,Maria Martins Vieira,150,"Avenida Heitor Penteado, 1341 - Taquaral"
109543,Miguel Melo Melo,184,"Rua Coronel Quirino, 608 - Cambuí"
109544,Maria Oliveira Santana,184,"Avenida Heitor Penteado, 1175 - Taquaral"
109545,João Martins Campos,180,"Rua Maria Monteiro, 1026 - Cambuí"
109546,Victor Campos Almeida,177,"Rua Maria Monteiro, 359 - Cambuí"
109547,Victor Campos Matos,188,"Rua Coronel Quirino, 1217 - Cambuí"
109548,Gabriel Santana Fernandes,150,"Rua Maria Monteiro, 434 - Cambuí"
109549,Sofia Amorim Martins,174,"Avenida Heitor Penteado, 18 - Taquaral"
109550,Sofia Queiroz Ferreira,192,"Rua Maria Monteiro, 520 - Cambuí"
109551,Larissa Amorim Ferreira,187,"Avenida Albino José Barbosa de Oliveira, 3295 - Barão Geraldo"
109552,Vinícius Oliveira Alves,169,"Rua Maria Monteiro, 500 - Cambuí"
109553,Maria Paschoalino Nascimento,152,"Avenida Heitor Penteado, 1668 - Taquaral"
109554,Daniel Bellini Silva,200,"Rua Maria Monteiro, 1191 - Cambuí"
109555,Samuel Oliveira Medeiros,151,"Avenida Heitor Penteado, 2013 - Taquaral"
109556,Samuel Silva Campos,167,"Avenida Albino José Barbosa de Oliveira, 476 - Barão Geraldo"
109557,Gabriel Cruz Fernandes,193,"Avenida Heitor Penteado, 355 - Taquaral"
109558,Felipe Campos Queiroz,159,"Avenida Albino José Barbosa de Oliveira, 2052 - Barão Geraldo"
109559,Thiago Santana Campos,154,"Avenida Heitor Penteado, 1289 - Taquaral"
109560,Clara Almeida Almeida,158,"Avenida Heitor Penteado, 1159 - Taquaral"
109561,Livia Paschoalino Paschoalino,151,"Rua Coronel Quirino, 1625 - Cambuí"
109562,André Vieira Nascimento,183,"Avenida Albino José Barbosa de Oliveira, 2948 - Barão Geraldo"
109563,Guilherme Medeiros Ribeiro,187,"Rua Coronel Quirino, 1424 - Cambuí"
109564,Yasmin Ferreira Martins,180,"Rua Maria Monteiro, 1422 - Cambuí"
109565,Eduardo Campos Vieira,159,"Rua Coronel Quirino, 1512 - Cambuí"
109566,Guilherme Ribeiro Bellini,199,"Avenida Heitor Penteado, 1777 - Taquaral"
109567,Beatriz Nascimento Melo,161,"Rua Maria Monteiro, 707 - Cambuí"
109568,Clara Santana Nascimento,185,"Avenida Heitor Penteado, 703 - Taquaral"
109569,Daniel Paschoalino Santana,203,"Avenida Albino José Barbosa de Oliveira, 89 - Barão Geraldo"
109570,Samuel Melo Amorim,170,"Avenida Albino José Barbosa de Oliveira, 2153 - Barão Geraldo"
109571,Henrique Almeida Ribeiro,198,"Avenida Albino José Barbosa de Oliveira, 3497 - Barão Geraldo"
109572,Sofia Amorim Almeida,196,"Avenida Heitor Penteado, 2963 - Taquaral"
109573,Beatriz Melo Campos,155,"Avenida Heitor Penteado, 382 - Taquaral"
109574,Sofia Gomes Ribeiro,197,"Avenida Albino José Barbosa de Oliveira, 1579 - Barão Geraldo"
109575,Henrique Martins Nascimento,198,"Avenida Albino José Barbosa de Oliveira, 1034 - Barão Geraldo"
109576,Erik Almeida Nascimento,152,"Avenida Albino José Barbosa de Oliveira, 3490 - Barão Geraldo"
109577,André Fernandes Campos,159,"Rua Coronel Quirino, 662 - Cambuí"
109578,Larissa Ribeiro Almeida,154,"Avenida Heitor Penteado, 2494 - Taquaral"
109579,Beatriz Queiroz Oliveira,195,"Rua Maria Monteiro, 370 - Cambuí"
109580,Gabriel Fernandes Bellini,175,"Rua Coronel Quirino, 1239 - Cambuí"
109581,André Melo Amorim,170,"Avenida Heitor Penteado, 355 - Taquaral"
109582,Maria Gomes Campos,194,"Avenida Albino José Barbosa de Oliveira, 1253 - Barão Geraldo"
109583,Daniel Campos Silva,175,"Avenida Heitor Penteado, 2943 - Taquaral"
109584,Sofia Campos Martins,187,"Rua Coronel Quirino, 1951 - Cambuí"
109585,Eduardo Melo Matos,193,"Rua Coronel Quirino, 1679 - Cambuí"
109586,Beatriz Ribeiro Alves,175,"Avenida Albino José Barbosa de Oliveira, 2551 - Barão Geraldo"
109587,Livia Matos Almeida,157,"Rua Coronel Quirino, 997 - Cambuí"
109588,André Vieira Amorim,154,"Avenida Heitor Penteado, 1926 - Taquaral"
109589,Yasmin Alves Bellini,164,"Avenida Albino José Barbosa de Oliveira, 1823 - Barão Geraldo"
109590,Rafael Paschoalino Ferreira,165,"Avenida Heitor Penteado, 438 - Taquaral"
109591,Vinícius Gomes Gomes,150,"Avenida Albino José Barbosa de Oliveira, 2688 - Barão Geraldo"
109592,Daniel Queiroz Gomes,165,"Avenida Heitor Penteado, 2920 - Taquaral"
109593,Victor Fernandes Amorim,186,"Avenida Albino José Barbosa de Oliveira, 63 - Barão Geraldo"
109594,Eduardo Ribeiro Ribeiro,152,"Rua Coronel Quirino, 1315 - Cambuí"
109595,Guilherme Paschoalino Nascimento,201,"Rua Coronel Quirino, 1200 - Cambuí"
109596,Gabriel Nascimento Amorim,196,"Avenida Heitor Penteado, 840 - Taquaral"
109597,Giovanna Cruz Oliveira,180,"Avenida Heitor Penteado, 2977 - Taquaral"
109598,Henrique Bellini Vieira,162,"Avenida Albino José Barbosa de Oliveira, 1309 - Barão Geraldo"
109599,Yasmin Santana Amorim,165,"Rua Maria Monteiro, 238 - Cambuí"
109600,Yasmin Campos Fernandes,204,"Avenida Heitor Penteado, 1661 - Taquaral"
109601,Livia Cruz Paschoalino,192,"Avenida Albino José Barbosa de Oliveira, 3371 - Barão Geraldo"
109602,Beatriz Amorim Amorim,170,"Avenida Albino José Barbosa de Oliveira, 191 - Barão Geraldo"
109603,Pedro Santana Ribeiro,151,"Rua Maria Monteiro, 784 - Cambuí"
109604,Erik Vieira Amorim,203,"Avenida Heitor Penteado, 2081 - Taquaral"
109605,João Medeiros Bellini,176,"Avenida Albino José Barbosa de Oliveira, 2066 - Barão Geraldo"
109606,Maria Vieira Melo,187,"Avenida Albino José Barbosa de Oliveira, 2900 - Barão Geraldo"
109607,Yasmin Oliveira Medeiros,175,"Avenida Heitor Penteado, 1523 - Taquaral"
109608,Eduardo Fernandes Campos,187,"Avenida Heitor Penteado, 2272 - Taquaral"
109609,Thiago Melo Campos,195,"Rua Maria Monteiro, 1150 - Cambuí"
109610,Thiago Vieira Melo,174,"Avenida Heitor Penteado, 2887 - Taquaral"
109611,Felipe Queiroz Amorim,160,"Avenida Albino José Barbosa de Oliveira, 2582 - Barão Geraldo"
109612,Felipe Santana Ferreira,157,"Avenida Albino José Barbosa de Oliveira, 2966 - Barão Geraldo"
109613,Beatriz Santana Nascimento,157,"Avenida Heitor Penteado, 82 - Taquaral"
109614,Thiago Oliveira Nascimento,182,"Avenida Albino José Barbosa de Oliveira, 2362 - Barão Geraldo"
109615,Guilherme Silva Ferreira,202,"Avenida Albino José Barbosa de Oliveira, 803 - Barão Geraldo"
109616,Guilherme Matos Campos,156,"Avenida Albino José Barbosa de Oliveira, 3067 - Barão Geraldo"
109617,André Silva Amorim,187,"Avenida Heitor Penteado, 1607 - Taquaral"
109618,Maria Paschoalino Ferreira,170,"Avenida Albino José Barbosa de Oliveira, 2152 - Barão Geraldo"
109619,Thiago Matos Gomes,157,"Rua Coronel Quirino, 702 - Cambuí"
109620,Eduardo Bellini Fernandes,200,"Avenida Albino José Barbosa de Oliveira, 188 - Barão Geraldo"
109621,Clara Paschoalino Amorim,203,"Rua Coronel Quirino, 1725 - Cambuí"
109622,Maria Fernandes Vieira,170,"Avenida Heitor Penteado, 760 - Taquaral"
109623,Vinícius Vieira Amorim,169,"Avenida Albino José Barbosa de Oliveira, 324 - Barão Geraldo"
109624,Rafael Medeiros Matos,157,"Avenida Heitor Penteado, 100 - Taquaral"
109625,João Vieira Amorim,195,"Avenida Heitor Penteado, 1919 - Taquaral"
109626,Larissa Bellini Oliveira,180,"Avenida Albino José Barbosa de Oliveira, 2541 - Barão Geraldo"
109627,Sofia Melo Alves,199,"Rua Coronel Quirino, 1544 - Cambuí"
109628,Clara Silva Alves,178,"Avenida Albino José Barbosa de Oliveira, 2125 - Barão Geraldo"
109629,Livia Santana Silva,197,"Avenida Heitor Penteado, 320 - Taquaral"
109630,Beatriz Campos Vieira,158,"Avenida Heitor Penteado, 2121 - Taquaral"
109631,Sofia Alves Queiroz,164,"Avenida Albino José Barbosa de Oliveira, 987 - Barão Geraldo"
109632,André Alves Alves,179,"Avenida Heitor Penteado, 298 - Taquaral"
109633,Sofia Vieira Cruz,175,"Rua Maria Monteiro, 1244 - Cambuí"
109634,Henrique Ferreira Silva,159,"Avenida Albino José Barbosa de Oliveira, 1431 - Barão Geraldo"
109635,Giovanna Campos Martins,178,"Avenida Heitor Penteado, 2090 - Taquaral"
109636,Yasmin Alves Bellini,203,"Rua Maria Monteiro, 1026 - Cambuí"
109637,Vinícius Cruz Martins,165,"Avenida Albino José Barbosa de Oliveira, 1256 - Barão Geraldo"
109638,Beatriz Ribeiro Amorim,185,"Avenida Albino José Barbosa de Oliveira, 3093 - Barão Geraldo"
109639,Pedro Paschoalino Medeiros,169,"Avenida Albino José Barbosa de Oliveira, 602 - Barão Geraldo"
109640,Guilherme Paschoalino Melo,194,"Avenida Heitor Penteado, 1885 - Taquaral"
109641,Gabriel Paschoalino Nascimento,203,"Avenida Heitor Penteado, 2165 - Taquaral"
109642,Henrique Nascimento Cruz,186,"Rua Maria Monteiro, 419 - Cambuí"
109643,Sofia Silva Paschoalino,171,"Avenida Albino José Barbosa de Oliveira, 3393 - Barão Geraldo"
109644,Gabriel Campos Matos,156,"Avenida Albino José Barbosa de Oliveira, 2673 - Barão Geraldo"
109645,Eduardo Oliveira Vieira,172,"Avenida Albino José Barbosa de Oliveira, 1825 - Barão Geraldo"
109646,Sofia Paschoalino Santana,190,"Avenida Albino José Barbosa de Oliveira, 1841 - Barão Geraldo"
109647,Victor Martins Martins,189,"Avenida Heitor Penteado, 1378 - Taquaral"
109648,Erik Medeiros Bellini,178,"Rua Maria Monteiro, 667 - Cambuí"
109649,Samuel Alves Matos,165,"Rua Coronel Quirino, 1091 - Cambuí"
109650,Sofia Martins Silva,187,"Avenida Albino José Barbosa de Oliveira, 2930 - Barão Geraldo"
109651,Rafael Paschoalino Ferreira,177,"Rua Maria Monteiro, 813 - Cambuí"
109652,Sofia Matos Paschoalino,197,"Avenida Heitor Penteado, 899 - Taquaral"
109653,Eduardo Martins Fernandes,187,"Avenida Heitor Penteado, 1112 - Taquaral"
109654,Erik Campos Fernandes,180,"Rua Coronel Quirino, 1066 - Cambuí"
109655,Clara Martins Nascimento,163,"Avenida Heitor Penteado, 1469 - Taquaral"
109656,Larissa Gomes Campos,202,"Rua Coronel Quirino, 1604 - Cambuí"
109657,Felipe Santana Bellini,182,"Rua Maria Monteiro, 1271 - Cambuí"
109658,Henrique Gomes Almeida,158,"Avenida Heitor Penteado, 1712 - Taquaral"
109659,Felipe Medeiros Santana,176,"Avenida Albino José Barbosa de Oliveira, 2636 - Barão Geraldo"
109660,Vinícius Ferreira Nascimento,173,"Avenida Heitor Penteado, 2874 - Taquaral"
109661,Giovanna Paschoalino Queiroz,162,"Avenida Heitor Penteado, 1716 - Taquaral"
109662,Samuel Medeiros Gomes,175,"Avenida Heitor Penteado, 317 - Taquaral"
109663,Pedro Medeiros Queiroz,178,"Avenida Heitor Penteado, 2858 - Taquaral"
109664,Thiago Campos Matos,200,"Avenida Heitor Penteado, 2039 - Taquaral"
109665,Pedro Medeiros Campos,198,"Avenida Heitor Penteado, 256 - Taquaral"
109666,Erik Medeiros Cruz,192,"Avenida Heitor Penteado, 1076 - Taquaral"
109667,Vinícius Campos Vieira,177,"Avenida Heitor Penteado, 337 - Taquaral"
109668,Sofia Ribeiro Nascimento,177,"Avenida Heitor Penteado, 362 - Taquaral"
109669,Gabriel Vieira Vieira,157,"Avenida Albino José Barbosa de Oliveira, 1265 - Barão Geraldo"
109670,Felipe Almeida Martins,172,"Rua Maria Monteiro, 135 - Cambuí"
109671,Livia Cruz Cruz,178,"Avenida Albino José Barbosa de Oliveira, 1351 - Barão Geraldo"
109672,Henrique Matos Silva,154,"Avenida Heitor Penteado, 2782 - Taquaral"
109673,Sofia Fernandes Matos,191,"Avenida Heitor Penteado, 527 - Taquaral"
109674,Beatriz Fernandes Oliveira,156,"Avenida Heitor Penteado, 2573 - Taquaral"
109675,Livia Bellini Oliveira,191,"Avenida Albino José Barbosa de Oliveira, 1966 - Barão Geraldo"
109676,Yasmin Cruz Cruz,185,"Avenida Heitor Penteado, 1355 - Taquaral"
109677,Vinícius Ribeiro Martins,190,"Avenida Heitor Penteado, 559 - Taquaral"
109678,Beatriz Nascimento Ferreira,176,"Rua Coronel Quirino, 1064 - Cambuí"
109679,Yasmin Oliveira Almeida,195,"Rua Coronel Quirino, 805 - Cambuí"
109680,André Fernandes Bellini,151,"Rua Maria Monteiro, 935 - Cambuí"
109681,Vinícius Amorim Paschoalino,174,"Avenida Heitor Penteado, 533 - Taquaral"
109682,Pedro Amorim Silva,158,"Avenida Albino José Barbosa de Oliveira, 1722 - Barão Geraldo"
109683,João Silva Nascimento,202,"Avenida Heitor Penteado, 1410 - Taquaral"
109684,Pedro Medeiros Matos,176,"Rua Maria Monteiro, 1377 - Cambuí"
109685,Yasmin Almeida Ribeiro,150,"Avenida Heitor Penteado, 1492 - Taquaral"
109686,Felipe Vieira Ferreira,172,"Avenida Heitor Penteado, 1870 - Taquaral"
109687,Clara Nascimento Martins,159,"Avenida Heitor Penteado, 1406 - Taquaral"
109688,Thiago Vieira Campos,191,"Avenida Albino José Barbosa de Oliveira, 66 - Barão Geraldo"
109689,Victor Fernandes Bellini,201,"Rua Coronel Quirino, 1296 - Cambuí"
109690,Victor Silva Gomes,174,"Avenida Albino José Barbosa de Oliveira, 2488 - Barão Geraldo"
109691,Pedro Martins Gomes,203,"Avenida Heitor Penteado, 2550 - Taquaral"
109692,Eduardo Gomes Oliveira,152,"Avenida Heitor Penteado, 980 - Taquaral"
109693,Gabriel Fernandes Melo,155,"Avenida Heitor Penteado, 2583 - Taquaral"
109694,Livia Paschoalino Alves,155,"Rua Maria Monteiro, 1414 - Cambuí"
109695,Gabriel Paschoalino Almeida,202,"Rua Coronel Quirino, 997 - Cambuí"
109696,Thiago Martins Vieira,151,"Rua Coronel Quirino, 626 - Cambuí"
109697,Thiago Matos Nascimento,167,"Avenida Heitor Penteado, 1639 - Taquaral"
109698,André Almeida Alves,172,"Avenida Heitor Penteado, 2509 - Taquaral"
109699,Pedro Matos Ferreira,151,"Avenida Albino José Barbosa de Oliveira, 288 - Barão Geraldo"
109700,André Santana Martins,161,"Avenida Albino José Barbosa de Oliveira, 1587 - Barão Geraldo"
109701,Samuel Martins Medeiros,171,"Avenida Albino José Barbosa de Oliveira, 3429 - Barão Geraldo"
109702,Henrique Medeiros Martins,186,"Avenida Heitor Penteado, 1126 - Taquaral"
109703,Gabriel Medeiros Martins,169,"Rua Coronel Quirino, 1952 - Cambuí"
109704,Livia Bellini Gomes,188,"Avenida Albino José Barbosa de Oliveira, 2137 - Barão Geraldo"
109705,André Alves Medeiros,173,"Avenida Heitor Penteado, 1456 - Taquaral"
109706,Eduardo Queiroz Ribeiro,197,"Avenida Albino José Barbosa de Oliveira, 1121 - Barão Geraldo"
109707,Clara Ribeiro Ribeiro,169,"Avenida Albino José Barbosa de Oliveira, 930 - Barão Geraldo"
109708,Maria Silva Paschoalino,150,"Rua Maria Monteiro, 1203 - Cambuí"
109709,Vinícius Matos Melo,150,"Avenida Albino José Barbosa de Oliveira, 2946 - Barão Geraldo"
109710,Daniel Paschoalino Santana,166,"Rua Coronel Quirino, 736 - Cambuí"
109711,Victor Medeiros Melo,150,"Avenida Heitor Penteado, 1158 - Taquaral"
109712,Daniel Oliveira Medeiros,202,"Rua Maria Monteiro, 1270 - Cambuí"
109713,Thiago Bellini Ribeiro,201,"Avenida Heitor Penteado, 1245 - Taquaral"
109714,André Almeida Alves,194,"Avenida Albino José Barbosa de Oliveira, 2121 - Barão Geraldo"
109715,Eduardo Paschoalino Campos,179,"Avenida Albino José Barbosa de Oliveira, 2887 - Barão Geraldo"
109716,Giovanna Fernandes Oliveira,190,"Avenida Albino José Barbosa de Oliveira, 2218 - Barão Geraldo"
109717,Larissa Santana Ferreira,196,"Avenida Albino José Barbosa de Oliveira, 1650 - Barão Geraldo"
109718,João Melo Ferreira,152,"Rua Coronel Quirino, 1445 - Cambuí"
109719,Larissa Campos Alves,195,"Rua Coronel Quirino, 439 - Cambuí"
109720,Gabriel Cruz Melo,204,"Avenida Heitor Penteado, 1916 - Taquaral"
109721,Rafael Oliveira Martins,160,"Rua Maria Monteiro, 728 - Cambuí"
109722,Beatriz Medeiros Campos,173,"Avenida Heitor Penteado, 802 - Taquaral"
109723,Larissa Matos Gomes,171,"Avenida Heitor Penteado, 1408 - Taquaral"
109724,Beatriz Almeida Ferreira,193,"Avenida Heitor Penteado, 1663 - Taquaral"
109725,João Amorim Nascimento,194,"Rua Maria Monteiro, 1526 - Cambuí"
109726,Yasmin Fernandes Silva,175,"Avenida Heitor Penteado, 1558 - Taquaral"
109727,Giovanna Ribeiro Melo,162,"Avenida Heitor Penteado, 970 - Taquaral"
109728,Eduardo Medeiros Fernandes,150,"Avenida Albino José Barbosa de Oliveira, 818 - Barão Geraldo"
109729,Guilherme Matos Campos,173,"Rua Coronel Quirino, 141 - Cambuí"
109730,Guilherme Nascimento Fernandes,159,"Avenida Albino José Barbosa de Oliveira, 318 - Barão Geraldo"
109731,Gabriel Queiroz Vieira,184,"Avenida Albino José Barbosa de Oliveira, 1639 - Barão Geraldo"
109732,Daniel Matos Paschoalino,173,"Avenida Heitor Penteado, 2952 - Taquaral"
109733,Rafael Matos Cruz,177,"Rua Coronel Quirino, 447 - Cambuí"
109734,Larissa Matos Campos,185,"Avenida Heitor Penteado, 2538 - Taquaral"
109735,Livia Alves Ribeiro,165,"Avenida Albino José Barbosa de Oliveira, 1974 - Barão Geraldo"
109736,João Queiroz Santana,189,"Avenida Heitor Penteado, 321 - Taquaral"
109737,Guilherme Nascimento Fernandes,165,"Avenida Albino José Barbosa de Oliveira, 747 - Barão Geraldo"
109738,Livia Martins Oliveira,166,"Avenida Heitor Penteado, 2342 - Taquaral"
109739,Erik Campos Alves,200,"Avenida Albino José Barbosa de Oliveira, 525 - Barão Geraldo"
109740,Eduardo Cruz Amorim,203,"Avenida Heitor Penteado, 1668 - Taquaral"
109741,Vinícius Amorim Medeiros,164,"Avenida Albino José Barbosa de Oliveira, 1812 - Barão Geraldo"
109742,Henrique Gomes Martins,165,"Rua Coronel Quirino, 309 - Cambuí"
109743,André Bellini Gomes,164,"Avenida Heitor Penteado, 386 - Taquaral"
109744,Daniel Gomes Almeida,183,"Avenida Albino José Barbosa de Oliveira, 2135 - Barão Geraldo"
109745,Guilherme Matos Gomes,160,"Avenida Albino José Barbosa de Oliveira, 1895 - Barão Geraldo"
109746,André Ferreira Paschoalino,150,"Avenida Albino José Barbosa de Oliveira, 1377 - Barão Geraldo"
109747,Guilherme Ferreira Ribeiro,164,"Avenida Heitor Penteado, 2843 - Taquaral"
109748,Eduardo Gomes Martins,175,"Rua Maria Monteiro, 656 - Cambuí"
109749,André Almeida Santana,200,"Rua Maria Monteiro, 63 - Cambuí"
109750,João Vieira Alves,153,"Avenida Albino José Barbosa de Oliveira, 1207 - Barão Geraldo"
109751,Samuel Alves Paschoalino,192,"Rua Maria Monteiro, 914 - Cambuí"
109752,Clara Alves Santana,154,"Rua Coronel Quirino, 798 - Cambuí"
109753,Yasmin Paschoalino Vieira,184,"Avenida Heitor Penteado, 1181 - Taquaral"
109754,Miguel Bellini Ribeiro,162,"Avenida Heitor Penteado, 278 - Taquaral"
109755,Clara Gomes Amorim,159,"Avenida Heitor Penteado, 2131 - Taquaral"
109756,Daniel Fernandes Gomes,160,"Rua Maria Monteiro, 145 - Cambuí"
109757,Beatriz Alves Queiroz,167,"Avenida Albino José Barbosa de Oliveira, 3395 - Barão Geraldo"
109758,Miguel Melo Medeiros,183,"Avenida Albino José Barbosa de Oliveira, 355 - Barão Geraldo"
109759,João Almeida Oliveira,188,"Avenida Heitor Penteado, 2482 - Taquaral"
109760,Giovanna Nascimento Vieira,190,"Rua Coronel Quirino, 1785 - Cambuí"
109761,Felipe Bellini Melo,191,"Rua Coronel Quirino, 1034 - Cambuí"
109762,Henrique Nascimento Ferreira,199,"Avenida Heitor Penteado, 2743 - Taquaral"
109763,Victor Silva Medeiros,172,"Avenida Albino José Barbosa de Oliveira, 3396 - Barão Geraldo"
109764,Larissa Martins Silva,156,"Rua Maria Monteiro, 209 - Cambuí"
109765,Thiago Alves Santana,188,"Avenida Heitor Penteado, 1290 - Taquaral"
109766,Daniel Fernandes Ferreira,152,"Rua Maria Monteiro, 405 - Cambuí"
109767,Victor Medeiros Fernandes,161,"Avenida Heitor Penteado, 670 - Taquaral"
109768,Thiago Ferreira Cruz,156,"Avenida Heitor Penteado, 43 - Taquaral"
109769,Victor Vieira Ribeiro,198,"Rua Coronel Quirino, 601 - Cambuí"
109770,Samuel Ribeiro Melo,175,"Rua Maria Monteiro, 1510 - Cambuí"
109771,Sofia Martins Gomes,182,"Rua Maria Monteiro, 215 - Cambuí"
109772,Thiago Nascimento Martins,186,"Rua Coronel Quirino, 714 - Cambuí"
109773,Victor Santana Gomes,197,"Avenida Albino José Barbosa de Oliveira, 1857 - Barão Geraldo"
109774,Henrique Martins Cruz,164,"Avenida Heitor Penteado, 1206 - Taquaral"
109775,Sofia Bellini Santana,151,"Avenida Albino José Barbosa de Oliveira, 3487 - Barão Geraldo"
109776,Henrique Campos Amorim,190,"Avenida Albino José Barbosa de Oliveira, 1940 - Barão Geraldo"
109777,Giovanna Ribeiro Matos,156,"Rua Maria Monteiro, 205 - Cambuí"
109778,Miguel Martins Matos,181,"Avenida Albino José Barbosa de Oliveira, 17 - Barão Geraldo"
109779,André Alves Ferreira,153,"Avenida Heitor Penteado, 2192 - Taquaral"
109780,Beatriz Oliveira Bellini,169,"Avenida Albino José Barbosa de Oliveira, 1524 - Barão Geraldo"
109781,Thiago Amorim Amorim,199,"Avenida Albino José Barbosa de Oliveira, 774 - Barão Geraldo"
109782,Thiago Vieira Matos,202,"Rua Maria Monteiro, 554 - Cambuí"
109783,Giovanna Bellini Paschoalino,185,"Rua Coronel Quirino, 727 - Cambuí"
109784,Rafael Cruz Melo,181,"Avenida Heitor Penteado, 800 - Taquaral"
109785,Erik Oliveira Paschoalino,177,"Avenida Heitor Penteado, 2533 - Taquaral"
109786,Vinícius Alves Gomes,162,"Avenida Albino José Barbosa de Oliveira, 1799 - Barão Geraldo"
109787,Pedro Bellini Santana,150,"Avenida Albino José Barbosa de Oliveira, 973 - Barão Geraldo"
109788,Felipe Almeida Campos,184,"Avenida Heitor Penteado, 2750 - Taquaral"
109789,Larissa Amorim Santana,197,"Avenida Heitor Penteado, 2383 - Taquaral"
109790,Yasmin Almeida Santana,179,"Avenida Albino José Barbosa de Oliveira, 134 - Barão Geraldo"
109791,Victor Martins Nascimento,203,"Avenida Albino José Barbosa de Oliveira, 804 - Barão Geraldo"
109792,Giovanna Medeiros Oliveira,185,"Rua Coronel Quirino, 1860 - Cambuí"
109793,Sofia Almeida Fernandes,204,"Avenida Heitor Penteado, 2322 - Taquaral"
109794,Gabriel Oliveira Martins,174,"Rua Maria Monteiro, 782 - Cambuí"
109795,Miguel Martins Campos,165,"Avenida Albino José Barbosa de Oliveira, 1135 - Barão Geraldo"
109796,Victor Ribeiro Oliveira,168,"Rua Coronel Quirino, 400 - Cambuí"
109797,Giovanna Oliveira Ferreira,150,"Avenida Albino José Barbosa de Oliveira, 3107 - Barão Geraldo"
109798,Pedro Bellini Campos,154,"Rua Maria Monteiro, 1267 - Cambuí"
109799,Larissa Oliveira Bellini,200,"Rua Coronel Quirino, 1015 - Cambuí"
109800,Thiago Matos Fernandes,171,"Avenida Heitor Penteado, 2640 - Taquaral"
109801,Rafael Almeida Medeiros,173,"Avenida Albino José Barbosa de Oliveira, 215 - Barão Geraldo"
109802,Eduardo Bellini Oliveira,192,"Avenida Heitor Penteado, 2227 - Taquaral"
109803,André Melo Cruz,194,"Rua Maria Monteiro, 1189 - Cambuí"
109804,Giovanna Paschoalino Vieira,201,"Avenida Albino José Barbosa de Oliveira, 2068 - Barão Geraldo"
109805,Maria Campos Santana,186,"Avenida Heitor Penteado, 496 - Taquaral"
109806,Gabriel Oliveira Queiroz,202,"Rua Maria Monteiro, 47 - Cambuí"
109807,Giovanna Nascimento Almeida,185,"Rua Maria Monteiro, 1491 - Cambuí"
109808,Felipe Nascimento Amorim,185,"Avenida Albino José Barbosa de Oliveira, 2416 - Barão Geraldo"
109809,Yasmin Vieira Campos,153,"Avenida Albino José Barbosa de Oliveira, 439 - Barão Geraldo"
109810,Victor Queiroz Almeida,185,"Avenida Heitor Penteado, 2739 - Taquaral"
109811,Vinícius Paschoalino Amorim,201,"Avenida Albino José Barbosa de Oliveira, 2556 - Barão Geraldo"
109812,Henrique Fernandes Vieira,202,"Avenida Heitor Penteado, 2017 - Taquaral"
109813,Henrique Silva Fernandes,167,"Avenida Heitor Penteado, 1790 - Taquaral"
109814,Eduardo Martins Medeiros,199,"Avenida Albino José Barbosa de Oliveira, 2971 - Barão Geraldo"
109815,Miguel Fernandes Gomes,165,"Avenida Albino José Barbosa de Oliveira, 2110 - Barão Geraldo"
109816,Victor Campos Campos,190,"Rua Maria Monteiro, 88 - Cambuí"
109817,Clara Santana Matos,167,"Avenida Heitor Penteado, 35 - Taquaral"
109818,Gabriel Cruz Paschoalino,171,"Avenida Heitor Penteado, 1730 - Taquaral"
109819,André Martins Nascimento,151,"Avenida Albino José Barbosa de Oliveira, 334 - Barão Geraldo"
109820,Gabriel Santana Almeida,170,"Avenida Albino José Barbosa de Oliveira, 495 - Barão Geraldo"
109821,Erik Gomes Ribeiro,185,"Avenida Heitor Penteado, 994 - Taquaral"
109822,Thiago Almeida Almeida,193,"Avenida Heitor Penteado, 1475 - Taquaral"
109823,Pedro Ferreira Ferreira,188,"Avenida Heitor Penteado, 812 - Taquaral"
109824,Miguel Santana Santana,196,"Rua Maria Monteiro, 1516 - Cambuí"
109825,Clara Gomes Queiroz,188,"Rua Maria Monteiro, 714 - Cambuí"
109826,Larissa Medeiros Martins,178,"Avenida Heitor Penteado, 2547 - Taquaral"
109827,Livia Nascimento Amorim,203,"Avenida Albino José Barbosa de Oliveira, 2377 - Barão Geraldo"
109828,André Ferreira Paschoalino,175,"Rua Coronel Quirino, 1319 - Cambuí"
109829,Felipe Matos Alves,170,"Avenida Albino José Barbosa de Oliveira, 2452 - Barão Geraldo"
109830,Beatriz Bellini Martins,166,"Avenida Heitor Penteado, 2476 - Taquaral"
109831,Beatriz Fernandes Campos,165,"Rua Maria Monteiro, 786 - Cambuí"
109832,Henrique Oliveira Campos,180,"Avenida Heitor Penteado, 2017 - Taquaral"
109833,Samuel Nascimento Almeida,200,"Avenida Albino José Barbosa de Oliveira, 1308 - Barão Geraldo"
109834,Rafael Nascimento Vieira,158,"Avenida Albino José Barbosa de Oliveira, 84 - Barão Geraldo"
109835,Thiago Medeiros Ribeiro,180,"Avenida Heitor Penteado, 2230 - Taquaral"
109836,Pedro Nascimento Medeiros,163,"Avenida Albino José Barbosa de Oliveira, 3230 - Barão Geraldo"
109837,Eduardo Amorim Silva,198,"Avenida Heitor Penteado, 2344 - Taquaral"
109838,André Ribeiro Gomes,186,"Rua Maria Monteiro, 871 - Cambuí"
109839,Pedro Alves Queiroz,151,"Avenida Albino José Barbosa de Oliveira, 449 - Barão Geraldo"
109840,Erik Gomes Ferreira,201,"Rua Coronel Quirino, 1930 - Cambuí"
109841,Maria Almeida Alves,197,"Avenida Albino José Barbosa de Oliveira, 3048 - Barão Geraldo"
109842,Victor Paschoalino Gomes,195,"Avenida Heitor Penteado, 2566 - Taquaral"
109843,Erik Paschoalino Medeiros,163,"Avenida Heitor Penteado, 871 - Taquaral"
109844,Gabriel Martins Santana,182,"Avenida Albino José Barbosa de Oliveira, 1500 - Barão Geraldo"
109845,Samuel Alves Ribeiro,184,"Avenida Albino José Barbosa de Oliveira, 2693 - Barão Geraldo"
109846,Livia Silva Gomes,188,"Avenida Heitor Penteado, 860 - Taquaral"
109847,Thiago Vieira Nascimento,196,"Rua Maria Monteiro, 16 - Cambuí"
109848,Victor Ferreira Silva,200,"Avenida Albino José Barbosa de Oliveira, 146 - Barão Geraldo"
109849,Henrique Campos Amorim,169,"Rua Coronel Quirino, 502 - Cambuí"
109850,Rafael Melo Santana,151,"Avenida Heitor Penteado, 2593 - Taquaral"
109851,Daniel Queiroz Santana,200,"Rua Coronel Quirino, 551 - Cambuí"
109852,Victor Melo Amorim,190,"Rua Coronel Quirino, 984 - Cambuí"
109853,Thiago Melo Matos,168,"Avenida Albino José Barbosa de Oliveira, 1272 - Barão Geraldo"
109854,Larissa Silva Campos,186,"Avenida Albino José Barbosa de Oliveira, 3284 - Barão Geraldo"
109855,Clara Silva Campos,167,"Avenida Heitor Penteado, 186 - Taquaral"
109856,Larissa Queiroz Gomes,165,"Avenida Heitor Penteado, 1141 - Taquaral"
109857,Beatriz Melo Campos,153,"Avenida Albino José Barbosa de Oliveira, 1331 - Barão Geraldo"
109858,Henrique Fernandes Paschoalino,161,"Avenida Heitor Penteado, 2808 - Taquaral"
109859,Guilherme Campos Santana,178,"Avenida Heitor Penteado, 677 - Taquaral"
109860,Eduardo Gomes Gomes,156,"Avenida Albino José Barbosa de Oliveira, 139 - Barão Geraldo"
109861,Guilherme Santana Almeida,163,"Avenida Heitor Penteado, 2763 - Taquaral"
109862,Eduardo Bellini Melo,204,"Avenida Heitor Penteado, 339 - Taquaral"
109863,Giovanna Martins Cruz,161,"Avenida Albino José Barbosa de Oliveira, 1523 - Barão Geraldo"
109864,Eduardo Cruz Oliveira,184,"Rua Maria Monteiro, 1293 - Cambuí"
109865,Larissa Matos Melo,154,"Rua Maria Monteiro, 1060 - Cambuí"
109866,Larissa Matos Ribeiro,166,"Avenida Albino José Barbosa de Oliveira, 2851 - Barão Geraldo"
109867,Clara Cruz Fernandes,191,"Avenida Heitor Penteado, 2048 - Taquaral"
109868,Vinícius Nascimento Matos,181,"Avenida Heitor Penteado, 2567 - Taquaral"
109869,Henrique Bellini Silva,159,"Avenida Albino José Barbosa de Oliveira, 645 - Barão Geraldo"
109870,André Paschoalino Vieira,192,"Rua Coronel Quirino, 1485 - Cambuí"
109871,Erik Ferreira Gomes,166,"Avenida Albino José Barbosa de Oliveira, 2183 - Barão Geraldo"
109872,Thiago Oliveira Almeida,154,"Avenida Albino José Barbosa de Oliveira, 1079 - Barão Geraldo"
109873,Felipe Melo Queiroz,194,"Avenida Albino José Barbosa de Oliveira, 2492 - Barão Geraldo"
109874,Larissa Nascimento Amorim,191,"Avenida Heitor Penteado, 2426 - Taquaral"
109875,Guilherme Oliveira Ribeiro,158,"Rua Maria Monteiro, 1064 - Cambuí"
109876,Erik Fernandes Martins,198,"Avenida Albino José Barbosa de Oliveira, 1347 - Barão Geraldo"
109877,Larissa Ferreira Queiroz,182,"Avenida Albino José Barbosa de Oliveira, 1992 - Barão Geraldo"
109878,Larissa Amorim Vieira,185,"Avenida Albino José Barbosa de Oliveira, 2503 - Barão Geraldo"
109879,Samuel Queiroz Queiroz,185,"Avenida Albino José Barbosa de Oliveira, 795 - Barão Geraldo"
109880,Eduardo Almeida Santana,167,"Avenida Heitor Penteado, 887 - Taquaral"
109881,Miguel Queiroz Ribeiro,158,"Avenida Heitor Penteado, 854 - Taquaral"
109882,Sofia Ribeiro Amorim,178,"Rua Maria Monteiro, 115 - Cambuí"
109883,Beatriz Fernandes Matos,199,"Avenida Heitor Penteado, 2331 - Taquaral"
109884,Guilherme Vieira Martins,163,"Avenida Albino José Barbosa de Oliveira, 2137 - Barão Geraldo"
109885,Samuel Medeiros Martins,174,"Avenida Heitor Penteado, 2844 - Taquaral"
109886,Larissa Vieira Santana,164,"Rua Coronel Quirino, 616 - Cambuí"
109887,Larissa Silva Melo,155,"Avenida Albino José Barbosa de Oliveira, 2267 - Barão Geraldo"
109888,Rafael Alves Martins,191,"Rua Maria Monteiro, 534 - Cambuí"
109889,Guilherme Ferreira Melo,178,"Rua Coronel Quirino, 1515 - Cambuí"
109890,Vinícius Matos Silva,164,"Avenida Albino José Barbosa de Oliveira, 1131 - Barão Geraldo"
109891,Livia Paschoalino Fernandes,178,"Rua Coronel Quirino, 217 - Cambuí"
109892,Samuel Gomes Ferreira,153,"Avenida Albino José Barbosa de Oliveira, 2277 - Barão Geraldo"
109893,Vinícius Silva Melo,167,"Rua Maria Monteiro, 1464 - Cambuí"
109894,Livia Santana Matos,199,"Avenida Albino José Barbosa de Oliveira, 317 - Barão Geraldo"
109895,Gabriel Paschoalino Campos,198,"Avenida Heitor Penteado, 19 - Taquaral"
109896,Miguel Almeida Santana,193,"Rua Coronel Quirino, 1154 - Cambuí"
109897,Livia Cruz Medeiros,188,"Avenida Heitor Penteado, 2992 - Taquaral"
109898,Sofia Medeiros Melo,165,"Avenida Albino José Barbosa de Oliveira, 2974 - Barão Geraldo"
109899,Eduardo Gomes Vieira,160,"Avenida Albino José Barbosa de Oliveira, 2803 - Barão Geraldo"
109900,Livia Martins Almeida,163,"Rua Coronel Quirino, 1136 - Cambuí"
109901,André Cruz Gomes,152,"Rua Maria Monteiro, 1495 - Cambuí"
109902,Henrique Alves Fernandes,200,"Avenida Albino José Barbosa de Oliveira, 2788 - Barão Geraldo"
109903,Thiago Ferreira Queiroz,199,"Avenida Heitor Penteado, 1313 - Taquaral"
109904,Maria Silva Fernandes,191,"Avenida Heitor Penteado, 2876 - Taquaral"
109905,Pedro Queiroz Martins,187,"Avenida Albino José Barbosa de Oliveira, 608 - Barão Geraldo"
109906,Henrique Fernandes Alves,194,"Avenida Heitor Penteado, 1776 - Taquaral"
109907,Pedro Alves Cruz,191,"Rua Coronel Quirino, 650 - Cambuí"
109908,Erik Silva Amorim,167,"Rua Maria Monteiro, 1368 - Cambuí"
109909,Maria Silva Paschoalino,169,"Avenida Albino José Barbosa de Oliveira, 260 - Barão Geraldo"
109910,André Medeiros Martins,197,"Rua Maria Monteiro, 1263 - Cambuí"
109911,Samuel Ferreira Fernandes,174,"Rua Maria Monteiro, 258 - Cambuí"
109912,Samuel Gomes Queiroz,187,"Avenida Heitor Penteado, 2421 - Taquaral"
109913,Eduardo Nascimento Medeiros,162,"Avenida Heitor Penteado, 2042 - Taquaral"
109914,João Vieira Gomes,153,"Avenida Heitor Penteado, 463 - Taquaral"
109915,Livia Alves Silva,204,"Rua Coronel Quirino, 1154 - Cambuí"
109916,Henrique Cruz Almeida,163,"Rua Maria Monteiro, 523 - Cambuí"
109917,Erik Silva Nascimento,182,"Avenida Albino José Barbosa de Oliveira, 2463 - Barão Geraldo"
109918,Giovanna Vieira Queiroz,177,"Avenida Heitor Penteado, 565 - Taquaral"
109919,Victor Campos Amorim,201,"Avenida Albino José Barbosa de Oliveira, 3341 - Barão Geraldo"
109920,Guilherme Paschoalino Almeida,186,"Rua Maria Monteiro, 262 - Cambuí"
109921,Felipe Santana Queiroz,157,"Avenida Heitor Penteado, 2935 - Taquaral"
109922,Maria Matos Gomes,193,"Avenida Albino José Barbosa de Oliveira, 2124 - Barão Geraldo"
109923,André Queiroz Bellini,183,"Rua Maria Monteiro, 13 - Cambuí"
109924,Henrique Amorim Medeiros,193,"Rua Maria Monteiro, 347 - Cambuí"
109925,Thiago Vieira Ferreira,154,"Avenida Albino José Barbosa de Oliveira, 908 - Barão Geraldo"
109926,André Bellini Gomes,203,"Avenida Albino José Barbosa de Oliveira, 512 - Barão Geraldo"
109927,Felipe Medeiros Campos,154,"Avenida Heitor Penteado, 2384 - Taquaral"
109928,Guilherme Silva Almeida,180,"Avenida Heitor Penteado, 1520 - Taquaral"
109929,Felipe Queiroz Ribeiro,194,"Avenida Albino José Barbosa de Oliveira, 2674 - Barão Geraldo"
109930,Maria Medeiros Oliveira,158,"Avenida Heitor Penteado, 774 - Taquaral"
109931,Beatriz Fernandes Medeiros,191,"Rua Maria Monteiro, 805 - Cambuí"
109932,Sofia Campos Matos,181,"Avenida Albino José Barbosa de Oliveira, 417 - Barão Geraldo"
109933,Gabriel Paschoalino Campos,182,"Avenida Heitor Penteado, 1268 - Taquaral"
109934,Giovanna Vieira Santana,152,"Avenida Heitor Penteado, 705 - Taquaral"
109935,Giovanna Melo Paschoalino,179,"Rua Maria Monteiro, 1545 - Cambuí"
109936,Victor Gomes Ribeiro,199,"Avenida Heitor Penteado, 2723 - Taquaral"
109937,Clara Campos Amorim,161,"Avenida Albino José Barbosa de Oliveira, 1295 - Barão Geraldo"
109938,Vinícius Amorim Melo,178,"Rua Maria Monteiro, 711 - Cambuí"
109939,Pedro Almeida Silva,152,"Avenida Albino José Barbosa de Oliveira, 40 - Barão Geraldo"
109940,Henrique Almeida Matos,175,"Avenida Albino José Barbosa de Oliveira, 672 - Barão Geraldo"
109941,Giovanna Cruz Santana,179,"Avenida Albino José Barbosa de Oliveira, 1795 - Barão Geraldo"
109942,João Martins Campos,158,"Avenida Albino José Barbosa de Oliveira, 1637 - Barão Geraldo"
109943,Giovanna Queiroz Paschoalino,175,"Rua Coronel Quirino, 1012 - Cambuí"
109944,Guilherme Fernandes Medeiros,151,"Avenida Heitor Penteado, 361 - Taquaral"
109945,Miguel Santana Alves,152,"Rua Coronel Quirino, 478 - Cambuí"
109946,Livia Amorim Nascimento,195,"Avenida Heitor Penteado, 510 - Taquaral"
109947,Samuel Paschoalino Melo,153,"Rua Coronel Quirino, 1293 - Cambuí"
109948,Henrique Amorim Ribeiro,174,"Rua Coronel Quirino, 1617 - Cambuí"
109949,Rafael Bellini Melo,200,"Avenida Heitor Penteado, 1538 - Taquaral"
109950,Giovanna Paschoalino Fernandes,162,"Avenida Heitor Penteado, 383 - Taquaral"
109951,Victor Ribeiro Matos,188,"Avenida Albino José Barbosa de Oliveira, 2438 - Barão Geraldo"
109952,Beatriz Almeida Gomes,193,"Avenida Heitor Penteado, 695 - Taquaral"
109953,André Oliveira Campos,184,"Avenida Albino José Barbosa de Oliveira, 1058 - Barão Geraldo"
109954,Giovanna Silva Almeida,204,"Rua Coronel Quirino, 387 - Cambuí"
109955,Rafael Medeiros Bellini,172,"Rua Maria Monteiro, 1001 - Cambuí"
109956,Clara Alves Queiroz,158,"Rua Maria Monteiro, 1139 - Cambuí"
109957,Vinícius Almeida Fernandes,151,"Avenida Heitor Penteado, 1093 - Taquaral"
109958,Samuel Silva Campos,203,"Avenida Albino José Barbosa de Oliveira, 2644 - Barão Geraldo"
109959,André Ferreira Santana,190,"Avenida Albino José Barbosa de Oliveira, 2330 - Barão Geraldo"
109960,Guilherme Almeida Medeiros,193,"Avenida Albino José Barbosa de Oliveira, 2726 - Barão Geraldo"
109961,Gabriel Cruz Melo,180,"Rua Maria Monteiro, 327 - Cambuí"
109962,Thiago Ferreira Ferreira,193,"Avenida Albino José Barbosa de Oliveira, 2645 - Barão Geraldo"
109963,Pedro Nascimento Matos,196,"Avenida Heitor Penteado, 1582 - Taquaral"
109964,Maria Ferreira Alves,151,"Avenida Heitor Penteado, 2687 - Taquaral"
109965,Vinícius Alves Cruz,181,"Avenida Albino José Barbosa de Oliveira, 2954 - Barão Geraldo"
109966,Yasmin Nascimento Vieira,167,"Avenida Heitor Penteado, 144 - Taquaral"
109967,Samuel Gomes Silva,162,"Avenida Heitor Penteado, 2019 - Taquaral"
109968,Yasmin Queiroz Oliveira,195,"Avenida Albino José Barbosa de Oliveira, 1010 - Barão Geraldo"
109969,Felipe Paschoalino Queiroz,154,"Rua Coronel Quirino, 843 - Cambuí"
109970,Samuel Almeida Campos,191,"Avenida Heitor Penteado, 2965 - Taquaral"
109971,Henrique Ribeiro Queiroz,193,"Avenida Heitor Penteado, 258 - Taquaral"
109972,Livia Queiroz Silva,159,"Rua Maria Monteiro, 293 - Cambuí"
109973,Daniel Melo Gomes,192,"Avenida Heitor Penteado, 909 - Taquaral"
109974,Erik Bellini Ribeiro,174,"Rua Maria Monteiro, 246 - Cambuí"
109975,Gabriel Oliveira Gomes,183,"Rua Maria Monteiro, 144 - Cambuí"
109976,André Ribeiro Alves,186,"Avenida Heitor Penteado, 1248 - Taquaral"
109977,Thiago Matos Martins,179,"Avenida Heitor Penteado, 352 - Taquaral"
109978,Larissa Campos Silva,156,"Avenida Heitor Penteado, 1914 - Taquaral"
109979,Erik Ferreira Gomes,155,"Avenida Albino José Barbosa de Oliveira, 2066 - Barão Geraldo"
109980,Pedro Nascimento Queiroz,203,"Avenida Albino José Barbosa de Oliveira, 3485 - Barão Geraldo"
109981,Felipe Cruz Ferreira,204,"Avenida Heitor Penteado, 2728 - Taquaral"
109982,Felipe Paschoalino Martins,152,"Avenida Albino José Barbosa de Oliveira, 3036 - Barão Geraldo"
109983,Livia Oliveira Melo,162,"Rua Coronel Quirino, 1071 - Cambuí"
109984,Felipe Ribeiro Vieira,152,"Rua Maria Monteiro, 885 - Cambuí"
109985,João Vieira Queiroz,175,"Rua Coronel Quirino, 1253 - Cambuí"
109986,Clara Ferreira Matos,173,"Avenida Heitor Penteado, 2561 - Taquaral"
109987,Samuel Almeida Nascimento,202,"Avenida Albino José Barbosa de Oliveira, 2519 - Barão Geraldo"
109988,Eduardo Martins Alves,155,"Avenida Albino José Barbosa de Oliveira, 2860 - Barão Geraldo"
109989,Henrique Melo Nascimento,192,"Rua Coronel Quirino, 925 - Cambuí"
109990,Maria Campos Matos,198,"Avenida Albino José Barbosa de Oliveira, 2664 - Barão Geraldo"
109991,Victor Paschoalino Gomes,191,"Avenida Heitor Penteado, 270 - Taquaral"
109992,Eduardo Bellini Almeida,161,"Rua Coronel Quirino, 131 - Cambuí"
109993,Miguel Almeida Bellini,198,"Avenida Heitor Penteado, 1197 - Taquaral"
109994,Rafael Amorim Cruz,185,"Avenida Albino José Barbosa de Oliveira, 1860 - Barão Geraldo"
109995,Miguel Campos Queiroz,151,"Rua Coronel Quirino, 1547 - Cambuí"
109996,Victor Paschoalino Almeida,160,"Avenida Heitor Penteado, 901 - Taquaral"
109997,Erik Bellini Amorim,188,"Avenida Albino José Barbosa de Oliveira, 2082 - Barão Geraldo"
109998,Yasmin Melo Medeiros,183,"Rua Maria Monteiro, 917 - Cambuí"
109999,Beatriz Gomes Fernandes,175,"Rua Maria Monteiro, 1271 - Cambuí"
