owner_id,license_plate,brand,color
102661,FEE44B89,Toyota,Vermelho
101162,BCA18B89,Chevrolet,Azul Claro
108585,CEA78B89,Honda,Azul Claro
107444,CCE73B89,VW,Vermelho
100139,CEA83B89,Fiat,Prata
109739,EBF23B89,Chevrolet,Azul Claro
107236,FFA55B89,Chevrolet,Branco
106925,CBB93B89,Toyota,Azul Claro
108306,BBD89B89,Chevrolet,Prata
107899,CEB23B89,VW,Azul Claro
106201,CBF75B89,Honda,Vermelho
105485,ECE25B89,VW,Vermelho
104437,DFA90B89,Fiat,Vermelho
107397,BFA83B89,Fiat,Preto
105287,DFE17B89,Fiat,Vermelho
102129,CBE64B89,Toyota,Preto
103366,DCB34B89,Toyota,Preto
101870,CCE33B89,Honda,Vermelho
106069,FFE98B89,VW,Vermelho
108620,CDB63B89,Toyota,Branco
103948,CAE21B89,Chevrolet,Vermelho
108731,ECE49B89,VW,Branco
108586,BCC70B89,Fiat,Vermelho
106130,CBB77B89,Toyota,Preto
105185,BAF52B89,Chevrolet,Preto
103230,DBA27B89,VW,Branco
106443,CAC92B89,Honda,Azul Claro
104148,FDD44B89,Toyota,Preto
100351,FDC65B89,Toyota,Prata
109852,ABB12B89,Chevrolet,Prata
105639,ABD85B89,Fiat,Azul Claro
101453,CBB43B89,Toyota,Preto
105656,CFF25B89,Fiat,Preto
102953,FAE49B89,VW,Preto
109056,CCB97B89,Fiat,Prata
107255,EAF77B89,VW,Preto
103001,EFE91B89,Chevrolet,Branco
108097,BEA98B89,Chevrolet,Prata
102313,FFC58B89,Toyota,Branco
107217,BEC74B89,Toyota,Azul Claro
109417,DDD50B89,Fiat,Prata
100140,CEB67B89,Toyota,Prata
106301,BDF33B89,VW,Branco
106689,CEC19B89,Chevrolet,Azul Claro
102270,EDD51B89,Chevrolet,Preto
104828,EFC57B89,VW,Branco
101456,CCD91B89,Toyota,Preto
109953,AAD34B89,Honda,Vermelho
105915,FCD33B89,VW,Azul Claro
105431,FBC41B89,Toyota,Branco
101984,AAB38B89,Chevrolet,Vermelho
101347,BBC67B89,Fiat,Vermelho
102589,CAC10B89,Toyota,Vermelho
104043,CBF32B89,Fiat,Preto
100980,FCD50B89,VW,Branco
104875,EFF45B89,Toyota,Azul Claro
102385,FCB95B89,Chevrolet,Prata
106259,BEE45B89,Honda,Branco
101163,BFA61B89,Chevrolet,Azul Claro
109011,EAB36B89,Chevrolet,Prata
102305,EEA16B89,VW,Vermelho
101322,FAF56B89,Fiat,Azul Claro
105211,DBF80B89,Honda,Preto
103208,FAE20B89,VW,Azul Claro
101576,FAA27B89,Chevrolet,Branco
100460,EDF98B89,VW,Branco
102805,ACC41B89,Honda,Azul Claro
106215,BFF28B89,VW,Branco
105201,FAC46B89,Honda,Azul Claro
106323,ADE92B89,Honda,Preto
109350,DFB82B89,Fiat,Vermelho
106914,DAA20B89,Toyota,Vermelho
105274,EFF61B89,Chevrolet,Azul Claro
109997,CFC22B89,Fiat,Azul Claro
100635,BDC27B89,Honda,Azul Claro
100859,DFC47B89,Fiat,Azul Claro
101001,ABC88B89,Honda,Vermelho
104523,CCB70B89,Chevrolet,Preto
101974,BEF80B89,VW,Vermelho
105605,AFB99B89,VW,Azul Claro
108132,BFB52B89,Toyota,Prata
106675,EEA57B89,Honda,Vermelho
106459,ADA42B89,VW,Prata
105946,DAC59B89,Chevrolet,Azul Claro
104058,AEC25B89,Honda,Vermelho
102086,ECD19B89,Fiat,Branco
102565,FBA23B89,Honda,Azul Claro
101640,ECF66B89,Toyota,Azul Claro
105506,DFC36B89,Fiat,Branco
108335,FEF74B89,Toyota,Preto
104837,FEA55B89,Honda,Azul Claro
108853,AEB24B89,Fiat,Vermelho
101027,BCC83B89,Toyota,Prata
101619,BDF24B89,VW,Preto
103436,DCE83B89,Honda,Vermelho
106135,BCA23B89,Toyota,Azul Claro
107722,CDC89B89,Chevrolet,Azul Claro
100424,BEE80B89,VW,Preto
103840,BBE45B89,VW,Azul Claro
107934,BCA21B89,Fiat,Preto
109757,ECA62B89,Toyota,Azul Claro
103686,AAE38B89,Fiat,Preto
109849,CCA66B89,VW,Vermelho
100249,ECB91B89,Honda,Branco
105015,DFB28B89,VW,Vermelho
101869,DBA99B89,Toyota,Azul Claro
108250,BEA21B89,Honda,Preto
105866,FEA87B89,VW,Azul Claro
105034,FBD83B89,Honda,Preto
107930,EFB85B89,Fiat,Vermelho
106770,CAC41B89,Chevrolet,Branco
102878,FDD24B89,VW,Azul Claro
109529,CDB69B89,Toyota,Vermelho
105797,BDC36B89,Honda,Vermelho
103871,DEB21B89,Chevrolet,Azul Claro
101966,BDB29B89,VW,Prata
106413,BAC95B89,VW,Azul Claro
105512,DFB92B89,Fiat,Prata
109397,BAC72B89,VW,Azul Claro
106490,ADF37B89,VW,Prata
101730,AAC27B89,VW,Vermelho
102119,CBA73B89,VW,Prata
107648,BBB83B89,VW,Preto
100876,DEB83B89,VW,Prata
106949,CBF59B89,VW,Prata
105842,EDC20B89,Fiat,Azul Claro
104017,FCA61B89,Toyota,Vermelho
105418,ADC81B89,Fiat,Azul Claro
100882,DCF44B89,Chevrolet,Prata
107391,DDF53B89,Honda,Prata
106544,AAE99B89,Chevrolet,Prata
109184,EBE95B89,Fiat,Preto
104138,CAC46B89,Chevrolet,Azul Claro
100247,AEC25B89,Fiat,Preto
107575,DFC23B89,Toyota,Branco
102862,EDF39B89,Chevrolet,Prata
107437,CAE17B89,Fiat,Preto
101229,CAE40B89,Toyota,Prata
102748,ACD24B89,Fiat,Azul Claro
104328,DCE36B89,Toyota,Preto
102946,DFD26B89,Honda,Branco
107184,CBC40B89,VW,Prata
105930,CEB85B89,Chevrolet,Prata
101574,ECB37B89,Chevrolet,Branco
101192,AFC39B89,VW,Preto
109671,CFD47B89,Fiat,Preto
102680,CEB84B89,Fiat,Vermelho
106781,DAD69B89,Chevrolet,Azul Claro
101697,CAB31B89,Fiat,Prata
102931,AAF60B89,Toyota,Preto
107664,DAD12B89,Chevrolet,Azul Claro
107725,EEB59B89,Chevrolet,Azul Claro
108735,BAA90B89,Chevrolet,Azul Claro
101357,BCE78B89,Toyota,Preto
108337,EDB96B89,Fiat,Prata
101227,FCF90B89,VW,Azul Claro
103112,CFB75B89,Honda,Vermelho
103972,DBC16B89,Toyota,Preto
100217,EBF51B89,Honda,Branco
104471,ACD75B89,VW,Prata
104797,ADC53B89,VW,Prata
108975,ECC59B89,Honda,Preto
107274,EFC38B89,Chevrolet,Branco
103844,BCD41B89,Chevrolet,Preto
105552,FDA98B89,Toyota,Branco
100808,EAE38B89,Toyota,Azul Claro
106012,DAA70B89,Fiat,Prata
109246,AAE22B89,Chevrolet,Preto
109384,CDC46B89,VW,Vermelho
103323,AAD16B89,Chevrolet,Vermelho
108987,CDE36B89,Honda,Preto
104353,BAA38B89,Toyota,Vermelho
101170,FDA36B89,Toyota,Prata
105879,ECF61B89,VW,Preto
109480,DBB32B89,Chevrolet,Azul Claro
101200,ADC43B89,Toyota,Vermelho
107200,CEA26B89,Honda,Prata
104163,ABF23B89,VW,Vermelho
106612,BED32B89,Toyota,Branco
100251,AFF88B89,Toyota,Azul Claro
108623,DDA84B89,Toyota,Prata
107182,DAF85B89,Fiat,Branco
101767,CEF33B89,Chevrolet,Preto
109484,BAF66B89,Honda,Branco
107772,CFD48B89,Toyota,Branco
104794,FDB20B89,Fiat,Preto
103583,ADE29B89,Toyota,Prata
109781,FBC89B89,VW,Vermelho
108857,BBA14B89,Fiat,Azul Claro
100820,DAD22B89,VW,Prata
104401,EBA57B89,Toyota,Preto
102235,BCE69B89,VW,Azul Claro
106504,ABA12B89,VW,Prata
108415,ACD32B89,Chevrolet,Prata
101895,CFA88B89,Toyota,Azul Claro
103313,CBB39B89,VW,Branco
103300,DCF32B89,Honda,Branco
108396,ABA81B89,Honda,Preto
106589,EBA76B89,Honda,Vermelho
107855,CDF28B89,Honda,Vermelho
109074,FBF80B89,Honda,Prata
100283,CDB82B89,Honda,Prata
103821,EBD60B89,Toyota,Branco
106619,ABC53B89,Fiat,Preto
104435,BAF78B89,Chevrolet,Branco
103314,EEC13B89,Honda,Vermelho
106505,ECA78B89,VW,Preto
104220,DCE98B89,Fiat,Azul Claro
103402,ABF39B89,Fiat,Preto
101624,CCF93B89,VW,Branco
101985,FDC78B89,Honda,Azul Claro
105102,EBE47B89,Chevrolet,Branco
107360,CDB25B89,VW,Vermelho
105659,BCE24B89,Chevrolet,Azul Claro
109492,ABD73B89,Chevrolet,Branco
107638,DAF72B89,Chevrolet,Vermelho
103682,EBE73B89,Toyota,Branco
108233,AFB53B89,Chevrolet,Preto
102312,CAF32B89,VW,Azul Claro
108666,EDD58B89,VW,Branco
109017,FEA76B89,Chevrolet,Prata
103268,AFA70B89,Honda,Prata
103572,AFA30B89,Chevrolet,Preto
107988,AFD85B89,Honda,Prata
100828,ACB78B89,Honda,Branco
106847,DAE70B89,Honda,Azul Claro
104271,CED80B89,Fiat,Preto
102226,BBD15B89,Fiat,Prata
100795,FAC99B89,Toyota,Azul Claro
102436,FCE15B89,VW,Prata
109043,EFE43B89,Honda,Vermelho
100363,EFC67B89,Toyota,Azul Claro
106052,DBD69B89,Fiat,Prata
101768,BDE19B89,Toyota,Branco
109442,EAC17B89,VW,Vermelho
102032,EEB23B89,VW,Branco
104884,BFB70B89,Chevrolet,Preto
106358,EEB10B89,Fiat,Branco
101060,CAB31B89,Toyota,Preto
108488,FBD39B89,VW,Azul Claro
101837,DEE64B89,VW,Branco
101007,FFC85B89,Toyota,Preto
101710,CEC27B89,Toyota,Prata
103982,FBE76B89,Toyota,Preto
104901,BAA61B89,VW,Vermelho
109709,ABF57B89,Toyota,Prata
109005,DFE47B89,Toyota,Prata
101378,EFE62B89,Chevrolet,Branco
106940,DFF70B89,VW,Prata
100807,DFF79B89,Toyota,Preto
101355,BCE64B89,Honda,Prata
103376,DFA87B89,Honda,Prata
107887,EDE33B89,Toyota,Branco
106027,FFB84B89,Fiat,Preto
100090,FAA27B89,VW,Azul Claro
100013,DBB39B89,Fiat,Prata
107331,DAF88B89,VW,Prata
107536,CDD40B89,VW,Azul Claro
107532,CCC93B89,VW,Prata
106263,EAC88B89,Fiat,Branco
106008,FDD99B89,Chevrolet,Azul Claro
109131,BEB85B89,VW,Prata
102618,BFE16B89,Fiat,Branco
100705,ABA78B89,VW,Vermelho
107090,BFA50B89,Fiat,Vermelho
102928,FDB20B89,VW,Prata
100733,CEE80B89,Toyota,Preto
102660,DEB31B89,Honda,Branco
106356,AFF16B89,Toyota,Azul Claro
104779,ECF92B89,Toyota,Azul Claro
107365,EDE56B89,Toyota,Azul Claro
104564,DBB59B89,Chevrolet,Branco
103720,CBA79B89,Honda,Preto
104983,CBC82B89,VW,Preto
106988,EFE82B89,Honda,Prata
107123,EEB22B89,Chevrolet,Vermelho
100290,FFD70B89,Honda,Prata
108498,CFB37B89,Toyota,Preto
108020,FAC57B89,Honda,Prata
107210,AFA48B89,VW,Vermelho
108763,FDA86B89,Chevrolet,Vermelho
105043,CBE53B89,Chevrolet,Preto
100001,AFE11B89,Honda,Azul Claro
108382,BBE77B89,Fiat,Vermelho
106089,BBA99B89,Toyota,Azul Claro
104836,ABF50B89,Honda,Vermelho
100103,DEB74B89,Chevrolet,Branco
102743,FBF23B89,Honda,Preto
107409,ADB96B89,Toyota,Azul Claro
108460,DCE58B89,Honda,Vermelho
106545,ADC30B89,VW,Preto
102294,DDD25B89,Chevrolet,Vermelho
106393,FEC72B89,Chevrolet,Prata
102153,CDE87B89,Toyota,Vermelho
108219,CDF84B89,Toyota,Prata
108100,CCC28B89,Fiat,Vermelho
106059,BCC96B89,Chevrolet,Prata
108068,EDD87B89,Toyota,Preto
101747,ADD86B89,Fiat,Preto
106392,AFD43B89,Toyota,Vermelho
103595,ABB17B89,Fiat,Vermelho
100204,AAC10B89,Honda,Branco
107742,FFE12B89,Fiat,Prata
105669,FDF67B89,Toyota,Branco
106803,EEE75B89,Fiat,Preto
109154,CAA62B89,Honda,Azul Claro
101084,ACD33B89,Honda,Azul Claro
109606,FAF92B89,Chevrolet,Vermelho
102435,ECF24B89,Toyota,Preto
101026,ABB78B89,Honda,Azul Claro
101338,BDF15B89,Chevrolet,Vermelho
100326,DCC96B89,Chevrolet,Azul Claro
109912,FFD96B89,VW,Preto
107670,CFA14B89,VW,Prata
101323,EFD31B89,Chevrolet,Vermelho
103159,DFF88B89,Toyota,Branco
107132,AAF59B89,Toyota,Preto
101324,EDB26B89,Fiat,Vermelho
107212,CAF74B89,VW,Vermelho
103571,AAE51B89,VW,Branco
104849,BCD52B89,VW,Prata
108390,ADE38B89,VW,Prata
109754,EFD43B89,Honda,Preto
105358,CCB16B89,Chevrolet,Vermelho
108229,BFF38B89,Fiat,Branco
103999,CDC71B89,Fiat,Prata
102714,CAA23B89,Toyota,Branco
102139,EEF39B89,Fiat,Prata
109358,BAF56B89,Chevrolet,Vermelho
107076,AAC85B89,Toyota,Prata
101582,AAE38B89,VW,Azul Claro
107334,CBA65B89,VW,Vermelho
107159,EDE21B89,VW,Preto
109932,FFA11B89,Toyota,Branco
102830,CBF53B89,Chevrolet,Preto
104489,FCA15B89,Fiat,Prata
106221,CAE20B89,Toyota,Vermelho
103194,DED77B89,Chevrolet,Preto
108633,BFC42B89,Toyota,Preto
109648,DAB19B89,Fiat,Azul Claro
107480,FDF57B89,Fiat,Preto
102995,CBC75B89,Chevrolet,Prata
100960,BDD20B89,Fiat,Preto
101290,CDD45B89,VW,Vermelho
108304,EDD31B89,Honda,Branco
100383,DFF53B89,Honda,Branco
107879,ABA95B89,Chevrolet,Vermelho
108665,FDB70B89,Chevrolet,Prata
102448,AAC94B89,VW,Branco
105124,AFD49B89,Fiat,Vermelho
104713,BCE43B89,Toyota,Preto
104089,FCE18B89,Chevrolet,Azul Claro
100787,EAE61B89,Honda,Vermelho
109927,BBE10B89,Toyota,Vermelho
100699,FBC67B89,Fiat,Azul Claro
107328,EDA65B89,Toyota,Branco
101518,EEA62B89,Fiat,Vermelho
109954,BCA70B89,Fiat,Branco
103311,FAB95B89,Honda,Branco
100706,ADF85B89,VW,Azul Claro
106904,CBF97B89,VW,Vermelho
106905,ECE40B89,Toyota,Vermelho
103865,FBF41B89,Honda,Azul Claro
107390,DCE75B89,Fiat,Azul Claro
105869,FCD21B89,Fiat,Preto
108182,FBB73B89,Chevrolet,Preto
105719,DAE48B89,VW,Azul Claro
103353,BDB27B89,Toyota,Branco
108263,FBD13B89,VW,Branco
105940,FEB99B89,Honda,Branco
106864,AFA26B89,VW,Azul Claro
108726,EDB54B89,Fiat,Prata
109458,BAF16B89,Honda,Azul Claro
105416,CBD53B89,VW,Vermelho
106938,BBB76B89,Fiat,Branco
103228,CCA57B89,VW,Branco
102275,BEA20B89,Fiat,Azul Claro
102005,FBB92B89,Toyota,Vermelho
107499,FBD88B89,Chevrolet,Vermelho
108301,ADB54B89,Fiat,Branco
108621,EEF41B89,Fiat,Preto
107588,FFA95B89,Honda,Prata
105116,DFC37B89,VW,Branco
107466,ABB84B89,VW,Branco
107558,BED66B89,VW,Azul Claro
106246,BCC56B89,VW,Preto
104822,FDB89B89,Honda,Prata
101367,CBB51B89,Chevrolet,Azul Claro
101086,DDD25B89,Fiat,Azul Claro
100313,DFD60B89,VW,Azul Claro
105433,DED45B89,Chevrolet,Branco
103150,FEB40B89,Toyota,Prata
100200,DFF62B89,Honda,Branco
107133,DEA19B89,Honda,Preto
103813,BEF13B89,VW,Preto
104159,CEE85B89,Chevrolet,Branco
106869,CBE34B89,Honda,Prata
104708,FBE30B89,Toyota,Branco
107883,FEC58B89,Fiat,Prata
107835,FDA82B89,Toyota,Preto
105730,FFE97B89,VW,Preto
106440,DCA95B89,Chevrolet,Azul Claro
104610,FAF69B89,VW,Azul Claro
109837,BDF26B89,Toyota,Preto
101321,BED84B89,VW,Prata
105748,BCB59B89,Chevrolet,Prata
104812,ECD82B89,Honda,Prata
107653,FCF49B89,Toyota,Branco
109070,CAC93B89,VW,Azul Claro
101961,FDC71B89,Fiat,Preto
105793,EDE23B89,Toyota,Prata
104699,FAE56B89,VW,Branco
102883,FEB80B89,Toyota,Azul Claro
109261,ECD39B89,VW,Prata
106352,EFE17B89,Toyota,Branco
109664,EEC79B89,VW,Azul Claro
100599,CAF62B89,Fiat,Azul Claro
109870,DBC20B89,Honda,Prata
105785,BAB51B89,Fiat,Azul Claro
100810,CBE94B89,VW,Vermelho
103806,BDC80B89,Honda,Azul Claro
102930,DFF64B89,Honda,Vermelho
101449,FAE14B89,Fiat,Branco
107963,BDC86B89,Toyota,Branco
108064,CDB14B89,Honda,Preto
102932,BBD22B89,Toyota,Preto
104249,FBE67B89,Chevrolet,Preto
105071,FFF33B89,VW,Prata
102146,EDE89B89,Toyota,Prata
104417,EBD40B89,Honda,Branco
107985,CDD27B89,Honda,Branco
103887,BAE19B89,Honda,Azul Claro
107975,FCA40B89,VW,Preto
106962,EDA11B89,Fiat,Preto
109721,EAA90B89,VW,Azul Claro
104818,AEA70B89,Honda,Vermelho
103048,CDE72B89,Fiat,Prata
102120,ABE42B89,Honda,Preto
106955,FAE73B89,Chevrolet,Azul Claro
102749,EAF66B89,Honda,Preto
107559,FAE23B89,Toyota,Azul Claro
102173,FBE74B89,Toyota,Preto
104932,BDC32B89,Honda,Preto
108612,DEE51B89,Honda,Prata
104309,FFC28B89,Chevrolet,Prata
106451,FBF99B89,Fiat,Vermelho
101570,FAE37B89,Toyota,Preto
106493,DFD95B89,Honda,Preto
102177,FEF55B89,Honda,Prata
106098,DCB59B89,Honda,Branco
101450,DAF81B89,VW,Branco
109787,CCD54B89,Toyota,Azul Claro
106063,AAD97B89,Honda,Prata
108350,AFD13B89,Chevrolet,Branco
107473,BAB41B89,Fiat,Branco
106555,BFA93B89,Fiat,Prata
105716,FEE39B89,Honda,Azul Claro
102066,AAD37B89,Fiat,Branco
109831,FEE41B89,Chevrolet,Preto
106412,BBC88B89,Fiat,Preto
107080,DDC65B89,VW,Branco
100501,DCC45B89,Fiat,Azul Claro
103990,BFE11B89,Chevrolet,Azul Claro
107240,DEA28B89,Chevrolet,Branco
109504,ADF38B89,Fiat,Vermelho
105394,CFC78B89,Honda,Vermelho
100695,DEA83B89,Chevrolet,Azul Claro
100059,EEF60B89,Fiat,Vermelho
105567,ABB53B89,Honda,Prata
103292,ABB62B89,Fiat,Vermelho
101952,CDD85B89,Chevrolet,Vermelho
101492,ABA97B89,Fiat,Branco
100322,DDA48B89,Fiat,Preto
102197,FEC69B89,Toyota,Vermelho
101261,DCB14B89,Honda,Vermelho
105800,BDD58B89,VW,Vermelho
106042,DCD36B89,VW,Preto
106251,CCA31B89,Honda,Vermelho
106002,FEC60B89,Fiat,Prata
101847,CEE81B89,Honda,Vermelho
103579,ABA85B89,Fiat,Preto
102964,FCA90B89,VW,Preto
103974,CDD24B89,Honda,Vermelho
107543,EEC61B89,Fiat,Vermelho
105654,EDE46B89,VW,Vermelho
102698,BCE39B89,Honda,Azul Claro
106718,EEA31B89,Chevrolet,Vermelho
104569,DDF53B89,Toyota,Branco
101874,EEB21B89,Fiat,Azul Claro
103783,CAF78B89,Honda,Prata
108278,ACA77B89,Toyota,Azul Claro
102988,BCD46B89,Chevrolet,Branco
109545,FBF20B89,Toyota,Prata
102026,FEE52B89,Toyota,Prata
102715,DBB19B89,Chevrolet,Preto
106990,CEC85B89,Honda,Branco
109459,CFA99B89,Fiat,Vermelho
107357,EDF63B89,Toyota,Vermelho
100852,EFA54B89,Toyota,Prata
109172,BFC89B89,Toyota,Prata
104787,CEA73B89,Toyota,Azul Claro
109672,BCE85B89,Chevrolet,Preto
104205,BAA34B89,Honda,Azul Claro
102629,BFD89B89,VW,Preto
102677,FEF44B89,VW,Branco
109716,EFC42B89,Fiat,Preto
109612,EFA93B89,VW,Preto
102518,AEA51B89,Toyota,Azul Claro
100534,FFE39B89,VW,Prata
100563,CAF36B89,VW,Prata
109486,DFE10B89,Fiat,Preto
102647,DEC60B89,Chevrolet,Prata
108632,FCE90B89,Chevrolet,Branco
107371,FEA80B89,Honda,Prata
100194,FAB56B89,Chevrolet,Branco
101862,ABD14B89,Honda,Branco
109854,BFC46B89,Fiat,Vermelho
105363,AAD97B89,VW,Branco
104848,EAF60B89,Fiat,Prata
106908,AEF86B89,Toyota,Branco
100651,CBA75B89,VW,Branco
100101,AEE83B89,Toyota,Prata
101114,FCC55B89,Honda,Vermelho
105811,BEC21B89,Fiat,Prata
109910,EAD69B89,Fiat,Vermelho
102279,ADB27B89,Fiat,Azul Claro
108220,AAD87B89,VW,Prata
107852,ACE25B89,Toyota,Azul Claro
104193,CBA90B89,Toyota,Branco
109855,CFA53B89,Chevrolet,Preto
107753,ADD85B89,Toyota,Prata
107057,FEB58B89,Toyota,Vermelho
106177,FAB16B89,Honda,Azul Claro
106776,DCE83B89,Honda,Preto
107172,BCE22B89,Chevrolet,Preto
103352,FFA52B89,Toyota,Preto
103971,BDA60B89,Toyota,Azul Claro
104385,BEF91B89,Chevrolet,Vermelho
105267,FDB49B89,Toyota,Prata
103824,DFE69B89,Fiat,Azul Claro
109574,BBE52B89,Honda,Prata
103180,BFB68B89,VW,Branco
102323,BFE39B89,Toyota,Preto
100736,BCC25B89,Fiat,Azul Claro
104164,DED15B89,Chevrolet,Vermelho
100621,BBF73B89,Chevrolet,Azul Claro
101087,DBB67B89,VW,Prata
104438,AEB27B89,Toyota,Azul Claro
102923,BFA57B89,Toyota,Azul Claro
108647,AED48B89,VW,Azul Claro
105973,EBF54B89,Fiat,Prata
100476,CDD58B89,Chevrolet,Branco
104007,DCD49B89,Honda,Azul Claro
106584,ABB73B89,Honda,Preto
109393,CED80B89,Fiat,Azul Claro
104248,ACC42B89,Toyota,Vermelho
102706,BDD57B89,Honda,Azul Claro
106540,DBF31B89,Honda,Vermelho
101182,DBE31B89,Chevrolet,Preto
108030,EBB66B89,Fiat,Prata
100126,CAA39B89,Honda,Branco
108523,FCB69B89,Toyota,Azul Claro
109881,AFF69B89,Honda,Branco
105744,CDC10B89,Honda,Prata
100928,FFF24B89,Honda,Azul Claro
103797,BCD97B89,Honda,Vermelho
100123,FDB98B89,VW,Prata
103062,FDE91B89,Chevrolet,Branco
107278,DBE50B89,Chevrolet,Vermelho
102998,BAB28B89,Fiat,Vermelho
107453,FBB88B89,VW,Branco
108844,FFE31B89,Toyota,Azul Claro
108583,CEE31B89,VW,Vermelho
105893,DBE34B89,VW,Prata
100860,CBC21B89,Toyota,Azul Claro
102339,FDD13B89,Toyota,Azul Claro
108538,BDA83B89,Toyota,Azul Claro
103934,CCB27B89,VW,Preto
100853,FBA80B89,Chevrolet,Vermelho
104372,BFE74B89,Honda,Vermelho
107493,CEE39B89,VW,Prata
100708,CDB66B89,Honda,Azul Claro
101591,EBA48B89,Honda,Preto
103332,FCC81B89,Chevrolet,Prata
109928,CBB58B89,Chevrolet,Azul Claro
103698,DDF55B89,Fiat,Branco
108476,ACD24B89,Fiat,Vermelho
107494,AEB16B89,Fiat,Azul Claro
105049,BDF44B89,Toyota,Preto
108930,CFA55B89,Toyota,Azul Claro
101958,FCB73B89,Honda,Prata
100571,CBF18B89,Chevrolet,Prata
102157,BBE58B89,Honda,Azul Claro
103788,ECD67B89,Fiat,Prata
101580,DAE15B89,VW,Azul Claro
104686,ABC42B89,Honda,Branco
107448,FEA92B89,Honda,Branco
102695,EDB58B89,Toyota,Azul Claro
106108,FFC40B89,Toyota,Azul Claro
109847,BFF60B89,Fiat,Branco
108244,EAB90B89,Honda,Preto
102495,DFC67B89,Fiat,Azul Claro
106317,CEB90B89,Honda,Vermelho
109078,FBA54B89,VW,Vermelho
101034,DAD47B89,Chevrolet,Prata
106362,AAC81B89,Toyota,Branco
106373,EAC31B89,VW,Vermelho
108614,AAA50B89,Honda,Preto
107658,EFE25B89,Honda,Azul Claro
109978,BCC75B89,Chevrolet,Branco
101539,EEF71B89,Chevrolet,Prata
108801,AEA31B89,VW,Branco
103624,AAC93B89,Toyota,Vermelho
105927,CCD92B89,Toyota,Vermelho
109891,FBC19B89,Honda,Prata
100361,BFB72B89,VW,Branco
108959,BBA37B89,Honda,Vermelho
101020,BCA88B89,Toyota,Prata
102551,BBA23B89,VW,Prata
103656,DAD24B89,Honda,Azul Claro
107754,AFA39B89,Toyota,Azul Claro
106602,AFD14B89,Chevrolet,Preto
101350,BEF46B89,Chevrolet,Preto
106389,ABE44B89,Chevrolet,Vermelho
107673,FDD74B89,VW,Preto
102578,DCE36B89,Chevrolet,Vermelho
104201,DCE83B89,Fiat,Vermelho
107434,DEA15B89,VW,Azul Claro
105757,FCA95B89,Honda,Branco
104279,DCE92B89,Chevrolet,Branco
106421,CDB74B89,VW,Branco
107921,BBA43B89,VW,Vermelho
107333,CDD56B89,Fiat,Azul Claro
103829,FCF93B89,Fiat,Preto
107235,ADF45B89,Honda,Prata
105923,AAB49B89,Toyota,Preto
107890,BBA46B89,Chevrolet,Preto
101696,DBF34B89,VW,Branco
108694,BFF71B89,Honda,Preto
105841,FBC23B89,Toyota,Preto
105951,BFA46B89,Honda,Branco
109700,BFB35B89,Fiat,Branco
106730,DEA17B89,Toyota,Azul Claro
108904,AAB31B89,VW,Preto
106829,DFF69B89,Fiat,Branco
105482,CEA90B89,Fiat,Prata
108828,CAE85B89,Chevrolet,Branco
100379,ABE69B89,Chevrolet,Prata
102697,CBE73B89,VW,Vermelho
104082,AAA79B89,Chevrolet,Prata
102669,DAF36B89,Chevrolet,Branco
106848,CBB38B89,VW,Vermelho
104583,EAD26B89,Honda,Branco
109250,EFB25B89,Chevrolet,Vermelho
107512,FBF18B89,Fiat,Prata
104399,DAC84B89,Fiat,Preto
103716,CDE81B89,Fiat,Preto
109203,AAE79B89,Fiat,Vermelho
104552,EDC98B89,VW,Prata
108261,FEB88B89,Fiat,Vermelho
102007,CBF30B89,Chevrolet,Prata
109579,CFF19B89,VW,Preto
100162,DEE22B89,VW,Azul Claro
106644,DEA46B89,Chevrolet,Branco
103731,DBE15B89,Honda,Azul Claro
100327,CAF87B89,Chevrolet,Branco
101633,BFE98B89,Chevrolet,Preto
107765,BCD32B89,Fiat,Branco
100523,BDD40B89,Chevrolet,Vermelho
105832,CDA66B89,Toyota,Azul Claro
103043,AAB29B89,Chevrolet,Branco
102480,AEE59B89,Honda,Vermelho
101144,AEA88B89,Toyota,Prata
100127,BFA58B89,Fiat,Azul Claro
107715,ABC47B89,Chevrolet,Preto
105817,FCC70B89,Fiat,Azul Claro
106055,DBE54B89,VW,Preto
108605,CCA89B89,VW,Branco
109470,EAC32B89,Chevrolet,Preto
109985,BBF84B89,Honda,Azul Claro
107157,FEB20B89,Chevrolet,Branco
109989,EBD71B89,Honda,Preto
103713,DAD32B89,Fiat,Prata
109339,EEB98B89,Fiat,Prata
103511,BFF24B89,Honda,Azul Claro
100450,ADA65B89,Fiat,Azul Claro
104212,FED81B89,Honda,Azul Claro
102472,CDC91B89,Chevrolet,Branco
107237,DEA99B89,Fiat,Prata
100088,BDC10B89,Fiat,Azul Claro
107971,DFA91B89,Chevrolet,Preto
104441,DEE64B89,Honda,Branco
108979,ECB60B89,Toyota,Vermelho
101920,CEF10B89,Toyota,Preto
108708,CFE90B89,VW,Branco
105314,CCA85B89,Fiat,Azul Claro
100312,CDD58B89,Fiat,Preto
108829,BDB84B89,VW,Prata
100159,DEE15B89,VW,Branco
103942,DAA62B89,Toyota,Azul Claro
102505,FCF62B89,Chevrolet,Azul Claro
104286,EDD72B89,Toyota,Branco
105331,EDB75B89,VW,Vermelho
106402,EEF82B89,VW,Prata
105926,CAE86B89,Chevrolet,Azul Claro
102897,FED52B89,Fiat,Vermelho
102905,DFF31B89,VW,Vermelho
108174,BDD43B89,Toyota,Azul Claro
103213,BEE37B89,Fiat,Prata
109923,AEA93B89,Honda,Preto
104095,CCD26B89,Fiat,Prata
102078,AFC93B89,Toyota,Azul Claro
109805,EEA48B89,Honda,Azul Claro
105921,FBB24B89,Honda,Preto
104149,FDC86B89,VW,Preto
101419,CDD72B89,Chevrolet,Prata
108010,CAE36B89,Honda,Vermelho
108152,BEA10B89,Fiat,Azul Claro
106395,EAF63B89,Fiat,Prata
102425,EDF43B89,Fiat,Branco
102874,CFD94B89,Honda,Vermelho
109067,ABF77B89,VW,Branco
105017,DAD21B89,Toyota,Azul Claro
105204,DEC74B89,Fiat,Vermelho
107541,ACF41B89,Honda,Branco
102498,CBE85B89,Chevrolet,Azul Claro
109885,ECF58B89,Toyota,Vermelho
102624,ADA87B89,Toyota,Prata
107863,CEB27B89,VW,Prata
106992,ABB13B89,Fiat,Prata
102948,EDD85B89,Toyota,Preto
103784,BFA66B89,Chevrolet,Branco
106960,CBF93B89,Toyota,Branco
108609,AFA25B89,Fiat,Branco
102585,EDB49B89,Toyota,Branco
107979,EBE42B89,Honda,Azul Claro
104393,DBF16B89,Honda,Preto
102609,CEF29B89,Honda,Azul Claro
108412,ABC20B89,Toyota,Prata
100412,CED84B89,Chevrolet,Preto
108879,FBC72B89,VW,Azul Claro
107442,FDF60B89,Fiat,Vermelho
104066,BBC85B89,Toyota,Azul Claro
109258,DCE89B89,Honda,Azul Claro
104333,AAD13B89,Toyota,Azul Claro
108739,FEC60B89,VW,Prata
101611,ACD88B89,Fiat,Azul Claro
101328,CCB58B89,Fiat,Vermelho
105170,BBD20B89,Chevrolet,Preto
108567,FDA73B89,VW,Azul Claro
103165,CDD17B89,VW,Vermelho
107323,CAE88B89,Fiat,Azul Claro
106479,AFF76B89,Honda,Preto
108175,BAC14B89,Honda,Preto
109405,DCA73B89,VW,Azul Claro
103304,CDA59B89,VW,Prata
104380,FBA43B89,Fiat,Prata
102936,BCA44B89,Honda,Vermelho
105414,ACE36B89,VW,Vermelho
104141,DDB45B89,VW,Vermelho
109832,DDD15B89,Chevrolet,Azul Claro
108697,CAF55B89,Honda,Vermelho
105562,BBA43B89,Toyota,Branco
105133,EFA36B89,VW,Vermelho
107199,ACE68B89,Fiat,Preto
104266,DDE47B89,Honda,Azul Claro
106385,CCE21B89,Toyota,Azul Claro
105194,FCF33B89,Honda,Azul Claro
103502,AFE84B89,Fiat,Vermelho
109333,FFF36B89,Chevrolet,Azul Claro
107666,FAF64B89,Fiat,Azul Claro
102009,BBE36B89,Toyota,Branco
107003,FDD99B89,Honda,Prata
100169,DEC67B89,Honda,Azul Claro
108091,EAA61B89,VW,Preto
108882,ADA52B89,Honda,Branco
107469,EED59B89,Toyota,Preto
106559,FAD50B89,VW,Prata
104891,BFE15B89,Fiat,Prata
105233,EFD76B89,Toyota,Azul Claro
105979,DBD24B89,Fiat,Branco
103965,FCE89B89,Toyota,Prata
108715,CAE99B89,VW,Preto
104024,CBC88B89,Fiat,Azul Claro
108133,BFE10B89,Fiat,Vermelho
109914,FFC46B89,Toyota,Preto
101444,DEE12B89,Fiat,Prata
103476,ABA34B89,Chevrolet,Prata
107635,EBA41B89,Toyota,Branco
109680,DFB72B89,Toyota,Branco
109075,DEC37B89,Toyota,Vermelho
106136,AAB47B89,Chevrolet,Prata
109691,BCB49B89,VW,Prata
104715,ECC87B89,Toyota,Prata
108793,EAC37B89,Toyota,Branco
108551,ADB28B89,Honda,Branco
107059,FCB98B89,Fiat,Preto
104426,EEA34B89,Toyota,Prata
109925,DBA66B89,Fiat,Vermelho
104824,CFB15B89,Chevrolet,Prata
106817,FCD80B89,Honda,Vermelho
107047,BCF55B89,Honda,Vermelho
100963,FAD21B89,Chevrolet,Azul Claro
105334,DFE35B89,VW,Prata
106293,FAA43B89,Honda,Branco
103652,EFA37B89,Toyota,Prata
106143,BEF85B89,Chevrolet,Prata
102938,FFF27B89,Toyota,Preto
109313,ECE43B89,VW,Preto
106520,DAE62B89,Fiat,Vermelho
105550,BFD19B89,Toyota,Azul Claro
108566,CDB50B89,Chevrolet,Preto
100955,BFD85B89,Chevrolet,Vermelho
103211,DDD90B89,Toyota,Vermelho
102859,DCA88B89,Chevrolet,Preto
102974,EAB35B89,Toyota,Branco
109337,DBD99B89,Fiat,Branco
109383,EDD61B89,Chevrolet,Azul Claro
108303,ADA55B89,Fiat,Azul Claro
102444,FCB87B89,VW,Branco
109416,AAC64B89,Honda,Preto
106466,FDD34B89,Toyota,Azul Claro
107281,FED98B89,Chevrolet,Preto
101493,DFD13B89,Chevrolet,Prata
100082,BAC87B89,Fiat,Branco
107015,FDE90B89,VW,Branco
100522,CAA42B89,Chevrolet,Azul Claro
102140,FDE29B89,Toyota,Vermelho
104084,EBD96B89,Chevrolet,Azul Claro
100681,BFA99B89,VW,Azul Claro
103801,BBF63B89,Toyota,Vermelho
103315,CCD41B89,Honda,Azul Claro
105653,AEC35B89,Chevrolet,Branco
106658,BEE10B89,Fiat,Branco
106926,DAB38B89,Toyota,Azul Claro
108564,CEF70B89,VW,Vermelho
105235,EFB64B89,Honda,Preto
101173,AFC91B89,Fiat,Vermelho
102334,BBD27B89,Honda,Prata
108462,EDA94B89,Chevrolet,Preto
102008,DEC47B89,Toyota,Prata
105891,DBB63B89,VW,Branco
104167,ACC58B89,Fiat,Vermelho
109794,BCB44B89,Honda,Vermelho
103846,CBC18B89,Honda,Prata
109061,ADA15B89,Honda,Prata
101427,DCC92B89,Chevrolet,Preto
106872,DCD73B89,Toyota,Prata
105078,AFB64B89,Honda,Prata
104740,BAC46B89,Toyota,Azul Claro
106649,BAE14B89,Chevrolet,Branco
107697,DAF11B89,Chevrolet,Branco
100970,FBB67B89,VW,Vermelho
101815,EFA72B89,Chevrolet,Vermelho
100856,BDC32B89,Honda,Azul Claro
108249,ADA96B89,Fiat,Branco
108227,BAE76B89,Chevrolet,Azul Claro
106390,CBB17B89,Honda,Azul Claro
100739,AEE82B89,Fiat,Vermelho
109538,ACB91B89,Chevrolet,Azul Claro
108707,CAB14B89,Chevrolet,Vermelho
108232,BCC20B89,Toyota,Branco
103310,DBA24B89,VW,Preto
102969,BEC49B89,Fiat,Vermelho
109165,BCA32B89,VW,Prata
103236,ADE27B89,Toyota,Azul Claro
107458,AAC71B89,Honda,Preto
108040,ACE62B89,Chevrolet,Prata
102508,BDF84B89,Toyota,Prata
109665,EDB19B89,Chevrolet,Preto
106427,BDF16B89,Honda,Vermelho
104101,DBD17B89,Honda,Preto
105421,BEE19B89,Chevrolet,Vermelho
100118,CBA87B89,Honda,Preto
102167,DAE97B89,VW,Prata
102879,DDD40B89,Toyota,Azul Claro
109630,CEF22B89,Honda,Branco
101303,CEE26B89,Chevrolet,Vermelho
109729,CFC13B89,VW,Azul Claro
101997,FAA69B89,Toyota,Azul Claro
104545,DBC44B89,Honda,Preto
109741,FDC18B89,VW,Azul Claro
104565,BCC79B89,Toyota,Vermelho
109138,DEF84B89,Chevrolet,Vermelho
106066,ADE63B89,Chevrolet,Preto
109732,AFA89B89,Chevrolet,Azul Claro
105995,EFE24B89,Fiat,Vermelho
101989,CEE90B89,VW,Vermelho
103861,BDC67B89,Honda,Azul Claro
103725,CFE17B89,VW,Prata
105861,CCE27B89,Toyota,Azul Claro
100650,BCB44B89,Honda,Vermelho
104143,FEB27B89,Honda,Prata
104902,EFB21B89,Honda,Vermelho
108734,DAA37B89,Chevrolet,Vermelho
109635,ABE46B89,Honda,Azul Claro
106954,BFB47B89,Toyota,Vermelho
103070,ABE93B89,Toyota,Azul Claro
104821,BFA73B89,Chevrolet,Azul Claro
108318,BCE99B89,Chevrolet,Prata
104773,BDB32B89,VW,Branco
108208,FBF11B89,Honda,Azul Claro
101396,CBB53B89,VW,Preto
103028,FAA56B89,Toyota,Branco
109822,EBA90B89,VW,Vermelho
102267,EAD98B89,Fiat,Prata
108720,CEE73B89,Honda,Branco
103441,FAD62B89,Toyota,Vermelho
101850,DAD70B89,Fiat,Branco
101704,DFE43B89,Honda,Vermelho
105342,ABA12B89,Fiat,Azul Claro
102443,FFA68B89,VW,Azul Claro
102127,BDB67B89,Fiat,Prata
102043,DBA22B89,Honda,Vermelho
104672,CFB23B89,VW,Preto
103786,ACB75B89,Chevrolet,Branco
105847,FBB99B89,VW,Branco
101742,FEB18B89,VW,Preto
105339,ABA53B89,Fiat,Prata
103474,BDA24B89,Honda,Preto
102253,AFD66B89,Honda,Vermelho
106199,BDE67B89,Honda,Vermelho
104410,EDA20B89,Fiat,Preto
102039,DFC84B89,Fiat,Azul Claro
103421,ACD55B89,Honda,Vermelho
103289,DCE13B89,VW,Branco
103354,BDD64B89,VW,Preto
104479,EDC36B89,VW,Azul Claro
102993,CEE69B89,Honda,Branco
108273,CBA54B89,Fiat,Azul Claro
109380,DAB96B89,Honda,Vermelho
104146,CED32B89,VW,Preto
102554,CDA90B89,Chevrolet,Azul Claro
102560,CBA28B89,Honda,Branco
109737,ABC42B89,VW,Prata
103618,DAB54B89,Honda,Branco
107597,BBD34B89,VW,Vermelho
102244,AAE39B89,Toyota,Preto
103995,FDE41B89,Toyota,Preto
105900,AFF46B89,Toyota,Branco
106748,EDD10B89,VW,Vermelho
102790,BFD39B89,Toyota,Preto
104881,EAA13B89,Honda,Preto
100291,DCF66B89,Fiat,Branco
100129,CDA55B89,Fiat,Preto
102958,DCF25B89,VW,Azul Claro
105701,FAE99B89,Honda,Prata
108591,ABB53B89,Fiat,Branco
106425,ADA59B89,Honda,Vermelho
109088,DEB26B89,Fiat,Preto
106677,EDB52B89,Toyota,Prata
108472,FCF50B89,VW,Prata
106397,FAE45B89,Fiat,Azul Claro
101735,EEF48B89,Honda,Azul Claro
103481,CFD39B89,Toyota,Prata
101944,CFE30B89,VW,Branco
109309,BBF86B89,Toyota,Azul Claro
103461,ECD41B89,VW,Vermelho
108555,CDA88B89,Fiat,Azul Claro
102092,AAE22B89,Chevrolet,Preto
107207,CFC10B89,Honda,Vermelho
108147,FEF28B89,Toyota,Prata
101705,BEF95B89,Toyota,Vermelho
102232,ADE76B89,VW,Vermelho
102301,FDE57B89,VW,Azul Claro
109370,FAF19B89,Fiat,Vermelho
107564,DED46B89,Fiat,Vermelho
104755,EDC14B89,Honda,Azul Claro
104669,DBA31B89,Fiat,Vermelho
105569,FCA45B89,Toyota,Prata
102728,BAF46B89,Fiat,Vermelho
103616,ECE45B89,Chevrolet,Branco
108687,ECE33B89,Toyota,Preto
103643,ADE30B89,Honda,Vermelho
105128,FEF64B89,Chevrolet,Prata
106936,BFA66B89,VW,Preto
102687,FAC20B89,Chevrolet,Prata
109332,DEC72B89,Chevrolet,Preto
104896,BAC98B89,Toyota,Vermelho
108972,ECF68B89,Honda,Vermelho
109438,ACB56B89,Toyota,Prata
107674,BCD67B89,VW,Azul Claro
107643,BAC73B89,Chevrolet,Preto
109983,ABE86B89,VW,Preto
106445,CEF82B89,VW,Branco
101366,FAA20B89,Chevrolet,Branco
107909,DEB18B89,Fiat,Preto
102644,EBF39B89,Chevrolet,Azul Claro
104800,CFC45B89,Honda,Branco
104168,FAC54B89,Toyota,Prata
105438,DFE47B89,VW,Vermelho
104236,AED69B89,Toyota,Prata
109656,FDD71B89,Fiat,Azul Claro
103505,AEF65B89,Fiat,Vermelho
100608,CEF10B89,Toyota,Branco
103497,CAA73B89,Chevrolet,Vermelho
106707,BCF54B89,VW,Azul Claro
100019,FAB52B89,VW,Branco
109850,DCC44B89,Fiat,Azul Claro
104575,CED17B89,VW,Prata
103069,ADD91B89,Honda,Azul Claro
103489,FFD19B89,Honda,Preto
103486,CCC21B89,Fiat,Preto
100917,BCF24B89,Chevrolet,Azul Claro
109254,EAA40B89,Toyota,Vermelho
104788,EBB90B89,Honda,Preto
103379,FEB67B89,VW,Preto
102614,AAD33B89,Honda,Azul Claro
103189,DBB34B89,Honda,Prata
101397,FBD29B89,Toyota,Vermelho
103158,EBE22B89,Toyota,Preto
105870,AAA98B89,Fiat,Prata
107018,ECE81B89,Fiat,Preto
109399,CCF36B89,VW,Azul Claro
108525,FBA12B89,VW,Vermelho
108835,FFC67B89,Toyota,Branco
102856,FDE31B89,Chevrolet,Preto
104850,CCB90B89,Toyota,Azul Claro
104032,CED84B89,Chevrolet,Vermelho
103382,FDF12B89,Honda,Azul Claro
106807,FFF83B89,Honda,Azul Claro
101342,CDC32B89,Honda,Branco
108467,AAE44B89,VW,Vermelho
100790,ACC27B89,Honda,Prata
102002,EFE35B89,VW,Prata
103153,ABC59B89,Toyota,Preto
100971,CDF49B89,Fiat,Branco
108866,CAE77B89,VW,Vermelho
102148,DCE74B89,Chevrolet,Preto
107317,ABC64B89,Honda,Preto
101712,DBC15B89,VW,Vermelho
108909,AAE44B89,Toyota,Prata
103000,CDB50B89,VW,Preto
105777,CEC38B89,Fiat,Vermelho
102781,EFC57B89,Toyota,Preto
107941,BCA20B89,Fiat,Prata
100087,ACE47B89,Honda,Vermelho
109014,FFD73B89,Toyota,Prata
101661,BCA99B89,Toyota,Branco
101017,DDB61B89,VW,Preto
104652,CBA39B89,VW,Prata
109092,EDF25B89,Chevrolet,Vermelho
107037,FBB14B89,Toyota,Azul Claro
103575,EFC39B89,Honda,Azul Claro
105673,BCD43B89,VW,Preto
107854,CEF76B89,Fiat,Azul Claro
102642,EBC87B89,Fiat,Preto
108088,AFC36B89,Fiat,Prata
105850,DCF36B89,Fiat,Branco
100657,EBC76B89,Chevrolet,Prata
104073,ACD41B89,Fiat,Vermelho
100751,BBE75B89,VW,Vermelho
109780,CCB47B89,Honda,Azul Claro
102707,FAA39B89,Fiat,Vermelho
108770,DCA14B89,Fiat,Preto
108568,ECF76B89,Toyota,Branco
100547,EEC87B89,Fiat,Prata
109135,DAC79B89,Honda,Prata
105883,FCD83B89,Honda,Branco
103669,CFD65B89,Chevrolet,Preto
108452,CFF41B89,VW,Preto
102052,BEA27B89,Chevrolet,Branco
107465,BBB82B89,VW,Prata
103941,ADF53B89,Fiat,Azul Claro
108376,EFB17B89,VW,Azul Claro
104085,FFF17B89,VW,Vermelho
109465,DEE69B89,Fiat,Prata
106446,BAA92B89,Chevrolet,Preto
100314,FED38B89,Toyota,Branco
100576,DFB60B89,VW,Azul Claro
105447,FDB58B89,Toyota,Prata
104097,BEB90B89,Toyota,Branco
109512,AEB17B89,Chevrolet,Prata
103715,CAC88B89,VW,Azul Claro
108618,BEE78B89,Fiat,Preto
107544,FAD32B89,Fiat,Preto
109053,BBA62B89,Toyota,Preto
105388,BCC92B89,VW,Vermelho
104855,DCB47B89,Toyota,Branco
100816,CCF63B89,Chevrolet,Preto
104519,DDF59B89,Honda,Prata
102671,BFB68B89,VW,Prata
107004,FAE80B89,Fiat,Preto
109873,DEF63B89,Honda,Prata
106535,ADE15B89,Fiat,Preto
108497,CFE29B89,Fiat,Preto
109003,ACB41B89,Honda,Prata
108617,FFF15B89,VW,Prata
108429,DAB11B89,Toyota,Azul Claro
106795,DEF69B89,Chevrolet,Azul Claro
102023,DFE28B89,Fiat,Branco
101062,CEA58B89,Chevrolet,Azul Claro
104305,FFB85B89,Honda,Prata
108851,EBC37B89,Chevrolet,Prata
108960,EED22B89,Fiat,Preto
103852,CEB26B89,Chevrolet,Branco
103854,AEC32B89,Honda,Vermelho
105888,AAC92B89,Fiat,Azul Claro
108839,BDC74B89,Fiat,Preto
103117,FED42B89,Fiat,Vermelho
100451,ABA31B89,VW,Branco
106146,CCC39B89,VW,Prata
102101,BAA99B89,Toyota,Preto
104361,ECF83B89,Honda,Branco
100744,FDF91B89,Toyota,Preto
101898,CFD47B89,Toyota,Azul Claro
100983,BFD45B89,Toyota,Vermelho
107103,CCF91B89,Honda,Preto
101572,CFC87B89,Fiat,Preto
105377,CAB99B89,Chevrolet,Preto
100403,CFF65B89,Chevrolet,Prata
109445,BAB22B89,VW,Prata
109362,AEA22B89,Chevrolet,Prata
100729,BFF43B89,Toyota,Azul Claro
107527,DCB46B89,Honda,Prata
109977,DED94B89,Toyota,Branco
105619,ACC99B89,Chevrolet,Branco
107896,CFE34B89,Honda,Branco
107922,EAC34B89,Toyota,Vermelho
109343,ABC34B89,Fiat,Azul Claro
107733,FBF65B89,Fiat,Vermelho
100146,FED66B89,Toyota,Azul Claro
101147,AAF13B89,Toyota,Azul Claro
101554,AAE29B89,Fiat,Azul Claro
100241,CBD88B89,VW,Prata
105060,AFA98B89,Chevrolet,Preto
107659,BFD92B89,Honda,Vermelho
108461,FCF61B89,Toyota,Preto
106463,CBA80B89,Fiat,Prata
103915,BFA10B89,Chevrolet,Branco
104461,AEC60B89,Honda,Preto
104153,BEA95B89,Toyota,Vermelho
104125,CFF35B89,Chevrolet,Vermelho
100836,EBF61B89,Honda,Azul Claro
103422,AEC64B89,Honda,Preto
107088,CED67B89,Toyota,Prata
100844,FDB95B89,VW,Azul Claro
102266,FDD96B89,Fiat,Preto
104235,BDC55B89,Chevrolet,Prata
105031,FEA56B89,Fiat,Azul Claro
109296,EFA31B89,Fiat,Preto
106708,AEE42B89,Honda,Azul Claro
104454,DED84B89,Toyota,Branco
105941,EEF75B89,VW,Preto
108876,FBC17B89,Honda,Azul Claro
101969,CFF35B89,Honda,Prata
106378,EAC85B89,Toyota,Branco
107981,BFF44B89,VW,Vermelho
105858,CAE57B89,Toyota,Preto
100018,DEF23B89,Toyota,Azul Claro
105104,BAC49B89,Fiat,Branco
108457,FEF40B89,Toyota,Azul Claro
109301,AFD42B89,Honda,Preto
104934,ADE82B89,Chevrolet,Azul Claro
102662,FCB70B89,Honda,Branco
108918,DDC26B89,Toyota,Branco
107393,FDE59B89,Honda,Azul Claro
103207,DDF18B89,Toyota,Prata
109633,FCD14B89,VW,Branco
105227,BDD44B89,Fiat,Prata
105855,FCC34B89,Honda,Vermelho
102117,DED53B89,Honda,Vermelho
105200,FAB47B89,Chevrolet,Preto
100125,CFC52B89,Toyota,Branco
109607,DDC86B89,Fiat,Azul Claro
101802,EEF73B89,Chevrolet,Vermelho
104448,EDE39B89,Chevrolet,Prata
102145,ECD37B89,Toyota,Branco
107430,FEE33B89,Chevrolet,Vermelho
109124,EFD22B89,Fiat,Branco
102543,EBE75B89,Toyota,Azul Claro
104282,DAB31B89,Honda,Branco
107185,FCB39B89,Honda,Branco
103866,ADD38B89,Honda,Branco
106321,AEB52B89,Toyota,Prata
109027,EDB17B89,Toyota,Preto
105346,DBD95B89,VW,Branco
106631,EEE63B89,Toyota,Preto
103035,ACB30B89,VW,Preto
105595,DEB71B89,Toyota,Branco
106110,CDB67B89,Fiat,Azul Claro
108640,DCC11B89,VW,Vermelho
107193,ADC57B89,VW,Prata
102229,EBC94B89,Toyota,Branco
108145,BBA71B89,Toyota,Prata
104572,EDD80B89,VW,Preto
107449,FEC28B89,VW,Azul Claro
101119,AAA63B89,Honda,Prata
106067,FAA29B89,Chevrolet,Vermelho
103298,BCE60B89,Fiat,Azul Claro
103882,BDF85B89,Chevrolet,Azul Claro
106369,BEC69B89,VW,Branco
105309,FEC96B89,Toyota,Prata
107284,EDF35B89,Chevrolet,Branco
103459,CDD36B89,Honda,Prata
102519,FCD74B89,Honda,Branco
101166,ECF37B89,Honda,Vermelho
102214,DEA64B89,Fiat,Azul Claro
107608,FEB69B89,Chevrolet,Branco
107322,ADB14B89,Fiat,Prata
104691,DBB26B89,Fiat,Preto
108320,EDC90B89,Honda,Vermelho
108610,FFD34B89,Toyota,Azul Claro
101901,FFA34B89,Chevrolet,Branco
108228,FCF23B89,Honda,Preto
104591,AAC21B89,Toyota,Branco
105046,BBE28B89,Chevrolet,Preto
103640,EBB77B89,Honda,Vermelho
100913,EBF25B89,Chevrolet,Branco
104907,DAF83B89,Honda,Prata
103968,DBE32B89,Toyota,Branco
105035,EAC49B89,Honda,Azul Claro
107780,FEB48B89,VW,Prata
104831,EBE53B89,Chevrolet,Branco
103040,BBA11B89,VW,Preto
108313,EBB17B89,Toyota,Vermelho
100728,DBF48B89,VW,Prata
108126,AEB62B89,VW,Branco
107315,DFD23B89,Toyota,Vermelho
102403,BEE71B89,Fiat,Vermelho
100365,DFD42B89,Fiat,Prata
104785,CCE12B89,Honda,Azul Claro
101337,FFA72B89,Chevrolet,Preto
107620,DAC35B89,Toyota,Prata
105583,ADF70B89,Fiat,Vermelho
108400,AED53B89,Toyota,Azul Claro
108013,EFF97B89,Chevrolet,Prata
108055,EFA19B89,Toyota,Preto
104202,CBD31B89,VW,Azul Claro
100231,DCA11B89,Honda,Prata
100384,BDF56B89,Honda,Vermelho
100422,BAC26B89,Chevrolet,Branco
108560,BAC19B89,Fiat,Preto
101307,DAF30B89,Honda,Preto
108295,ABB71B89,Toyota,Prata
106557,AEA69B89,Fiat,Azul Claro
103555,AAA41B89,VW,Branco
108631,FDF22B89,Fiat,Azul Claro
108812,BAD30B89,Chevrolet,Azul Claro
105026,EDA86B89,Toyota,Branco
108203,FFA71B89,Honda,Vermelho
106139,FCB37B89,VW,Preto
101819,BEC36B89,Toyota,Preto
100967,BAF91B89,Honda,Azul Claro
105182,ECC24B89,Toyota,Azul Claro
107166,BCD46B89,VW,Preto
100323,EBD84B89,Chevrolet,Preto
106788,BEB79B89,VW,Azul Claro
100138,DDC94B89,Honda,Vermelho
104623,BAF13B89,Honda,Preto
102281,EBB12B89,Chevrolet,Branco
103156,DBA54B89,Honda,Branco
106422,BCD77B89,Honda,Branco
104293,FEC99B89,Toyota,Vermelho
104509,EFB35B89,Chevrolet,Prata
100907,DDC33B89,Toyota,Vermelho
108721,BBC34B89,Fiat,Azul Claro
107160,FAE86B89,Fiat,Azul Claro
107250,AEB83B89,Honda,Vermelho
102255,ACD60B89,VW,Vermelho
105075,AFD33B89,Toyota,Preto
107693,EBA94B89,VW,Branco
104718,FFF10B89,Chevrolet,Branco
101412,FDC98B89,Chevrolet,Azul Claro
106444,BFE91B89,VW,Vermelho
104609,DFB14B89,Chevrolet,Prata
103984,ABE51B89,Honda,Vermelho
109084,ADE85B89,Fiat,Preto
100512,DCB34B89,Fiat,Prata
106529,FCA10B89,Chevrolet,Branco
105209,DDD76B89,Toyota,Preto
108300,FAE10B89,Toyota,Vermelho
103263,BCD71B89,Toyota,Preto
100072,DED12B89,Fiat,Azul Claro
108125,CAB59B89,Honda,Prata
108248,AFF60B89,Chevrolet,Prata
102136,CCA37B89,Toyota,Vermelho
101577,CDB73B89,Chevrolet,Azul Claro
106285,FED84B89,Toyota,Prata
108826,CDB10B89,Chevrolet,Preto
100627,ADE55B89,Chevrolet,Branco
109224,EEC24B89,Honda,Vermelho
104434,AFE52B89,Chevrolet,Vermelho
105136,AAE45B89,Toyota,Azul Claro
106082,BCE67B89,VW,Vermelho
105751,AFF48B89,Chevrolet,Vermelho
102501,BED56B89,Toyota,Prata
109744,BEB12B89,VW,Azul Claro
108341,DAA94B89,VW,Vermelho
106132,DCF54B89,Chevrolet,Vermelho
102364,DBF32B89,Fiat,Preto
106274,EDA90B89,Toyota,Preto
108251,ACA50B89,Honda,Vermelho
108875,DDC68B89,Honda,Azul Claro
108239,FEB31B89,Chevrolet,Azul Claro
104059,BAB84B89,Chevrolet,Prata
103649,FBD41B89,Chevrolet,Prata
102161,CAD96B89,Chevrolet,Prata
108081,EDC37B89,Toyota,Vermelho
106841,CBC87B89,Chevrolet,Azul Claro
104981,CAC86B89,VW,Branco
100645,CCE92B89,Honda,Preto
101208,DAD92B89,VW,Prata
103122,DAD43B89,Chevrolet,Preto
102054,CFB51B89,Fiat,Prata
105216,EBF48B89,VW,Azul Claro
109195,DBC10B89,Toyota,Vermelho
101407,CFC76B89,Toyota,Preto
105366,BBE50B89,VW,Vermelho
102237,FFE32B89,VW,Azul Claro
101072,EFD51B89,Chevrolet,Branco
107502,EFB21B89,Toyota,Prata
104667,ACC60B89,Toyota,Preto
104411,DFA38B89,VW,Preto
102371,EEA26B89,Honda,Azul Claro
108326,EDF73B89,VW,Preto
103993,FCB54B89,Chevrolet,Preto
108140,EDD83B89,Toyota,Preto
109810,AED18B89,VW,Prata
102051,BCA10B89,Chevrolet,Branco
108094,DBE64B89,Toyota,Azul Claro
104980,ECF18B89,Toyota,Prata
105502,BDC21B89,Honda,Prata
105183,DED93B89,Chevrolet,Azul Claro
105115,CCA60B89,Chevrolet,Prata
102719,CBB99B89,Honda,Vermelho
106164,BAC16B89,Honda,Vermelho
105162,EBB97B89,Honda,Prata
107654,FDA83B89,Chevrolet,Vermelho
102238,FEF36B89,VW,Preto
106022,FAA68B89,Toyota,Azul Claro
100163,ACA65B89,Chevrolet,Preto
107149,EFB80B89,VW,Prata
107349,BDF32B89,Fiat,Branco
109046,EBB95B89,Fiat,Prata
106834,FFB41B89,Honda,Azul Claro
108317,BFD60B89,VW,Branco
104671,DEB60B89,Honda,Azul Claro
105321,CBA57B89,Honda,Prata
102193,BAD93B89,Honda,Azul Claro
107723,BFE96B89,Honda,Azul Claro
100977,CCD25B89,Honda,Preto
103477,EDF63B89,Honda,Vermelho
106693,FFA65B89,VW,Azul Claro
102252,DAA81B89,Fiat,Vermelho
106186,DDB56B89,VW,Preto
103051,EDF64B89,Honda,Azul Claro
104930,DAB62B89,VW,Branco
102174,FFD33B89,VW,Preto
101158,AAD44B89,Honda,Prata
105518,FDA68B89,Honda,Prata
105889,EEB85B89,VW,Prata
106632,FFD64B89,Honda,Branco
109151,BBA83B89,VW,Branco
101911,AED32B89,Honda,Azul Claro
102616,AAD97B89,Honda,Preto
107528,BBE75B89,Fiat,Preto
107275,DCE80B89,Fiat,Preto
102929,CAC30B89,Toyota,Vermelho
106420,DAC34B89,Chevrolet,Prata
107519,BFB46B89,VW,Prata
105699,DBB17B89,Honda,Preto
101090,BDD18B89,Fiat,Prata
107611,FFE86B89,Honda,Preto
100300,ADA30B89,Honda,Preto
105571,BAF87B89,VW,Preto
100122,BDF92B89,Toyota,Prata
101002,EAE76B89,Chevrolet,Preto
103874,FFD71B89,VW,Branco
101644,DAD36B89,Toyota,Prata
103509,DCB10B89,Chevrolet,Preto
104990,DFE19B89,Toyota,Azul Claro
102095,FBC74B89,Fiat,Vermelho
103562,AFA33B89,VW,Branco
101045,FCF80B89,Honda,Prata
108999,DEA55B89,Fiat,Azul Claro
103111,EAC86B89,VW,Prata
106367,CBB87B89,Chevrolet,Azul Claro
102880,EBA84B89,Honda,Branco
103966,DAE58B89,Chevrolet,Vermelho
109569,BAF60B89,Chevrolet,Preto
102785,BAF94B89,Honda,Vermelho
108886,FAE21B89,VW,Azul Claro
102410,EEF42B89,Fiat,Preto
106734,CDE61B89,Honda,Branco
107269,DFA92B89,Chevrolet,Branco
109072,FBC24B89,Toyota,Branco
107787,FDB98B89,VW,Preto
100586,ADE27B89,Chevrolet,Azul Claro
106040,FEF73B89,VW,Branco
108501,EED76B89,Toyota,Azul Claro
109675,DEA58B89,Chevrolet,Prata
109191,FAA51B89,Honda,Preto
102826,AEA59B89,VW,Vermelho
108811,DCB69B89,VW,Branco
103426,ADD41B89,VW,Branco
101981,DBD75B89,Chevrolet,Prata
102481,CBD51B89,Chevrolet,Vermelho
102405,BBB88B89,Fiat,Preto
100262,CDD43B89,VW,Branco
106648,CAB24B89,Honda,Preto
104198,AEC71B89,Toyota,Vermelho
105349,ECE37B89,VW,Branco
102408,DFB16B89,Fiat,Prata
107655,EEA67B89,Honda,Vermelho
106360,DFB28B89,Fiat,Branco
104731,ECE99B89,Honda,Vermelho
100128,CED84B89,Fiat,Branco
106342,BEB81B89,VW,Branco
101315,BAB44B89,Toyota,Azul Claro
105788,BEC51B89,Honda,Vermelho
102184,BBB75B89,Chevrolet,Vermelho
102458,FDB98B89,Chevrolet,Vermelho
103975,CDD48B89,VW,Vermelho
102192,DEB24B89,Toyota,Vermelho
108451,BDB24B89,Toyota,Preto
103393,CBE27B89,VW,Preto
105248,BFA55B89,Fiat,Prata
108245,FDA79B89,Fiat,Vermelho
105420,DBF11B89,Honda,Vermelho
104469,EFE91B89,Chevrolet,Vermelho
106729,BBA13B89,Chevrolet,Vermelho
101599,DBA79B89,Honda,Preto
107507,DDF98B89,Toyota,Branco
103706,DCF19B89,Honda,Prata
101398,FCC36B89,VW,Preto
106039,CEF85B89,Toyota,Preto
104738,CFB88B89,Honda,Branco
100044,ECB79B89,Chevrolet,Preto
101476,ADB95B89,Fiat,Vermelho
108760,FCA91B89,Toyota,Vermelho
104843,ABB36B89,VW,Branco
102308,BEA95B89,Toyota,Preto
106068,EAD95B89,Fiat,Preto
108974,AEF41B89,VW,Preto
106325,FEE40B89,Toyota,Vermelho
102190,EBB63B89,Honda,Preto
104777,BFF21B89,Fiat,Azul Claro
108505,BCF89B89,VW,Prata
102848,AFA27B89,Chevrolet,Branco
105840,CFD58B89,Honda,Branco
109036,FDA61B89,Chevrolet,Preto
100902,EFB96B89,Fiat,Vermelho
105732,FEA82B89,VW,Vermelho
100181,BCE98B89,Honda,Vermelho
107590,DDB26B89,Honda,Branco
105871,AFC94B89,VW,Branco
103672,CFA56B89,Toyota,Azul Claro
102247,AEE93B89,Toyota,Branco
100115,FAB69B89,Toyota,Prata
106961,CAB74B89,Fiat,Vermelho
104204,DFD52B89,Fiat,Branco
106783,BFB33B89,Chevrolet,Azul Claro
104957,AEA13B89,VW,Prata
108348,ACD87B89,Fiat,Branco
107186,EAE74B89,Fiat,Preto
101527,FFE94B89,Fiat,Branco
106419,CCC28B89,Toyota,Branco
104527,CBE35B89,Fiat,Azul Claro
109719,CDF98B89,Chevrolet,Azul Claro
103125,EFE16B89,Toyota,Azul Claro
102824,DAC67B89,Honda,Preto
100050,BDD80B89,Toyota,Preto
103961,DDB20B89,Fiat,Preto
107231,AEB50B89,Toyota,Preto
101783,CEE38B89,Honda,Branco
103002,EFF54B89,VW,Branco
102710,ADD38B89,Fiat,Preto
103635,DAE30B89,Fiat,Vermelho
100410,AAC49B89,Chevrolet,Preto
108667,ADF30B89,Toyota,Preto
100995,DDE58B89,Toyota,Branco
106983,FCA74B89,Chevrolet,Azul Claro
102454,ABB95B89,VW,Vermelho
104288,FBC42B89,Honda,Vermelho
106260,CBA54B89,Fiat,Preto
102797,EAE95B89,Chevrolet,Azul Claro
108144,EDC79B89,Toyota,Preto
103661,DEB57B89,Toyota,Preto
100137,ECB44B89,Fiat,Prata
102077,FAE16B89,Fiat,Azul Claro
104499,DCA72B89,Fiat,Vermelho
104638,EBD71B89,VW,Branco
100878,AAF60B89,Toyota,Vermelho
102807,CCF50B89,Honda,Branco
101097,CBC84B89,Honda,Prata
106225,CFB91B89,Fiat,Branco
108268,ECA96B89,Honda,Branco
106088,CAC82B89,Toyota,Vermelho
108773,AEB79B89,Toyota,Preto
106193,BAF61B89,Toyota,Preto
106242,BBD10B89,Fiat,Azul Claro
100205,DAC24B89,Toyota,Azul Claro
104497,EBF60B89,Chevrolet,Vermelho
107739,BCD38B89,Toyota,Branco
107570,EED96B89,Fiat,Azul Claro
107489,AAB86B89,Honda,Prata
103792,CDC25B89,VW,Preto
107405,CBD89B89,Honda,Preto
108388,BDB78B89,Fiat,Branco
105251,EFC37B89,Chevrolet,Prata
104186,CAC31B89,VW,Azul Claro
101871,ABA31B89,Honda,Preto
101035,EAB26B89,Chevrolet,Preto
103847,EDD27B89,VW,Branco
105465,ADD85B89,VW,Preto
100431,BBE69B89,Toyota,Vermelho
100485,CBB76B89,Toyota,Prata
107546,BBE29B89,Fiat,Preto
108702,CFE66B89,Honda,Vermelho
108007,BAB26B89,Fiat,Prata
107525,CBF22B89,Fiat,Azul Claro
109129,BDC40B89,Honda,Branco
105224,EAB92B89,Honda,Azul Claro
107045,EFC47B89,Chevrolet,Vermelho
103251,BFF87B89,Fiat,Vermelho
105197,CFC30B89,Chevrolet,Prata
105753,CDB83B89,Honda,Vermelho
101769,DEF23B89,Chevrolet,Vermelho
105864,FDD91B89,Honda,Prata
103802,FCB44B89,VW,Preto
105335,FCB79B89,VW,Branco
106252,EBA74B89,Honda,Azul Claro
107676,BAE52B89,Chevrolet,Azul Claro
102641,ACF22B89,Fiat,Branco
100884,FCD97B89,Honda,Prata
101039,EAB47B89,VW,Prata
108859,FED11B89,Chevrolet,Preto
106670,BAA41B89,Toyota,Azul Claro
104433,BCA48B89,Honda,Vermelho
105963,BAD56B89,VW,Branco
100397,BFA75B89,Chevrolet,Prata
104816,FBA60B89,Toyota,Preto
103246,BFB14B89,Fiat,Prata
100172,DDB11B89,Honda,Vermelho
101130,CAC93B89,Fiat,Prata
106856,ABF96B89,Honda,Prata
102141,ACC89B89,Chevrolet,Prata
100047,EAC97B89,Honda,Azul Claro
101177,BAB59B89,VW,Branco
102539,ADB81B89,Honda,Prata
101429,ECD53B89,VW,Prata
103472,FAD21B89,Chevrolet,Azul Claro
101194,EAF36B89,Chevrolet,Branco
106486,DFB82B89,Toyota,Azul Claro
101010,FBB50B89,Honda,Vermelho
106202,BCF97B89,Honda,Preto
101267,FEC72B89,Honda,Vermelho
108127,FCC15B89,VW,Azul Claro
107121,AAC46B89,Chevrolet,Preto
107483,FDD56B89,Fiat,Prata
105540,FCB58B89,Fiat,Vermelho
102704,CCD46B89,VW,Azul Claro
102020,FCF92B89,Fiat,Azul Claro
104770,DDC92B89,Honda,Prata
108878,AEC80B89,Fiat,Prata
100900,FBF53B89,Chevrolet,Preto
100934,ACA25B89,Honda,Azul Claro
100851,BCB59B89,Chevrolet,Preto
108299,FBE39B89,VW,Branco
109789,BBB35B89,VW,Azul Claro
101557,DCA56B89,Honda,Branco
108790,BCA25B89,Honda,Prata
104456,EEF99B89,Honda,Preto
102534,AAD56B89,Chevrolet,Branco
102789,EFF53B89,Toyota,Preto
107811,DBB60B89,VW,Vermelho
109094,CFD36B89,Fiat,Vermelho
104977,AEA88B89,Toyota,Branco
100629,EFD78B89,VW,Vermelho
107560,DCD21B89,Chevrolet,Preto
100959,EDE15B89,Toyota,Branco
105038,BCC67B89,Fiat,Vermelho
107831,AFC89B89,Chevrolet,Preto
106335,BFE50B89,Chevrolet,Preto
100003,EAB37B89,Toyota,Preto
104949,BED25B89,Fiat,Preto
100006,FEA73B89,Chevrolet,Branco
107101,ABC19B89,Chevrolet,Preto
104294,CAC34B89,Honda,Azul Claro
104375,BFF65B89,Honda,Prata
109489,FAC40B89,Honda,Vermelho
109182,BBB64B89,Toyota,Preto
101364,EFD18B89,Fiat,Branco
103762,FAD84B89,Chevrolet,Preto
108188,DDD44B89,VW,Azul Claro
106796,EBA37B89,Fiat,Vermelho
106850,ADA10B89,Honda,Prata
102319,DCF39B89,Honda,Prata
105547,CAA68B89,VW,Prata
107974,EAD16B89,Toyota,Azul Claro
109828,EBC75B89,Toyota,Prata
106522,FCA96B89,Toyota,Branco
109385,EBD62B89,Honda,Azul Claro
106690,FFF20B89,VW,Prata
103234,FEE66B89,Chevrolet,Branco
108271,DBC74B89,Honda,Vermelho
102353,AAF34B89,Toyota,Prata
107989,ECD42B89,Toyota,Vermelho
104752,FED14B89,VW,Prata
107665,EBA44B89,Toyota,Prata
101560,BAD66B89,Fiat,Vermelho
101470,ABA75B89,Chevrolet,Azul Claro
105787,FED66B89,Fiat,Vermelho
105533,DAF14B89,Toyota,Prata
103753,ADC11B89,Honda,Vermelho
100880,FAB77B89,VW,Vermelho
104105,DCE66B89,VW,Prata
109098,DAD70B89,Chevrolet,Vermelho
101632,DEE89B89,Toyota,Prata
102610,BCD30B89,Chevrolet,Azul Claro
108409,CAF95B89,Chevrolet,Branco
104528,EFA14B89,Toyota,Branco
105296,ECE79B89,Fiat,Prata
108045,EDC10B89,Chevrolet,Preto
104171,DFA92B89,Honda,Prata
103943,CDD80B89,Toyota,Prata
108778,CBE74B89,Fiat,Preto
106262,EEC71B89,Chevrolet,Branco
101630,CED60B89,VW,Branco
101056,FDD84B89,Toyota,Vermelho
105332,CCD41B89,VW,Vermelho
106735,FFC60B89,VW,Preto
100346,BFA19B89,Chevrolet,Azul Claro
105996,BFA41B89,VW,Prata
102257,EAC81B89,Honda,Branco
101375,CAA45B89,Honda,Preto
107107,BCF69B89,Toyota,Preto
106751,ADE84B89,Fiat,Azul Claro
105936,BBD23B89,Toyota,Azul Claro
104069,BBA35B89,Toyota,Azul Claro
100514,CCF72B89,Honda,Preto
105184,EFC14B89,VW,Azul Claro
105658,ADD55B89,Honda,Azul Claro
106991,CDF32B89,Fiat,Vermelho
108980,DAC23B89,Honda,Prata
109031,AFF62B89,Toyota,Prata
102450,EDA65B89,Toyota,Branco
102968,BAD18B89,Honda,Preto
106257,CFA79B89,Toyota,Vermelho
105885,FCE88B89,Fiat,Branco
101228,CDA10B89,Fiat,Vermelho
105419,BFC37B89,Fiat,Branco
107724,AED87B89,Fiat,Vermelho
106744,DDC17B89,Fiat,Branco
100102,CAB14B89,Toyota,Branco
105948,EDB82B89,Chevrolet,Azul Claro
107926,ADA42B89,Toyota,Azul Claro
108347,DDD33B89,VW,Preto
107563,FDB71B89,Toyota,Vermelho
109583,DFA55B89,Fiat,Branco
102149,CBC97B89,VW,Branco
105054,BFE21B89,Toyota,Preto
106842,ADD29B89,Honda,Vermelho
106096,CFC50B89,Honda,Prata
102104,AAF22B89,Fiat,Prata
101065,AFC59B89,Honda,Preto
103522,CBE66B89,Chevrolet,Azul Claro
102571,ABD72B89,VW,Prata
102021,CFF68B89,Honda,Vermelho
104154,DDC81B89,Toyota,Azul Claro
106399,AFE18B89,Toyota,Vermelho
105532,DBF52B89,Fiat,Preto
101827,CDF78B89,Fiat,Branco
101431,AEE95B89,Fiat,Vermelho
101015,EBC13B89,Chevrolet,Azul Claro
102605,BAA47B89,Honda,Prata
106243,FFE32B89,Toyota,Azul Claro
100034,EAF59B89,Honda,Vermelho
103902,AEF90B89,Fiat,Branco
100310,AEF52B89,VW,Prata
109693,CBD24B89,Chevrolet,Branco
104039,BAE68B89,Fiat,Branco
108748,DFB69B89,Honda,Vermelho
107241,BEC55B89,Toyota,Vermelho
108280,EDC43B89,VW,Preto
100937,FFA50B89,Chevrolet,Vermelho
100396,FCB70B89,Fiat,Branco
100989,DCE73B89,Toyota,Prata
106394,CAA18B89,Fiat,Prata
101411,ACD55B89,Toyota,Preto
104078,CFA35B89,Fiat,Azul Claro
106432,AFD45B89,VW,Preto
100086,CAD53B89,VW,Branco
108579,ADE85B89,Honda,Prata
100956,BCE82B89,Fiat,Preto
109684,CCD58B89,Honda,Branco
108869,EEB92B89,Chevrolet,Azul Claro
101838,EAF14B89,Toyota,Preto
106819,AAF71B89,Chevrolet,Azul Claro
105131,FBA41B89,Toyota,Prata
100228,EDA69B89,Fiat,Prata
107613,DEC81B89,Honda,Preto
101210,EBE98B89,VW,Vermelho
107870,AAD51B89,Fiat,Azul Claro
105453,AAD91B89,Toyota,Prata
104892,CEF92B89,Toyota,Vermelho
101085,ACB82B89,Fiat,Preto
101940,CAA22B89,Chevrolet,Preto
107239,CDA13B89,Honda,Azul Claro
103278,CBB12B89,VW,Azul Claro
104965,BCF15B89,VW,Azul Claro
109274,EFD63B89,Chevrolet,Prata
102726,BBC15B89,Fiat,Preto
105059,BBE72B89,VW,Azul Claro
108556,FBA80B89,Chevrolet,Preto
101788,AFE17B89,Chevrolet,Preto
100996,CEE16B89,Toyota,Vermelho
103530,CCF61B89,Honda,Azul Claro
108062,FFC52B89,Toyota,Branco
107415,CEA58B89,Fiat,Branco
104040,CCE29B89,Fiat,Azul Claro
105160,BAC51B89,VW,Azul Claro
107102,FDA90B89,Fiat,Prata
101318,DFA47B89,VW,Prata
101752,EEB43B89,Honda,Prata
105441,EFF85B89,Chevrolet,Prata
108590,DDF21B89,Toyota,Vermelho
106844,BCE52B89,VW,Vermelho
107054,ADE35B89,VW,Branco
109562,AAC46B89,VW,Prata
103712,ACC88B89,Fiat,Azul Claro
105010,DDE84B89,Chevrolet,Prata
108814,CFD76B89,Honda,Azul Claro
101514,BCA79B89,Chevrolet,Prata
104688,DDF83B89,Honda,Azul Claro
103184,CFE25B89,VW,Preto
100130,BBB74B89,VW,Azul Claro
104351,BEC72B89,Honda,Prata
106672,AEF53B89,Chevrolet,Preto
103432,BAF41B89,Toyota,Vermelho
108871,AFA98B89,VW,Vermelho
104754,BFE57B89,Fiat,Azul Claro
106898,BFF36B89,Toyota,Prata
108889,FEE98B89,Toyota,Azul Claro
103778,BEF20B89,Honda,Azul Claro
106984,AEB95B89,Chevrolet,Preto
102699,EDE46B89,VW,Prata
106275,CFF30B89,Honda,Vermelho
105325,BEA97B89,Toyota,Branco
104501,DEC19B89,Chevrolet,Branco
104989,CBA61B89,VW,Preto
104033,BCC66B89,Honda,Prata
108890,FEA25B89,Honda,Vermelho
109614,DCE56B89,VW,Branco
105464,BDA24B89,Chevrolet,Prata
106062,CDF85B89,Fiat,Azul Claro
107006,BDF10B89,Toyota,Branco
102152,DCB46B89,Honda,Preto
105676,FCB83B89,Toyota,Prata
102535,DCC53B89,Chevrolet,Preto
102485,BAF73B89,Toyota,Azul Claro
103302,EBC87B89,Chevrolet,Azul Claro
107640,CAA98B89,Chevrolet,Preto
107639,FCF42B89,Honda,Prata
106197,EDD63B89,Chevrolet,Preto
102890,DDB44B89,Honda,Preto
108507,AFB81B89,Toyota,Prata
105667,ABD79B89,Fiat,Prata
103365,FDE52B89,Fiat,Branco
108604,BFF88B89,Honda,Branco
103826,BFF97B89,VW,Azul Claro
106903,BDA73B89,Fiat,Branco
104733,BEA48B89,Fiat,Vermelho
103169,EDD65B89,Chevrolet,Prata
103564,DCC55B89,VW,Prata
105146,DDC57B89,Chevrolet,Branco
100655,BBE37B89,Toyota,Branco
102740,FCC34B89,Chevrolet,Vermelho
101625,ACB39B89,Toyota,Branco
101836,DEE22B89,Chevrolet,Prata
104904,CCB79B89,Fiat,Branco
107439,ECA56B89,Chevrolet,Branco
105466,DBA15B89,Fiat,Preto
101948,BBB76B89,Honda,Prata
108602,EFA55B89,Chevrolet,Vermelho
107719,EBB16B89,Honda,Azul Claro
101175,BDA49B89,Toyota,Branco
108692,EDA71B89,Chevrolet,Vermelho
109848,EDF44B89,Toyota,Branco
105564,DFD40B89,Chevrolet,Branco
105099,FBA49B89,Honda,Preto
100893,FEE41B89,Toyota,Prata
100449,ECD72B89,VW,Preto
104524,FDC86B89,VW,Prata
104851,DBF95B89,VW,Branco
106457,CCB85B89,Fiat,Branco
104750,BEA39B89,Toyota,Branco
106194,FDF46B89,Toyota,Preto
109293,FAE51B89,Chevrolet,Prata
105208,ACD53B89,Toyota,Prata
107296,CAF48B89,VW,Azul Claro
101994,BCC38B89,Toyota,Vermelho
100535,DAD55B89,VW,Azul Claro
107067,EAE57B89,Honda,Vermelho
109069,ABB20B89,Honda,Prata
109365,BBB75B89,VW,Azul Claro
106768,DCE58B89,Fiat,Branco
102843,BAC54B89,VW,Azul Claro
101311,CBD74B89,Fiat,Preto
109605,ECF45B89,Toyota,Prata
108217,BFB43B89,Toyota,Preto
103335,BED62B89,Honda,Prata
100478,EEF60B89,Toyota,Preto
102676,BAE78B89,Fiat,Prata
103651,CDD15B89,VW,Azul Claro
101814,ACF83B89,Toyota,Branco
107272,DAC50B89,VW,Azul Claro
105490,BEC24B89,VW,Branco
107782,ECA44B89,Toyota,Preto
103417,DEB56B89,VW,Branco
108449,CFB39B89,Honda,Branco
109232,EDA72B89,Chevrolet,Prata
106727,DDB96B89,Toyota,Preto
105395,BDA15B89,Toyota,Preto
103408,EBD56B89,VW,Vermelho
106020,ECD32B89,Fiat,Preto
101680,DBA88B89,Honda,Prata
102516,ECB71B89,VW,Prata
107853,FCB22B89,Honda,Vermelho
109310,DCE86B89,Fiat,Branco
103944,FBF38B89,Honda,Preto
101688,DDA86B89,Chevrolet,Vermelho
105818,DAC11B89,Chevrolet,Vermelho
106501,AFB29B89,Fiat,Azul Claro
106871,DDA37B89,Honda,Preto
100196,ECC49B89,VW,Branco
100518,ACE98B89,Honda,Preto
108119,DCA52B89,Toyota,Azul Claro
103962,FAE43B89,Toyota,Prata
105025,EAB65B89,Chevrolet,Preto
103599,CBA28B89,Honda,Azul Claro
107744,CFB99B89,Honda,Branco
100401,AEC77B89,VW,Azul Claro
102027,CEA46B89,Honda,Prata
101021,DCF22B89,Chevrolet,Preto
105317,AEF37B89,Toyota,Vermelho
100057,BDC14B89,VW,Azul Claro
102360,EBC22B89,Toyota,Branco
109202,BAC10B89,Honda,Branco
105476,DCB14B89,Toyota,Prata
100237,DAE98B89,Honda,Azul Claro
109297,AFE21B89,VW,Preto
105681,FCF90B89,Fiat,Vermelho
104346,BCB74B89,Fiat,Azul Claro
100164,FAF69B89,Chevrolet,Preto
107618,CFB84B89,Toyota,Azul Claro
106591,CBE27B89,Chevrolet,Preto
100182,FEB93B89,VW,Azul Claro
106345,FAD15B89,Honda,Branco
109799,DDE64B89,VW,Vermelho
103014,EAC37B89,Chevrolet,Prata
106296,BBD47B89,Toyota,Preto
109938,DAC55B89,Honda,Vermelho
104704,ECE94B89,Fiat,Azul Claro
106822,DDC63B89,Fiat,Vermelho
101852,DEA39B89,Chevrolet,Branco
100099,CBF28B89,VW,Vermelho
101694,DAA43B89,Chevrolet,Branco
103282,EEB93B89,Chevrolet,Branco
102935,DDF86B89,VW,Azul Claro
100423,EDA41B89,Honda,Vermelho
102053,CCB84B89,Honda,Vermelho
108430,ADB91B89,Chevrolet,Vermelho
108380,BEE39B89,Fiat,Azul Claro
107470,BFB14B89,Honda,Vermelho
103452,EFC34B89,Fiat,Prata
109918,EBC90B89,Chevrolet,Prata
101707,BDA38B89,Chevrolet,Prata
100254,BCE58B89,Honda,Preto
106562,CEF33B89,Chevrolet,Preto
103565,ECB14B89,Chevrolet,Azul Claro
101302,FAB62B89,VW,Vermelho
109485,DDF87B89,Fiat,Preto
107569,EFD59B89,Toyota,Azul Claro
103532,EEE63B89,Chevrolet,Azul Claro
100483,DCA90B89,Chevrolet,Branco
102112,CDD57B89,Honda,Branco
102712,DDE75B89,Fiat,Azul Claro
102607,DEE13B89,Honda,Prata
103143,ACE54B89,Honda,Preto
103721,DBB15B89,Chevrolet,Vermelho
109991,AEB65B89,VW,Vermelho
107571,BBA25B89,VW,Preto
100215,BAA87B89,Chevrolet,Vermelho
106095,ECF46B89,Fiat,Vermelho
104449,CEC62B89,Fiat,Prata
103102,DBB89B89,Chevrolet,Preto
103876,EEC86B89,Toyota,Branco
103590,BEC28B89,Fiat,Vermelho
107081,CBE62B89,Chevrolet,Azul Claro
101983,ECB57B89,Honda,Azul Claro
107820,CCF34B89,Fiat,Vermelho
109578,FEE91B89,Chevrolet,Azul Claro
105164,FFE31B89,Chevrolet,Vermelho
107992,FBB63B89,Toyota,Branco
100927,DFB74B89,Fiat,Vermelho
105779,CCC57B89,Honda,Prata
104588,BEF57B89,Honda,Prata
104783,ABF71B89,Honda,Preto
106654,BAC84B89,VW,Preto
105147,DFD99B89,Chevrolet,Prata
102014,FBB57B89,Chevrolet,Prata
101037,AEB27B89,VW,Preto
106929,BEE67B89,VW,Prata
107908,CBB39B89,Honda,Vermelho
109941,AEC89B89,Chevrolet,Azul Claro
106637,ECB63B89,Fiat,Vermelho
105630,BCD51B89,Honda,Preto
104322,BBA18B89,VW,Prata
109292,DFA64B89,VW,Prata
104596,BED93B89,Honda,Preto
104342,FFD15B89,Toyota,Azul Claro
103155,CBA29B89,Toyota,Preto
103625,CAC88B89,Chevrolet,Vermelho
101131,FAC80B89,Honda,Preto
102189,BDB98B89,Honda,Vermelho
105450,BFD98B89,VW,Vermelho
107931,CDC61B89,VW,Vermelho
105795,EDB32B89,Chevrolet,Branco
105168,FBD54B89,Honda,Preto
101023,BFA80B89,VW,Preto
101299,ABD29B89,Honda,Prata
101776,FDD99B89,VW,Branco
108284,DBE94B89,Toyota,Azul Claro
100524,CBF91B89,VW,Prata
108669,DCB79B89,Toyota,Preto
106886,CCC38B89,Toyota,Preto
106547,FAC64B89,Fiat,Preto
106326,ADF72B89,Fiat,Vermelho
100409,ECB28B89,VW,Preto
106307,AFF52B89,Chevrolet,Branco
101199,ECF22B89,Toyota,Preto
106122,FDD91B89,Chevrolet,Branco
105853,BDE73B89,Fiat,Branco
105012,DCB15B89,Honda,Preto
107417,CAF69B89,Toyota,Branco
102684,DDC27B89,VW,Prata
109004,BFB45B89,Toyota,Vermelho
109572,BEC49B89,Chevrolet,Branco
106959,CDF20B89,Honda,Branco
106174,AAF31B89,Toyota,Preto
107137,FCC80B89,VW,Azul Claro
100297,ECF40B89,VW,Vermelho
105725,BBE83B89,VW,Vermelho
108189,FCB67B89,Toyota,Azul Claro
106530,EFE99B89,Chevrolet,Vermelho
104010,ECB44B89,Chevrolet,Vermelho
106915,BEE52B89,Honda,Azul Claro
104447,EBA89B89,Honda,Prata
106155,DEF45B89,Honda,Prata
108841,DFC93B89,Honda,Azul Claro
100273,DCE16B89,Fiat,Azul Claro
102482,BFF19B89,Chevrolet,Preto
109488,ADD11B89,Chevrolet,Prata
107247,CEB25B89,Toyota,Prata
100664,FEB53B89,Toyota,Preto
106692,DBD58B89,Toyota,Branco
104123,BDD83B89,VW,Azul Claro
106489,CCA63B89,Toyota,Prata
104899,EBE52B89,Toyota,Azul Claro
103198,CBA90B89,Fiat,Prata
109221,BFD60B89,Toyota,Branco
102250,BAA15B89,Fiat,Vermelho
106024,BBE75B89,VW,Azul Claro
108364,BFD30B89,Honda,Branco
109851,ADB85B89,Fiat,Preto
107699,EEA49B89,Chevrolet,Preto
105459,DFA65B89,Chevrolet,Azul Claro
103901,BEA98B89,Toyota,Vermelho
101150,FCC91B89,Toyota,Prata
103615,AEA49B89,Toyota,Prata
109742,BFE74B89,Fiat,Prata
105881,FFA72B89,Fiat,Branco
102557,EBC18B89,Honda,Azul Claro
107353,AFB75B89,Honda,Prata
100454,BDF74B89,Honda,Vermelho
102483,FDC41B89,Honda,Branco
106464,DCC85B89,Toyota,Prata
100387,ACA11B89,Honda,Azul Claro
106790,DDB71B89,Chevrolet,Branco
106232,DDA47B89,Fiat,Azul Claro
101899,EAD55B89,VW,Preto
106810,FEB70B89,VW,Azul Claro
102583,FBA93B89,Toyota,Vermelho
103107,AEE92B89,Chevrolet,Prata
103991,ADF35B89,VW,Prata
104547,FDC84B89,Toyota,Preto
109220,DBD38B89,Chevrolet,Preto
108026,CFD30B89,Fiat,Azul Claro
105005,FFF11B89,Toyota,Azul Claro
105776,CCD68B89,VW,Branco
102085,FBC12B89,Honda,Vermelho
107071,BCE87B89,VW,Preto
101191,AEF52B89,Toyota,Azul Claro
101280,FDF42B89,Chevrolet,Azul Claro
109998,BDC70B89,Chevrolet,Branco
103419,ECF88B89,VW,Vermelho
100933,CCF65B89,VW,Vermelho
107165,FCF14B89,Fiat,Vermelho
108358,AAD81B89,VW,Preto
105175,DAD47B89,Toyota,Preto
106638,FED43B89,Honda,Vermelho
107683,ECC57B89,Honda,Vermelho
105648,BAC26B89,Chevrolet,Prata
103011,ECB62B89,Toyota,Prata
102814,BDC45B89,Honda,Vermelho
105237,FCD28B89,Honda,Vermelho
100536,FDE82B89,VW,Branco
102202,BAB23B89,Honda,Vermelho
104751,DAC41B89,Chevrolet,Branco
103005,AFF32B89,Honda,Vermelho
107826,ADD44B89,VW,Preto
100259,BBF84B89,Chevrolet,Prata
103135,CAF18B89,Honda,Azul Claro
102757,DBF50B89,Chevrolet,Branco
104219,BDB40B89,Fiat,Branco
106384,BDE90B89,Toyota,Prata
106004,AEE72B89,Chevrolet,Prata
106600,CAC17B89,VW,Prata
102701,CFD52B89,Fiat,Branco
102003,ACF85B89,Honda,Vermelho
101510,BED90B89,Fiat,Prata
106626,DAF60B89,Chevrolet,Prata
104914,FFA99B89,Toyota,Preto
109245,AAA76B89,Fiat,Prata
100640,FDF49B89,Fiat,Preto
107118,CFB81B89,VW,Vermelho
107851,AFD48B89,Toyota,Azul Claro
103479,BDE43B89,Honda,Azul Claro
106699,FAB65B89,VW,Vermelho
105663,ACA37B89,Honda,Preto
101716,EDB20B89,Honda,Azul Claro
107837,CEB29B89,VW,Azul Claro
106074,BBB37B89,Fiat,Vermelho
102420,AAF85B89,Fiat,Azul Claro
105259,EDB55B89,Fiat,Vermelho
101993,CEF10B89,Toyota,Azul Claro
105623,FAB59B89,VW,Prata
101346,DED67B89,Honda,Prata
105625,FFB66B89,VW,Branco
106640,AEF99B89,Honda,Vermelho
102300,DAE84B89,VW,Branco
108032,DBF83B89,VW,Azul Claro
102761,BDF87B89,Toyota,Preto
107878,DEB96B89,VW,Prata
103425,CEC85B89,Toyota,Branco
101628,DEB79B89,Chevrolet,Branco
104081,BBF85B89,Honda,Prata
106070,EBE21B89,Honda,Prata
102981,ECC56B89,Chevrolet,Preto
102230,BFB98B89,Chevrolet,Preto
106797,ECB55B89,Fiat,Prata
109958,CEB57B89,Toyota,Preto
101866,BAE71B89,Chevrolet,Preto
107429,ACE44B89,VW,Preto
109636,BBF55B89,Toyota,Preto
101121,FCD36B89,VW,Preto
105270,FDB47B89,VW,Preto
103105,EAF50B89,Toyota,Prata
106410,FDA48B89,Honda,Preto
108166,BAF91B89,VW,Preto
108339,DFA39B89,Fiat,Vermelho
109592,FDA40B89,VW,Azul Claro
104397,FCB17B89,Chevrolet,Prata
109188,FDC78B89,Toyota,Preto
100112,ADD97B89,Fiat,Vermelho
101698,CBC72B89,Honda,Branco
109537,BBB57B89,Fiat,Azul Claro
103113,AFA28B89,Chevrolet,Prata
100861,ECA18B89,VW,Branco
109792,BFF20B89,Fiat,Azul Claro
101042,ACD95B89,Fiat,Branco
109123,DBE78B89,Chevrolet,Preto
101828,BAA16B89,Fiat,Prata
108971,CAA55B89,Toyota,Vermelho
104885,AEB74B89,Toyota,Vermelho
109968,DCB74B89,Fiat,Vermelho
103073,FAF62B89,Toyota,Prata
107283,FBA74B89,VW,Prata
101048,EFB48B89,Honda,Azul Claro
100377,DEC56B89,Toyota,Prata
100357,BFB24B89,Toyota,Vermelho
102042,DCC57B89,Honda,Branco
106183,FAA57B89,Honda,Vermelho
105457,DFE40B89,Fiat,Preto
104877,ECA27B89,Toyota,Preto
101441,CFB71B89,Fiat,Azul Claro
109724,AFB49B89,Chevrolet,Preto
102522,DDF72B89,Chevrolet,Prata
103079,FAD56B89,Honda,Vermelho
108499,EFF86B89,Chevrolet,Azul Claro
106827,AAF17B89,Toyota,Preto
101713,DBE47B89,Toyota,Vermelho
104229,EBA52B89,Fiat,Azul Claro
103521,ADF63B89,Honda,Vermelho
106383,FEE42B89,Honda,Azul Claro
105341,DDD18B89,Chevrolet,Prata
101968,ACF91B89,Fiat,Vermelho
104488,BAB92B89,Chevrolet,Vermelho
102579,BEB48B89,Honda,Azul Claro
106467,CDE58B89,Chevrolet,Vermelho
106359,FFE52B89,Fiat,Branco
107115,CAF11B89,Chevrolet,Azul Claro
103248,AFD12B89,Chevrolet,Preto
107746,BFE43B89,Honda,Azul Claro
106051,FFB41B89,Honda,Preto
104054,FEE62B89,Chevrolet,Branco
101256,DCC21B89,Chevrolet,Branco
103780,CAF79B89,Fiat,Preto
105028,EAB14B89,Honda,Branco
100222,BAC66B89,VW,Branco
106258,EEC47B89,VW,Azul Claro
109779,CFA27B89,Chevrolet,Vermelho
109823,CBD80B89,Honda,Branco
107265,EAD29B89,Fiat,Vermelho
103295,FCE31B89,Fiat,Vermelho
107242,CED65B89,Toyota,Branco
104726,EBB65B89,Fiat,Azul Claro
107148,AAD15B89,Chevrolet,Branco
107153,EBD88B89,Honda,Preto
105545,DAB72B89,Honda,Vermelho
100113,FCB47B89,Chevrolet,Prata
103047,FAB20B89,Chevrolet,Preto
104495,EFB30B89,Honda,Prata
100585,BDB22B89,Fiat,Preto
104436,CAB21B89,Toyota,Azul Claro
105810,DCD44B89,VW,Azul Claro
102121,BDC69B89,Toyota,Branco
109920,BCE27B89,Chevrolet,Branco
109948,AEF59B89,Chevrolet,Preto
102741,FBB72B89,Toyota,Preto
101927,CBB92B89,Chevrolet,Prata
103769,DBD37B89,Fiat,Prata
104915,AED75B89,Chevrolet,Vermelho
102700,BCB72B89,VW,Prata
108331,AFE17B89,Chevrolet,Vermelho
107881,EBA91B89,Chevrolet,Vermelho
105368,EAA95B89,VW,Prata
108696,FED28B89,Honda,Prata
104002,AFF73B89,Toyota,Vermelho
104561,ADC46B89,VW,Preto
105471,AFB13B89,Toyota,Vermelho
106815,DCC19B89,Fiat,Azul Claro
109654,DED55B89,Fiat,Azul Claro
100135,CCC32B89,Fiat,Preto
106417,EAD38B89,Toyota,Branco
104413,DDA23B89,VW,Vermelho
107471,AAC37B89,VW,Vermelho
103173,EBC32B89,VW,Azul Claro
107907,ADE38B89,Chevrolet,Branco
105626,FFC62B89,Chevrolet,Prata
101581,FBA66B89,Chevrolet,Prata
103893,CFD57B89,Fiat,Azul Claro
109328,FAD20B89,Honda,Branco
102441,CFB58B89,VW,Branco
102087,BAD42B89,VW,Preto
109765,BCB53B89,Toyota,Azul Claro
108508,CEE69B89,VW,Vermelho
103586,BFF76B89,VW,Azul Claro
102133,ECA53B89,Toyota,Branco
103024,FBB92B89,Honda,Branco
102751,FDB26B89,VW,Preto
102011,AAE26B89,Toyota,Azul Claro
101890,CAF24B89,Toyota,Branco
106575,CEF13B89,Chevrolet,Branco
102622,FCE52B89,Honda,Preto
103265,EFE44B89,Toyota,Prata
109271,CDB36B89,Fiat,Preto
104174,BFD94B89,VW,Branco
109528,AAB91B89,Chevrolet,Preto
100268,FCD88B89,Chevrolet,Prata
102509,DBD22B89,Chevrolet,Azul Claro
108446,DCF88B89,Honda,Vermelho
106104,ECC65B89,Honda,Prata
104025,BBC62B89,Honda,Azul Claro
107562,ABA33B89,Chevrolet,Vermelho
102730,EFE33B89,VW,Azul Claro
107178,ACB42B89,Chevrolet,Vermelho
101833,FEF81B89,VW,Azul Claro
105821,EFF73B89,Fiat,Vermelho
105597,CEC17B89,Chevrolet,Vermelho
108302,EBD54B89,Chevrolet,Vermelho
101139,CCF89B89,Honda,Vermelho
103009,EAE73B89,Chevrolet,Prata
101294,DDE71B89,VW,Preto
107755,EAA63B89,VW,Branco
103296,CBD64B89,Chevrolet,Vermelho
104291,FDF95B89,Chevrolet,Prata
101687,DDF59B89,Fiat,Vermelho
106181,ADD85B89,Fiat,Branco
106324,FFB76B89,Toyota,Preto
100653,AAA31B89,Fiat,Vermelho
105468,DBD95B89,VW,Branco
102116,CFB99B89,Chevrolet,Preto
101113,FDE37B89,Toyota,Prata
104679,DBB37B89,Chevrolet,Vermelho
102315,DBB12B89,Fiat,Azul Claro
100930,DBF28B89,VW,Preto
100373,BEE29B89,Fiat,Azul Claro
102099,EFE38B89,VW,Vermelho
107932,AAD11B89,Honda,Branco
108870,CCE88B89,Toyota,Branco
106603,DED64B89,Toyota,Preto
108421,BCA93B89,Chevrolet,Vermelho
107295,EDE93B89,Toyota,Branco
104225,EBC72B89,Chevrolet,Vermelho
107587,BEC68B89,VW,Branco
103433,BBF61B89,Toyota,Prata
107389,EDF92B89,VW,Prata
108891,FCB89B89,Toyota,Azul Claro
102895,FDA63B89,Fiat,Branco
103245,ECA49B89,Chevrolet,Azul Claro
102132,EDD58B89,Fiat,Prata
105637,BAA49B89,Honda,Preto
105510,BFE85B89,Fiat,Branco
100041,FBC15B89,Toyota,Branco
108977,ABE42B89,VW,Prata
100862,EAD92B89,Honda,Preto
105091,FFA22B89,Honda,Preto
105210,FDF71B89,VW,Preto
108370,CCE69B89,Chevrolet,Preto
102864,EBD54B89,Fiat,Preto
102298,CCA45B89,Honda,Vermelho
102626,DFE50B89,VW,Prata
107475,CBF90B89,Chevrolet,Azul Claro
106652,BBF42B89,Toyota,Branco
103358,DFF97B89,VW,Azul Claro
106700,BAC11B89,Toyota,Azul Claro
105999,EEE67B89,VW,Vermelho
100566,EAB26B89,Chevrolet,Preto
109704,FFB15B89,Toyota,Prata
106731,CBB46B89,VW,Branco
109418,CBB75B89,Chevrolet,Vermelho
101305,EAF87B89,VW,Azul Claro
106226,ECD49B89,Fiat,Preto
109673,BFB66B89,Honda,Prata
107376,CDA25B89,Toyota,Vermelho
106964,CCE79B89,Fiat,Prata
107277,FAE27B89,Toyota,Prata
106799,CDE11B89,VW,Branco
108124,FEB28B89,Toyota,Vermelho
100969,ACD19B89,Toyota,Prata
103566,EBB31B89,Chevrolet,Preto
100054,EEB95B89,VW,Prata
105878,FFB20B89,Honda,Vermelho
109468,CEA12B89,Chevrolet,Prata
109692,FFE11B89,VW,Branco
107474,FAB41B89,VW,Prata
109683,BCC42B89,Fiat,Preto
106218,AEB86B89,Fiat,Azul Claro
100735,AFB22B89,Chevrolet,Vermelho
104391,DDC56B89,VW,Vermelho
106492,CDB62B89,Honda,Vermelho
103547,EBD40B89,Toyota,Preto
105954,EFA74B89,Fiat,Branco
100720,ABB49B89,Toyota,Preto
102439,DCD49B89,Chevrolet,Azul Claro
106913,FCD42B89,Honda,Preto
100426,EBD66B89,Honda,Vermelho
103733,DBE62B89,VW,Preto
106439,DBC81B89,VW,Prata
104396,CAA47B89,Chevrolet,Prata
106549,EBA27B89,Honda,Vermelho
104484,BCC81B89,Chevrolet,Preto
100161,BEB90B89,Toyota,Preto
107276,ACB67B89,Honda,Azul Claro
107871,DBB92B89,VW,Azul Claro
109808,ABA66B89,Toyota,Branco
109291,FEC81B89,Fiat,Azul Claro
100420,BFB63B89,VW,Prata
100284,BBB90B89,Toyota,Preto
108332,CAB95B89,Fiat,Vermelho
106366,DBA26B89,VW,Azul Claro
107889,ECD91B89,VW,Prata
102295,BBF76B89,Fiat,Preto
103411,BFA80B89,Honda,Vermelho
106049,EAB33B89,Honda,Preto
108096,BFE38B89,Toyota,Prata
108254,EAB74B89,Chevrolet,Vermelho
105933,FEA97B89,Fiat,Azul Claro
107614,FBB38B89,VW,Vermelho
107877,BBD40B89,Honda,Azul Claro
102796,ECC59B89,Honda,Preto
106767,ABB95B89,VW,Branco
103637,DED70B89,Chevrolet,Preto
105642,BFE90B89,VW,Azul Claro
107594,DCE18B89,Fiat,Vermelho
107000,BFF99B89,Fiat,Preto
109957,CED39B89,VW,Azul Claro
100160,FBF72B89,Chevrolet,Preto
104100,DFC87B89,Honda,Prata
103760,ABF10B89,Chevrolet,Branco
108092,BED14B89,Chevrolet,Preto
108193,EEB45B89,VW,Prata
107704,FCD50B89,Toyota,Branco
105217,CDF24B89,Toyota,Prata
104045,ADD42B89,Chevrolet,Vermelho
101720,BDB55B89,Fiat,Preto
105990,EAE83B89,Fiat,Preto
106628,EAD46B89,Toyota,Branco
103668,DCC74B89,Chevrolet,Prata
106316,FFD15B89,Chevrolet,Vermelho
100221,EFB90B89,Chevrolet,Branco
105500,BBE32B89,Fiat,Branco
104116,EAD20B89,Chevrolet,Branco
109658,CDC29B89,VW,Branco
104280,FDF42B89,Chevrolet,Preto
102325,FCE12B89,Honda,Prata
103288,DDC31B89,Honda,Azul Claro
105803,BAC91B89,Fiat,Vermelho
104110,FED31B89,Honda,Prata
103848,ABB94B89,VW,Branco
103252,FAC41B89,VW,Vermelho
104325,EAC87B89,Fiat,Vermelho
100155,CDB58B89,Fiat,Branco
101606,FAB28B89,Chevrolet,Prata
109119,CCE92B89,Chevrolet,Prata
103707,CBF82B89,Honda,Branco
101276,DAF77B89,Toyota,Preto
104887,CBF96B89,Fiat,Preto
105199,FDA39B89,VW,Vermelho
109895,ADE44B89,Fiat,Vermelho
109279,ECB36B89,VW,Prata
107789,FDF86B89,Honda,Preto
106047,AEF56B89,Honda,Branco
103128,EEA68B89,Honda,Prata
104283,CBA34B89,VW,Azul Claro
102950,FAE18B89,Honda,Azul Claro
106075,CEE12B89,Honda,Vermelho
109758,EBE28B89,VW,Branco
107885,DCF42B89,VW,Branco
109213,FEB11B89,VW,Branco
104807,CBF39B89,Toyota,Preto
108028,ABA25B89,Toyota,Azul Claro
105023,CBC19B89,Fiat,Azul Claro
109437,DDD68B89,Toyota,Vermelho
101939,DFA29B89,Chevrolet,Azul Claro
107991,BED87B89,VW,Azul Claro
107456,BDB53B89,Toyota,Preto
103940,EEF57B89,VW,Vermelho
100841,FCC33B89,Fiat,Vermelho
101820,DEB34B89,Toyota,Azul Claro
105219,FBF35B89,Toyota,Preto
104624,AEE52B89,VW,Prata
106717,BAD85B89,Honda,Prata
100855,CCC35B89,VW,Vermelho
106911,EDB76B89,Honda,Prata
104993,EEC43B89,Fiat,Prata
101602,BEB17B89,Fiat,Prata
105884,DCC79B89,Fiat,Azul Claro
104476,AFD21B89,Honda,Preto
102388,DEC95B89,Fiat,Prata
103498,EBA48B89,Honda,Prata
106280,DCE71B89,Toyota,Azul Claro
100447,CCA20B89,Fiat,Azul Claro
101269,FAB48B89,Toyota,Azul Claro
107058,CBB67B89,Fiat,Preto
108676,EEE27B89,Chevrolet,Prata
106478,CBA20B89,Honda,Vermelho
106510,DED51B89,VW,Azul Claro
106381,FFA12B89,Chevrolet,Branco
108947,BED36B89,Chevrolet,Preto
108186,EAC83B89,Toyota,Azul Claro
103233,CDB16B89,Toyota,Branco
100630,FCD77B89,Chevrolet,Prata
104049,AFA69B89,Honda,Preto
100261,CEB26B89,Honda,Branco
108991,EBE24B89,VW,Branco
109430,ABB58B89,Chevrolet,Preto
107927,BAD79B89,Fiat,Azul Claro
103687,BED69B89,Honda,Azul Claro
101358,EBD43B89,Chevrolet,Preto
108149,CCC28B89,VW,Preto
108506,EAF75B89,Fiat,Preto
105245,CFA92B89,Toyota,Preto
106664,CFC87B89,VW,Preto
102156,EAB99B89,Fiat,Azul Claro
105675,DED41B89,Chevrolet,Vermelho
102240,DEB39B89,VW,Vermelho
108982,EAA39B89,Chevrolet,Preto
106254,ABE77B89,Honda,Vermelho
101320,ECF43B89,Fiat,Preto
105386,CFD46B89,Toyota,Prata
107828,CDE35B89,Chevrolet,Branco
103938,FCB71B89,Honda,Preto
102658,DAF34B89,Toyota,Azul Claro
108410,DDA57B89,Honda,Azul Claro
107312,AEF22B89,Toyota,Vermelho
105288,ACE23B89,Toyota,Prata
109935,CBB65B89,VW,Azul Claro
103699,FBD17B89,Honda,Prata
103072,AAB47B89,Chevrolet,Vermelho
103120,DFF35B89,Fiat,Vermelho
104051,FAC14B89,Honda,Branco
103058,FBC92B89,Toyota,Preto
109622,CEC95B89,Fiat,Vermelho
100551,EBB14B89,VW,Azul Claro
108009,FCD10B89,Fiat,Vermelho
107158,DBA57B89,Honda,Prata
107202,CEB51B89,Fiat,Azul Claro
106500,AAF41B89,Chevrolet,Branco
107398,AFD95B89,VW,Azul Claro
106567,ACF10B89,Honda,Azul Claro
103886,EDB99B89,VW,Preto
100149,CAA18B89,VW,Azul Claro
107577,CCF58B89,Fiat,Prata
100094,CDE19B89,VW,Branco
107384,CCC20B89,Toyota,Prata
106240,FBA26B89,Chevrolet,Vermelho
104978,CAC51B89,Chevrolet,Preto
107073,EAB43B89,Fiat,Vermelho
100670,EDE22B89,Honda,Azul Claro
108269,BFE49B89,VW,Preto
101496,FFD55B89,Honda,Azul Claro
107858,ABE67B89,Honda,Preto
100000,AFC33B89,VW,Branco
103121,CEA36B89,Toyota,Preto
109454,CCA38B89,Fiat,Preto
107356,ECE77B89,Honda,Azul Claro
106764,DEC87B89,VW,Preto
105517,DFA69B89,Chevrolet,Preto
108852,AFE55B89,Honda,Branco
106933,ECF87B89,Fiat,Preto
103589,DEF80B89,Honda,Vermelho
105580,DAB73B89,Honda,Branco
108371,ABE94B89,Honda,Prata
104724,AEC38B89,Chevrolet,Vermelho
108655,EAA56B89,Fiat,Azul Claro
103266,DCE33B89,Toyota,Vermelho
106290,AAE31B89,Toyota,Prata
101929,BFA10B89,VW,Preto
107425,AAE44B89,Fiat,Branco
105513,CDA83B89,VW,Preto
109482,DCA27B89,Toyota,Branco
107840,EDE22B89,Fiat,Azul Claro
106560,DDA14B89,Toyota,Branco
103151,DDC72B89,VW,Branco
105857,DFC16B89,Toyota,Azul Claro
102778,EEE45B89,Honda,Prata
104281,CDC80B89,Fiat,Vermelho
109453,ECD67B89,Fiat,Preto
108465,ADD13B89,Toyota,Preto
101634,FCD53B89,VW,Prata
102783,FBC19B89,Fiat,Prata
107267,ABF55B89,Toyota,Azul Claro
108015,BFD60B89,Chevrolet,Vermelho
103449,BCD20B89,VW,Preto
101479,ABF97B89,Fiat,Vermelho
105576,BBB62B89,Honda,Vermelho
102150,DDF79B89,Honda,Preto
108367,EFF55B89,Chevrolet,Prata
101498,DAA80B89,Toyota,Azul Claro
108351,DDB17B89,Chevrolet,Branco
108307,FCC46B89,VW,Vermelho
104574,ACC46B89,Toyota,Prata
107911,AFE23B89,Chevrolet,Preto
106189,EAF83B89,Fiat,Preto
104929,CFB10B89,Honda,Prata
108206,DBE14B89,VW,Preto
106023,BCF94B89,Chevrolet,Branco
105862,AAE77B89,VW,Azul Claro
103781,FAA52B89,VW,Branco
107680,ADC36B89,Toyota,Branco
104880,CBB75B89,Honda,Vermelho
102573,BEF70B89,VW,Branco
102330,FBA39B89,VW,Vermelho
105110,DDF80B89,VW,Branco
109772,ACE27B89,Fiat,Vermelho
106894,AEE75B89,Fiat,Preto
102059,FFB98B89,Honda,Vermelho
109323,FDF79B89,Honda,Branco
107040,DBC17B89,VW,Branco
107023,ECD60B89,Chevrolet,Branco
109320,DDB97B89,Toyota,Vermelho
108247,DDD98B89,Honda,Vermelho
107506,EEC41B89,Fiat,Vermelho
103020,DFD65B89,Honda,Vermelho
109327,CBA93B89,Toyota,Prata
104358,FDF75B89,Toyota,Azul Claro
102678,BAF76B89,Fiat,Branco
102657,CAF82B89,Honda,Vermelho
102842,DAA80B89,Toyota,Prata
109913,BCD56B89,Honda,Azul Claro
100316,AEE97B89,Toyota,Azul Claro
104873,DCC45B89,Fiat,Prata
102159,FFD74B89,Fiat,Preto
102973,BBE82B89,Toyota,Prata
104629,CDD64B89,Fiat,Azul Claro
109618,ACF53B89,Fiat,Preto
106608,EAD82B89,Honda,Branco
107428,ABE95B89,VW,Prata
109952,CFF35B89,Chevrolet,Prata
107467,CAF76B89,Chevrolet,Azul Claro
104534,ADC40B89,Chevrolet,Prata
103684,CDA38B89,Toyota,Prata
102632,CCF58B89,Chevrolet,Preto
102645,FBC33B89,Chevrolet,Branco
102549,FFF56B89,Honda,Prata
106556,CEB38B89,VW,Branco
101639,DEB72B89,VW,Branco
103276,CCA72B89,Honda,Prata
107701,EEF52B89,VW,Branco
102812,DBF88B89,Toyota,Preto
106804,CCA84B89,VW,Preto
102959,CFA29B89,Honda,Vermelho
109655,DCE41B89,Fiat,Vermelho
108530,CBA45B89,Chevrolet,Vermelho
109582,EDE20B89,Toyota,Preto
100282,BBB82B89,Fiat,Branco
104721,EDF61B89,Fiat,Vermelho
107770,CEF62B89,VW,Vermelho
105019,ECC45B89,VW,Branco
102602,EDC33B89,Honda,Prata
107761,FFE92B89,VW,Prata
105726,EAA11B89,Toyota,Preto
104061,AFA84B89,Chevrolet,Azul Claro
101965,BFC40B89,Honda,Branco
104948,DAF10B89,Toyota,Preto
104757,FDC15B89,Fiat,Prata
101584,BEF69B89,Fiat,Branco
102025,FFA32B89,Honda,Branco
108031,FBB72B89,Chevrolet,Branco
102909,FAA95B89,Honda,Branco
104285,DEE23B89,Toyota,Azul Claro
101215,EAB60B89,VW,Preto
108253,AEB21B89,Honda,Vermelho
100867,ADE56B89,Fiat,Branco
103539,CAD13B89,Chevrolet,Azul Claro
103106,BFF18B89,Honda,Prata
105657,DAD69B89,Chevrolet,Branco
105033,EAE82B89,VW,Branco
109174,BFD98B89,Honda,Branco
104958,AED36B89,VW,Vermelho
101343,DDC52B89,Honda,Prata
109561,ACD46B89,Chevrolet,Vermelho
105515,EFC16B89,VW,Branco
103662,EFC14B89,Fiat,Branco
106587,BCD41B89,Toyota,Prata
105250,CCC92B89,VW,Azul Claro
100049,ABD13B89,VW,Branco
108537,CCA39B89,VW,Vermelho
107836,CCD95B89,VW,Preto
108095,AED42B89,VW,Vermelho
105069,DCE70B89,Honda,Prata
107120,DCC56B89,VW,Preto
100700,EEB53B89,Fiat,Preto
108018,FDA37B89,Honda,Preto
109833,CCA69B89,Honda,Vermelho
108274,DDE95B89,VW,Azul Claro
106430,BCB47B89,Fiat,Vermelho
100206,ADE46B89,Toyota,Prata
101314,FCC94B89,Fiat,Vermelho
106527,AFE60B89,Chevrolet,Azul Claro
100764,EBA70B89,Fiat,Vermelho
105505,FAE33B89,Toyota,Vermelho
106105,DED56B89,VW,Preto
107144,DCC62B89,Honda,Preto
107087,BCA20B89,Fiat,Prata
109955,BDB56B89,VW,Preto
109321,DDD13B89,Fiat,Vermelho
105809,EFE49B89,Fiat,Branco
100038,BBF25B89,VW,Preto
101455,ABF38B89,Toyota,Preto
103525,ABF54B89,Toyota,Vermelho
109994,EFA82B89,Honda,Prata
105149,DBC82B89,Chevrolet,Azul Claro
100950,EFB83B89,Honda,Azul Claro
100826,FAB89B89,Honda,Branco
104653,CFD29B89,Honda,Azul Claro
100274,BBF87B89,Honda,Vermelho
108102,DBD75B89,VW,Preto
106995,BEB78B89,Chevrolet,Prata
101053,DBF84B89,Chevrolet,Prata
109616,BEB76B89,Chevrolet,Azul Claro
107596,FAA58B89,Chevrolet,Branco
105051,CCB77B89,Chevrolet,Prata
104502,DAF17B89,Honda,Preto
105971,FEE53B89,VW,Preto
106773,BCE49B89,Chevrolet,Branco
103390,DCE58B89,Honda,Prata
108034,EDA99B89,Fiat,Preto
103140,BEB58B89,Toyota,Preto
100304,EAF83B89,Chevrolet,Preto
103222,AEA92B89,VW,Prata
104306,ACF73B89,Honda,Vermelho
103256,DBB26B89,Honda,Vermelho
109185,AEA89B89,VW,Branco
108950,BDD93B89,Fiat,Vermelho
104680,FDE67B89,Fiat,Branco
108386,ACE34B89,VW,Prata
106138,FAC54B89,Chevrolet,Prata
102813,FCA25B89,Fiat,Azul Claro
109097,DBB33B89,Fiat,Prata
100511,AED79B89,Fiat,Prata
102954,DEC13B89,Toyota,Vermelho
105907,FFC31B89,VW,Prata
108173,BDE26B89,Toyota,Prata
105446,AAB24B89,Honda,Azul Claro
108997,FED79B89,VW,Prata
105496,EAE72B89,Honda,Prata
100213,DCE20B89,Toyota,Preto
104999,CFF32B89,Fiat,Branco
103458,BDF53B89,VW,Prata
108786,FCB47B89,Honda,Branco
108224,EAE68B89,VW,Vermelho
106233,CFD99B89,VW,Prata
108724,BCE11B89,Toyota,Azul Claro
100742,DBE38B89,Honda,Vermelho
103294,CAB39B89,VW,Vermelho
105213,FDE27B89,Chevrolet,Vermelho
105848,EBF55B89,VW,Branco
107225,EBC30B89,Fiat,Vermelho
106994,ABC34B89,VW,Azul Claro
109300,BBB70B89,Chevrolet,Preto
109477,EAC33B89,VW,Azul Claro
103776,EBB84B89,Honda,Preto
107745,DFD94B89,VW,Preto
100601,BFE38B89,Fiat,Branco
103443,AEC79B89,VW,Preto
100305,CEE45B89,Fiat,Vermelho
109682,CCF24B89,Fiat,Branco
103800,BCF47B89,Fiat,Branco
100381,AAE77B89,Fiat,Azul Claro
100935,DBD40B89,VW,Preto
106224,FFD70B89,Fiat,Azul Claro
103303,BCE29B89,Toyota,Prata
105129,EEE44B89,Toyota,Prata
103732,AAD90B89,Fiat,Branco
104657,ADB29B89,VW,Branco
109546,BEC40B89,Honda,Vermelho
100662,ACE63B89,Fiat,Vermelho
108885,ADA52B89,VW,Branco
107920,FEA99B89,Toyota,Prata
106551,AED67B89,Chevrolet,Branco
103050,EFC17B89,Toyota,Prata
104347,BAE61B89,Honda,Azul Claro
108008,DAA32B89,VW,Azul Claro
103171,AEB93B89,VW,Azul Claro
106987,BAA59B89,Toyota,Vermelho
109702,ADA71B89,VW,Vermelho
101372,AEA80B89,Fiat,Prata
106917,CFC87B89,Chevrolet,Preto
100439,DAF72B89,Honda,Prata
106019,AED53B89,VW,Prata
107230,DCB49B89,Toyota,Preto
104245,EEC81B89,Fiat,Azul Claro
105475,AFA74B89,Toyota,Prata
103077,CDD16B89,Toyota,Azul Claro
108714,CBE25B89,Toyota,Branco
107326,EFC45B89,Fiat,Preto
106053,DBE48B89,Honda,Azul Claro
102782,EFD20B89,Fiat,Branco
100339,FEE67B89,Toyota,Azul Claro
100785,ABD21B89,Fiat,Branco
109239,DAD27B89,VW,Vermelho
105238,AEC48B89,Toyota,Azul Claro
107938,DCA29B89,Chevrolet,Azul Claro
109993,BAF42B89,Honda,Azul Claro
105313,FAE62B89,Fiat,Preto
105708,EBA36B89,VW,Preto
104226,DAB74B89,VW,Preto
109687,FDD43B89,Toyota,Prata
103868,ACB82B89,Honda,Preto
100903,CBD64B89,Fiat,Preto
108466,FFD94B89,VW,Azul Claro
102351,EDE78B89,Chevrolet,Azul Claro
103922,CFD80B89,VW,Azul Claro
106738,ACB67B89,VW,Azul Claro
107946,BAE63B89,VW,Azul Claro
101657,EFC11B89,Toyota,Azul Claro
109363,BCC93B89,Honda,Branco
106438,CBC80B89,Toyota,Azul Claro
101593,DFC89B89,VW,Vermelho
100366,FBF51B89,VW,Azul Claro
108453,FDF91B89,Fiat,Branco
105942,CFA74B89,Honda,Azul Claro
102199,BCA39B89,Honda,Vermelho
101881,FBB18B89,Honda,Preto
107788,EAB21B89,Chevrolet,Preto
109853,FEB99B89,Toyota,Vermelho
105713,FBE55B89,Toyota,Prata
104117,BEB84B89,VW,Preto
103636,FED72B89,Toyota,Vermelho
108962,AAD30B89,Toyota,Prata
104246,AFC39B89,Fiat,Branco
108086,BEE74B89,Toyota,Vermelho
101653,CCD59B89,VW,Vermelho
108260,EFC80B89,Toyota,Branco
101532,EEF35B89,Toyota,Vermelho
103485,CED59B89,Chevrolet,Branco
108150,BAD99B89,Honda,Prata
102541,DAB95B89,Chevrolet,Azul Claro
107622,DFF87B89,Honda,Preto
101206,ABF43B89,Honda,Branco
100343,AAD53B89,Honda,Prata
107011,FDE67B89,Toyota,Branco
106809,BAA56B89,Honda,Prata
100441,AAD38B89,Toyota,Vermelho
108136,EEA39B89,Honda,Azul Claro
100848,DDD80B89,Toyota,Vermelho
103418,DAC60B89,Toyota,Preto
104966,AFC60B89,Toyota,Preto
100085,DDE33B89,Honda,Vermelho
100167,FEA95B89,Chevrolet,Vermelho
103434,EAE33B89,VW,Preto
101133,CFE21B89,Fiat,Branco
101008,ADC13B89,Fiat,Prata
105584,DAB81B89,Fiat,Preto
101418,FFD18B89,Fiat,Vermelho
104206,DAD77B89,VW,Branco
107629,DCB84B89,Chevrolet,Branco
105537,AFF67B89,Honda,Preto
106713,CCB56B89,Honda,Prata
100046,FFE76B89,Chevrolet,Vermelho
103096,CBD18B89,VW,Prata
102346,AAA10B89,Chevrolet,Branco
106013,FBC16B89,Fiat,Preto
108425,ADE49B89,Toyota,Vermelho
100616,DEA25B89,VW,Vermelho
102438,EED49B89,Honda,Vermelho
102069,CEE26B89,Fiat,Branco
101522,DBA92B89,Chevrolet,Prata
104612,DDA76B89,VW,Preto
105252,DBE84B89,Toyota,Prata
108779,CFD47B89,Chevrolet,Branco
102352,CFD40B89,Toyota,Azul Claro
101078,EDA24B89,Honda,Branco
103658,BDD92B89,Chevrolet,Prata
102175,CBC97B89,Chevrolet,Vermelho
105047,AFF40B89,Honda,Vermelho
100624,FDA89B89,VW,Vermelho
106003,BEA45B89,Honda,Branco
108751,ECE68B89,VW,Preto
108670,DBE24B89,Toyota,Preto
100009,CDE46B89,Toyota,Branco
105610,FBB62B89,Honda,Azul Claro
102137,ECB83B89,VW,Preto
100257,FFF84B89,VW,Prata
105007,EFB92B89,Honda,Azul Claro
100147,BEA13B89,Chevrolet,Vermelho
104626,BDA26B89,Honda,Preto
108191,CCE39B89,Chevrolet,Branco
101029,CDF29B89,Honda,Azul Claro
103317,EDD32B89,Fiat,Vermelho
100425,DAE61B89,Toyota,Preto
105307,BBC22B89,Chevrolet,Azul Claro
106357,EAB18B89,Fiat,Preto
103356,BFD32B89,VW,Preto
109147,EAE23B89,VW,Preto
105455,BCB34B89,Toyota,Vermelho
104265,DDE63B89,Toyota,Prata
101099,FFB69B89,Fiat,Branco
108883,FBD54B89,Honda,Vermelho
108321,BBA82B89,Toyota,Azul Claro
108487,FCD51B89,VW,Prata
105074,AFF97B89,VW,Azul Claro
104407,AAF88B89,Toyota,Azul Claro
109101,CBF65B89,VW,Branco
107177,DFD23B89,Toyota,Preto
107720,DFC68B89,Chevrolet,Vermelho
101739,EDE11B89,Fiat,Azul Claro
106061,EAA78B89,Chevrolet,Azul Claro
101132,CAA20B89,Chevrolet,Azul Claro
108167,DAA24B89,Chevrolet,Vermelho
107403,FAE33B89,VW,Prata
101887,BEE81B89,Chevrolet,Vermelho
104972,EFF82B89,Chevrolet,Branco
104762,ACD98B89,Honda,Branco
108342,AAB42B89,Toyota,Preto
107462,BDD41B89,VW,Prata
105312,DCE77B89,Fiat,Prata
108093,CDC43B89,Toyota,Branco
109886,AFA18B89,Toyota,Branco
109638,FBD75B89,Toyota,Prata
108717,DCD34B89,Chevrolet,Branco
100905,AFD54B89,Honda,Prata
103214,ECD39B89,Chevrolet,Azul Claro
101967,BBD15B89,Honda,Azul Claro
101376,DDB34B89,VW,Vermelho
101393,ABE34B89,Chevrolet,Vermelho
107354,CDA65B89,Fiat,Preto
103223,BFD56B89,Honda,Preto
105707,FCF89B89,Toyota,Azul Claro
102915,DEC28B89,Fiat,Vermelho
102716,CAE31B89,VW,Preto
102254,FCB81B89,Fiat,Preto
103200,CBD72B89,Fiat,Vermelho
109599,CBE87B89,VW,Vermelho
100517,ABF57B89,Honda,Preto
100911,EDD61B89,Honda,Azul Claro
106662,ECA87B89,Chevrolet,Prata
101714,ECC22B89,VW,Vermelho
107228,BBD32B89,Honda,Azul Claro
106950,BBB19B89,Toyota,Preto
102937,CED15B89,Chevrolet,Preto
106165,AAD67B89,Chevrolet,Azul Claro
100813,AEC87B89,Fiat,Prata
105357,AEB93B89,Chevrolet,Prata
104585,AEE72B89,VW,Azul Claro
105542,EAF33B89,VW,Azul Claro
100240,EFE28B89,VW,Azul Claro
102151,DCE49B89,VW,Branco
103429,CED90B89,Chevrolet,Vermelho
100923,CFB69B89,Fiat,Azul Claro
107874,CAD95B89,Fiat,Branco
105242,EAE97B89,Honda,Preto
105865,BDC80B89,VW,Azul Claro
102006,DBE35B89,Fiat,Azul Claro
101288,EBA59B89,Honda,Azul Claro
106195,AAD85B89,Chevrolet,Preto
107402,FBF71B89,VW,Vermelho
103710,DDC50B89,VW,Vermelho
108442,DAF79B89,VW,Azul Claro
105530,EAB54B89,Fiat,Azul Claro
101693,EEA98B89,Honda,Branco
107625,CBE73B89,Fiat,Azul Claro
109552,CDA20B89,Toyota,Azul Claro
105094,EAB87B89,Toyota,Vermelho
104400,FBE16B89,Fiat,Preto
102451,AED13B89,Toyota,Vermelho
107128,ECF16B89,Chevrolet,Preto
109984,ECD16B89,Chevrolet,Prata
108674,BAB12B89,VW,Branco
102499,DBF76B89,Fiat,Prata
107072,AAF23B89,Fiat,Preto
100218,DCD44B89,VW,Azul Claro
105983,DBD33B89,Toyota,Preto
107726,DDC52B89,VW,Branco
107100,DDC45B89,Honda,Vermelho
100052,DAD35B89,Fiat,Branco
103860,BBD14B89,VW,Vermelho
103545,DBB36B89,Fiat,Preto
102574,EAF98B89,Fiat,Branco
103560,CDA67B89,Toyota,Preto
103204,ADE72B89,VW,Preto
105859,ABB76B89,Fiat,Preto
106298,FCE44B89,Chevrolet,Preto
104128,DAB31B89,Toyota,Branco
102512,CEA23B89,Fiat,Azul Claro
106087,CDE95B89,Toyota,Prata
105380,CAF82B89,Honda,Azul Claro
101168,AEC37B89,Chevrolet,Vermelho
102081,BBD48B89,Chevrolet,Preto
105735,FEB71B89,Fiat,Preto
101959,EAF12B89,VW,Prata
107344,EAF39B89,Chevrolet,Branco
107286,CAD64B89,VW,Prata
104937,FDC97B89,Toyota,Azul Claro
104470,AAB71B89,Chevrolet,Vermelho
108197,DAA96B89,Chevrolet,Branco
109880,AFB32B89,Fiat,Branco
104856,DCD99B89,Fiat,Preto
109364,BEA87B89,Honda,Vermelho
108896,EAE87B89,Toyota,Branco
105107,ACE29B89,Toyota,Preto
105589,FBE25B89,VW,Vermelho
102382,DDB94B89,Honda,Branco
109570,BBA59B89,Fiat,Prata
107461,DDE70B89,Honda,Preto
100888,FCA78B89,Fiat,Preto
101064,AED24B89,Fiat,Prata
104296,BCD72B89,Honda,Azul Claro
102721,BAC72B89,Chevrolet,Azul Claro
103482,CDB19B89,Fiat,Vermelho
108377,EBA90B89,Toyota,Prata
107077,BED41B89,VW,Vermelho
108749,CFA51B89,VW,Vermelho
104703,CFE22B89,VW,Azul Claro
105728,CAE63B89,Honda,Preto
101771,CDF94B89,Chevrolet,Vermelho
104013,ECA27B89,Honda,Azul Claro
109530,FBF84B89,VW,Vermelho
106306,ABE63B89,Fiat,Prata
108716,CCF25B89,Toyota,Azul Claro
104334,FBA80B89,Fiat,Prata
103168,FFE98B89,Toyota,Azul Claro
103016,FAC14B89,Honda,Branco
106097,CFE81B89,Chevrolet,Branco
104912,EBB65B89,Fiat,Branco
105918,AAF95B89,Honda,Prata
103704,BEF68B89,Honda,Vermelho
106706,ECF86B89,Chevrolet,Vermelho
104373,EDD31B89,Fiat,Vermelho
100197,DFB73B89,VW,Vermelho
103224,FFF93B89,Honda,Azul Claro
107675,BDE59B89,Toyota,Branco
102638,ADB69B89,VW,Prata
103334,EED59B89,Toyota,Vermelho
101153,EEC70B89,VW,Prata
104500,EAE90B89,Chevrolet,Azul Claro
102299,ABC83B89,Fiat,Branco
106946,EEB25B89,VW,Preto
100371,BED26B89,VW,Branco
108957,BED19B89,VW,Prata
105807,BEB52B89,Toyota,Branco
109861,FFF20B89,Toyota,Preto
108474,CCF16B89,Fiat,Azul Claro
100150,DAD50B89,Chevrolet,Preto
103318,DFB30B89,Toyota,Azul Claro
101535,DDA99B89,Chevrolet,Azul Claro
105945,BFD11B89,Chevrolet,Azul Claro
102547,CFB63B89,Toyota,Azul Claro
101277,FBE94B89,Chevrolet,Preto
108968,EDF65B89,Honda,Azul Claro
108287,AEA93B89,Honda,Prata
102225,FCD97B89,Fiat,Branco
103468,ABD21B89,VW,Azul Claro
104518,EBE17B89,Fiat,Prata
101683,DCD89B89,Toyota,Prata
100618,BDF26B89,Fiat,Branco
102200,EED45B89,Fiat,Azul Claro
104580,DDE31B89,Toyota,Vermelho
107947,BEB11B89,Honda,Branco
104197,BCF92B89,Fiat,Prata
100578,ACC58B89,Toyota,Branco
107070,FEF14B89,VW,Vermelho
109883,CFE21B89,Chevrolet,Branco
100334,EDA17B89,Toyota,Prata
108185,BED65B89,VW,Azul Claro
102718,CDF88B89,Fiat,Branco
109966,EAC51B89,Fiat,Vermelho
108075,EFF88B89,Toyota,Prata
107289,DBD81B89,Chevrolet,Preto
108373,DDD49B89,Honda,Preto
104546,AFC90B89,Fiat,Azul Claro
101627,BBC93B89,Toyota,Azul Claro
108389,EEC10B89,Honda,Prata
108842,FAB48B89,VW,Azul Claro
109624,DDD30B89,Fiat,Branco
100676,ABB64B89,Toyota,Vermelho
101006,FCB20B89,Fiat,Vermelho
101863,FAC24B89,Honda,Vermelho
109461,ABC26B89,Honda,Prata
106515,AAA86B89,Honda,Azul Claro
108681,FCD62B89,VW,Branco
105925,ECA92B89,Chevrolet,Branco
107868,BCB53B89,Honda,Preto
106426,AEB75B89,Fiat,Prata
107035,EAC46B89,Chevrolet,Vermelho
100626,CAF54B89,Chevrolet,Branco
103226,CDD48B89,Honda,Branco
102885,AAB93B89,Fiat,Vermelho
106975,DFC81B89,Toyota,Branco
109874,CBA70B89,Honda,Azul Claro
109306,ABC41B89,VW,Preto
104450,AEA86B89,Fiat,Branco
109334,ABC52B89,Chevrolet,Azul Claro
100183,DAE90B89,Fiat,Prata
101319,ADF89B89,Honda,Prata
105693,CCD64B89,VW,Branco
103609,EFF20B89,Fiat,Prata
107949,EFC47B89,Chevrolet,Vermelho
102836,ECB57B89,Toyota,Preto
109694,CAE85B89,VW,Prata
101443,AFF39B89,Honda,Preto
100953,DFA90B89,Honda,Branco
102381,EDB28B89,Honda,Prata
107211,EFB96B89,Chevrolet,Preto
103210,EFD54B89,Chevrolet,Branco
106851,BBA65B89,VW,Azul Claro
109175,CFF22B89,Fiat,Branco
105742,DCC21B89,Toyota,Vermelho
102467,DFD86B89,VW,Preto
100466,FFB58B89,VW,Azul Claro
101962,CDA80B89,Fiat,Vermelho
100533,DFC66B89,VW,Preto
104315,CFB16B89,VW,Azul Claro
108153,DFB46B89,Chevrolet,Vermelho
109082,ECD37B89,Chevrolet,Azul Claro
108894,EAC12B89,Chevrolet,Preto
107535,BFB31B89,Fiat,Prata
105618,BCA25B89,Honda,Vermelho
102045,DCF91B89,VW,Prata
109610,FEA74B89,Chevrolet,Azul Claro
105360,AAD76B89,Honda,Azul Claro
106253,BCA23B89,Chevrolet,Preto
106119,DEB90B89,Chevrolet,Preto
108407,FFC98B89,Toyota,Preto
109466,CED35B89,Fiat,Prata
100638,ACC51B89,Fiat,Prata
104156,CBD59B89,Toyota,Azul Claro
101266,BDD75B89,Fiat,Branco
108688,FEF97B89,Fiat,Azul Claro
106518,CEE54B89,Toyota,Vermelho
100193,FBD84B89,Toyota,Prata
108902,EFB88B89,Toyota,Preto
104622,DBD69B89,Honda,Prata
106320,DDF87B89,Fiat,Prata
100954,DCD50B89,Chevrolet,Azul Claro
101664,BDB96B89,Chevrolet,Preto
106230,FFC88B89,Fiat,Branco
105282,DFC83B89,Toyota,Vermelho
101235,FAF47B89,Fiat,Prata
100152,CFE67B89,Honda,Branco
101247,CAE75B89,Chevrolet,Prata
100411,FCC18B89,Chevrolet,Vermelho
104665,EEF90B89,Fiat,Branco
101566,FFD31B89,Honda,Prata
101354,EAF85B89,Chevrolet,Azul Claro
107621,FAD36B89,Toyota,Branco
104067,DFC33B89,Toyota,Prata
100418,CFF14B89,Honda,Prata
101530,BFE81B89,Fiat,Prata
107008,BEE66B89,VW,Azul Claro
105343,FAD40B89,Fiat,Prata
107802,BBD58B89,VW,Vermelho
100688,EFE97B89,VW,Preto
102378,DDA79B89,Honda,Preto
104119,CFD19B89,Toyota,Branco
101544,BBE15B89,VW,Prata
104230,FEE12B89,VW,Azul Claro
108528,DCE31B89,VW,Prata
109550,FEE68B89,Chevrolet,Azul Claro
103518,EEA85B89,Toyota,Vermelho
102799,ABF97B89,VW,Vermelho
101243,BBB60B89,VW,Preto
101925,EEC41B89,Chevrolet,Vermelho
103945,DCD33B89,Fiat,Prata
105764,BCF67B89,Toyota,Prata
102566,CAE74B89,Chevrolet,Vermelho
105428,ABE74B89,Toyota,Vermelho
108549,CDC21B89,Chevrolet,Branco
106753,FEB82B89,Honda,Branco
109249,DBE95B89,Chevrolet,Vermelho
102471,FFB35B89,VW,Preto
107375,EFB43B89,VW,Prata
104933,FFE60B89,Chevrolet,Branco
101468,BDD94B89,Toyota,Prata
101123,EFF26B89,Honda,Azul Claro
107545,AFA14B89,VW,Preto
109821,BCB97B89,Chevrolet,Azul Claro
102277,EDE74B89,VW,Azul Claro
105802,EEE11B89,Fiat,Preto
106688,DAF43B89,Fiat,Preto
107537,DBB18B89,Chevrolet,Branco
107954,DBF13B89,Toyota,Preto
107806,EFD76B89,Fiat,Vermelho
108723,FDC39B89,Toyota,Azul Claro
106210,FCA89B89,Honda,Branco
102380,EEA21B89,Honda,Branco
100030,EFF23B89,Fiat,Preto
108970,EBA28B89,Chevrolet,Vermelho
101537,ECD53B89,Toyota,Azul Claro
103261,EDA13B89,Honda,Azul Claro
103601,EDF22B89,Honda,Azul Claro
101073,BED16B89,Honda,Prata
104743,ECC13B89,Fiat,Prata
100198,ACC16B89,Honda,Branco
103115,BBF96B89,Toyota,Preto
106583,FCE92B89,VW,Azul Claro
105750,FBD49B89,Fiat,Prata
101489,EAA84B89,Honda,Branco
107343,CBA61B89,Honda,Preto
109660,ECD69B89,Honda,Prata
107692,EDF54B89,Toyota,Azul Claro
107476,AFB94B89,Toyota,Preto
104338,DDC19B89,Chevrolet,Azul Claro
103004,DAF79B89,Toyota,Preto
105280,DAC26B89,Fiat,Vermelho
103197,BAB47B89,Toyota,Vermelho
105527,AAA27B89,Chevrolet,Prata
107656,ECC83B89,Honda,Azul Claro
104046,AFD68B89,Honda,Vermelho
106548,BEA69B89,VW,Vermelho
101795,CBA47B89,Toyota,Branco
108322,AAF46B89,Toyota,Preto
102307,EFD32B89,VW,Prata
101651,FED15B89,VW,Preto
105338,CFA26B89,Toyota,Prata
106267,AEF31B89,Fiat,Branco
105337,DFF22B89,Honda,Branco
104789,DBA12B89,Honda,Vermelho
103607,CCE84B89,VW,Branco
101336,BBC27B89,Toyota,Prata
105258,DDA60B89,Chevrolet,Vermelho
104961,ACB62B89,Fiat,Branco
109961,FCE63B89,Toyota,Azul Claro
103501,FCE19B89,VW,Azul Claro
105882,DEF78B89,Honda,Azul Claro
102795,EFF99B89,Chevrolet,Prata
109140,ECA71B89,Toyota,Prata
106945,BBF47B89,Chevrolet,Prata
109956,FDE50B89,Toyota,Vermelho
104079,BAC42B89,Fiat,Azul Claro
104037,EEA63B89,Toyota,Branco
100157,AFB47B89,VW,Branco
100188,CDE93B89,Honda,Azul Claro
102493,AAC70B89,Chevrolet,Preto
107017,ECD76B89,Chevrolet,Prata
102113,AEA60B89,Toyota,Branco
107383,FBE14B89,VW,Azul Claro
107508,DFE77B89,VW,Vermelho
106742,EBC98B89,Chevrolet,Azul Claro
103287,FFC77B89,Honda,Azul Claro
104208,AAC94B89,VW,Azul Claro
105598,ADA44B89,VW,Preto
107516,EFC56B89,Honda,Preto
109342,BBD22B89,Fiat,Azul Claro
100293,CDA61B89,Chevrolet,Vermelho
104304,DDD44B89,Honda,Vermelho
109152,EFE40B89,VW,Branco
103089,EEE21B89,Chevrolet,Branco
102546,ABC29B89,Fiat,Vermelho
106931,AFB18B89,VW,Branco
105077,FFA79B89,Chevrolet,Azul Claro
108764,FEB30B89,Honda,Vermelho
103013,CDD13B89,Honda,Prata
109160,ACF75B89,Honda,Vermelho
109510,CEF35B89,VW,Branco
104897,EEE75B89,Chevrolet,Branco
101106,FBB69B89,VW,Prata
105454,EDC34B89,Chevrolet,Preto
107104,FEE46B89,Toyota,Vermelho
105816,CAE26B89,Honda,Vermelho
107421,CEB49B89,Fiat,Vermelho
108164,AEB71B89,Chevrolet,Azul Claro
101867,DEE83B89,Chevrolet,Preto
101534,FFC95B89,Chevrolet,Branco
109050,DEA78B89,VW,Preto
109408,ADC67B89,Honda,Preto
109514,BDE86B89,Fiat,Branco
106866,CEA62B89,VW,Prata
106980,EFA42B89,Honda,Vermelho
100498,EFE72B89,Honda,Vermelho
106116,ECC72B89,VW,Branco
101016,FEA76B89,Fiat,Preto
105029,DEE23B89,Fiat,Prata
100016,DBC46B89,VW,Vermelho
106897,DFD42B89,Honda,Azul Claro
100984,FEC81B89,Fiat,Azul Claro
100203,EDB33B89,VW,Azul Claro
102359,BAA82B89,Fiat,Vermelho
100673,EAF53B89,VW,Prata
108381,DCA42B89,Chevrolet,Prata
108286,AAE15B89,Chevrolet,Preto
107760,FED15B89,Chevrolet,Preto
106276,ADB12B89,Toyota,Vermelho
105294,BEA18B89,VW,Prata
102820,ADB54B89,Honda,Azul Claro
108049,DAB60B89,Chevrolet,Azul Claro
104170,FDD54B89,Fiat,Preto
105570,ABF56B89,Honda,Prata
102791,CAA91B89,Toyota,Preto
105089,BBD20B89,VW,Preto
101549,AFE64B89,VW,Preto
104425,FAB24B89,Fiat,Branco
107893,BEF19B89,Honda,Vermelho
103177,BDF66B89,Fiat,Branco
101326,BBB82B89,Toyota,Vermelho
100385,EEA57B89,VW,Prata
108532,FCC32B89,VW,Preto
108494,FCF55B89,Chevrolet,Vermelho
107084,DFC70B89,Toyota,Azul Claro
105568,CCC72B89,Chevrolet,Vermelho
108416,BDE18B89,Honda,Prata
108964,EDB83B89,Toyota,Branco
105949,BCF70B89,Fiat,Vermelho
106877,BCC35B89,Honda,Prata
101650,DFC93B89,Chevrolet,Preto
109679,ACE75B89,Fiat,Vermelho
109407,BBC16B89,Chevrolet,Azul Claro
105195,CAF97B89,Chevrolet,Azul Claro
100359,ACE88B89,Toyota,Azul Claro
105826,DBC63B89,Toyota,Prata
100435,CFB59B89,VW,Branco
109462,EFF70B89,Chevrolet,Preto
104386,AAC28B89,Fiat,Branco
105460,EBF84B89,Toyota,Branco
106175,EAD96B89,Fiat,Preto
102445,FCC30B89,Honda,Vermelho
108090,EFE88B89,Toyota,Prata
109045,DCC49B89,Fiat,Branco
102545,FAD26B89,Fiat,Preto
102852,DBC53B89,Chevrolet,Azul Claro
102562,FAF45B89,VW,Preto
100398,DCD82B89,VW,Preto
101805,DBD81B89,Chevrolet,Prata
108482,ECD44B89,Honda,Preto
101140,FAA47B89,Toyota,Preto
103569,BED97B89,VW,Azul Claro
102600,FFD63B89,VW,Branco
104660,DAB58B89,Honda,Branco
108796,FBA84B89,Toyota,Prata
101475,ECB41B89,VW,Branco
107386,AEF69B89,VW,Branco
104551,ECC57B89,Toyota,Vermelho
104074,FFD91B89,Toyota,Azul Claro
100121,CAA21B89,Chevrolet,Vermelho
100531,ABB47B89,Chevrolet,Vermelho
104369,FBF11B89,Chevrolet,Preto
102563,CAC62B89,Honda,Preto
109784,DFA99B89,Toyota,Prata
105965,EAE15B89,Fiat,Azul Claro
109273,AFD51B89,Honda,Prata
105903,EDB11B89,Honda,Branco
103015,EAE22B89,VW,Vermelho
102164,FED30B89,Toyota,Preto
101772,DEA80B89,Chevrolet,Azul Claro
103623,BDA41B89,Toyota,Prata
105722,CBB60B89,Fiat,Azul Claro
106719,BBE10B89,Chevrolet,Branco
109183,DAE35B89,Chevrolet,Branco
103919,CCE84B89,Toyota,Prata
101813,DFE71B89,VW,Azul Claro
107175,CDD13B89,Toyota,Azul Claro
100280,BDC81B89,Chevrolet,Prata
107944,CBA53B89,VW,Preto
101930,EEA46B89,Honda,Vermelho
104132,DCA62B89,Honda,Prata
105474,ADA59B89,Toyota,Prata
103964,CDC44B89,Toyota,Branco
109522,BFD37B89,Honda,Azul Claro
104577,FEA28B89,Toyota,Azul Claro
104720,BAB43B89,VW,Prata
109608,CEB63B89,VW,Prata
105612,EBC54B89,Toyota,Branco
101889,ACC38B89,Chevrolet,Prata
101270,EAB50B89,Chevrolet,Vermelho
100678,EAE65B89,Honda,Prata
102542,EEA65B89,Fiat,Branco
103209,FCE21B89,Chevrolet,Branco
103141,DDC48B89,VW,Azul Claro
102996,EBD51B89,Chevrolet,Azul Claro
105148,EDB69B89,Toyota,Azul Claro
108919,BED14B89,Chevrolet,Azul Claro
107900,DFE36B89,Toyota,Azul Claro
101638,BAE92B89,VW,Preto
101205,BED67B89,Fiat,Branco
100317,ACE43B89,Toyota,Branco
103193,EBE17B89,VW,Preto
108906,FAA33B89,VW,Prata
100202,FDE48B89,Fiat,Azul Claro
105833,CCE14B89,VW,Branco
103462,CDE31B89,Fiat,Vermelho
100575,BFF16B89,VW,Preto
105754,FED22B89,Fiat,Azul Claro
101352,CCA20B89,Fiat,Vermelho
102204,FEA63B89,Honda,Branco
102965,EAA81B89,Toyota,Preto
101481,DCA88B89,Toyota,Prata
101044,FDE45B89,Fiat,Branco
104459,EFA34B89,Chevrolet,Branco
104272,CFC23B89,Chevrolet,Prata
109723,DAC40B89,VW,Vermelho
107589,DCA52B89,Fiat,Branco
100505,FFD87B89,Chevrolet,Prata
102857,EFB42B89,Toyota,Azul Claro
105118,DEC53B89,VW,Prata
107367,CDD25B89,VW,Azul Claro
101738,EFC11B89,VW,Vermelho
106630,AED50B89,Honda,Vermelho
107730,CFD14B89,Chevrolet,Vermelho
107793,FBA67B89,Chevrolet,Vermelho
102111,BBF22B89,Honda,Prata
105749,FEC19B89,Honda,Branco
106115,CBE15B89,Chevrolet,Azul Claro
109006,ADF42B89,Honda,Azul Claro
106705,DCB36B89,VW,Prata
104618,FCE46B89,Honda,Vermelho
106272,BEE71B89,Toyota,Azul Claro
104452,AEE35B89,Chevrolet,Branco
104894,ADE69B89,Honda,Azul Claro
105198,ACE18B89,Honda,Azul Claro
100610,EBD24B89,VW,Preto
108628,BDB95B89,Fiat,Azul Claro
109090,EFC65B89,Honda,Preto
108056,EEF77B89,Toyota,Prata
109936,DAD82B89,Chevrolet,Branco
101784,FAE16B89,Fiat,Prata
109627,FDB54B89,Chevrolet,Branco
105998,DCD78B89,Chevrolet,Vermelho
107797,FBF16B89,Honda,Azul Claro
108838,FAC45B89,Chevrolet,Preto
100548,FFB58B89,Fiat,Preto
109776,EAE66B89,Honda,Vermelho
103423,AEE65B89,VW,Preto
104189,AAA77B89,Honda,Prata
108588,EEB65B89,Honda,Preto
109388,AFB65B89,Honda,Branco
103309,ACD46B89,VW,Vermelho
106124,FEC34B89,Toyota,Vermelho
109542,CFF87B89,VW,Vermelho
102919,FCB73B89,Chevrolet,Branco
105417,EDC66B89,Toyota,Branco
104160,FEA56B89,Fiat,Prata
104113,AEB37B89,Fiat,Preto
103910,FBC57B89,VW,Vermelho
105020,ADB14B89,Toyota,Preto
107197,CED90B89,Fiat,Preto
100436,BAE18B89,Fiat,Vermelho
109171,CEA93B89,Fiat,Vermelho
107549,ABD24B89,Honda,Preto
103577,DBD45B89,Fiat,Prata
108630,ABC42B89,Chevrolet,Azul Claro
107307,BBA24B89,VW,Preto
107288,BBA40B89,VW,Azul Claro
109720,AEB49B89,Honda,Vermelho
100201,FCC88B89,Honda,Branco
106506,FAB11B89,Toyota,Prata
104451,CFD73B89,VW,Azul Claro
105413,ECB71B89,Chevrolet,Branco
107079,CDA24B89,Toyota,Preto
101172,CCA22B89,Fiat,Azul Claro
102216,EDE38B89,Honda,Prata
104065,BED90B89,Toyota,Branco
106418,DDF31B89,VW,Vermelho
103269,EED73B89,Fiat,Preto
103642,BEB70B89,Honda,Azul Claro
101127,FBF81B89,Toyota,Branco
108519,ACE23B89,Honda,Branco
104487,BBE21B89,Honda,Branco
101799,CEE19B89,VW,Vermelho
103394,AEA37B89,Toyota,Prata
102912,BDA82B89,Honda,Prata
102387,ABF10B89,VW,Azul Claro
106332,BEB89B89,Fiat,Azul Claro
108729,EEA32B89,VW,Prata
104728,DAD49B89,Fiat,Branco
101700,BBA84B89,Toyota,Azul Claro
101552,FAF48B89,Toyota,Prata
102034,FEF25B89,Fiat,Vermelho
106187,DED12B89,VW,Branco
108196,CAE50B89,Toyota,Prata
106453,CFE52B89,VW,Preto
102828,FFB87B89,Fiat,Prata
101970,CAE73B89,Honda,Vermelho
102904,BAF52B89,Fiat,Vermelho
107987,ADC83B89,Honda,Azul Claro
103726,FFB91B89,Fiat,Azul Claro
101167,DBD37B89,Chevrolet,Vermelho
108012,BEA60B89,VW,Prata
106537,BAE99B89,VW,Branco
104573,ACF32B89,Fiat,Branco
105665,DEE42B89,VW,Preto
106434,DCA40B89,Chevrolet,Vermelho
105176,BFF89B89,Toyota,Preto
108737,EFD13B89,Honda,Branco
105381,DFE98B89,Honda,Prata
109773,FBB21B89,Fiat,Azul Claro
108334,DBF14B89,VW,Azul Claro
103145,ECF76B89,Toyota,Azul Claro
103260,ADA64B89,Toyota,Vermelho
100617,BBA14B89,Toyota,Branco
109170,DDB32B89,VW,Vermelho
104525,EAD33B89,VW,Prata
106974,EDC51B89,Fiat,Azul Claro
106447,FEB11B89,Toyota,Azul Claro
108932,ACE46B89,Chevrolet,Prata
108548,BFF65B89,Toyota,Branco
107912,CCD47B89,Honda,Preto
106846,FAE71B89,VW,Preto
102840,ADF98B89,Fiat,Prata
103277,CAB81B89,Fiat,Prata
103341,ADC58B89,Chevrolet,Prata
105895,FEE44B89,Toyota,Prata
105367,CDE27B89,VW,Vermelho
101433,DAF40B89,VW,Branco
100177,EDC88B89,Honda,Preto
105458,ADC50B89,Honda,Vermelho
100229,DAA86B89,VW,Prata
109712,DDC29B89,VW,Branco
104956,DEB39B89,Chevrolet,Preto
107591,BCD63B89,Toyota,Prata
107582,CCF12B89,Fiat,Azul Claro
103023,ADF73B89,Honda,Azul Claro
107533,AFE67B89,Toyota,Preto
107897,EAD99B89,Honda,Preto
107019,AEC89B89,Honda,Preto
105187,FCA78B89,Toyota,Branco
101092,FFB60B89,Toyota,Preto
108105,CCF40B89,VW,Azul Claro
103119,DBD31B89,Chevrolet,Azul Claro
100829,FFB62B89,Toyota,Branco
106149,DCC38B89,Toyota,Preto
105480,FAF29B89,Chevrolet,Azul Claro
108830,FAD41B89,Honda,Preto
108177,CEE63B89,Chevrolet,Prata
109136,EBA63B89,Chevrolet,Branco
100035,FDB54B89,Honda,Branco
100473,EDC80B89,Chevrolet,Vermelho
100515,CEC51B89,Fiat,Branco
107221,CEB44B89,Fiat,Vermelho
107538,ADD47B89,VW,Azul Claro
101435,FFC20B89,Fiat,Preto
105763,EBA47B89,Toyota,Prata
102779,BEA20B89,Toyota,Vermelho
108511,AEF88B89,Toyota,Branco
109406,EDA87B89,VW,Branco
106682,ECC65B89,Honda,Branco
107014,FAD28B89,Fiat,Preto
109180,FFB51B89,Toyota,Vermelho
101327,BAD79B89,Fiat,Azul Claro
101729,AFB35B89,Fiat,Preto
107196,CAB96B89,Fiat,Branco
108741,DFF84B89,VW,Preto
109263,EAC63B89,Toyota,Vermelho
102875,BFF16B89,Fiat,Branco
103739,AAD76B89,Toyota,Prata
108379,DBF76B89,VW,Branco
101681,AFD34B89,Fiat,Vermelho
101452,BCE54B89,Chevrolet,Branco
104683,DDE53B89,Honda,Preto
107691,BDF79B89,Fiat,Vermelho
102109,BFA65B89,Toyota,Branco
105083,DCB49B89,VW,Preto
109973,EBD98B89,Fiat,Branco
101365,EEC28B89,Toyota,Vermelho
106309,EAF75B89,Honda,Prata
106778,DEC22B89,Toyota,Branco
103734,EAA47B89,Chevrolet,Vermelho
101000,CAF19B89,VW,Vermelho
101304,BCF31B89,VW,Azul Claro
108065,ECA81B89,VW,Vermelho
104639,BAA22B89,Chevrolet,Preto
104563,ECE65B89,Fiat,Vermelho
100299,BFD59B89,Honda,Prata
101107,BDA54B89,Honda,Azul Claro
101982,BBC57B89,Toyota,Prata
104048,ABE46B89,Fiat,Preto
109376,CCD87B89,Fiat,Azul Claro
106812,DFC71B89,Toyota,Vermelho
102246,CFE46B89,Chevrolet,Branco
105815,CFB76B89,Toyota,Prata
103031,CAD59B89,VW,Prata
104658,CDB53B89,Toyota,Preto
101608,BFE79B89,Chevrolet,Vermelho
107305,FCB66B89,Chevrolet,Vermelho
101990,AAD32B89,Honda,Azul Claro
107038,EEE27B89,VW,Preto
103907,AEB49B89,Chevrolet,Preto
100008,CBB36B89,Fiat,Prata
109553,AFD55B89,Honda,Azul Claro
101271,DBE39B89,Honda,Preto
105521,BBC53B89,Fiat,Preto
107960,FAF84B89,VW,Branco
104633,FBA91B89,Honda,Azul Claro
106341,AFD75B89,Toyota,Vermelho
102817,ACF42B89,Fiat,Azul Claro
109598,DBA87B89,Toyota,Prata
104548,BBD27B89,VW,Azul Claro
102064,FAD28B89,Honda,Azul Claro
102569,BFE67B89,Toyota,Vermelho
109827,BEF21B89,Chevrolet,Preto
103779,AEF22B89,Toyota,Preto
101005,BAF42B89,Honda,Vermelho
105823,EBF81B89,Chevrolet,Branco
103097,FEF39B89,Fiat,Branco
102071,DEE63B89,VW,Branco
107459,BCA55B89,Chevrolet,Preto
106798,DAD81B89,Toyota,Branco
106660,EBD55B89,Honda,Prata
100691,FED88B89,Chevrolet,Prata
108473,FAD30B89,Honda,Vermelho
101380,EBE85B89,Chevrolet,Prata
107049,DAF56B89,Fiat,Prata
103997,EDA44B89,Toyota,Preto
106885,DBA25B89,Chevrolet,Vermelho
100750,CDE33B89,Toyota,Preto
101190,BAD44B89,Fiat,Vermelho
105090,DED12B89,VW,Prata
108070,BDD66B89,Chevrolet,Vermelho
109073,CBD98B89,VW,Azul Claro
105345,DBE74B89,Chevrolet,Azul Claro
108116,DBE10B89,VW,Preto
105767,BEE88B89,Toyota,Preto
105877,DAF80B89,Chevrolet,Azul Claro
101873,BBA83B89,Chevrolet,Azul Claro
109244,FEB27B89,VW,Preto
105375,BDB77B89,Fiat,Azul Claro
107260,BDB87B89,VW,Branco
109725,EAF93B89,Honda,Preto
108952,EEE74B89,VW,Azul Claro
109024,CDC35B89,Honda,Prata
100817,FEC18B89,Toyota,Vermelho
107862,EAC28B89,Fiat,Preto
103906,AFB11B89,Fiat,Prata
104940,DFB42B89,VW,Prata
109243,CCC96B89,Honda,Branco
101310,BBA74B89,Honda,Prata
107380,ABE76B89,Toyota,Azul Claro
104307,AFD37B89,Toyota,Branco
104142,EFC84B89,VW,Vermelho
103320,FAB55B89,VW,Vermelho
106934,BCF21B89,Chevrolet,Azul Claro
103895,FDF43B89,Fiat,Preto
106415,EFE65B89,Honda,Branco
103550,AAE91B89,Chevrolet,Azul Claro
104745,EEA77B89,Chevrolet,Preto
108411,FCB32B89,Fiat,Branco
106084,FBE41B89,Chevrolet,Azul Claro
109649,CFB11B89,Honda,Prata
100767,BDF25B89,VW,Preto
102478,CAB61B89,Toyota,Prata
105272,FFF53B89,VW,Preto
103594,CFD43B89,Chevrolet,Preto
108903,AAE70B89,Honda,Branco
102623,CEB17B89,Chevrolet,Preto
107339,AEB79B89,Honda,Preto
106469,EDC81B89,Honda,Branco
104340,FCC45B89,VW,Prata
102559,BCA79B89,Honda,Azul Claro
101808,DED86B89,Honda,Branco
109207,ECA28B89,Fiat,Prata
105617,EFB35B89,Fiat,Branco
107550,EDA35B89,Fiat,Preto
104776,FAA51B89,Chevrolet,Azul Claro
109023,ACF74B89,Fiat,Preto
108089,DED24B89,Honda,Vermelho
100263,FBB98B89,Fiat,Azul Claro
109746,DDF88B89,VW,Preto
100166,FBD40B89,Honda,Preto
103987,DFF51B89,Toyota,Azul Claro
107099,ADB83B89,VW,Azul Claro
103559,EEA66B89,Fiat,Preto
100344,AAA10B89,VW,Azul Claro
104028,BBA62B89,Fiat,Azul Claro
106550,EDF90B89,Toyota,Branco
101571,DAA94B89,Honda,Branco
105277,CDC81B89,VW,Prata
109761,FBF80B89,VW,Branco
108557,DEC71B89,Honda,Branco
107030,DCD97B89,Toyota,Preto
107229,DCE29B89,Toyota,Prata
102084,EEA81B89,VW,Preto
101636,FFD92B89,VW,Vermelho
101928,DDB36B89,Fiat,Branco
101370,ECE24B89,Honda,Azul Claro
103090,DFB88B89,Fiat,Vermelho
104734,ADF29B89,VW,Prata
104909,CBB28B89,Fiat,Prata
108072,AEB64B89,Honda,Prata
108800,CAA28B89,VW,Preto
100558,FAA43B89,Toyota,Prata
104172,BDF57B89,Toyota,Azul Claro
107180,EEE87B89,Fiat,Prata
103617,BDE26B89,Toyota,Preto
101916,DFA56B89,Honda,Vermelho
100042,EAC31B89,Toyota,Azul Claro
100031,CDC39B89,Chevrolet,Vermelho
109975,FDD27B89,Toyota,Vermelho
107308,ADD40B89,Chevrolet,Prata
109200,DBD41B89,VW,Azul Claro
109934,AEE42B89,VW,Preto
101917,EAD72B89,Honda,Prata
105053,DAD82B89,Fiat,Branco
104986,AFA30B89,Chevrolet,Vermelho
101964,BCB72B89,Fiat,Azul Claro
105685,BBC64B89,Fiat,Vermelho
106816,EDE50B89,Chevrolet,Prata
109483,EDF98B89,VW,Prata
105904,DBB43B89,Fiat,Preto
100285,DAE68B89,Honda,Azul Claro
100725,ABC36B89,Fiat,Azul Claro
105203,BBC49B89,Toyota,Branco
103084,DCC94B89,Honda,Vermelho
107066,CEF31B89,Fiat,Prata
101976,DFF98B89,Chevrolet,Vermelho
100697,DAA40B89,Fiat,Azul Claro
101442,EDB62B89,Chevrolet,Vermelho
109629,BEB89B89,Chevrolet,Branco
103250,CFB27B89,Honda,Prata
105686,FCF12B89,Chevrolet,Preto
102309,FFC21B89,VW,Branco
107245,FEE76B89,Fiat,Branco
101766,EBB58B89,Chevrolet,Vermelho
103054,DFE26B89,Fiat,Preto
102427,ECC68B89,Chevrolet,Vermelho
105429,ACD65B89,Chevrolet,Prata
103918,EDE76B89,Toyota,Azul Claro
105422,FDC32B89,VW,Azul Claro
101488,BDE44B89,Honda,Branco
104998,ACF64B89,Fiat,Vermelho
108393,FFC29B89,Fiat,Preto
106517,AFE48B89,Honda,Prata
104664,FCC22B89,Chevrolet,Azul Claro
109907,CBA62B89,VW,Preto
104444,DAE23B89,Fiat,Azul Claro
105207,FCD13B89,VW,Preto
108394,CFE91B89,Toyota,Prata
105159,DBC86B89,VW,Azul Claro
102118,FAF47B89,Chevrolet,Azul Claro
109623,EBD14B89,Chevrolet,Azul Claro
103989,DDC40B89,Honda,Preto
100542,FDC28B89,VW,Vermelho
107750,CDC57B89,VW,Preto
107033,CCD34B89,VW,Prata
101071,DAB94B89,Chevrolet,Vermelho
109116,ECF19B89,Toyota,Preto
107408,DEA87B89,Toyota,Branco
105838,FFA18B89,Chevrolet,Azul Claro
101655,ADA35B89,Honda,Branco
105320,BCC19B89,VW,Preto
102861,EDC11B89,Fiat,Vermelho
101335,BBF44B89,Fiat,Prata
101812,ECD62B89,Chevrolet,Vermelho
107491,CFD67B89,Chevrolet,Branco
102183,FAB18B89,Chevrolet,Branco
104026,ADC29B89,Chevrolet,Branco
108213,BAC82B89,Toyota,Branco
105524,ECA67B89,Honda,Prata
101165,FEE36B89,Fiat,Preto
106888,CFE48B89,Chevrolet,Prata
107661,FCE59B89,Fiat,Azul Claro
107227,AFD75B89,Fiat,Azul Claro
101807,CDF68B89,Fiat,Branco
107479,BDC70B89,Fiat,Prata
102126,FBE99B89,Honda,Azul Claro
108154,FAB40B89,Chevrolet,Vermelho
109118,BBC91B89,VW,Preto
101011,FAC60B89,Honda,Azul Claro
109661,FEF24B89,Toyota,Preto
102088,BCD19B89,Honda,Azul Claro
102476,FBB26B89,Toyota,Azul Claro
109443,DBC68B89,VW,Prata
102462,DFB93B89,Chevrolet,Azul Claro
105982,BFA32B89,Toyota,Azul Claro
107341,CCF20B89,VW,Azul Claro
106808,BEC78B89,Chevrolet,Preto
108237,DCD90B89,Honda,Azul Claro
101171,CDB91B89,Fiat,Azul Claro
108922,BBD42B89,Honda,Branco
104421,FFD97B89,Chevrolet,Prata
101246,BFB60B89,Toyota,Preto
109657,BDD26B89,Honda,Azul Claro
104921,BCE84B89,Honda,Branco
106977,ECF71B89,Honda,Azul Claro
106303,EBC67B89,Toyota,Branco
102074,ACE79B89,VW,Branco
106667,DFD88B89,Toyota,Vermelho
105112,AEE42B89,Fiat,Preto
105348,FDF77B89,Fiat,Preto
104446,ABC93B89,Honda,Preto
100474,FDE89B89,Fiat,Branco
103290,CEF25B89,Toyota,Branco
101853,FCC33B89,Chevrolet,Vermelho
100914,AAA78B89,Chevrolet,Vermelho
105470,ADC68B89,Toyota,Prata
109518,BAF82B89,Honda,Branco
104871,CFF82B89,Fiat,Azul Claro
109226,CEC28B89,Chevrolet,Prata
104465,EEC49B89,Fiat,Preto
100338,DDC99B89,VW,Vermelho
109775,CEA39B89,Toyota,Branco
107649,CED81B89,Honda,Vermelho
103977,ECD34B89,VW,Vermelho
107139,FDD63B89,Toyota,Vermelho
105456,ABB45B89,Fiat,Branco
107031,CEE41B89,Honda,Azul Claro
104034,DCE77B89,Honda,Vermelho
102432,FBB64B89,Chevrolet,Vermelho
102760,FEE60B89,Honda,Azul Claro
108257,AED94B89,Toyota,Preto
101519,BCE36B89,Fiat,Vermelho
103274,CBA77B89,Honda,Preto
104445,BBA31B89,VW,Branco
105706,AED91B89,Honda,Prata
103387,FEB73B89,Honda,Branco
108433,AED99B89,Toyota,Prata
104698,FDB27B89,Fiat,Vermelho
109209,AEC93B89,Chevrolet,Branco
104056,CFB86B89,VW,Preto
103570,CDD13B89,Honda,Azul Claro
105265,ACC92B89,Honda,Azul Claro
106969,BAB46B89,Honda,Branco
105058,FBE80B89,Toyota,Azul Claro
101467,CCB49B89,VW,Vermelho
106536,BFE69B89,VW,Prata
109899,BAB83B89,Fiat,Preto
108520,FAD59B89,VW,Azul Claro
102961,DAB76B89,Honda,Prata
109368,FBC82B89,Fiat,Azul Claro
101383,FCD82B89,Chevrolet,Branco
106117,ECF89B89,Fiat,Azul Claro
106147,FCC87B89,Chevrolet,Vermelho
104530,FBA52B89,Toyota,Azul Claro
103986,ACF36B89,Toyota,Preto
101748,DFE18B89,Honda,Azul Claro
104166,EAD46B89,VW,Preto
101012,DDF90B89,Honda,Vermelho
105126,DBE48B89,Fiat,Branco
109435,BDF13B89,VW,Branco
101213,ECA53B89,VW,Vermelho
101122,BDB27B89,VW,Azul Claro
106820,AED66B89,Honda,Prata
103101,AEF53B89,Toyota,Preto
107576,FFB55B89,Toyota,Vermelho
100084,EFB50B89,Toyota,Azul Claro
101226,EAB96B89,Toyota,Vermelho
107203,FDD53B89,Fiat,Branco
108750,ADF47B89,Chevrolet,Vermelho
106286,DDC56B89,Chevrolet,Prata
105804,CCD66B89,VW,Azul Claro
105572,FDD54B89,Chevrolet,Prata
109108,BFF28B89,Toyota,Vermelho
103099,ADE35B89,Honda,Preto
107074,EDF72B89,Fiat,Branco
108308,EDD14B89,Chevrolet,Azul Claro
109637,ABA12B89,Fiat,Branco
100709,BDA59B89,Fiat,Preto
109478,EEA44B89,VW,Azul Claro
104093,CAD83B89,Fiat,Vermelho
108366,EDA16B89,Chevrolet,Azul Claro
101604,ABA91B89,Honda,Prata
101600,DAD11B89,Honda,Preto
101248,BBF98B89,Toyota,Azul Claro
109556,EDF11B89,VW,Prata
100846,FCC44B89,VW,Vermelho
103805,ECE72B89,Fiat,Prata
104344,EBE60B89,Toyota,Preto
107410,DBC37B89,Honda,Preto
100176,CFE47B89,Toyota,Vermelho
107268,CBA50B89,Toyota,Prata
102358,FFE57B89,Fiat,Prata
104115,EAD81B89,Honda,Branco
102231,DAA43B89,Honda,Branco
103134,BBE18B89,Honda,Vermelho
102767,BFB82B89,Chevrolet,Prata
103936,BDE16B89,VW,Vermelho
101590,FFC90B89,Chevrolet,Branco
103053,FBE17B89,Fiat,Vermelho
107679,DCD42B89,VW,Branco
104554,DEB40B89,Fiat,Prata
102376,BEA83B89,Fiat,Azul Claro
105171,FBB48B89,Fiat,Azul Claro
102414,BBA75B89,Fiat,Prata
101430,FFE18B89,Fiat,Preto
101512,DBA89B89,VW,Prata
108004,FAA51B89,Chevrolet,Prata
108327,CBE46B89,VW,Branco
105535,ECC49B89,Fiat,Prata
103894,DAD42B89,Fiat,Vermelho
107677,CDA98B89,Fiat,Branco
100445,CBE52B89,Toyota,Preto
109560,FBD50B89,Chevrolet,Vermelho
100278,FED54B89,Fiat,Branco
106329,FCE91B89,Chevrolet,Azul Claro
103221,EDB77B89,Honda,Preto
103681,DED47B89,Chevrolet,Prata
106793,FCC59B89,Chevrolet,Branco
105300,EDA72B89,VW,Azul Claro
102894,FCD48B89,Fiat,Prata
103546,EBA52B89,Honda,Preto
105548,DDA21B89,Fiat,Preto
103074,BBB58B89,Chevrolet,Azul Claro
102404,CDB41B89,Honda,Preto
109290,CBC72B89,Honda,Azul Claro
102771,EAA20B89,Toyota,Preto
105645,BBD34B89,Toyota,Prata
108011,BFD31B89,VW,Preto
104594,EED68B89,Fiat,Branco
103369,FEE59B89,Honda,Preto
101297,EAC71B89,Honda,Prata
107771,EDC42B89,Toyota,Vermelho
105073,DDE73B89,Chevrolet,Branco
100553,EEE41B89,Chevrolet,Vermelho
102251,CED98B89,VW,Azul Claro
106678,BCA63B89,Chevrolet,Azul Claro
102951,EDA72B89,Chevrolet,Azul Claro
105240,EEE91B89,Honda,Vermelho
105585,AFE99B89,VW,Branco
106156,CAD51B89,Honda,Azul Claro
104031,CED65B89,Toyota,Branco
106354,BFB24B89,Fiat,Branco
101706,FDD84B89,Fiat,Azul Claro
102038,CBA53B89,Chevrolet,Branco
103857,BAC88B89,Fiat,Branco
104269,AED65B89,VW,Azul Claro
100434,ECF63B89,Chevrolet,Branco
108083,DFE78B89,Fiat,Preto
104345,DDD90B89,Fiat,Vermelho
109807,EFB75B89,Toyota,Prata
108103,CEE16B89,Chevrolet,Branco
102479,FEA60B89,Fiat,Preto
104336,AEB45B89,Chevrolet,Azul Claro
102834,DAF35B89,Honda,Vermelho
102203,ADA41B89,Fiat,Preto
103445,FFC74B89,Chevrolet,Azul Claro
104586,EBE35B89,VW,Azul Claro
104022,EAA19B89,Fiat,Prata
103578,FCC49B89,Honda,Preto
101333,ADE48B89,Toyota,Vermelho
106935,FFC14B89,VW,Prata
100509,FBD74B89,Honda,Azul Claro
103410,ECC47B89,VW,Prata
108359,DCC51B89,Fiat,Azul Claro
103767,CEB43B89,Honda,Vermelho
108819,CAE73B89,Chevrolet,Preto
107163,DCD28B89,VW,Azul Claro
101533,BFB96B89,VW,Azul Claro
109307,EAF79B89,Chevrolet,Branco
105894,FAA74B89,VW,Preto
109577,DDF74B89,Chevrolet,Prata
104941,FDF90B89,Fiat,Branco
104254,BEE68B89,VW,Branco
108768,FFD75B89,VW,Preto
107316,FCB47B89,Fiat,Prata
109366,FCB23B89,Honda,Preto
108223,CDD10B89,Fiat,Vermelho
105717,EAC96B89,Chevrolet,Vermelho
106238,DCE61B89,Toyota,Vermelho
108938,CAA55B89,Toyota,Branco
109386,CDF37B89,Chevrolet,Prata
108976,CBE24B89,Chevrolet,Azul Claro
102887,ACC85B89,Toyota,Vermelho
108755,BAC53B89,Toyota,Preto
107534,AFC47B89,Honda,Azul Claro
100141,FAF25B89,Chevrolet,Branco
100932,EBA53B89,Toyota,Preto
108955,EBD42B89,VW,Azul Claro
100190,DAA46B89,Chevrolet,Prata
107452,CCC69B89,Fiat,Azul Claro
106472,CCF77B89,VW,Prata
100936,DDB26B89,Toyota,Branco
105980,CCA57B89,Honda,Prata
103484,FBA11B89,VW,Vermelho
100821,EEE70B89,Fiat,Branco
109359,BDA14B89,VW,Preto
101517,ACD79B89,Honda,Vermelho
100993,BFA79B89,Chevrolet,Vermelho
103657,AED12B89,Chevrolet,Prata
106765,FEC96B89,Honda,Vermelho
106220,FBE10B89,Toyota,Azul Claro
101368,ADF60B89,Toyota,Vermelho
103494,DBE18B89,Honda,Prata
108545,EFA44B89,Chevrolet,Preto
108036,AFA26B89,Toyota,Preto
101547,EBF49B89,VW,Prata
107933,EAD66B89,VW,Prata
102584,DFA84B89,Toyota,Vermelho
108241,BFC98B89,Chevrolet,Azul Claro
105721,FBA22B89,Chevrolet,Azul Claro
103703,BEE10B89,Fiat,Preto
107865,BDD53B89,VW,Azul Claro
104389,EBE88B89,Chevrolet,Vermelho
108992,DDE79B89,Toyota,Preto
101818,AEE74B89,VW,Vermelho
107517,BDB25B89,Toyota,Vermelho
107948,DFE78B89,Honda,Azul Claro
104152,CBB78B89,Honda,Prata
100353,EDB14B89,Fiat,Branco
108928,ABC96B89,Chevrolet,Branco
102143,CDB53B89,VW,Azul Claro
107839,EDA92B89,Fiat,Branco
107007,EFE93B89,Honda,Preto
105561,FBB77B89,Fiat,Preto
101935,ABE91B89,Honda,Vermelho
105727,EFB75B89,VW,Azul Claro
100803,EEF33B89,VW,Prata
105924,DFB97B89,Chevrolet,Prata
104739,DBF98B89,VW,Preto
106565,CDD77B89,Honda,Vermelho
101466,BBB99B89,Toyota,Branco
103447,EBF31B89,Honda,Vermelho
101933,ADD78B89,Fiat,Preto
109516,BAE65B89,VW,Vermelho
106868,AED90B89,Fiat,Preto
109177,BAB87B89,Fiat,Azul Claro
100778,BEC15B89,Chevrolet,Preto
105950,ECF55B89,Chevrolet,Vermelho
109738,FAF17B89,Chevrolet,Azul Claro
108643,BCD97B89,Toyota,Preto
106702,CFE85B89,Toyota,Branco
108887,FBD93B89,Honda,Vermelho
109211,BAF42B89,Fiat,Branco
105762,BDF30B89,Toyota,Branco
107958,EFD45B89,Honda,Preto
103843,ECC58B89,Honda,Vermelho
109990,BAF84B89,VW,Vermelho
102918,CEE17B89,Chevrolet,Preto
105157,DED34B89,VW,Vermelho
101722,FFF98B89,Chevrolet,Prata
108810,EDF70B89,Fiat,Preto
109663,BAA51B89,Honda,Prata
101061,FCD11B89,Chevrolet,Azul Claro
108200,ECE35B89,Toyota,Vermelho
101373,FFB50B89,Toyota,Azul Claro
104165,CEA82B89,Chevrolet,Prata
104625,CAF85B89,Honda,Azul Claro
107404,DEA64B89,Chevrolet,Branco
107915,ECE23B89,VW,Prata
104982,ABC75B89,Honda,Preto
102437,ABD98B89,Fiat,Branco
109153,BBB61B89,VW,Prata
100931,BCE31B89,Chevrolet,Preto
106573,BDE14B89,Chevrolet,Preto
107962,BDD71B89,Chevrolet,Branco
106759,EEC72B89,Fiat,Preto
106113,CCA76B89,Honda,Azul Claro
107481,FFB55B89,Fiat,Vermelho
106947,CCA12B89,Fiat,Branco
109906,DBC38B89,Chevrolet,Azul Claro
108312,FFE19B89,Fiat,Branco
109555,CDA49B89,Toyota,Vermelho
107438,ECD67B89,VW,Vermelho
102291,BBA93B89,Chevrolet,Prata
105408,CAF77B89,Fiat,Azul Claro
102668,FCC75B89,Honda,Vermelho
106712,EDE33B89,Toyota,Prata
103603,BEF86B89,Honda,Preto
107873,ADD37B89,Fiat,Azul Claro
108772,EAE17B89,VW,Prata
103752,DEB75B89,Honda,Vermelho
106349,AFD88B89,Chevrolet,Prata
109467,DEB33B89,Fiat,Branco
108533,FAC48B89,Fiat,Prata
101066,DEF47B89,Honda,Prata
108161,EAD33B89,Chevrolet,Vermelho
103978,BEA29B89,Chevrolet,Branco
108823,AAB76B89,Toyota,Prata
109559,AFC80B89,Chevrolet,Azul Claro
100350,AAA58B89,Toyota,Prata
100842,BDE81B89,Honda,Vermelho
102977,ACB45B89,Chevrolet,Prata
107495,DEA20B89,Toyota,Azul Claro
103920,FBC34B89,Fiat,Prata
102744,BAF42B89,VW,Branco
102091,ACC48B89,Toyota,Branco
107700,BEB55B89,VW,Preto
109167,CBF91B89,VW,Vermelho
100503,FFB75B89,VW,Preto
102271,EBA19B89,VW,Vermelho
103063,FCE42B89,Honda,Preto
100151,ABE15B89,Toyota,Prata
106339,ECB13B89,Honda,Vermelho
104104,EEE35B89,Fiat,Vermelho
109734,EAA92B89,Toyota,Prata
100168,FBC49B89,VW,Prata
103890,ABD18B89,Chevrolet,Prata
109197,CFF88B89,VW,Preto
105702,CEE78B89,Chevrolet,Vermelho
103059,DEA46B89,Toyota,Preto
107891,BFC62B89,Honda,Branco
107016,FBF86B89,Chevrolet,Azul Claro
104832,EFF40B89,VW,Preto
108455,CDD25B89,Honda,Preto
109295,FDD32B89,Chevrolet,Vermelho
109236,FEB48B89,Honda,Vermelho
106180,FAF75B89,Honda,Prata
100004,FED95B89,Honda,Vermelho
103830,EAB97B89,Honda,Azul Claro
103755,BBC14B89,Toyota,Azul Claro
109114,CBE42B89,Chevrolet,Azul Claro
101236,ABB54B89,VW,Prata
103924,ABC40B89,VW,Branco
102900,CFA15B89,Fiat,Branco
109950,AFF64B89,Chevrolet,Prata
107703,EEE55B89,Fiat,Vermelho
109566,AED21B89,Toyota,Preto
100014,CFB78B89,Toyota,Vermelho
109713,EEB89B89,Toyota,Preto
100682,BCA51B89,Honda,Preto
102792,FCE53B89,Toyota,Preto
106045,CCB67B89,Toyota,Prata
102927,DDD23B89,Honda,Azul Claro
101545,DDA87B89,Chevrolet,Preto
108329,BCA65B89,Fiat,Branco
101826,FDF16B89,VW,Branco
105843,BEA76B89,VW,Vermelho
105449,FAC45B89,Honda,Preto
108769,ECF11B89,Toyota,Branco
106801,DCF12B89,Toyota,Branco
108038,CEA98B89,Fiat,Vermelho
104195,AAB92B89,Toyota,Preto
102241,FDB60B89,Chevrolet,Prata
100525,BBB67B89,Chevrolet,Preto
100098,BAC65B89,Fiat,Preto
102606,DCD74B89,Honda,Vermelho
102858,ADD26B89,VW,Prata
101643,AFD32B89,VW,Preto
105004,FEE80B89,Fiat,Preto
102942,CCA67B89,Toyota,Vermelho
108447,DEA77B89,Toyota,Vermelho
100005,DAA87B89,Fiat,Vermelho
102656,DBB25B89,Fiat,Azul Claro
106481,ADC91B89,Fiat,Preto
103163,AAF97B89,Fiat,Preto
107580,ADE72B89,VW,Vermelho
101659,CEC43B89,Chevrolet,Preto
103471,FEE25B89,Toyota,Vermelho
101317,DBD86B89,Chevrolet,Branco
104602,DCB62B89,Toyota,Prata
104072,AFB22B89,VW,Azul Claro
104467,DAC25B89,Honda,Branco
108510,AAD75B89,VW,Branco
105529,EDC63B89,Honda,Branco
107362,ADF74B89,Fiat,Azul Claro
102125,BFA59B89,Toyota,Prata
103744,CEA42B89,VW,Preto
109434,DBF68B89,Chevrolet,Branco
100487,ADF52B89,VW,Preto
103362,EED66B89,Toyota,Preto
104405,BFF18B89,Honda,Branco
101938,ECA88B89,Fiat,Vermelho
100119,EBC77B89,Fiat,Preto
104273,BCD91B89,Toyota,Azul Claro
109697,EBB83B89,VW,Preto
104827,EFE31B89,Toyota,Branco
101987,AAD69B89,Fiat,Branco
105125,CCB10B89,Toyota,Prata
103877,DDF22B89,Chevrolet,Azul Claro
107763,FBD33B89,Chevrolet,Prata
104453,DAD24B89,Honda,Preto
100885,DEA14B89,Honda,Prata
101125,EAC79B89,VW,Vermelho
102884,BEE24B89,VW,Vermelho
103714,CAB45B89,Chevrolet,Preto
103608,BDE94B89,Chevrolet,Vermelho
100507,BCF30B89,Honda,Preto
107808,EDF17B89,Toyota,Branco
105581,BAF78B89,Fiat,Preto
104790,EAE84B89,Toyota,Branco
101402,BAB73B89,Honda,Prata
107997,FBF31B89,Honda,Vermelho
107113,CED13B89,Toyota,Preto
106228,CBE61B89,Honda,Vermelho
100067,CAD37B89,Chevrolet,Preto
108319,DCC42B89,Fiat,Prata
106997,BBA81B89,Fiat,Branco
100286,BBB94B89,VW,Preto
100269,FAE66B89,VW,Vermelho
106599,DEE93B89,VW,Vermelho
109863,ABE92B89,Toyota,Branco
103149,CAB34B89,Chevrolet,Vermelho
103415,EEB86B89,Fiat,Prata
105361,FAC68B89,Toyota,Branco
100609,CBC83B89,Chevrolet,Branco
109824,FBF80B89,Honda,Preto
104388,DEE41B89,Chevrolet,Azul Claro
105483,FCC89B89,Chevrolet,Prata
100568,EBB56B89,Toyota,Azul Claro
105836,ACF88B89,Toyota,Vermelho
107238,ABF77B89,Toyota,Azul Claro
104432,FAC78B89,Fiat,Vermelho
102361,BDD25B89,Toyota,Branco
101957,FBE56B89,Fiat,Azul Claro
108256,BFB72B89,VW,Preto
102717,DAA41B89,Fiat,Azul Claro
105022,DFD63B89,Honda,Branco
102643,CBF22B89,VW,Preto
100587,FFA38B89,VW,Preto
101157,EBE79B89,VW,Azul Claro
106291,DFB86B89,Chevrolet,Prata
104748,ADB66B89,Fiat,Prata
109786,CCA36B89,Toyota,Vermelho
103950,FAC49B89,Toyota,Preto
108361,FBD64B89,Chevrolet,Branco
108454,ECF78B89,Toyota,Preto
100850,L337B89,Honda,Azul Claro
101921,CFE21B89,Toyota,Preto
106029,ABE76B89,Fiat,Azul Claro
102455,DBE17B89,Fiat,Azul Claro
108653,FEF71B89,Honda,Branco
107451,AFF66B89,VW,Branco
107592,AAD96B89,VW,Azul Claro
102525,BEE50B89,Toyota,Preto
103217,CBD82B89,Toyota,Prata
101684,DEA86B89,Honda,Prata
108142,EEC44B89,Honda,Branco
108552,DBF56B89,Honda,Preto
109028,DAA39B89,Chevrolet,Vermelho
104440,BDE89B89,Honda,Vermelho
100192,FFC18B89,Chevrolet,Branco
102393,FAF69B89,VW,Vermelho
103673,EBD93B89,Toyota,Branco
109463,CFE66B89,VW,Azul Claro
108471,FBB31B89,Toyota,Branco
107243,AEB72B89,Chevrolet,Branco
105103,CDA34B89,Fiat,Branco
108202,AAB49B89,Toyota,Vermelho
104595,DCF52B89,Toyota,Branco
102637,ABE54B89,Honda,Preto
108709,FAB25B89,VW,Prata
105151,BAC90B89,Fiat,Azul Claro
107970,FEF16B89,Toyota,Azul Claro
102613,AEA51B89,Toyota,Preto
107457,EFF68B89,Chevrolet,Branco
108730,ECB37B89,Chevrolet,Branco
102080,ABE18B89,Honda,Preto
103326,FEA59B89,Toyota,Prata
101268,BEF83B89,Chevrolet,Azul Claro
109251,AEC87B89,Honda,Prata
101991,DBB85B89,VW,Branco
101761,ACC16B89,VW,Preto
102839,BED98B89,VW,Vermelho
103946,ADE47B89,Fiat,Vermelho
101575,ECF55B89,Chevrolet,Preto
105761,BDA56B89,Toyota,Prata
103892,BAE63B89,Honda,Prata
102608,DBE97B89,Chevrolet,Preto
101583,BDD35B89,VW,Preto
104178,BCD84B89,Chevrolet,Preto
101520,BDE27B89,Chevrolet,Azul Claro
108711,FFB12B89,Toyota,Branco
101617,FAB43B89,Honda,Branco
105736,FDC19B89,Fiat,Prata
100491,FBF13B89,Fiat,Prata
103929,BBA41B89,Fiat,Vermelho
102572,DDB33B89,Toyota,Prata
105820,BDE41B89,Toyota,Preto
101330,CBE89B89,Chevrolet,Azul Claro
104140,AEB53B89,Chevrolet,Branco
109030,CCD45B89,Honda,Branco
103582,EED74B89,Fiat,Azul Claro
104468,ABB62B89,Honda,Azul Claro
101674,EBB41B89,VW,Branco
101759,EAB38B89,Honda,Vermelho
106292,BAC99B89,Honda,Vermelho
101637,ABA21B89,VW,Vermelho
100405,EFD94B89,Toyota,Branco
106191,FEB91B89,Fiat,Prata
104645,FBA69B89,Chevrolet,Branco
104815,DFD22B89,Honda,Preto
100564,EDC15B89,Honda,Azul Claro
102037,AFF57B89,Chevrolet,Preto
101022,DEA41B89,Toyota,Preto
106714,AEF17B89,Honda,Vermelho
106921,ADA26B89,Honda,Vermelho
100266,BAB20B89,Chevrolet,Prata
108277,EFA47B89,VW,Prata
108994,AEC77B89,Fiat,Azul Claro
103827,ACD70B89,VW,Branco
102821,EDC95B89,Chevrolet,Preto
108255,ACE17B89,Chevrolet,Preto
107039,EDA65B89,Fiat,Vermelho
107208,DAA30B89,Honda,Vermelho
102742,DFF73B89,Fiat,Vermelho
101263,EFC16B89,Honda,Vermelho
106585,FDA50B89,Chevrolet,Azul Claro
103584,EDC80B89,Honda,Azul Claro
104384,BFE96B89,Fiat,Preto
107116,CEB47B89,Chevrolet,Vermelho
101668,EFB29B89,VW,Azul Claro
101988,BCC47B89,VW,Azul Claro
105177,DBB22B89,Toyota,Branco
105155,CFC27B89,Chevrolet,Branco
104951,DDA49B89,VW,Vermelho
104860,BDD64B89,Toyota,Prata
105689,EAC38B89,Toyota,Prata
109651,EAC85B89,Honda,Azul Claro
103833,BAF70B89,Toyota,Preto
109788,BBF58B89,Honda,Preto
109615,BCE45B89,Honda,Vermelho
109586,ECD68B89,Honda,Branco
109619,EBC12B89,VW,Branco
106561,CDD33B89,Honda,Branco
108689,CEF64B89,VW,Prata
107273,BCF89B89,Toyota,Branco
105225,BBE52B89,Toyota,Vermelho
104774,ECD35B89,Fiat,Branco
100758,EBF16B89,Honda,Vermelho
104603,CFB75B89,Chevrolet,Vermelho
106456,CBA45B89,Chevrolet,Branco
102806,ACE32B89,Toyota,Prata
109634,EEC92B89,Chevrolet,Branco
103592,AEB94B89,VW,Vermelho
105737,DFE70B89,Honda,Branco
106511,AAE74B89,Chevrolet,Azul Claro
104531,ACA68B89,VW,Preto
109217,DEE60B89,Toyota,Azul Claro
104903,ABF78B89,Chevrolet,Branco
104693,BFE30B89,Chevrolet,Branco
100895,FBC88B89,Chevrolet,Vermelho
103368,DDB86B89,Fiat,Prata
109846,ECE37B89,Toyota,Azul Claro
101225,ABD56B89,Honda,Vermelho
103992,CFA78B89,Honda,Vermelho
107818,DDC77B89,Chevrolet,Azul Claro
103619,FCE25B89,Fiat,Branco
108170,EDD80B89,Toyota,Vermelho
109590,FAB76B89,Honda,Vermelho
106737,DEB77B89,Chevrolet,Branco
103729,BDD67B89,Chevrolet,Azul Claro
102475,EBF21B89,Toyota,Branco
102491,CCC34B89,Toyota,Vermelho
104732,DFC87B89,Honda,Branco
102222,AEB11B89,Fiat,Branco
106151,EFD89B89,Fiat,Vermelho
103796,CEB97B89,VW,Vermelho
102227,ACF19B89,VW,Preto
103904,AAA91B89,Fiat,Preto
100945,ACB15B89,VW,Azul Claro
101274,FDF79B89,Fiat,Prata
104973,DFC45B89,Fiat,Preto
106881,BFC19B89,Honda,Preto
105231,ABB11B89,VW,Azul Claro
107053,CEA87B89,Honda,Prata
108112,CAB77B89,VW,Vermelho
107191,FFA40B89,Fiat,Prata
107504,EAB98B89,Honda,Azul Claro
101154,BCD31B89,Fiat,Branco
108996,FFE94B89,Honda,Vermelho
105638,CDE21B89,Honda,Preto
109104,AEB65B89,Honda,Azul Claro
102788,BCD32B89,Toyota,Prata
101180,DBA16B89,Chevrolet,Branco
107321,FBE72B89,Honda,Branco
107179,CDA86B89,Honda,Azul Claro
107888,ADF46B89,VW,Azul Claro
103493,DCC48B89,Honda,Vermelho
104475,CDE10B89,Honda,Preto
101459,FFE15B89,Toyota,Azul Claro
104510,ADA74B89,Fiat,Azul Claro
107361,BCE60B89,Fiat,Vermelho
106060,CCE88B89,Toyota,Prata
109288,ABF43B89,Fiat,Vermelho
100452,DBB21B89,Fiat,Branco
106433,BDA45B89,Toyota,Azul Claro
101586,BAF95B89,Toyota,Preto
101395,ADE97B89,VW,Azul Claro
109016,CBC77B89,Fiat,Preto
104614,FBD52B89,Fiat,Vermelho
103889,DDC14B89,Honda,Azul Claro
102674,FFC93B89,Toyota,Vermelho
103606,CDA94B89,Chevrolet,Vermelho
100596,DFC45B89,Honda,Prata
106593,AFE97B89,VW,Preto
101876,DDE77B89,VW,Preto
102863,CAE84B89,Toyota,Azul Claro
102035,CBC96B89,VW,Azul Claro
103299,CAF95B89,Chevrolet,Preto
109421,BBC11B89,Fiat,Branco
108935,ABF54B89,Chevrolet,Azul Claro
101548,FBC51B89,Honda,Preto
103032,CCE41B89,Chevrolet,Preto
103903,CFC71B89,VW,Vermelho
108138,DDA76B89,Toyota,Branco
102182,DCA68B89,Toyota,Vermelho
103856,FDA77B89,Honda,Vermelho
102031,ADC79B89,Chevrolet,Prata
107327,CBD75B89,Honda,Vermelho
101829,EDC67B89,VW,Branco
107359,ABB36B89,Chevrolet,Azul Claro
102245,BAD36B89,Honda,Branco
101484,CBE67B89,Chevrolet,Vermelho
107998,FED78B89,VW,Prata
106893,EDF88B89,Fiat,Vermelho
103647,BFB81B89,Chevrolet,Vermelho
109908,EEB29B89,Toyota,Azul Claro
109436,BDF20B89,Fiat,Branco
103831,BDD27B89,Chevrolet,Branco
106761,AAE31B89,VW,Preto
106951,CFE50B89,Chevrolet,Preto
104985,FCD37B89,VW,Azul Claro
107256,ACD34B89,VW,Azul Claro
103832,AEC49B89,Honda,Preto
102248,FAE59B89,Honda,Vermelho
101424,DCE58B89,Chevrolet,Azul Claro
108747,AAF79B89,Chevrolet,Preto
107955,FBF63B89,Fiat,Preto
100468,CAE24B89,Toyota,Prata
100027,FEE37B89,VW,Branco
104352,BBD73B89,Toyota,Branco
106858,CBE31B89,VW,Preto
104147,CCC83B89,Honda,Branco
100805,DDF63B89,Chevrolet,Prata
102100,CDF45B89,Chevrolet,Azul Claro
107124,DAE58B89,Fiat,Branco
106832,FAA30B89,Toyota,Prata
104730,DDC58B89,Chevrolet,Branco
105268,CFF65B89,Toyota,Preto
107895,CAB76B89,Honda,Azul Claro
101143,CEF18B89,Chevrolet,Prata
108470,CFD70B89,Toyota,Prata
102737,DAA87B89,VW,Branco
109315,ADF66B89,Chevrolet,Vermelho
106498,DFB16B89,Chevrolet,Azul Claro
109201,EED80B89,VW,Branco
100985,ABE57B89,Fiat,Vermelho
105001,CFB90B89,Toyota,Azul Claro
103927,FEC40B89,Chevrolet,Prata
103742,CDA14B89,Honda,Azul Claro
100083,BAE71B89,VW,Vermelho
100925,EED50B89,VW,Prata
101003,AAA81B89,Chevrolet,Azul Claro
101507,CEC65B89,Chevrolet,Prata
101448,BDE46B89,Toyota,Branco
106724,CBC86B89,Toyota,Branco
101855,AAE55B89,Chevrolet,Branco
102536,ECD19B89,Fiat,Preto
102103,BAA83B89,Toyota,Azul Claro
108162,AFD81B89,VW,Vermelho
107521,ACD29B89,Chevrolet,Branco
103255,FEB34B89,Honda,Vermelho
103453,DDB78B89,Honda,Vermelho
102798,BDA90B89,Chevrolet,Vermelho
109707,DDD77B89,Chevrolet,Preto
106295,ACF94B89,Fiat,Preto
102871,ACE69B89,Chevrolet,Azul Claro
108910,EDD84B89,Honda,Preto
102561,BCF34B89,VW,Branco
109703,BBB28B89,Chevrolet,Vermelho
102324,FCB64B89,VW,Preto
109798,ADE69B89,Fiat,Branco
109796,DCE40B89,Fiat,Azul Claro
109100,FDE23B89,VW,Prata
105009,EDF76B89,Toyota,Branco
104517,AED89B89,Honda,Vermelho
104367,ADF34B89,Chevrolet,Preto
103730,ACF36B89,Toyota,Preto
108884,EAB83B89,Toyota,Preto
106774,CDE64B89,Fiat,Preto
101128,EEB40B89,Fiat,Preto
109093,DCF20B89,Honda,Branco
105613,EBA44B89,VW,Branco
104771,DEB76B89,VW,Vermelho
109603,AEC87B89,Toyota,Branco
100693,BCE31B89,Fiat,Prata
108629,DAE26B89,Toyota,Preto
109378,BCD92B89,Chevrolet,Azul Claro
103980,DDE89B89,VW,Azul Claro
106976,ACF73B89,Toyota,Vermelho
106970,FEC92B89,Honda,Branco
107834,DCA85B89,Fiat,Vermelho
104634,EAF87B89,Fiat,Preto
109020,ABF71B89,Toyota,Branco
103568,FDB31B89,Toyota,Azul Claro
102832,DDC13B89,Honda,Prata
106190,EEF11B89,Fiat,Preto
101120,DCF10B89,Toyota,Prata
102925,EFA76B89,Chevrolet,Azul Claro
106279,ABC43B89,Toyota,Branco
100875,DCD11B89,Fiat,Prata
103195,EAF78B89,Fiat,Prata
100287,BCB83B89,VW,Preto
104705,EFB18B89,Toyota,Vermelho
106508,BAA43B89,Fiat,Prata
103021,EDC53B89,Toyota,Branco
103789,DAD38B89,Fiat,Preto
104766,FBB74B89,VW,Vermelho
101047,EAC32B89,Honda,Branco
104847,EFC38B89,VW,Azul Claro
104809,BAA53B89,Toyota,Prata
107685,AEF32B89,Chevrolet,Branco
107925,CED57B89,Toyota,Azul Claro
104014,CCC25B89,Fiat,Prata
100794,EBA99B89,Fiat,Prata
103745,FAC51B89,Fiat,Branco
108805,FEF25B89,VW,Prata
102802,FCF99B89,Toyota,Prata
109142,DEA70B89,Chevrolet,Branco
106137,BAF16B89,Fiat,Prata
105908,EDE34B89,Chevrolet,Branco
105111,DFE24B89,VW,Prata
103500,EDC81B89,VW,Azul Claro
102194,BAC89B89,Chevrolet,Branco
105943,EBB58B89,Honda,Vermelho
103042,DBA56B89,VW,Azul Claro
108744,BBD89B89,VW,Vermelho
101043,BCB41B89,VW,Branco
109509,AEE59B89,Honda,Prata
101676,DAE12B89,VW,Preto
108120,BCB35B89,Chevrolet,Preto
104780,FFC96B89,Toyota,Vermelho
105018,BDD15B89,Fiat,Vermelho
104278,BDF18B89,VW,Vermelho
103835,FDA52B89,VW,Azul Claro
101880,DCC85B89,Chevrolet,Vermelho
104874,FFD70B89,Toyota,Prata
104706,BDE55B89,Honda,Preto
103381,BFA34B89,Honda,Branco
101775,AFB19B89,Chevrolet,Azul Claro
101401,DEF47B89,Honda,Preto
103361,FCA97B89,Fiat,Prata
108941,ACD29B89,Fiat,Prata
109356,FEF55B89,Chevrolet,Prata
106271,BCB44B89,Honda,Azul Claro
105507,CAF20B89,VW,Preto
103075,FFC64B89,Toyota,Preto
105410,EED84B89,VW,Prata
103490,CAB50B89,Fiat,Preto
108986,DEB42B89,VW,Branco
100199,CBC22B89,Chevrolet,Prata
104917,BEC49B89,Honda,Prata
100554,ACF58B89,Honda,Branco
105140,FDA92B89,Chevrolet,Vermelho
100345,EBC37B89,Toyota,Preto
109591,ABB53B89,Fiat,Prata
102155,CDA74B89,Fiat,Vermelho
104176,FAF96B89,VW,Branco
102236,EAC44B89,VW,Vermelho
109949,DFD59B89,VW,Azul Claro
100580,CCF37B89,Fiat,Vermelho
102154,EBE39B89,Honda,Prata
102841,FAC17B89,Honda,Prata
106016,CED57B89,Toyota,Preto
103692,DBE40B89,Fiat,Prata
106205,CAC25B89,VW,Prata
100831,CDE41B89,Fiat,Branco
107131,AAB27B89,Fiat,Azul Claro
109974,DCC71B89,Chevrolet,Vermelho
102044,FED88B89,Toyota,Branco
107418,FCF22B89,VW,Prata
107524,CDE98B89,Fiat,Preto
102453,FBB24B89,Honda,Vermelho
107561,FCB59B89,Toyota,Prata
104314,DFC19B89,Chevrolet,Prata
107117,FFC74B89,Honda,Vermelho
100360,BEC64B89,Toyota,Azul Claro
105016,EFF99B89,Chevrolet,Preto
100289,CDA28B89,Chevrolet,Prata
106134,DAA53B89,VW,Vermelho
106219,ACF98B89,Toyota,Vermelho
109311,EBC61B89,VW,Preto
106477,FAC96B89,Chevrolet,Prata
103814,ECD29B89,Honda,Prata
109286,BFB51B89,VW,Vermelho
104804,FDE97B89,Toyota,Azul Claro
105863,EEC81B89,Fiat,Vermelho
109444,DFC91B89,Fiat,Prata
105291,EEA63B89,Chevrolet,Vermelho
103191,FED95B89,Honda,Branco
103373,DFC29B89,Honda,Vermelho
104560,CAA31B89,Chevrolet,Vermelho
106100,EEB48B89,VW,Vermelho
105000,EBC84B89,Chevrolet,Prata
108914,FCD55B89,Honda,Preto
104767,AEE84B89,VW,Prata
105092,FDB36B89,Chevrolet,Preto
103108,AAE30B89,Honda,Preto
104464,BDB45B89,Honda,Preto
107119,EAC20B89,VW,Azul Claro
103254,ECB77B89,Fiat,Branco
109960,DAD88B89,Honda,Prata
107688,BBC97B89,Toyota,Preto
107657,BCE94B89,Fiat,Preto
101508,BEF74B89,Chevrolet,Prata
102872,ADF90B89,Toyota,Prata
100919,EEF34B89,Chevrolet,Prata
104571,DCE54B89,Honda,Prata
104124,ECD24B89,Toyota,Preto
103438,CEF16B89,Chevrolet,Azul Claro
104137,DDD61B89,Chevrolet,Branco
106787,FFD82B89,Honda,Preto
102466,ECF89B89,Fiat,Branco
104216,CBD20B89,Chevrolet,Prata
109391,ACA80B89,Chevrolet,Vermelho
100685,CFD79B89,VW,Prata
103630,EBA66B89,Honda,Prata
102734,EFA24B89,Toyota,Branco
109002,AFF30B89,VW,Prata
100674,BBD55B89,Chevrolet,Vermelho
101711,CEA52B89,Honda,Prata
108311,ACB98B89,Chevrolet,Preto
107299,CBC10B89,VW,Branco
105970,CBD27B89,Fiat,Vermelho
105887,EFD81B89,Toyota,Preto
107150,BCA61B89,Toyota,Preto
104035,EFF94B89,VW,Azul Claro
100470,BEA72B89,Fiat,Prata
108818,AFC61B89,VW,Vermelho
107684,DCF77B89,Fiat,Preto
104257,EFA44B89,Chevrolet,Vermelho
109325,CDE21B89,VW,Vermelho
103748,AFD73B89,Honda,Branco
105290,DAA54B89,Chevrolet,Azul Claro
101254,CAD80B89,Honda,Azul Claro
102062,EFC14B89,VW,Azul Claro
109057,CBC75B89,Chevrolet,Vermelho
106805,DDB20B89,Chevrolet,Azul Claro
107604,DBF34B89,Chevrolet,Vermelho
102122,ABF19B89,Toyota,Azul Claro
102673,CFA75B89,VW,Vermelho
103908,CCA93B89,Fiat,Branco
103953,FAB58B89,VW,Preto
101516,DCD96B89,Toyota,Vermelho
103700,EFC29B89,Toyota,Branco
106901,BAD19B89,VW,Azul Claro
100791,FAC28B89,Fiat,Branco
104936,FCA71B89,Honda,Prata
106924,EDE98B89,Fiat,Vermelho
100337,FCD22B89,Honda,Preto
107572,AAD84B89,VW,Prata
102344,ACE14B89,Fiat,Preto
104004,BBF63B89,Honda,Branco
101942,CDC57B89,VW,Branco
108843,DCA10B89,Chevrolet,Preto
106845,CAF26B89,Chevrolet,Vermelho
101913,FDC31B89,Honda,Branco
106824,ADF38B89,Honda,Preto
105670,FFB78B89,Toyota,Vermelho
101134,BDB98B89,Fiat,Azul Claro
105135,BFA40B89,Honda,Preto
104481,EBD73B89,VW,Azul Claro
107141,CCB55B89,VW,Preto
100033,EFB32B89,Fiat,Vermelho
107729,CAB93B89,Toyota,Vermelho
100311,EBA86B89,Toyota,Branco
104430,CBD48B89,Honda,Branco
107223,EBE64B89,VW,Branco
107369,EEC25B89,Chevrolet,Azul Claro
104852,BAC34B89,Honda,Branco
100589,CFE36B89,Toyota,Preto
100239,BBA20B89,Toyota,Preto
106968,ABF97B89,VW,Prata
109150,DAB89B89,Chevrolet,Azul Claro
105536,CBF33B89,Fiat,Preto
101745,FEE35B89,VW,Prata
106168,BCB79B89,Chevrolet,Vermelho
108464,BFD76B89,Fiat,Prata
104256,ADD50B89,Toyota,Preto
103491,ACA13B89,Toyota,Vermelho
101024,AEF31B89,VW,Azul Claro
109898,CFE85B89,Toyota,Vermelho
100226,BBC22B89,VW,Prata
102906,BFB77B89,Toyota,Branco
109929,BFA55B89,Chevrolet,Vermelho
108939,BDB66B89,Honda,Vermelho
106873,FBF43B89,Toyota,Branco
106534,BBA66B89,Fiat,Branco
105096,EED15B89,Honda,Vermelho
103743,CFC50B89,Honda,Branco
107487,BEE69B89,Honda,Vermelho
104090,ACC39B89,Honda,Branco
105766,DFF76B89,VW,Azul Claro
104203,FAE95B89,VW,Prata
102581,FEF35B89,Toyota,Vermelho
104173,EDC23B89,Toyota,Preto
105849,AAF87B89,Chevrolet,Prata
106473,BAB94B89,Chevrolet,Vermelho
106015,FAC13B89,VW,Branco
106623,EBD40B89,Honda,Branco
109347,EAC57B89,Toyota,Preto
101679,EDC87B89,Fiat,Vermelho
102357,CDC76B89,Fiat,Azul Claro
105462,FCC25B89,Toyota,Preto
105596,CFB17B89,VW,Vermelho
100997,CAE98B89,Fiat,Azul Claro
104127,CAE11B89,Fiat,Vermelho
105504,CDE12B89,Toyota,Azul Claro
108310,BBE45B89,Fiat,Preto
106428,DEA64B89,Fiat,Vermelho
106423,FBA99B89,Toyota,Azul Claro
102124,FFE32B89,Chevrolet,Azul Claro
107155,CBD10B89,Fiat,Preto
105106,EDF17B89,Toyota,Preto
103976,BFA79B89,VW,Azul Claro
100732,EAE98B89,Chevrolet,Vermelho
108652,DDA37B89,VW,Branco
102831,FAF54B89,VW,Branco
103763,AFA18B89,Chevrolet,Azul Claro
100079,EDC74B89,Chevrolet,Azul Claro
105986,BFB22B89,Toyota,Prata
104506,EED90B89,Chevrolet,Branco
102833,ADE58B89,Toyota,Branco
100333,EBF89B89,Fiat,Branco
108798,EAB49B89,Fiat,Azul Claro
105082,DCC53B89,VW,Branco
104158,ADA66B89,VW,Prata
105784,BCE82B89,Fiat,Azul Claro
102188,CCF12B89,Fiat,Prata
106590,AFC52B89,Toyota,Azul Claro
108069,ECA29B89,VW,Branco
108398,BDC95B89,Toyota,Prata
106570,DAA84B89,Fiat,Prata
104289,EAF96B89,VW,Prata
109204,DFB55B89,Fiat,Branco
100214,EAA95B89,Honda,Prata
107068,DCD97B89,Fiat,Preto
104383,BCF63B89,Toyota,Preto
103154,BDD10B89,Chevrolet,Azul Claro
106563,FCC54B89,Toyota,Preto
100106,FDF18B89,Honda,Vermelho
106079,CCA25B89,VW,Prata
105651,DEC58B89,VW,Azul Claro
105819,CFC64B89,Toyota,Azul Claro
109253,EAC49B89,Honda,Prata
106036,CDA60B89,Chevrolet,Branco
109845,FEF64B89,Honda,Prata
109944,CDF14B89,VW,Vermelho
101528,FFE87B89,Fiat,Azul Claro
108198,BBA79B89,VW,Preto
106543,FFA27B89,Honda,Preto
101662,ECC62B89,Honda,Vermelho
100455,DBE48B89,VW,Branco
105336,CDE22B89,Toyota,Prata
106145,BDE78B89,Chevrolet,Vermelho
101445,FEC76B89,VW,Prata
107254,BEC38B89,Toyota,Preto
101094,CCE82B89,Honda,Vermelho
103828,FDC53B89,Honda,Prata
102713,EFA77B89,VW,Branco
109071,FEC81B89,VW,Preto
101778,DED48B89,Fiat,Preto
105469,EDB79B89,Chevrolet,Prata
104882,BDC34B89,Honda,Branco
103152,BCD98B89,VW,Azul Claro
107181,DFD75B89,Toyota,Prata
102363,DCC77B89,Chevrolet,Vermelho
103646,DAA54B89,Honda,Vermelho
108231,BCA98B89,Honda,Azul Claro
101641,ECA65B89,VW,Prata
109524,ECE75B89,Honda,Azul Claro
100173,DDC71B89,Chevrolet,Azul Claro
109081,DEF18B89,VW,Azul Claro
100335,DAD38B89,VW,Branco
106216,BBF28B89,Toyota,Azul Claro
106269,FED57B89,Fiat,Preto
101526,DFA36B89,Chevrolet,Preto
100399,BFB54B89,Chevrolet,Prata
105602,CFD36B89,VW,Prata
100749,ADC66B89,VW,Prata
100611,DFC30B89,VW,Azul Claro
101301,CFE32B89,VW,Preto
108550,ECE22B89,VW,Preto
104935,CFF19B89,Fiat,Preto
104379,CBA11B89,Honda,Prata
105244,CBA51B89,Chevrolet,Vermelho
105647,FCD44B89,Honda,Vermelho
106299,CBC48B89,Fiat,Vermelho
105488,AAE41B89,VW,Prata
103087,DCC28B89,Toyota,Vermelho
108611,DAD16B89,Chevrolet,Azul Claro
108920,FCA67B89,Toyota,Branco
107346,DAA26B89,Toyota,Azul Claro
103187,ABD17B89,Chevrolet,Branco
105495,BCE36B89,Toyota,Preto
107201,DFB12B89,Fiat,Vermelho
105230,CBC24B89,VW,Azul Claro
106178,FBE60B89,VW,Preto
102941,EFD80B89,VW,Preto
104052,DBD54B89,Honda,Preto
103913,EBE15B89,Chevrolet,Branco
100348,CDC18B89,VW,Vermelho
109122,ADC82B89,Fiat,Vermelho
106470,ACC57B89,Chevrolet,Prata
105846,FBE50B89,Fiat,Prata
106162,DAF37B89,Chevrolet,Branco
103736,DAF72B89,Honda,Vermelho
103787,BDC72B89,VW,Prata
108211,CDD21B89,Honda,Azul Claro
109169,CAA33B89,Chevrolet,Azul Claro
104758,AAA31B89,VW,Azul Claro
101562,BEB93B89,Fiat,Azul Claro
100721,EDE82B89,Fiat,Preto
101080,EDD24B89,Chevrolet,Prata
105961,BEC55B89,VW,Azul Claro
102755,BCF83B89,Chevrolet,Vermelho
103212,EBC47B89,Fiat,Preto
102694,CEF95B89,Honda,Branco
109722,EAA86B89,Honda,Prata
103864,BAB62B89,Fiat,Branco
104709,EFA96B89,VW,Preto
106160,DEF30B89,Toyota,Prata
100643,CFE21B89,VW,Preto
104247,FDF82B89,Chevrolet,Preto
109587,AAF32B89,Fiat,Preto
108847,ACB52B89,Honda,Vermelho
103392,EFC88B89,Chevrolet,Branco
102530,DDD81B89,Honda,Azul Claro
100062,EDA54B89,Honda,Azul Claro
105952,FAB61B89,Chevrolet,Prata
107319,ADA96B89,Chevrolet,Vermelho
107496,CFB35B89,Honda,Prata
102213,CFA49B89,Toyota,Azul Claro
104991,FCF76B89,Fiat,Branco
101565,EEE57B89,VW,Branco
107056,FFA92B89,Chevrolet,Branco
104845,FEB52B89,Fiat,Azul Claro
109469,FEF23B89,VW,Azul Claro
102348,ECC94B89,Honda,Azul Claro
109128,FED95B89,Chevrolet,Branco
108945,BFD24B89,Honda,Vermelho
107358,FCB15B89,VW,Branco
104145,FBD93B89,Honda,Preto
102395,AEB31B89,Chevrolet,Vermelho
106740,EBF10B89,Honda,Prata
109536,AAD18B89,Honda,Branco
107824,AEA82B89,Toyota,Prata
101956,DBE14B89,Honda,Azul Claro
108626,CAA20B89,Honda,Preto
106497,EAF77B89,Fiat,Branco
109329,CCB14B89,Fiat,Vermelho
106462,BDF90B89,Toyota,Azul Claro
102683,FBA25B89,VW,Branco
106909,FBF16B89,VW,Prata
107143,DBD75B89,Chevrolet,Preto
106595,DAD13B89,Fiat,Preto
104422,CBB89B89,Chevrolet,Vermelho
102679,DAD67B89,Fiat,Prata
100628,CBD69B89,Toyota,Prata
105553,CDE87B89,Fiat,Branco
105426,BDC97B89,VW,Preto
102672,DBE64B89,Chevrolet,Azul Claro
101521,FFB17B89,Toyota,Azul Claro
105760,FDC29B89,Honda,Vermelho
105362,EBA24B89,Toyota,Preto
103764,CEA98B89,Chevrolet,Azul Claro
108264,ABB92B89,Toyota,Branco
108881,BFB20B89,Toyota,Branco
105586,AFD86B89,Chevrolet,Vermelho
103591,EFC62B89,Fiat,Vermelho
105486,EFA82B89,Chevrolet,Preto
103905,BAD10B89,Fiat,Vermelho
106775,DCF45B89,Toyota,Branco
109341,DFC50B89,VW,Branco
101675,ABA43B89,Toyota,Preto
107615,BAF57B89,Toyota,Azul Claro
108456,CAD10B89,VW,Preto
108948,BED77B89,Chevrolet,Prata
109044,BFD19B89,Chevrolet,Azul Claro
102056,ACE82B89,Chevrolet,Preto
103343,ECC56B89,Honda,Vermelho
103600,EDD90B89,Toyota,Branco
106483,FBE76B89,Honda,Preto
104553,AEA25B89,VW,Prata
107940,EFC82B89,Honda,Prata
109326,FBD62B89,VW,Preto
101893,CDE12B89,Fiat,Azul Claro
100195,FEE32B89,VW,Vermelho
103627,DEE98B89,VW,Vermelho
100641,ECD65B89,Honda,Preto
100899,ACF68B89,Fiat,Vermelho
104427,AEC71B89,Fiat,Preto
101896,EFF47B89,VW,Branco
104478,BAB64B89,Honda,Branco
106634,CFD34B89,Honda,Azul Claro
106241,FFB52B89,Honda,Azul Claro
109294,BCD96B89,Honda,Preto
106785,ECC76B89,VW,Preto
106647,FBB98B89,Honda,Prata
103316,AFA71B89,VW,Branco
105671,AAE24B89,Honda,Azul Claro
107094,AFA34B89,Toyota,Preto
107021,EEE44B89,Fiat,Azul Claro
104221,FFA73B89,VW,Branco
102302,FDD80B89,Toyota,Preto
104424,ADC30B89,Chevrolet,Prata
103754,ABA36B89,Toyota,Branco
101615,ADD73B89,Fiat,Prata
106198,ECC65B89,Honda,Azul Claro
106126,BCF24B89,Fiat,Prata
103973,EBD96B89,Toyota,Branco
108815,ACD10B89,Chevrolet,Branco
101598,BCF24B89,Fiat,Preto
102050,ADA54B89,Toyota,Vermelho
108833,AEE69B89,Fiat,Branco
101803,FCE84B89,Honda,Prata
108516,CCA28B89,VW,Preto
109926,CAD60B89,Honda,Azul Claro
109349,BCB32B89,Honda,Prata
100999,FBF57B89,Honda,Azul Claro
104895,DAF49B89,Toyota,Vermelho
106698,CFE82B89,Fiat,Prata
105030,EBE27B89,Fiat,Branco
101732,ABB99B89,Honda,Preto
108650,FAC75B89,Fiat,Azul Claro
100772,AEC53B89,VW,Azul Claro
102097,DDC44B89,VW,Branco
106211,BBE90B89,Chevrolet,Vermelho
102332,AFE98B89,VW,Branco
105068,FCA30B89,Toyota,Preto
100394,DBF74B89,Fiat,Preto
105860,EEC15B89,Chevrolet,Prata
102595,DBA22B89,Honda,Prata
104402,BEC33B89,VW,Branco
102745,CFF14B89,VW,Prata
102663,CDB75B89,Honda,Azul Claro
100639,EDC85B89,Toyota,Vermelho
106721,CCB59B89,VW,Azul Claro
102029,DEA94B89,Fiat,Preto
104668,BCF52B89,Toyota,Vermelho
100663,AFA37B89,Honda,Prata
102057,FAF98B89,Honda,Vermelho
108242,EDF12B89,Toyota,Azul Claro
108354,CFE56B89,Honda,Azul Claro
104237,ADA75B89,Toyota,Vermelho
108437,AFB47B89,Honda,Preto
106304,EDD98B89,Chevrolet,Preto
104723,EBF40B89,Toyota,Branco
107194,ACB34B89,Fiat,Branco
100494,FCE83B89,Honda,Branco
100871,AEF42B89,Chevrolet,Prata
102816,DFE51B89,Chevrolet,Azul Claro
100746,ABC80B89,Toyota,Preto
101842,BCA69B89,Chevrolet,Preto
108406,ECF54B89,Honda,Prata
109272,AEC56B89,Chevrolet,Azul Claro
104098,EEA59B89,Toyota,Azul Claro
102772,AFD90B89,Chevrolet,Vermelho
105222,EFB18B89,VW,Preto
109526,EDC57B89,Chevrolet,Azul Claro
107584,BDF60B89,VW,Branco
101218,BDB36B89,Chevrolet,Preto
100546,EFA44B89,Fiat,Branco
102288,DEA37B89,Chevrolet,Azul Claro
106311,EDC95B89,Chevrolet,Branco
105634,CFD70B89,Toyota,Prata
108822,BEB57B89,Honda,Branco
107091,FAD63B89,Chevrolet,Prata
108569,DCB59B89,Fiat,Azul Claro
103025,BCC17B89,Chevrolet,Branco
104057,EBE48B89,Honda,Vermelho
108662,CCA91B89,Fiat,Azul Claro
108043,AEF19B89,VW,Prata
100275,FBF30B89,Chevrolet,Vermelho
108601,ECF78B89,Fiat,Preto
103576,ADD59B89,Toyota,Branco
108958,FDB54B89,Fiat,Vermelho
100336,BAA19B89,Chevrolet,Prata
103678,BEE85B89,Fiat,Preto
102461,FAE11B89,Toyota,Prata
108865,CAB19B89,Chevrolet,Preto
106928,CCF13B89,Toyota,Vermelho
100020,DDD13B89,Fiat,Branco
100506,ECD72B89,VW,Vermelho
107110,BAF52B89,Honda,Preto
109726,FDE40B89,Toyota,Branco
108912,FCC13B89,VW,Branco
101851,DBB14B89,Chevrolet,Azul Claro
104139,ECE19B89,VW,Branco
102473,EBA41B89,Honda,Azul Claro
104592,DBF96B89,Honda,Prata
103799,ABD74B89,Fiat,Branco
101922,FAF32B89,Chevrolet,Preto
101059,BDE95B89,Chevrolet,Preto
108849,EDF97B89,Fiat,Azul Claro
109594,BAB90B89,Honda,Vermelho
101474,EEE86B89,VW,Vermelho
102342,CDF44B89,Chevrolet,Prata
102811,DAA56B89,Honda,Azul Claro
107542,DCC52B89,Chevrolet,Azul Claro
107796,EAF15B89,Honda,Azul Claro
104589,ECB57B89,Fiat,Branco
107898,FCF76B89,VW,Preto
105509,BFF24B89,Honda,Preto
104954,ECD62B89,Chevrolet,Branco
108143,BCB31B89,Chevrolet,Azul Claro
107311,BBE72B89,Fiat,Prata
104870,CCA65B89,VW,Azul Claro
104130,EFF27B89,Honda,Branco
100374,CBF82B89,Fiat,Preto
103220,FAF24B89,Toyota,Prata
101217,ACC73B89,Toyota,Branco
105916,ECA98B89,VW,Vermelho
100961,EAC66B89,Toyota,Vermelho
107882,ACC79B89,Honda,Azul Claro
108006,BDC13B89,Honda,Vermelho
106542,CAF77B89,Chevrolet,Branco
101954,CBA47B89,Chevrolet,Prata
109843,AEF78B89,Chevrolet,Branco
101740,AAD96B89,VW,Preto
103330,DBB26B89,Fiat,Preto
100457,AAB51B89,Chevrolet,Preto
107463,BBC58B89,Chevrolet,Branco
106526,CED99B89,Chevrolet,Prata
104161,CFD66B89,Toyota,Prata
109302,EFF96B89,Honda,Preto
106779,AAA52B89,VW,Preto
100063,BFA86B89,Toyota,Vermelho
109105,BEF58B89,VW,Prata
102426,CFA74B89,VW,Preto
105236,ABD34B89,Honda,Prata
106086,FAB48B89,Toyota,Preto
106140,CBA49B89,Fiat,Vermelho
107783,AFD16B89,VW,Vermelho
105398,ACB71B89,Toyota,Prata
107509,BBE67B89,Honda,Azul Claro
108129,ADC68B89,Honda,Azul Claro
101454,FFC89B89,VW,Preto
108639,BBE23B89,VW,Prata
101300,FBE46B89,Fiat,Branco
103451,CBA88B89,Toyota,Azul Claro
102598,BEE85B89,Honda,Vermelho
108025,EEC16B89,Chevrolet,Branco
101817,EFC63B89,Honda,Vermelho
102469,CDC65B89,Toyota,Branco
100061,BBC87B89,VW,Preto
103098,EFB51B89,Honda,Preto
104946,CDD89B89,Chevrolet,Azul Claro
105491,CDA39B89,VW,Azul Claro
104103,ACF74B89,Fiat,Preto
100633,DCA55B89,Toyota,Azul Claro
101923,BEB12B89,Chevrolet,Azul Claro
105541,DEB32B89,VW,Prata
103132,EEF70B89,VW,Preto
109348,EAE52B89,Toyota,Vermelho
103701,FFA30B89,VW,Preto
102940,FEC23B89,Honda,Prata
102854,AAA27B89,Toyota,Prata
101032,EDE98B89,Fiat,Branco
103147,AED64B89,VW,Azul Claro
104714,BFC59B89,Chevrolet,Branco
109318,FEF57B89,Fiat,Vermelho
107318,DBD29B89,VW,Azul Claro
103357,BBC90B89,Honda,Azul Claro
106653,DED36B89,Toyota,Preto
102774,ACA86B89,Fiat,Azul Claro
100236,BDC77B89,Chevrolet,Azul Claro
104918,BAB53B89,Fiat,Vermelho
104169,BFD74B89,Fiat,Azul Claro
100407,EAC72B89,Honda,Preto
108682,BAE48B89,Honda,Prata
107943,BFC41B89,Toyota,Branco
108963,CBA40B89,VW,Azul Claro
101623,AEF67B89,Honda,Prata
101595,ABC34B89,Fiat,Vermelho
109499,ACA71B89,VW,Azul Claro
101553,CED17B89,Chevrolet,Vermelho
100170,BFE30B89,Chevrolet,Vermelho
102882,CAA12B89,Honda,Prata
103205,AFF57B89,Toyota,Vermelho
105774,DDB62B89,Chevrolet,Vermelho
105960,DFA82B89,Fiat,Azul Claro
103645,CCE21B89,Honda,Branco
108230,FAF92B89,Chevrolet,Azul Claro
109811,CCB49B89,Chevrolet,Azul Claro
101033,BCC64B89,Fiat,Azul Claro
105003,CAC21B89,Chevrolet,Azul Claro
100942,BCF96B89,Chevrolet,Azul Claro
101385,DAC41B89,Chevrolet,Prata
105746,DAE79B89,Honda,Vermelho
100683,FFB36B89,VW,Preto
108693,CEF80B89,Chevrolet,Preto
101546,DAB40B89,VW,Azul Claro
100896,BAA95B89,Toyota,Preto
103342,FDD66B89,VW,Preto
108176,CDE99B89,Toyota,Prata
100679,DDB77B89,Chevrolet,Vermelho
108644,AEB87B89,Honda,Branco
101497,EFC32B89,Chevrolet,Prata
100800,CCA68B89,VW,Branco
100747,DEA99B89,Toyota,Prata
104029,CEB71B89,Honda,Azul Claro
107978,EBB65B89,Fiat,Azul Claro
105503,CFE58B89,Honda,Azul Claro
102206,BBF93B89,Toyota,Vermelho
103056,FFB83B89,Fiat,Branco
108691,DAA81B89,Honda,Azul Claro
100590,EBC91B89,Toyota,Preto
109064,EFB86B89,Chevrolet,Preto
105478,BEF49B89,Fiat,Preto
103689,BCB76B89,Toyota,Azul Claro
101491,CBA66B89,Fiat,Preto
105919,DBF32B89,Toyota,Branco
107747,FEC23B89,Fiat,Branco
103137,EEB25B89,Fiat,Azul Claro
101405,FEA77B89,Honda,Prata
100962,ADE34B89,Toyota,Branco
103136,BFB13B89,VW,Branco
109575,CEC61B89,Honda,Preto
107266,ADE40B89,Honda,Vermelho
105905,ADD55B89,Toyota,Preto
108362,DAE70B89,VW,Azul Claro
106133,BDA47B89,Chevrolet,Branco
106784,DCF85B89,VW,Prata
103446,BFA69B89,Honda,Branco
103286,FBB36B89,VW,Preto
109501,DAB79B89,VW,Branco
107628,DBA35B89,VW,Vermelho
109085,EDA13B89,Fiat,Preto
105014,AFE54B89,Fiat,Azul Claro
109576,DDA82B89,Fiat,Prata
101187,CAA21B89,Fiat,Prata
104316,CBB86B89,Honda,Branco
107455,BAD75B89,VW,Preto
108289,ADF89B89,Fiat,Vermelho
100776,CFD45B89,Chevrolet,Preto
101790,EED21B89,Chevrolet,Prata
109355,FCC24B89,Toyota,Prata
105994,CCE94B89,Fiat,Azul Claro
104682,DAC95B89,Toyota,Vermelho
106538,FDB65B89,Chevrolet,Branco
105680,EAE85B89,Fiat,Prata
106094,ACB35B89,Fiat,Branco
100074,EBC67B89,Fiat,Preto
104764,FAA37B89,Toyota,Branco
100492,FCB42B89,Fiat,Azul Claro
103325,EBF75B89,Honda,Azul Claro
109866,BEC29B89,Toyota,Branco
107374,EAC50B89,Chevrolet,Preto
106245,DEB19B89,Honda,Preto
100824,DDC13B89,VW,Vermelho
102049,CEB83B89,Fiat,Vermelho
104251,BFD74B89,Chevrolet,Preto
109568,FEF67B89,Toyota,Vermelho
108861,BCA41B89,VW,Azul Claro
101612,FAE41B89,Fiat,Prata
104955,ABE96B89,VW,Preto
105412,DFE17B89,Toyota,Prata
103124,FDA98B89,VW,Prata
106760,EAF15B89,Honda,Azul Claro
107477,AFC97B89,Chevrolet,Preto
105440,EFA42B89,Chevrolet,Branco
108700,DEB77B89,VW,Azul Claro
104876,EFE98B89,VW,Azul Claro
106336,BAB94B89,Honda,Preto
102675,FCA67B89,Honda,Preto
109770,CBA30B89,Chevrolet,Azul Claro
106266,DCF78B89,Fiat,Branco
107009,ECA13B89,VW,Preto
103667,AEB89B89,Honda,Azul Claro
104042,ADA72B89,Chevrolet,Azul Claro
102256,DFD65B89,Toyota,Branco
101744,DCC54B89,Chevrolet,Vermelho
104177,DAE93B89,VW,Branco
104862,ECD98B89,Toyota,Preto
101822,ACF64B89,Chevrolet,Vermelho
100811,FAC52B89,Honda,Azul Claro
100868,FFB50B89,Chevrolet,Vermelho
106237,BED89B89,Honda,Prata
101542,FBE44B89,Honda,Prata
108527,EEB26B89,Fiat,Prata
103280,AAB66B89,Toyota,Vermelho
109259,FFF61B89,VW,Vermelho
109667,FDC59B89,Fiat,Preto
100593,DCF37B89,Fiat,Prata
107864,EBA87B89,VW,Azul Claro
106495,CAF55B89,Toyota,Azul Claro
106494,AAF74B89,Fiat,Branco
106966,EFC59B89,Fiat,Prata
103524,BED50B89,Fiat,Branco
105142,BBF53B89,Toyota,Prata
106076,CCC49B89,Chevrolet,Prata
109210,DFE96B89,Honda,Preto
101262,ABA68B89,Chevrolet,Branco
102558,CBC53B89,Fiat,Azul Claro
104963,CDA44B89,Toyota,Preto
101844,FAF60B89,VW,Vermelho
106328,DDF89B89,Honda,Azul Claro
108051,CCA49B89,Fiat,Prata
106073,EBB88B89,Honda,Azul Claro
108695,BBB63B89,Honda,Vermelho
104533,FCD36B89,Honda,Prata
108517,ADD92B89,Chevrolet,Preto
105498,DEE78B89,VW,Azul Claro
104044,FFC66B89,Honda,Azul Claro
109892,FFA78B89,Fiat,Prata
101289,ACE84B89,Toyota,Prata
109159,FBE34B89,Fiat,Prata
104473,FBD74B89,Toyota,Azul Claro
103372,CFC37B89,VW,Branco
107636,CFC57B89,Toyota,Prata
108413,EDD30B89,Honda,Branco
103634,FCD92B89,VW,Branco
103791,BBF79B89,VW,Azul Claro
101743,ADB20B89,Fiat,Azul Claro
109275,EDD22B89,Fiat,Branco
106892,FAB81B89,Chevrolet,Preto
103517,CDF67B89,Toyota,Vermelho
101607,CCB78B89,Honda,Branco
103605,EED28B89,Honda,Vermelho
108535,AEF24B89,Honda,Azul Claro
109208,ADF18B89,VW,Preto
101260,BFF25B89,Honda,Prata
104604,FFE33B89,Fiat,Preto
103396,DBE83B89,Chevrolet,Prata
100029,CFC68B89,Honda,Azul Claro
100520,BDD64B89,Toyota,Azul Claro
105953,ECE78B89,VW,Preto
100131,ABD64B89,Toyota,Preto
104643,FFA26B89,Honda,Azul Claro
109698,FFB91B89,Chevrolet,Branco
100497,CBE20B89,VW,Preto
108336,EEE30B89,Toyota,Vermelho
102336,EEC78B89,Honda,Prata
103664,ADC66B89,VW,Preto
106509,DDB79B89,VW,Branco
107089,ABC35B89,VW,Prata
108582,FCF38B89,Chevrolet,Prata
106650,EFB32B89,Fiat,Preto
101979,ABE23B89,Toyota,Vermelho
106080,AFE79B89,Chevrolet,Azul Claro
107894,DDA99B89,VW,Vermelho
105179,EAC46B89,Honda,Azul Claro
107051,EEA70B89,Fiat,Preto
102424,ACB68B89,Chevrolet,Azul Claro
107861,EBD12B89,VW,Branco
103597,AEE59B89,VW,Branco
102201,BFF34B89,Chevrolet,Azul Claro
105489,EFD64B89,Fiat,Branco
101579,BDE86B89,Fiat,Vermelho
104398,EFD96B89,VW,Preto
108658,ABC54B89,VW,Prata
106294,DDE82B89,Toyota,Branco
102326,EAB76B89,VW,Azul Claro
105039,BDF59B89,Chevrolet,Preto
109237,BFC65B89,Toyota,Prata
109227,EAC90B89,Fiat,Branco
105587,DDC58B89,Toyota,Prata
106480,BFC43B89,Toyota,Preto
107663,CBA44B89,Honda,Branco
107599,BCD54B89,Chevrolet,Prata
108821,CDE56B89,Fiat,Branco
109803,DEF28B89,Fiat,Preto
105066,BAC52B89,Honda,Preto
107162,ACA20B89,Honda,Preto
104539,FFB18B89,Chevrolet,Vermelho
102769,DDD22B89,Toyota,Prata
100388,DAD90B89,Fiat,Vermelho
101953,BBB50B89,Fiat,Preto
101849,FDF17B89,Chevrolet,Preto
103055,DBA31B89,VW,Branco
104820,AAE66B89,Honda,Azul Claro
105812,EEB26B89,Chevrolet,Azul Claro
100315,ACC82B89,VW,Azul Claro
102004,DAA40B89,Chevrolet,Prata
105174,FAD55B89,Fiat,Prata
100413,EBF32B89,Honda,Branco
101567,BCB53B89,VW,Azul Claro
100894,BED78B89,VW,Vermelho
103383,AAF89B89,Fiat,Azul Claro
104908,CBA29B89,VW,Azul Claro
101381,FCC10B89,Fiat,Preto
100605,DDC49B89,Fiat,Prata
100015,ADC77B89,VW,Azul Claro
108276,DAC79B89,Chevrolet,Vermelho
109392,EDB30B89,VW,Vermelho
109015,AEF15B89,Honda,Prata
103049,DFB76B89,Toyota,Preto
103952,CBA32B89,Toyota,Vermelho
100309,CEC73B89,Toyota,Preto
101483,AFA20B89,Toyota,Prata
101253,ECB38B89,Chevrolet,Preto
106669,CDE29B89,Chevrolet,Azul Claro
107445,FFA94B89,Chevrolet,Prata
101149,FDC54B89,Fiat,Vermelho
105629,AFA78B89,Toyota,Branco
102517,CBF13B89,VW,Vermelho
107300,CEC68B89,Honda,Vermelho
108574,EFC18B89,VW,Azul Claro
100926,DCC91B89,Fiat,Vermelho
102128,CAC76B89,Chevrolet,Preto
100702,CBD99B89,Fiat,Preto
101947,AAA27B89,Fiat,Preto
104866,AFA42B89,Toyota,Prata
103674,BCB18B89,Fiat,Preto
103842,CAC68B89,Fiat,Branco
105303,DDD78B89,Toyota,Prata
100175,CEB37B89,Honda,Azul Claro
101111,FCF48B89,Honda,Prata
108754,BAF39B89,Honda,Prata
101904,ECE16B89,Toyota,Vermelho
105365,AAF64B89,VW,Branco
100637,BBF59B89,Fiat,Azul Claro
100248,BCB42B89,Toyota,Azul Claro
102406,CDB25B89,VW,Prata
107809,DED85B89,VW,Vermelho
100696,AAF23B89,Chevrolet,Prata
101622,CDC23B89,VW,Vermelho
107721,EBF99B89,VW,Azul Claro
100612,DDD44B89,Fiat,Prata
108577,BAC61B89,Chevrolet,Prata
102228,BFC21B89,Chevrolet,Azul Claro
105378,DDB47B89,Fiat,Preto
109457,BBD10B89,Honda,Preto
109971,BEE46B89,Fiat,Prata
100070,DAF71B89,VW,Vermelho
107387,BFB45B89,Chevrolet,Azul Claro
101178,BBC10B89,Toyota,Prata
105223,BAC87B89,Fiat,Vermelho
100048,DCF28B89,Toyota,Preto
100830,BDD40B89,VW,Preto
101891,AFD71B89,Honda,Vermelho
104844,CEA32B89,Toyota,Preto
102010,BBC53B89,Fiat,Vermelho
102994,DAA55B89,VW,Azul Claro
103114,AFA56B89,Fiat,Prata
101998,FFA95B89,Honda,Vermelho
102567,ADB85B89,Toyota,Prata
101902,CBA33B89,VW,Prata
102089,EDE11B89,VW,Vermelho
104263,EFF11B89,Fiat,Vermelho
103759,AAE37B89,Honda,Prata
104191,EDF87B89,Honda,Vermelho
102612,CDC63B89,Chevrolet,Preto
102957,CCE99B89,VW,Vermelho
101089,CED86B89,Toyota,Branco
105892,CEF19B89,Fiat,Preto
107687,EDB76B89,Toyota,Preto
106114,DAA44B89,Chevrolet,Branco
101083,FEE82B89,Fiat,Azul Claro
108423,FBF28B89,Chevrolet,Preto
102853,EDF67B89,Honda,Azul Claro
104120,BAB50B89,Honda,Prata
106725,DBA44B89,Toyota,Azul Claro
107183,ADA18B89,Chevrolet,Branco
105516,CBF94B89,Toyota,Vermelho
100944,ACE67B89,Fiat,Vermelho
102823,ACA73B89,Toyota,Vermelho
106031,CFE30B89,VW,Prata
100698,EFE38B89,VW,Branco
108581,DCB87B89,VW,Branco
102489,BFA19B89,Fiat,Prata
106315,FED70B89,Fiat,Azul Claro
106101,EFE57B89,Toyota,Branco
103328,ECA31B89,Chevrolet,Azul Claro
103638,FCC46B89,Honda,Preto
109996,BAF81B89,Fiat,Vermelho
105359,DFE60B89,Toyota,Branco
100367,FEF54B89,Fiat,Prata
100143,AFD56B89,VW,Vermelho
109247,CAC51B89,Fiat,Branco
101204,CAC86B89,Fiat,Prata
105620,DAD32B89,Honda,Branco
101152,BBD12B89,Fiat,Preto
106687,BAA39B89,Fiat,Branco
106920,BFE98B89,Honda,Branco
109305,ECC19B89,Toyota,Preto
104313,FBE78B89,Honda,Prata
104599,ADB38B89,Honda,Vermelho
107686,ADA90B89,VW,Vermelho
108225,DDB31B89,VW,Vermelho
102490,EDA18B89,Chevrolet,Prata
102012,AFD79B89,Honda,Prata
102615,CDF81B89,Toyota,Azul Claro
107984,DAE36B89,Honda,Branco
109666,BCB48B89,Fiat,Preto
101093,EBE99B89,Toyota,Vermelho
103188,CAF21B89,Chevrolet,Prata
100220,EBA48B89,Fiat,Prata
104996,BCC46B89,Toyota,Prata
100184,DAF32B89,Chevrolet,Preto
105758,CDA80B89,VW,Vermelho
101882,BEC99B89,VW,Branco
103626,EAB39B89,Honda,Preto
105256,AEC47B89,Honda,Azul Claro
104207,AFD88B89,Honda,Preto
106405,DFE95B89,Toyota,Vermelho
107486,EFA52B89,Chevrolet,Azul Claro
106465,FEF60B89,Chevrolet,Azul Claro
109813,BFA60B89,VW,Prata
108862,AEC23B89,Honda,Branco
109422,CFF75B89,Fiat,Preto
101605,AFD84B89,Honda,Vermelho
100592,EFF15B89,Chevrolet,Azul Claro
105405,BEF75B89,Fiat,Prata
109441,DDC26B89,Fiat,Preto
106676,CCA80B89,Honda,Branco
101028,AEC72B89,VW,Vermelho
108690,CEC61B89,Fiat,Prata
103925,BEE28B89,Chevrolet,Prata
103162,DDA40B89,Chevrolet,Branco
107026,BBE23B89,VW,Vermelho
100538,CAB29B89,Fiat,Preto
108513,ECB95B89,VW,Prata
108540,AEF60B89,VW,Preto
109696,CEE90B89,VW,Prata
107363,CCC32B89,VW,Branco
100692,FBB30B89,Toyota,Branco
104905,ADD95B89,Toyota,Branco
102341,BEA38B89,Fiat,Branco
108854,FFE52B89,Toyota,Preto
107261,DBA47B89,Toyota,Preto
108845,EFF31B89,Honda,Azul Claro
102310,DCD44B89,Fiat,Branco
106874,FAE34B89,Chevrolet,Branco
107732,AEB92B89,Honda,Branco
102369,BFD39B89,Chevrolet,Vermelho
107845,FFC92B89,Fiat,Preto
103455,DCF14B89,Chevrolet,Azul Claro
109727,EDC61B89,VW,Vermelho
107602,DEC57B89,Chevrolet,Azul Claro
109857,DEC16B89,Toyota,Branco
108931,ACB14B89,Toyota,Vermelho
108485,FBE14B89,Honda,Vermelho
107645,ECA68B89,VW,Prata
107075,EAD46B89,VW,Branco
106491,AEE52B89,VW,Preto
106685,DDB36B89,Fiat,Vermelho
106532,CBE59B89,Chevrolet,Prata
104162,CCA89B89,Honda,Vermelho
101765,FCE19B89,VW,Azul Claro
109178,FFC33B89,VW,Preto
104536,EFA53B89,Chevrolet,Azul Claro
104597,FEE30B89,Toyota,Prata
109905,EBB32B89,Chevrolet,Preto
107052,AFC91B89,Honda,Prata
106379,CBF23B89,Honda,Preto
104000,DCF55B89,VW,Prata
100465,CAE15B89,VW,Branco
108781,BEA95B89,Fiat,Branco
101197,DDA61B89,VW,Vermelho
104209,BBE51B89,Fiat,Prata
107497,AFE95B89,Chevrolet,Vermelho
105123,CBD77B89,Fiat,Prata
108659,CBD39B89,Chevrolet,Prata
104131,ECA80B89,Toyota,Azul Claro
106064,DDA73B89,VW,Vermelho
107993,CFB22B89,Toyota,Azul Claro
109238,DDC38B89,Honda,Prata
102531,AAD15B89,Fiat,Branco
103420,DBD68B89,Toyota,Prata
105514,BFB51B89,Honda,Preto
104003,BCC52B89,Fiat,Branco
109091,DDA83B89,Fiat,Azul Claro
106757,CED62B89,Honda,Preto
108110,EDB92B89,Fiat,Branco
102019,CBC45B89,VW,Branco
108898,EEF48B89,Fiat,Azul Claro
106209,BEB17B89,VW,Azul Claro
105786,DEF19B89,Honda,Branco
104964,BCD37B89,Chevrolet,Prata
100845,DDE28B89,Toyota,Branco
103510,DDB58B89,Toyota,Azul Claro
104111,BEA94B89,Fiat,Branco
102430,DAA17B89,Fiat,Branco
104486,FED85B89,VW,Prata
101945,FEB32B89,Honda,Azul Claro
105169,DBE56B89,Honda,Azul Claro
101529,DDB62B89,Honda,Preto
108787,CFC95B89,VW,Preto
102570,FBE25B89,Chevrolet,Prata
106239,DDD12B89,VW,Prata
106173,DBB96B89,Fiat,Prata
107427,FBE74B89,Fiat,Vermelho
107152,FFA91B89,Toyota,Azul Claro
102306,FFF51B89,Fiat,Prata
105050,FAD67B89,Fiat,Azul Claro
103086,CAB71B89,VW,Vermelho
108046,ABA13B89,VW,Preto
106388,DCF87B89,Chevrolet,Branco
103557,EFF55B89,VW,Prata
104455,AAD11B89,Honda,Azul Claro
103610,EBD24B89,Chevrolet,Vermelho
103283,ABC59B89,Chevrolet,Vermelho
109432,EFF66B89,Honda,Branco
107778,FCD96B89,Chevrolet,Prata
109322,CBD85B89,VW,Prata
102526,CCC88B89,Honda,Azul Claro
107189,FAE76B89,Honda,Preto
103815,FEA34B89,VW,Branco
106340,CAC79B89,Toyota,Prata
107424,FDE53B89,Chevrolet,Preto
100158,AAA64B89,Honda,Prata
102452,DAD36B89,Fiat,Vermelho
101237,BFA65B89,VW,Prata
102082,CCD59B89,Honda,Azul Claro
102060,BFA31B89,Honda,Azul Claro
100881,AFB52B89,Honda,Vermelho
103307,EAC72B89,Honda,Azul Claro
100276,CDF68B89,Honda,Prata
100666,CBB26B89,Toyota,Prata
104959,DDE14B89,Fiat,Vermelho
104883,EFA47B89,Toyota,Prata
100133,FCE62B89,Chevrolet,Azul Claro
104802,FEF43B89,VW,Vermelho
105385,ECB65B89,Toyota,Azul Claro
109643,EBD73B89,Honda,Prata
100408,FEA66B89,Honda,Preto
108385,FEC10B89,Toyota,Branco
107167,ACB46B89,VW,Branco
103327,EEB66B89,Chevrolet,Branco
102058,BCD20B89,Toyota,Prata
109111,BFC70B89,Chevrolet,Azul Claro
107285,EFF72B89,Fiat,Vermelho
105098,DBD15B89,Honda,Preto
107303,AFD70B89,Chevrolet,Branco
105792,DFB81B89,Toyota,Azul Claro
102764,DAD57B89,VW,Branco
107994,BAE45B89,Fiat,Preto
102537,EEE21B89,Fiat,Preto
109749,DAA68B89,Toyota,Branco
104716,DEF54B89,Chevrolet,Branco
107005,CFF35B89,Fiat,Preto
102215,DCF18B89,Honda,Azul Claro
104631,DDF51B89,VW,Vermelho
103045,BCB53B89,Fiat,Azul Claro
101647,EAA97B89,Toyota,Branco
101482,BCB53B89,Fiat,Prata
108395,ABE64B89,Toyota,Preto
105042,EDB70B89,Fiat,Branco
100354,FAD28B89,Fiat,Preto
102943,BDF93B89,Fiat,Azul Claro
105391,DCE93B89,Fiat,Vermelho
106091,AEC57B89,Fiat,Vermelho
100786,BCC59B89,Toyota,Azul Claro
107585,ACA41B89,VW,Branco
106072,CBF28B89,Toyota,Branco
100369,DDD32B89,Toyota,Vermelho
103693,EEF50B89,Fiat,Preto
102548,ABF66B89,VW,Vermelho
103440,DAC62B89,Chevrolet,Vermelho
109257,EAB62B89,Honda,Preto
100717,EAA58B89,Toyota,Branco
108076,ECF20B89,VW,Preto
103469,FDE34B89,Toyota,Prata
102851,FBF19B89,Chevrolet,Branco
109835,DFC50B89,Chevrolet,Prata
100142,BEF14B89,Honda,Branco
105714,AFF91B89,VW,Azul Claro
107850,ACA72B89,Chevrolet,Azul Claro
104064,FCE86B89,Honda,Prata
104781,CBD76B89,VW,Vermelho
101858,DBA16B89,Honda,Branco
108951,FBE59B89,Toyota,Prata
103723,AEC50B89,Honda,Prata
104343,CAA43B89,VW,Vermelho
103738,CBF77B89,Chevrolet,Azul Claro
105549,AFB61B89,Fiat,Azul Claro
103355,DFC26B89,VW,Preto
100521,CCB81B89,Toyota,Branco
104030,FAC32B89,VW,Azul Claro
104835,ADE36B89,Honda,Vermelho
100771,CAA16B89,Honda,Prata
109039,CDD95B89,Honda,Vermelho
107841,BCA63B89,Chevrolet,Preto
107301,ABD43B89,Toyota,Azul Claro
104620,FFB55B89,Toyota,Azul Claro
108956,AAC52B89,Toyota,Vermelho
104744,CED56B89,Fiat,Vermelho
101057,AEF31B89,Fiat,Azul Claro
100951,FBC38B89,Honda,Azul Claro
107567,BFB36B89,Chevrolet,Branco
109916,BAB12B89,Honda,Azul Claro
101141,FCC59B89,Toyota,Preto
100872,CEB97B89,Fiat,Branco
109777,FEA32B89,Chevrolet,Vermelho
104015,DCB67B89,Honda,Preto
104231,AAC27B89,Honda,Preto
106374,AEA18B89,Chevrolet,Preto
109007,FDA52B89,VW,Preto
106863,FCF56B89,Honda,Azul Claro
103492,CEC28B89,Fiat,Azul Claro
107426,ECE99B89,Fiat,Prata
105139,AAB16B89,Fiat,Vermelho
109205,AAD21B89,Chevrolet,Preto
105661,FFC24B89,Toyota,Branco
107020,BAE65B89,Fiat,Vermelho
105181,FEE28B89,Honda,Azul Claro
109571,DCE21B89,VW,Prata
101924,AFD43B89,Honda,Prata
108158,AFD53B89,Chevrolet,Vermelho
108562,DEF38B89,VW,Vermelho
108436,CBD62B89,Fiat,Preto
101351,FEB19B89,Toyota,Preto
103178,AFF14B89,Chevrolet,Azul Claro
105161,AFF42B89,Toyota,Preto
109372,AFE57B89,Chevrolet,Vermelho
100866,CAA59B89,Toyota,Preto
103344,FCD31B89,Chevrolet,Azul Claro
104301,EEC26B89,Chevrolet,Azul Claro
108052,EDE82B89,Toyota,Azul Claro
103533,CEE71B89,Honda,Branco
102449,BFE53B89,Toyota,Preto
101185,AFD86B89,VW,Branco
104900,ACB90B89,Chevrolet,Vermelho
109411,BFB78B89,Honda,Prata
108816,DAB59B89,Fiat,Azul Claro
100260,ABF94B89,Chevrolet,Vermelho
109287,CDA94B89,Honda,Branco
106953,CAE58B89,Honda,Preto
105814,AFE66B89,Chevrolet,Vermelho
109876,CBB13B89,Toyota,Prata
107136,EEF14B89,VW,Vermelho
107530,EAB11B89,Chevrolet,Vermelho
106569,BCA44B89,Toyota,Branco
102209,FDC95B89,Chevrolet,Preto
100833,DAC95B89,Chevrolet,Vermelho
109593,FCF64B89,VW,Azul Claro
101252,BBB56B89,Chevrolet,Vermelho
102920,DFB56B89,Fiat,Branco
108732,FEA80B89,Fiat,Prata
105808,FAE27B89,Chevrolet,Prata
100898,EAD44B89,Chevrolet,Preto
108685,DCB99B89,Honda,Preto
105271,BEF54B89,Toyota,Branco
107138,BCC90B89,Honda,Preto
102417,DEB66B89,Fiat,Azul Claro
104041,ABA47B89,Toyota,Prata
104676,DAF45B89,Toyota,Branco
102921,AAB46B89,VW,Preto
102809,DBA16B89,VW,Vermelho
102249,CAB66B89,Fiat,Azul Claro
103473,EED82B89,Toyota,Azul Claro
107718,FEA40B89,Chevrolet,Vermelho
108580,AFE59B89,Chevrolet,Branco
108899,ABF73B89,VW,Vermelho
109584,FFE82B89,VW,Branco
107942,CBB70B89,Chevrolet,Branco
107945,ABC87B89,VW,Vermelho
107048,DCE16B89,Honda,Prata
102459,ABB59B89,Honda,Branco
105293,ACF54B89,Honda,Azul Claro
109431,DBD83B89,Toyota,Azul Claro
100429,AFF54B89,VW,Branco
102966,BAF76B89,VW,Preto
105525,BAE62B89,Chevrolet,Azul Claro
107098,EEE28B89,Honda,Preto
106380,DEC76B89,Fiat,Vermelho
107411,BBD23B89,VW,Azul Claro
107696,CEC43B89,Toyota,Prata
100759,FBA85B89,Fiat,Preto
107010,BDE48B89,Chevrolet,Vermelho
107085,EEB38B89,Honda,Preto
109051,FCB87B89,Chevrolet,Azul Claro
103338,ABA21B89,Chevrolet,Azul Claro
108399,BCF55B89,Fiat,Prata
103008,EAA11B89,Fiat,Prata
107505,BFE16B89,Fiat,Azul Claro
103750,ABB40B89,VW,Azul Claro
109940,DFD43B89,Chevrolet,Preto
108559,ADE11B89,Chevrolet,Azul Claro
103841,EDD13B89,VW,Vermelho
106141,EDF98B89,Honda,Preto
109515,DFE55B89,VW,Vermelho
104395,EFA10B89,Chevrolet,Preto
102903,ECE73B89,Chevrolet,Azul Claro
106150,DCA30B89,Chevrolet,Vermelho
109369,AEA96B89,Chevrolet,Preto
109795,ADD27B89,Honda,Preto
107671,BDD95B89,VW,Branco
103010,FCE52B89,Fiat,Vermelho
103339,FAA28B89,Toyota,Vermelho
109389,DBA79B89,Toyota,Branco
106622,EEA16B89,Fiat,Vermelho
100620,EAE95B89,VW,Azul Claro
101656,DAC29B89,Toyota,Prata
102628,FAA52B89,Toyota,Branco
105445,ADA69B89,Honda,Azul Claro
103648,CBB19B89,Fiat,Azul Claro
109471,BDE37B89,Chevrolet,Azul Claro
105528,FAF37B89,Toyota,Prata
101999,CBA74B89,VW,Prata
105566,CDC95B89,Toyota,Prata
101686,DCD38B89,Fiat,Branco
103881,FAE43B89,Fiat,Prata
105286,EDC83B89,VW,Azul Claro
109282,DAE65B89,Toyota,Azul Claro
104215,DCF74B89,VW,Preto
105281,EAD17B89,Honda,Preto
105269,CBE73B89,Chevrolet,Prata
100918,BFB69B89,Honda,Azul Claro
105856,CBE84B89,Honda,Preto
103322,ABF25B89,Chevrolet,Vermelho
101723,ABE70B89,VW,Prata
100622,AEC22B89,Fiat,Preto
106899,AFE56B89,Honda,Azul Claro
108860,EAC90B89,Fiat,Branco
103465,BAE14B89,Chevrolet,Prata
106350,DBA17B89,Toyota,Preto
109999,BCF36B89,Chevrolet,Preto
102171,ACE33B89,Toyota,Prata
104735,ABA87B89,VW,Prata
103604,EAE33B89,Honda,Vermelho
106513,DED18B89,Fiat,Preto
107578,CFB20B89,Chevrolet,Preto
107168,DAD91B89,VW,Azul Claro
109402,AFE57B89,Honda,Prata
106058,CFA56B89,Toyota,Vermelho
100376,EBC75B89,Fiat,Branco
103460,EAE22B89,Toyota,Preto
107805,ADD11B89,Chevrolet,Prata
100825,FBC66B89,Chevrolet,Azul Claro
100704,DDD31B89,Toyota,Azul Claro
104012,FCC29B89,Fiat,Prata
102655,BDB66B89,Chevrolet,Vermelho
105477,DDE53B89,VW,Vermelho
104950,BFA67B89,Honda,Prata
109814,ACC27B89,Chevrolet,Azul Claro
108713,FBA39B89,Honda,Vermelho
107306,DEA80B89,Fiat,Azul Claro
106878,BDC15B89,Honda,Preto
109168,BDF28B89,Honda,Prata
109021,AFA13B89,Chevrolet,Vermelho
103442,CFA81B89,Chevrolet,Preto
108293,ABA99B89,Toyota,Azul Claro
108369,EBD18B89,Toyota,Preto
100208,CDC21B89,Fiat,Prata
102337,CBC52B89,Fiat,Branco
108546,DBB44B89,Honda,Branco
104872,EEA71B89,VW,Branco
103066,EFF23B89,Toyota,Preto
100619,DCB42B89,Fiat,Preto
109611,DCC52B89,Fiat,Prata
109540,CBC73B89,Fiat,Vermelho
103909,BAE88B89,VW,Prata
104582,BEB23B89,Chevrolet,Azul Claro
102639,FDD24B89,Honda,Vermelho
107646,ADB33B89,Toyota,Preto
106056,FCA74B89,Fiat,Preto
105172,CFF11B89,Chevrolet,Branco
101934,BCE93B89,Fiat,Azul Claro
100806,EBA42B89,VW,Prata
104694,FBC73B89,Honda,Branco
105831,BCD80B89,Chevrolet,Preto
105526,DCC48B89,VW,Preto
108765,DDA61B89,Chevrolet,Azul Claro
102804,BBC81B89,VW,Vermelho
107335,EFD57B89,Chevrolet,Prata
102702,DFD70B89,Fiat,Branco
108544,CED97B89,Fiat,Azul Claro
100461,EBF20B89,Chevrolet,Vermelho
104661,ABD57B89,VW,Prata
100753,EFD48B89,Honda,Branco
105687,DFE83B89,Chevrolet,Vermelho
109911,DFA69B89,Chevrolet,Branco
106624,CDF96B89,Fiat,Preto
109992,CCD42B89,VW,Preto
105601,BDD26B89,Chevrolet,Preto
104129,EEE88B89,Honda,Azul Claro
101049,FBF80B89,VW,Vermelho
100475,ECA86B89,Fiat,Vermelho
107515,CAA33B89,Toyota,Preto
105588,FEA61B89,VW,Prata
107414,FEB10B89,VW,Vermelho
108236,FDA83B89,Chevrolet,Preto
104360,EDC66B89,Fiat,Vermelho
100171,BEF28B89,Honda,Preto
108792,DCD88B89,Fiat,Vermelho
109032,DCC82B89,VW,Vermelho
102311,EEE70B89,Honda,Prata
101856,DBB84B89,Chevrolet,Prata
107395,BCC25B89,Chevrolet,Vermelho
100908,BEE76B89,Honda,Preto
106683,ABD45B89,VW,Prata
101104,ADE89B89,Chevrolet,Prata
102293,AFE75B89,VW,Azul Claro
105711,ABB32B89,Chevrolet,Prata
101841,DEC96B89,Fiat,Prata
103388,FAB85B89,Fiat,Vermelho
100757,DBB90B89,Honda,Vermelho
104121,EAC22B89,VW,Prata
109995,BBE49B89,Honda,Branco
101201,FDE54B89,Honda,Azul Claro
104806,ECA90B89,Chevrolet,Preto
100111,EEB75B89,Fiat,Branco
101286,CFC24B89,VW,Preto
101701,FEE24B89,Toyota,Branco
106235,DBA58B89,Toyota,Branco
109106,CAA45B89,Honda,Preto
108678,AAC97B89,Fiat,Preto
100978,FEF67B89,Chevrolet,Prata
106314,FED74B89,VW,Azul Claro
108107,CCE82B89,Chevrolet,Prata
107096,BAE86B89,Chevrolet,Vermelho
100649,BFD31B89,Fiat,Prata
109626,FCC96B89,Toyota,Preto
109400,DAC25B89,VW,Branco
108039,FDB28B89,Honda,Preto
104960,CBD33B89,Chevrolet,Prata
109519,ECB21B89,Fiat,Prata
106171,CFD76B89,Fiat,Azul Claro
104364,FDF60B89,Chevrolet,Prata
101408,EFF49B89,Fiat,Branco
103666,EDD26B89,Chevrolet,Branco
108365,FEF10B89,Honda,Vermelho
104813,DAE84B89,Toyota,Preto
102208,BCD45B89,Chevrolet,Branco
108187,CAD83B89,VW,Azul Claro
103386,BEE52B89,Fiat,Prata
100504,AFC32B89,VW,Vermelho
107298,BEB59B89,Honda,Preto
108571,CBB53B89,Honda,Vermelho
104641,BFD42B89,VW,Prata
102416,EAB51B89,Chevrolet,Vermelho
104555,FCC14B89,Honda,Azul Claro
101614,BDE70B89,Honda,Branco
102033,FDD76B89,VW,Azul Claro
109345,DBC55B89,Fiat,Azul Claro
101081,ECC39B89,VW,Branco
104492,CDB84B89,Honda,Prata
106365,AFB28B89,Toyota,Vermelho
106206,EEC81B89,Toyota,Azul Claro
102891,BAA51B89,VW,Azul Claro
102366,CBB44B89,Honda,Branco
106918,AEC67B89,Honda,Preto
109872,EEE29B89,Fiat,Vermelho
105628,ACB70B89,Honda,Prata
106927,BAA12B89,Chevrolet,Azul Claro
103996,FCE47B89,Toyota,Branco
101296,ACE79B89,Honda,Azul Claro
104913,BBA96B89,Chevrolet,Branco
103679,BEB84B89,VW,Azul Claro
105898,CAD77B89,Chevrolet,Preto
105937,BAD73B89,Chevrolet,Azul Claro
109972,ABC42B89,VW,Vermelho
103839,EBD84B89,Fiat,Branco
104106,CBF95B89,Chevrolet,Azul Claro
101609,FBD29B89,Honda,Preto
105798,ABE44B89,VW,Branco
100216,FDD22B89,Toyota,Vermelho
104970,DDC54B89,Fiat,Prata
109508,EAD23B89,Toyota,Prata
105531,FDB45B89,Honda,Vermelho
105511,AEB50B89,Chevrolet,Prata
106756,DFA57B89,Honda,Branco
107728,AAA52B89,Fiat,Vermelho
104707,CCB82B89,Fiat,Preto
105608,AED44B89,Toyota,Branco
103360,BDD42B89,Toyota,Prata
104627,CFA78B89,Honda,Vermelho
106297,CFC96B89,Fiat,Preto
102368,DFA78B89,Toyota,Vermelho
106118,AFF63B89,Toyota,Preto
103804,DDA60B89,Chevrolet,Azul Claro
100579,ACA75B89,Honda,Branco
108534,CBF55B89,VW,Preto
103749,AAB70B89,Toyota,Preto
105076,ADC29B89,VW,Preto
105805,CED83B89,Toyota,Azul Claro
102172,BDB50B89,Chevrolet,Prata
106666,ACA86B89,VW,Prata
102297,FCD85B89,Chevrolet,Prata
101642,EBD94B89,VW,Preto
108509,DFE73B89,Honda,Azul Claro
100763,BBA72B89,Honda,Vermelho
109395,DEB56B89,Fiat,Azul Claro
106014,AEC70B89,Fiat,Prata
100644,FCA18B89,Toyota,Azul Claro
109121,BBA49B89,Chevrolet,Branco
109404,AEF89B89,Toyota,Prata
108635,BCC80B89,Fiat,Branco
101603,FDC53B89,Fiat,Branco
103580,BFC35B89,VW,Prata
107810,AFB81B89,Chevrolet,Branco
107500,AEF46B89,VW,Azul Claro
102913,AEF67B89,Honda,Azul Claro
103351,DBD26B89,Honda,Prata
102390,EAE82B89,Toyota,Vermelho
108710,EEB20B89,VW,Azul Claro
103535,AAE41B89,Toyota,Prata
108024,FEF13B89,VW,Prata
103596,FCE64B89,Chevrolet,Branco
102398,EAE46B89,Honda,Preto
101621,AED34B89,Fiat,Prata
101202,EAF82B89,Chevrolet,Branco
101462,CAA22B89,Fiat,Preto
107392,FDA80B89,VW,Prata
106679,CCC76B89,Chevrolet,Prata
107252,FAE14B89,Fiat,Preto
102477,CCB88B89,Toyota,Prata
100482,CAE37B89,VW,Vermelho
105347,AED31B89,VW,Azul Claro
104558,FBC29B89,Toyota,Azul Claro
102283,FDB26B89,Fiat,Branco
109125,AFD77B89,Toyota,Prata
107713,EAE76B89,VW,Vermelho
104135,DEC49B89,VW,Prata
107093,ACD19B89,Toyota,Azul Claro
107980,EFB51B89,VW,Azul Claro
106090,DCD78B89,Fiat,Branco
108595,CAB17B89,Toyota,Vermelho
103297,FFC62B89,Honda,Branco
101126,BEC47B89,Fiat,Preto
103939,ADF56B89,Toyota,Branco
101931,BDA25B89,Toyota,Branco
103899,ABF66B89,Toyota,Prata
108292,EBC77B89,Fiat,Vermelho
109640,FEE46B89,VW,Branco
101669,CFC51B89,Chevrolet,Preto
109585,EFF19B89,Honda,Prata
109022,AFD56B89,VW,Preto
109650,FBD79B89,VW,Preto
108855,ADB67B89,Fiat,Branco
105624,DEE64B89,Toyota,Prata
101295,BED79B89,VW,Azul Claro
109670,EDE44B89,Fiat,Preto
103898,EFA86B89,VW,Preto
106723,EDA48B89,Chevrolet,Vermelho
109494,EDB88B89,Fiat,Preto
107220,FDD90B89,Honda,Prata
103312,CCE88B89,VW,Vermelho
100479,FFD48B89,VW,Prata
101596,BBB24B89,Toyota,Azul Claro
102776,CFC96B89,Honda,Prata
107650,CFC43B89,Honda,Prata
104199,FCA99B89,Honda,Vermelho
109270,FEC98B89,Toyota,Azul Claro
107557,CAA36B89,Toyota,Prata
105253,DAB42B89,Honda,Azul Claro
102487,CBE26B89,Honda,Preto
105479,CCF27B89,Honda,Vermelho
101846,CCA34B89,Honda,Prata
108053,BBF41B89,Honda,Azul Claro
100281,CBD85B89,Toyota,Azul Claro
105093,CEE53B89,Toyota,Prata
106601,CEC64B89,Chevrolet,Preto
102187,ABA21B89,Chevrolet,Vermelho
100647,EDB34B89,Toyota,Prata
109012,FEE21B89,VW,Azul Claro
103613,ACC94B89,VW,Prata
100077,BEB60B89,Toyota,Prata
109049,CDB19B89,Fiat,Branco
106353,FDA38B89,Toyota,Preto
101457,DCA71B89,Toyota,Preto
105715,ABC60B89,Honda,Preto
106231,DCE75B89,VW,Azul Claro
103709,BBA86B89,Honda,Branco
102068,BDD37B89,VW,Azul Claro
105718,BBD32B89,Chevrolet,Azul Claro
108155,BAF28B89,VW,Branco
101223,BDB18B89,Fiat,Preto
107905,EFF59B89,Chevrolet,Prata
100883,AEE27B89,VW,Preto
100543,ACD96B89,Chevrolet,Branco
100567,DDD27B89,Chevrolet,Prata
100606,DCE78B89,Toyota,Prata
100417,BBC66B89,VW,Vermelho
103549,BFF11B89,VW,Branco
102243,DFF87B89,Chevrolet,Prata
109751,DAD97B89,Fiat,Preto
106879,DDC43B89,VW,Vermelho
103470,EFD42B89,Chevrolet,Branco
108181,BAC90B89,Honda,Preto
106746,DAC80B89,Chevrolet,Vermelho
104485,FFC29B89,Fiat,Vermelho
100741,DAD52B89,Fiat,Vermelho
100375,FBF27B89,Toyota,Prata
101977,DDF35B89,VW,Vermelho
102603,ECF70B89,Toyota,Azul Claro
102063,FBB44B89,Fiat,Preto
102144,FEB46B89,Toyota,Prata
104457,EBC32B89,VW,Azul Claro
108834,CDD89B89,Fiat,Prata
102160,BFF79B89,Fiat,Branco
104429,ADC98B89,VW,Preto
100990,DDC97B89,Toyota,Azul Claro
107682,FFA51B89,Chevrolet,Preto
102286,CAF39B89,Toyota,Azul Claro
105434,CDA80B89,VW,Preto
100714,FCD74B89,Toyota,Azul Claro
104666,AFF62B89,Chevrolet,Vermelho
103321,EAA76B89,VW,Azul Claro
103914,EAD35B89,Toyota,Prata
107092,FBE40B89,Toyota,Vermelho
105508,CDD27B89,Fiat,Vermelho
107503,DAE47B89,Chevrolet,Preto
109764,ECF42B89,Honda,Branco
103404,DCE18B89,Fiat,Branco
100510,FFC53B89,Honda,Vermelho
107966,EDE89B89,Toyota,Preto
100156,EFD49B89,Toyota,Preto
107579,BDE95B89,Toyota,Preto
101051,AED16B89,Chevrolet,Preto
108782,ABF21B89,Chevrolet,Prata
100839,AEE48B89,Fiat,Branco
104621,EEE27B89,Chevrolet,Azul Claro
100557,FCF54B89,Chevrolet,Azul Claro
105627,AAB96B89,Toyota,Preto
103957,FCA68B89,Honda,Branco
105165,EFF29B89,Fiat,Vermelho
104839,DDD95B89,VW,Vermelho
104889,FFC44B89,Honda,Prata
106161,EFC54B89,Fiat,Vermelho
109189,DDF27B89,Chevrolet,Preto
101629,AAB55B89,VW,Preto
104840,AFA78B89,Fiat,Branco
109625,FFD72B89,Honda,Branco
105650,CDA76B89,Chevrolet,Vermelho
101142,EFE20B89,Toyota,Preto
103463,CFF90B89,Toyota,Preto
104011,FAC81B89,VW,Branco
103728,BED53B89,Honda,Branco
107695,BAB49B89,Fiat,Preto
108258,DCF46B89,VW,Vermelho
105461,FAF87B89,Fiat,Vermelho
108014,CAC30B89,Fiat,Prata
101801,ABD13B89,VW,Preto
104756,ADF42B89,Honda,Preto
103103,ECF38B89,Fiat,Prata
109769,CEC16B89,Fiat,Preto
100530,DAF42B89,Honda,Prata
101540,DFE73B89,Toyota,Preto
107539,FAF95B89,VW,Vermelho
101635,EBE63B89,Toyota,Azul Claro
101919,CBF50B89,Fiat,Azul Claro
102753,BEA89B89,VW,Vermelho
104632,FCE58B89,Fiat,Azul Claro
100124,CBF24B89,VW,Branco
103427,EFD65B89,Toyota,Vermelho
108079,DCA74B89,Fiat,Vermelho
101840,EDB80B89,Chevrolet,Vermelho
108745,ADA87B89,Honda,Preto
101949,EDC68B89,Fiat,Azul Claro
108600,FEE28B89,Fiat,Azul Claro
109143,AAF44B89,Toyota,Branco
105055,FBE41B89,Toyota,Prata
109980,DBF84B89,Fiat,Prata
102412,CBB87B89,Honda,Prata
102365,AEB83B89,Honda,Vermelho
109641,DAE80B89,VW,Vermelho
104122,EAC47B89,Honda,Preto
107822,EAF14B89,Fiat,Preto
102379,BBB14B89,Chevrolet,Azul Claro
106578,DCD35B89,VW,Branco
101332,DEC45B89,Toyota,Preto
105600,CEB58B89,Honda,Vermelho
101239,CAD80B89,Toyota,Prata
102876,AAA68B89,VW,Vermelho
105407,FCD41B89,VW,Azul Claro
100847,BEB47B89,VW,Prata
109498,DEC91B89,Fiat,Branco
101077,FFD65B89,Fiat,Prata
109340,CBE15B89,Toyota,Preto
101903,CAD80B89,Chevrolet,Preto
101749,FCF90B89,VW,Azul Claro
107263,DFA89B89,VW,Vermelho
109381,FAA65B89,Toyota,Vermelho
101183,ECF85B89,Fiat,Azul Claro
107827,DEE85B89,Honda,Branco
105981,EFB84B89,Chevrolet,Branco
109981,EEC34B89,Fiat,Prata
103060,ACB96B89,Toyota,Branco
103859,EBE10B89,Fiat,Prata
106043,FCD41B89,Honda,Preto
108117,CFB73B89,Toyota,Azul Claro
101101,FEE32B89,Chevrolet,Vermelho
108489,DCC67B89,Toyota,Azul Claro
106579,CEF25B89,Toyota,Prata
106448,CCC36B89,Fiat,Azul Claro
103270,FFB35B89,Honda,Branco
107472,FAF53B89,Honda,Vermelho
108684,DEB12B89,Toyota,Branco
106836,BEE17B89,Fiat,Prata
103879,BED94B89,Toyota,Prata
107662,DEC18B89,VW,Preto
102180,BBC40B89,Chevrolet,Vermelho
102061,DBB66B89,Chevrolet,Prata
109474,EDB46B89,VW,Azul Claro
102135,BED59B89,Toyota,Prata
107803,BCB67B89,VW,Vermelho
108345,DDB86B89,Fiat,Prata
109631,AFC76B89,Toyota,Vermelho
109893,CEC49B89,Fiat,Vermelho
107565,DBC60B89,Honda,Branco
109164,CAC43B89,Chevrolet,Azul Claro
109267,DDC73B89,VW,Branco
106821,BCE12B89,VW,Prata
103164,BDF76B89,VW,Preto
107901,CAC34B89,Honda,Preto
109894,FCE34B89,Toyota,Branco
103694,FFC41B89,Honda,Vermelho
106876,ADD60B89,VW,Branco
105743,BDE78B89,Chevrolet,Azul Claro
104275,CCA79B89,Toyota,Branco
101279,EDF15B89,Fiat,Vermelho
104319,AEF21B89,Toyota,Prata
106710,BCB63B89,Honda,Azul Claro
102207,DCE62B89,VW,Prata
106867,BBB75B89,Honda,Preto
101551,CEF91B89,Chevrolet,Prata
104356,FFB21B89,VW,Prata
100185,EBC75B89,Fiat,Azul Claro
100863,DEC75B89,Chevrolet,Azul Claro
108323,CAC21B89,Chevrolet,Branco
102356,EFA92B89,VW,Preto
104062,FDD49B89,Toyota,Prata
107601,FCC79B89,Chevrolet,Azul Claro
109674,EFA16B89,Toyota,Azul Claro
101652,DDF39B89,Chevrolet,Preto
107161,CCB16B89,Chevrolet,Vermelho
101415,FCC37B89,Toyota,Azul Claro
100814,BDA86B89,Fiat,Vermelho
106541,DDC40B89,Fiat,Prata
109548,EEF37B89,Toyota,Prata
107351,FAE98B89,Honda,Azul Claro
102163,BEA68B89,Honda,Prata
106956,DFD30B89,VW,Prata
106910,FCB31B89,VW,Vermelho
104327,ECF88B89,Honda,Preto
100584,AAC44B89,Honda,Prata
107792,DAA78B89,Toyota,Branco
100857,FFE74B89,Chevrolet,Vermelho
109778,DDB27B89,Chevrolet,Branco
104799,ABB39B89,VW,Branco
107518,BED83B89,Toyota,Branco
101594,EEA57B89,Toyota,Prata
106208,DCC83B89,VW,Branco
107716,DCB42B89,Fiat,Vermelho
101620,FDF17B89,Fiat,Vermelho
108178,DAB52B89,Fiat,Preto
104772,ACB64B89,Chevrolet,Branco
107707,ADE77B89,Toyota,Prata
109426,DEA37B89,Honda,Azul Claro
105354,BDA32B89,Chevrolet,Preto
100921,EEB35B89,Fiat,Vermelho
106736,CBA31B89,Honda,Vermelho
104984,DFA65B89,VW,Azul Claro
105278,BBE22B89,Honda,Azul Claro
106582,EAE87B89,Toyota,Branco
102205,FCD38B89,Chevrolet,Preto
101556,FBA74B89,Toyota,Branco
109708,BDB59B89,Chevrolet,Azul Claro
104654,DDC41B89,Honda,Azul Claro
105423,FFD55B89,Toyota,Azul Claro
100981,CBD90B89,VW,Vermelho
102456,BDF56B89,VW,Preto
107775,FAC83B89,Fiat,Branco
100631,FDA86B89,VW,Preto
103685,AAA58B89,Chevrolet,Preto
106762,CFD24B89,VW,Vermelho
108139,AEE31B89,Toyota,Prata
105577,ECD36B89,Honda,Prata
108873,CEB22B89,Chevrolet,Prata
106665,DBC51B89,Honda,Azul Claro
102331,EDB66B89,Honda,Azul Claro
104068,DEB49B89,VW,Vermelho
109759,EEC36B89,Honda,Azul Claro
105633,CCC48B89,VW,Prata
102898,FEC79B89,Chevrolet,Azul Claro
102808,FEE27B89,VW,Azul Claro
107786,ABE13B89,VW,Branco
104420,FCA72B89,Fiat,Branco
105027,CBA37B89,VW,Branco
102552,CFD89B89,Honda,Prata
100459,ABD57B89,Honda,Branco
101138,BFE71B89,Toyota,Azul Claro
101665,DEB60B89,Fiat,Azul Claro
107633,FCB62B89,Chevrolet,Azul Claro
103837,EEE18B89,Chevrolet,Prata
102582,BFE25B89,Fiat,Branco
107435,BBA29B89,Honda,Preto
100987,ABD75B89,Toyota,Preto
100724,BAF92B89,Honda,Vermelho
101036,DFB99B89,Honda,Preto
106754,ACB79B89,Chevrolet,Branco
102090,EFB69B89,Toyota,Prata
109878,DCA46B89,VW,Vermelho
104685,ADC41B89,Toyota,Azul Claro
103142,CAE50B89,Fiat,Azul Claro
108262,DBC68B89,Honda,Vermelho
107902,AEE45B89,Honda,Branco
108115,ECE33B89,Fiat,Vermelho
109103,DFC48B89,Honda,Vermelho
103527,FDF88B89,Honda,Branco
101791,CCC94B89,Chevrolet,Prata
102633,FFE77B89,Fiat,Azul Claro
104295,BBB70B89,VW,Branco
100602,CDF89B89,VW,Vermelho
108486,FCD76B89,VW,Prata
108438,DBF98B89,Toyota,Vermelho
103259,DFD70B89,Toyota,Preto
106408,FDF68B89,Chevrolet,Vermelho
109862,CEC75B89,Fiat,Vermelho
105040,EAB65B89,Toyota,Preto
102168,CBC74B89,Toyota,Branco
108911,ADF22B89,Toyota,Preto
103275,DBD19B89,VW,Preto
102333,DFE23B89,VW,Azul Claro
101760,ACF33B89,Chevrolet,Azul Claro
104971,DCA31B89,Honda,Prata
108104,DDB20B89,Fiat,Prata
102945,ABE74B89,VW,Azul Claro
109967,EAC12B89,Fiat,Branco
105975,ACF38B89,Chevrolet,Preto
109013,FDC60B89,Toyota,Preto
109068,DFD27B89,Chevrolet,Azul Claro
109289,AFB53B89,Toyota,Preto
107918,ABB97B89,Toyota,Prata
105284,AEC40B89,Honda,Preto
100508,BDF35B89,Fiat,Branco
107547,DFE72B89,Toyota,Branco
107122,ACA88B89,VW,Azul Claro
106406,ECF14B89,Chevrolet,Prata
106179,DAC85B89,VW,Prata
104969,ABC84B89,Chevrolet,Azul Claro
100116,CCA44B89,VW,Azul Claro
107609,BBE85B89,Chevrolet,Prata
101273,AEC98B89,Toyota,Azul Claro
108000,DEF58B89,Toyota,Prata
109685,AED69B89,Chevrolet,Vermelho
102411,FEE27B89,Fiat,Branco
103809,CFB78B89,VW,Preto
105543,DEE67B89,Chevrolet,Azul Claro
106503,DCF43B89,Fiat,Branco
100703,DEB65B89,VW,Prata
101626,BEC39B89,Toyota,Vermelho
100972,CED35B89,Chevrolet,Azul Claro
106615,EFB36B89,Fiat,Branco
105333,CAD98B89,Honda,Vermelho
107751,EEC33B89,Fiat,Branco
105048,EFE70B89,Fiat,Preto
107063,FEC99B89,Fiat,Azul Claro
102280,DBA73B89,Toyota,Branco
101371,CDB81B89,Fiat,Branco
108029,CEB34B89,Fiat,Azul Claro
104834,ADA51B89,Toyota,Vermelho
105451,ACC49B89,Fiat,Branco
100979,ECC47B89,Chevrolet,Vermelho
103819,BCB87B89,Honda,Branco
102502,EFF42B89,VW,Vermelho
109344,BEC93B89,Toyota,Prata
103536,CAF41B89,Chevrolet,Preto
109502,CCE69B89,Honda,Prata
101179,ADE76B89,Toyota,Preto
101018,FAA89B89,Toyota,Preto
102955,CAE96B89,Toyota,Preto
108514,FAB42B89,VW,Vermelho
102343,FDF20B89,Fiat,Branco
105801,BDC99B89,VW,Prata
103371,DAC18B89,Honda,Vermelho
102400,AEE26B89,Fiat,Azul Claro
104646,DFE50B89,Toyota,Azul Claro
100100,EAD85B89,Honda,Preto
106006,DDD29B89,VW,Prata
103029,EDC16B89,VW,Branco
108599,AEA95B89,Chevrolet,Prata
107603,AFE53B89,VW,Branco
102075,FCE29B89,Fiat,Azul Claro
105425,BDA67B89,Fiat,Prata
100949,DCD56B89,Chevrolet,Vermelho
104496,FDA92B89,Chevrolet,Prata
100910,CDB89B89,VW,Azul Claro
102991,ADE18B89,Honda,Azul Claro
109415,CDE23B89,Toyota,Prata
109677,BBC80B89,Fiat,Branco
109558,DCF31B89,VW,Preto
102067,FAE34B89,Chevrolet,Azul Claro
105604,FAA71B89,Fiat,Vermelho
109589,ECA31B89,VW,Branco
109554,DEB95B89,Fiat,Azul Claro
105705,BAA82B89,Fiat,Preto
105662,FEA39B89,Chevrolet,Azul Claro
108836,CFE88B89,Toyota,Preto
107257,FAC34B89,VW,Preto
105254,EBF30B89,Honda,Prata
105698,DEE62B89,Toyota,Prata
100321,DEC27B89,VW,Prata
101334,AFC52B89,Toyota,Prata
108900,BFC71B89,Chevrolet,Vermelho
100174,BCD91B89,VW,Prata
107125,BDA13B89,Honda,Vermelho
109842,BCF30B89,Chevrolet,Prata
106128,FEF21B89,Toyota,Prata
102093,EBD83B89,Fiat,Azul Claro
107800,BCC32B89,Chevrolet,Prata
104630,FCA50B89,Honda,Prata
104878,BFB10B89,VW,Azul Claro
108908,ECA57B89,Fiat,Preto
104617,CDA11B89,Toyota,Azul Claro
106093,DDD16B89,Toyota,Azul Claro
104359,ACE34B89,Toyota,Vermelho
109812,AAE64B89,Toyota,Vermelho
100948,EEC12B89,Chevrolet,Prata
106368,ADF22B89,Chevrolet,Azul Claro
108840,DDE11B89,Toyota,Vermelho
106021,CDC71B89,VW,Vermelho
103538,DEB10B89,Toyota,Azul Claro
101058,FFD83B89,Chevrolet,Preto
105228,ADE98B89,Fiat,Vermelho
108743,DBA50B89,Chevrolet,Azul Claro
106715,EAA60B89,Fiat,Vermelho
102521,BAE28B89,VW,Prata
101910,DCB90B89,Toyota,Preto
109909,DFC91B89,Honda,Vermelho
103519,CBF90B89,VW,Vermelho
108134,CDA13B89,VW,Prata
100252,CCB32B89,VW,Prata
101816,EAA25B89,Toyota,Branco
105163,FBD60B89,Honda,Prata
103691,DCA94B89,VW,Azul Claro
108615,DDC43B89,Toyota,Vermelho
106188,BED53B89,Fiat,Vermelho
108718,CBD61B89,Honda,Preto
108584,EBE45B89,Chevrolet,Prata
109887,CDD18B89,Toyota,Preto
102619,ADC51B89,Chevrolet,Azul Claro
105120,BCC61B89,VW,Branco
108831,FCD21B89,Chevrolet,Azul Claro
101839,ABA99B89,Honda,Azul Claro
106344,BED18B89,VW,Branco
105239,CDB93B89,Honda,Prata
100097,FBD44B89,Fiat,Azul Claro
101464,FDE48B89,Toyota,Vermelho
102504,FBB37B89,Chevrolet,Prata
105132,EEC61B89,Fiat,Azul Claro
106932,BCA51B89,Chevrolet,Vermelho
103172,CDF23B89,Honda,Azul Claro
105452,CCF83B89,Honda,Azul Claro
106656,CEA52B89,Chevrolet,Branco
100762,EDD52B89,Toyota,Branco
100089,BAD60B89,Fiat,Vermelho
100110,CDD92B89,Toyota,Azul Claro
102442,FAE61B89,Toyota,Preto
108235,BBD98B89,VW,Branco
106880,BEB11B89,Toyota,Prata
102754,FCB86B89,Fiat,Prata
103199,FDD89B89,Fiat,Prata
106625,ADD99B89,Toyota,Preto
109901,AEF53B89,VW,Prata
104077,AFE86B89,VW,Vermelho
109595,FFE43B89,Chevrolet,Azul Claro
108832,CFA76B89,VW,Azul Claro
102725,BEC78B89,Honda,Vermelho
108867,AAA26B89,VW,Vermelho
106288,AFB11B89,Chevrolet,Branco
108671,BFF61B89,Honda,Prata
100245,CAE47B89,Fiat,Prata
105063,FDD67B89,VW,Azul Claro
102278,FBE69B89,Chevrolet,Branco
106041,CFD36B89,Honda,Azul Claro
106937,ABA39B89,Toyota,Branco
100988,BDD11B89,Chevrolet,Prata
100095,FCC17B89,Chevrolet,Vermelho
107644,CFB69B89,Chevrolet,Vermelho
109818,FCC29B89,Fiat,Branco
102611,DDE66B89,VW,Branco
109860,DFD39B89,Honda,Branco
102818,AAD48B89,Toyota,Vermelho
109541,CBE20B89,Toyota,Preto
100219,CEB96B89,Fiat,Prata
109731,EAE78B89,Toyota,Prata
109745,FBE99B89,Honda,Branco
109000,ADE46B89,Fiat,Azul Claro
102733,EDA83B89,Chevrolet,Azul Claro
108673,EBA34B89,Honda,Vermelho
107886,CDF88B89,Chevrolet,Preto
109969,CCF58B89,VW,Preto
102457,AFA79B89,Chevrolet,Azul Claro
105771,BEE41B89,Fiat,Preto
102533,DAF75B89,Toyota,Branco
105703,CCE10B89,VW,Preto
104557,FDE89B89,Honda,Azul Claro
108204,FDA51B89,Toyota,Prata
108824,CFF88B89,Chevrolet,Vermelho
101972,BDD37B89,Toyota,Preto
109214,DBB29B89,Toyota,Azul Claro
108441,BEC52B89,Fiat,Vermelho
108888,DBD82B89,Fiat,Preto
109801,ACC40B89,Toyota,Azul Claro
106726,ACE37B89,Fiat,Vermelho
104791,BDE75B89,Fiat,Prata
104200,BDE90B89,Chevrolet,Prata
107904,EAD53B89,Toyota,Azul Claro
104494,BAD16B89,VW,Vermelho
100319,CEC55B89,Chevrolet,Preto
101240,BBA28B89,Fiat,Vermelho
108638,BCF50B89,Honda,Azul Claro
102375,FFA27B89,Honda,Branco
103337,CFC44B89,Fiat,Prata
105910,FCA32B89,Fiat,Vermelho
106855,CBE39B89,Chevrolet,Branco
105913,CDF81B89,Toyota,Azul Claro
105614,DAE90B89,Chevrolet,Preto
106471,FBA74B89,Toyota,Azul Claro
105493,DBA58B89,Fiat,Vermelho
108057,DFA15B89,Toyota,Prata
101216,FEC57B89,Honda,Azul Claro
102212,BDE31B89,VW,Prata
100330,FCD59B89,Toyota,Prata
101786,ADA50B89,VW,Vermelho
100812,CCE86B89,Toyota,Branco
101978,ADB78B89,VW,Branco
103116,BAB27B89,VW,Vermelho
107552,DDA10B89,Fiat,Preto
103331,CCE61B89,Honda,Prata
100613,DEE97B89,Honda,Preto
101282,EDA54B89,Fiat,Branco
100722,FCC50B89,Fiat,Prata
109187,EEB71B89,Toyota,Branco
106887,DEB86B89,Toyota,Vermelho
106158,FED77B89,Chevrolet,Preto
108240,BFA12B89,Toyota,Azul Claro
107302,BDA47B89,Honda,Azul Claro
102849,CAE45B89,Honda,Preto
100406,ECE95B89,Fiat,Vermelho
107290,BCA65B89,Toyota,Branco
108722,EFD86B89,VW,Branco
107355,BAF89B89,Honda,Branco
108179,EBF92B89,Fiat,Azul Claro
106606,AAC56B89,Chevrolet,Vermelho
102659,AAF64B89,Honda,Prata
104689,CBE65B89,VW,Preto
109564,BBB42B89,Fiat,Branco
102259,BAC87B89,VW,Prata
103464,CBD49B89,VW,Vermelho
102500,FAE57B89,VW,Azul Claro
103921,AFB20B89,VW,Preto
109352,AEA87B89,Toyota,Preto
101733,EEE98B89,Chevrolet,Prata
104337,BFA83B89,Toyota,Vermelho
106125,ECB39B89,VW,Vermelho
100513,EAC61B89,Honda,Preto
109613,CBF63B89,Chevrolet,Vermelho
109653,EEC79B89,Toyota,Azul Claro
107112,ABC85B89,Honda,Branco
107214,BDD55B89,Honda,Azul Claro
108315,BEB97B89,Chevrolet,Branco
108807,FCC79B89,VW,Prata
103018,DFC10B89,VW,Prata
102692,BCF30B89,Toyota,Vermelho
105379,BAD42B89,Toyota,Preto
106057,AEB77B89,Honda,Preto
103956,EED84B89,Chevrolet,Vermelho
104742,FFB90B89,VW,Preto
107381,EFA39B89,Honda,Preto
107109,CFD98B89,Toyota,Azul Claro
106916,EAA45B89,VW,Prata
101992,CCA29B89,Chevrolet,Prata
106907,BAE66B89,Fiat,Vermelho
100051,FFE63B89,Honda,Branco
100308,AFC67B89,Toyota,Vermelho
102664,EAA23B89,Chevrolet,Preto
100092,FFE37B89,VW,Branco
105590,CDD83B89,Fiat,Vermelho
100026,CDC51B89,Honda,Vermelho
101731,AEF99B89,Chevrolet,Branco
104329,CBA18B89,Chevrolet,Vermelho
106972,DCB70B89,Chevrolet,Vermelho
102345,CBC43B89,Toyota,Prata
103085,ACD71B89,Toyota,Branco
102318,CBC99B89,Chevrolet,Preto
108988,AFB70B89,Chevrolet,Preto
102429,FCA37B89,VW,Branco
100362,DAF48B89,VW,Preto
102028,DEB11B89,Honda,Prata
107222,DBE71B89,Fiat,Prata
105262,DDD61B89,Chevrolet,Branco
103823,ECD44B89,VW,Prata
101451,EBF72B89,VW,Preto
105340,BFF53B89,Fiat,Vermelho
103467,EAA54B89,Toyota,Vermelho
109452,ABD38B89,Toyota,Prata
109157,CFC27B89,Honda,Branco
109276,AEE74B89,VW,Azul Claro
109539,DBF82B89,Chevrolet,Azul Claro
105351,FAA31B89,Honda,Prata
102794,BBA79B89,Honda,Vermelho
103869,FAB38B89,Toyota,Vermelho
108214,FEF40B89,VW,Azul Claro
101943,FFE82B89,Fiat,Prata
107514,CBA29B89,Fiat,Preto
102593,DFC11B89,Fiat,Vermelho
109717,CAA97B89,Fiat,Vermelho
101588,AAA70B89,Toyota,Branco
105443,FCE89B89,Chevrolet,Preto
106580,FAA27B89,Toyota,Vermelho
107511,BEA16B89,Honda,Azul Claro
104526,CFF72B89,Chevrolet,Branco
102601,EEF55B89,Toyota,Prata
105304,ACD21B89,Toyota,Prata
109225,FEB20B89,Toyota,Preto
104520,EED67B89,Chevrolet,Preto
104650,BBD53B89,Chevrolet,Preto
102992,DAC29B89,Honda,Azul Claro
106050,BFF67B89,Toyota,Vermelho
100654,BEE76B89,Honda,Preto
105144,FCA24B89,VW,Branco
101511,CCC62B89,Honda,Azul Claro
109715,FAE24B89,VW,Azul Claro
105635,EEB18B89,Chevrolet,Vermelho
106106,CEC76B89,VW,Preto
108877,BDE34B89,Chevrolet,Vermelho
109449,CDD26B89,Fiat,Branco
108637,DDA21B89,Fiat,Prata
101513,DAD19B89,Fiat,Preto
109970,FFC90B89,Honda,Vermelho
101478,CAD67B89,Chevrolet,Branco
109192,EAF89B89,VW,Prata
102596,DDB83B89,Fiat,Azul Claro
104214,FDD98B89,VW,Preto
100573,AEF92B89,Fiat,Vermelho
100843,BAE92B89,Honda,Branco
106322,BAF36B89,Toyota,Preto
104556,BBF45B89,Chevrolet,Branco
107554,BAA84B89,Toyota,Branco
106442,EBC48B89,Fiat,Vermelho
105011,DDB50B89,Toyota,Azul Claro
105218,BAB42B89,VW,Preto
105396,DCE98B89,Honda,Vermelho
106627,ABA34B89,Chevrolet,Azul Claro
106525,DFC10B89,Fiat,Vermelho
105679,FEA72B89,VW,Preto
100068,DEE70B89,Fiat,Azul Claro
109517,DFF39B89,VW,Azul Claro
109269,BAE24B89,Fiat,Prata
102999,ABA43B89,Chevrolet,Azul Claro
106568,BDB56B89,Chevrolet,Azul Claro
106891,EDB63B89,VW,Prata
108372,BFC45B89,Toyota,Prata
101360,FEC51B89,Toyota,Azul Claro
108966,EBD99B89,VW,Preto
105691,FDF65B89,Fiat,Azul Claro
106989,BBE89B89,Fiat,Branco
108683,BBF55B89,Honda,Vermelho
100924,AFF94B89,Honda,Branco
101797,EFC92B89,Honda,Azul Claro
100186,FFC86B89,Honda,Preto
109496,FFC58B89,Chevrolet,Azul Claro
102780,DCC58B89,VW,Preto
104341,BEA55B89,Chevrolet,Prata
103017,BCC95B89,Honda,Preto
107216,CFF27B89,Honda,Branco
108575,BDB86B89,Toyota,Branco
104075,DBD52B89,Fiat,Vermelho
100258,EAE46B89,Chevrolet,Preto
108435,FDA35B89,Toyota,Prata
104768,DEA98B89,Honda,Vermelho
103348,EFA82B89,Fiat,Branco
102115,AAB98B89,Honda,Preto
104769,CDB65B89,VW,Vermelho
109838,CCA17B89,Chevrolet,Azul Claro
108375,AFC87B89,Chevrolet,Azul Claro
106424,CBC20B89,VW,Azul Claro
102524,CFA72B89,Honda,Branco
107329,ABC70B89,VW,Preto
106758,DAF97B89,Toyota,Branco
102419,FFE82B89,Honda,Azul Claro
109052,ACD41B89,Toyota,Prata
107114,AFE57B89,Toyota,Preto
101485,FBA18B89,VW,Prata
100488,EFE25B89,Fiat,Vermelho
106859,FEF41B89,VW,Vermelho
108156,FAF79B89,Fiat,Vermelho
109476,ADA97B89,Toyota,Vermelho
107293,EEB74B89,Fiat,Azul Claro
102394,EEA12B89,Chevrolet,Branco
106703,ABD89B89,Chevrolet,Branco
105134,CAC17B89,VW,Vermelho
107672,DBE39B89,Fiat,Preto
103067,FFE92B89,VW,Azul Claro
108753,CBC90B89,Toyota,Branco
109686,EDE30B89,Chevrolet,Vermelho
100540,DEE20B89,Chevrolet,Azul Claro
102350,DAE73B89,Toyota,Vermelho
103046,ACA27B89,Fiat,Preto
102036,CED25B89,VW,Vermelho
103065,EEA16B89,Honda,Azul Claro
105472,BBC79B89,Chevrolet,Azul Claro
107977,FBC75B89,Fiat,Preto
106621,DAE27B89,Fiat,Preto
106109,CCC43B89,Chevrolet,Prata
103676,EBE71B89,Honda,Prata
106375,FED43B89,Honda,Azul Claro
105523,BBD71B89,Fiat,Azul Claro
109701,CAF84B89,Fiat,Branco
101041,BBA64B89,Honda,Branco
106512,AAD37B89,Toyota,Branco
108054,BAD27B89,Fiat,Vermelho
104406,CAC93B89,Honda,Prata
101413,DCC89B89,Honda,Preto
100114,FBE53B89,Toyota,Azul Claro
107555,DEA59B89,Toyota,Azul Claro
104250,FCD37B89,Toyota,Azul Claro
100230,CEF86B89,Honda,Branco
104404,BBA88B89,Fiat,Prata
109690,CEF14B89,Honda,Azul Claro
102292,EDD87B89,Toyota,Prata
102746,ADA79B89,Honda,Vermelho
107995,EAB13B89,Toyota,Prata
107419,EAD45B89,Chevrolet,Vermelho
105813,CBB61B89,Chevrolet,Prata
105616,BCD49B89,VW,Preto
102599,BFF10B89,Chevrolet,Prata
101758,ECC77B89,Honda,Branco
108481,EBF49B89,Chevrolet,Preto
104310,ADC19B89,VW,Vermelho
102703,AAE79B89,VW,Vermelho
103680,DBD50B89,Honda,Azul Claro
108344,BDF62B89,Chevrolet,Azul Claro
104514,FAA91B89,Toyota,Preto
103598,FAE67B89,Chevrolet,Vermelho
107668,DEE85B89,VW,Branco
101480,ACE59B89,Fiat,Branco
108109,BCF96B89,Honda,Branco
106278,BDC84B89,Toyota,Vermelho
109755,CBC10B89,Fiat,Azul Claro
109580,CEA15B89,VW,Azul Claro
100448,DAB72B89,VW,Branco
107876,BFC92B89,Chevrolet,Branco
106319,CAD52B89,Honda,Prata
103719,EBA87B89,Toyota,Branco
107324,FEE98B89,Honda,Branco
105037,ABB78B89,Toyota,Prata
108165,AFF73B89,Toyota,Preto
105101,AFF53B89,Fiat,Preto
108151,EBA58B89,Chevrolet,Vermelho
106377,BBB59B89,Fiat,Preto
107660,ADF65B89,Chevrolet,Preto
107488,DAD60B89,VW,Branco
102604,CFB35B89,VW,Azul Claro
101780,BAF61B89,Toyota,Preto
109158,BED63B89,Chevrolet,Vermelho
103389,DFE64B89,Chevrolet,Branco
108783,BAF47B89,Chevrolet,Prata
103822,BBE71B89,Chevrolet,Prata
103795,FEC24B89,Chevrolet,Azul Claro
105594,EBA20B89,VW,Preto
105886,DCD83B89,VW,Vermelho
101251,EEA32B89,Chevrolet,Vermelho
108037,ACB72B89,Honda,Branco
108479,DEC83B89,VW,Branco
108450,CCB37B89,Fiat,Preto
106103,BFE33B89,Fiat,Azul Claro
102079,EAD70B89,Toyota,Vermelho
103480,FCA67B89,Chevrolet,Prata
102055,CEE17B89,VW,Branco
105044,ACA86B89,Honda,Branco
109216,EDF34B89,VW,Vermelho
106814,EBC40B89,Toyota,Azul Claro
103838,BBC99B89,Toyota,Vermelho
109427,DAB18B89,Toyota,Azul Claro
102304,ECD55B89,Toyota,Prata
106351,CDD19B89,Chevrolet,Preto
107916,BFC26B89,VW,Branco
100588,DFB43B89,Toyota,Azul Claro
106148,FBE92B89,Honda,Preto
101914,ECA79B89,Chevrolet,Vermelho
108238,EDC35B89,Toyota,Preto
108936,ECD29B89,VW,Prata
104579,CBF46B89,Toyota,Prata
105305,EAF20B89,Chevrolet,Branco
106930,BDA14B89,Fiat,Vermelho
107568,DAE28B89,Honda,Branco
109001,AAA24B89,Toyota,Azul Claro
100607,BDA35B89,Fiat,Preto
108777,EEF26B89,VW,Preto
106099,CDE19B89,VW,Prata
103807,BBB88B89,Toyota,Branco
109900,CED46B89,VW,Preto
102984,FAA16B89,Honda,Preto
107815,DDA29B89,Toyota,Azul Claro
100874,EDC84B89,Honda,Prata
102815,CFC65B89,Honda,Vermelho
102046,AAD47B89,Fiat,Vermelho
105427,BFC56B89,VW,Prata
102649,AFC87B89,Chevrolet,Vermelho
104923,ECB74B89,Fiat,Vermelho
104826,AAC41B89,Fiat,Azul Claro
100726,ACA91B89,VW,Branco
104910,AAE95B89,Fiat,Azul Claro
102347,CED68B89,Chevrolet,Prata
109864,FAB37B89,Honda,Preto
105315,FED85B89,Chevrolet,Azul Claro
103456,ABB42B89,Toyota,Prata
108657,EBF62B89,Fiat,Azul Claro
106102,BFE15B89,VW,Azul Claro
100529,BDC90B89,Chevrolet,Prata
105668,BCD69B89,Chevrolet,Azul Claro
101414,ADD37B89,Toyota,Branco
100499,AAE94B89,VW,Preto
100668,BCC14B89,Fiat,Branco
106157,CED86B89,Fiat,Branco
103033,AEA97B89,Toyota,Azul Claro
109987,AAA84B89,Chevrolet,Azul Claro
103628,ACB89B89,Honda,Vermelho
108305,CFD58B89,Chevrolet,Vermelho
105289,EEC75B89,Chevrolet,Prata
105556,EBD47B89,Honda,Prata
101348,BBC97B89,Fiat,Branco
103774,FBC51B89,Fiat,Azul Claro
100303,BAA68B89,VW,Preto
108901,ECA87B89,Honda,Branco
101703,FAC72B89,VW,Prata
103834,AFF15B89,Chevrolet,Branco
108813,DAA39B89,Honda,Azul Claro
105896,BFD40B89,VW,Prata
108969,DCF32B89,VW,Prata
107176,BAD98B89,VW,Branco
101618,AFB54B89,Toyota,Vermelho
108660,DEC22B89,VW,Prata
100279,DEA25B89,Chevrolet,Prata
102924,CBF94B89,Honda,Preto
103206,FAA27B89,Fiat,Azul Claro
102285,EFB34B89,Fiat,Prata
104274,ACA95B89,Fiat,Branco
109531,BCD17B89,VW,Azul Claro
105400,DCC17B89,Honda,Branco
105196,EBE51B89,Honda,Preto
105311,FED22B89,Chevrolet,Prata
105723,EAB58B89,Honda,Azul Claro
102219,AFF18B89,VW,Vermelho
103093,ECD53B89,Chevrolet,Vermelho
109162,ECF86B89,Toyota,Azul Claro
101950,BEB67B89,VW,Preto
107821,BDE11B89,Honda,Vermelho
102736,EBA89B89,Toyota,Prata
107350,ADF51B89,Fiat,Branco
106514,CBD88B89,Chevrolet,Prata
108016,FEA19B89,Honda,Prata
101068,EBA54B89,Fiat,Prata
103660,CBB29B89,Honda,Prata
109163,ECC90B89,Toyota,Preto
107142,CDB20B89,Honda,Azul Claro
102470,AFC66B89,Fiat,Azul Claro
102274,FFF96B89,VW,Azul Claro
102967,DFE77B89,VW,Branco
104746,BCD42B89,Honda,Prata
104649,ABE61B89,VW,Azul Claro
107294,BAD73B89,VW,Preto
101265,CCA63B89,VW,Branco
104194,DBA54B89,Honda,Vermelho
102766,ABC11B89,Fiat,Vermelho
102845,EDF98B89,Honda,Prata
103038,BDC22B89,Honda,Vermelho
107154,DBD16B89,Honda,Branco
105696,BEA85B89,Toyota,Azul Claro
103506,ECC18B89,Toyota,Prata
100582,CFF15B89,Fiat,Preto
104493,ABC41B89,Fiat,Prata
102896,AFB35B89,Toyota,Azul Claro
104443,EBE44B89,Chevrolet,Prata
105032,BAB75B89,VW,Vermelho
100165,EDE79B89,Chevrolet,Azul Claro
100347,EDE85B89,Chevrolet,Azul Claro
102947,EFA55B89,VW,Prata
102260,CCD70B89,Fiat,Preto
104516,BBD27B89,Honda,Branco
106277,DDB46B89,Honda,Preto
107634,FAB92B89,Fiat,Vermelho
109711,FAE98B89,VW,Preto
105592,ECF92B89,Honda,Preto
105143,AAF78B89,Fiat,Preto
101727,DDB10B89,Honda,Prata
105880,EFA27B89,Fiat,Azul Claro
104952,BAC71B89,VW,Vermelho
100570,ACB79B89,Chevrolet,Azul Claro
101477,AEA37B89,VW,Branco
104252,BFF28B89,Fiat,Branco
100180,BBF72B89,Fiat,Branco
107215,DCB25B89,VW,Vermelho
102282,ECE27B89,Chevrolet,Branco
102962,ACC85B89,Chevrolet,Azul Claro
109797,FFD88B89,Fiat,Preto
102827,CDB18B89,Honda,Azul Claro
100255,CEA99B89,Fiat,Preto
103912,DFB94B89,Toyota,Prata
104778,BFF52B89,Toyota,Branco
107781,FDD31B89,Fiat,Prata
109148,EDA55B89,VW,Azul Claro
105739,CFD75B89,Honda,Prata
104513,BBD34B89,Fiat,Azul Claro
100838,ACF85B89,Toyota,Prata
102631,AEE18B89,VW,Branco
100107,FBC67B89,VW,Preto
103717,AFD30B89,Honda,Azul Claro
104463,DCF67B89,VW,Branco
108565,AEA66B89,Chevrolet,Vermelho
100416,DDE81B89,Chevrolet,Vermelho
106516,EAE27B89,Chevrolet,Azul Claro
104825,AAA64B89,Fiat,Preto
108349,CDB71B89,VW,Branco
108797,EBF43B89,Toyota,Preto
108050,AFB68B89,Fiat,Azul Claro
107401,AFD81B89,VW,Branco
102265,FFD60B89,Toyota,Vermelho
108357,FDD17B89,Toyota,Preto
106484,AEA45B89,Chevrolet,Vermelho
106001,BBC87B89,Fiat,Preto
100458,BAE17B89,VW,Vermelho
105079,ADF39B89,Fiat,Prata
108863,FBA32B89,Fiat,Vermelho
101283,BAE32B89,Honda,Branco
104606,CAE62B89,Honda,Branco
104796,EDF86B89,VW,Prata
102217,ABA93B89,Honda,Azul Claro
101900,DAB36B89,Chevrolet,Prata
109079,EDA69B89,Chevrolet,Preto
105373,EDA89B89,Honda,Branco
102621,AAF17B89,Fiat,Azul Claro
102030,EFE60B89,Toyota,Azul Claro
101382,CDC53B89,Chevrolet,Vermelho
100039,ACD32B89,VW,Branco
105987,CDF17B89,VW,Branco
106663,DCA80B89,Toyota,Vermelho
109379,FDC42B89,Honda,Azul Claro
107043,BCC66B89,Chevrolet,Azul Claro
103508,CDD48B89,Chevrolet,Preto
107738,DEF85B89,VW,Preto
108483,FAB77B89,Chevrolet,Vermelho
101117,CAC80B89,Toyota,Branco
102980,BDD24B89,VW,Azul Claro
103437,CAC85B89,Chevrolet,Branco
108776,CFA16B89,Toyota,Branco
108294,DEE63B89,Honda,Prata
105399,DFB95B89,Honda,Vermelho
109456,AED27B89,Chevrolet,Branco
103544,DBB55B89,Toyota,Prata
108680,EED13B89,Fiat,Prata
102867,CEB37B89,Fiat,Prata
104442,DFF93B89,Honda,Vermelho
100574,BCD14B89,Honda,Branco
101515,DEF46B89,VW,Azul Claro
102617,FFA19B89,VW,Branco
104570,CCF98B89,Fiat,Preto
104696,EAD14B89,Chevrolet,Preto
106454,EAF45B89,Honda,Preto
107206,EFC73B89,VW,Preto
101878,CCF85B89,Toyota,Prata
105371,FAE20B89,Toyota,Vermelho
102169,ECA82B89,Toyota,Preto
109235,EFF83B89,Fiat,Preto
109747,ACC16B89,Honda,Preto
103897,BFC31B89,Chevrolet,Vermelho
109943,ACB15B89,Fiat,Preto
103665,DEC34B89,VW,Vermelho
103450,EED83B89,VW,Branco
102729,FDB40B89,Toyota,Prata
100342,ADE60B89,Chevrolet,Preto
109669,DEF82B89,Toyota,Preto
101810,EFC86B89,Toyota,Preto
106386,ADA15B89,Toyota,Azul Claro
100661,EDE29B89,VW,Prata
107510,CEC55B89,Chevrolet,Azul Claro
105067,ABA23B89,Chevrolet,Azul Claro
103076,ECC82B89,Fiat,Prata
105678,EFF69B89,Toyota,Prata
107843,ADE22B89,VW,Branco
105759,CFB12B89,Honda,Branco
106333,CEF10B89,Honda,Prata
100136,CAE57B89,Honda,Azul Claro
106835,DEC38B89,Honda,Azul Claro
105932,ACE28B89,Toyota,Prata
103880,AAF30B89,VW,Preto
105297,AFC85B89,Chevrolet,Branco
102727,CFD45B89,Toyota,Branco
106283,AAD54B89,Toyota,Vermelho
101787,DFD53B89,Fiat,Preto
103836,AAD58B89,Toyota,Vermelho
100036,DBA13B89,VW,Branco
109826,BCC71B89,Toyota,Preto
104187,DFB92B89,Honda,Vermelho
100675,CFD70B89,Fiat,Preto
103633,EAC64B89,Fiat,Vermelho
101555,BCA71B89,Chevrolet,Preto
103529,DFB58B89,Chevrolet,Vermelho
106398,BCD44B89,Chevrolet,Azul Claro
103979,ABB35B89,Chevrolet,Branco
105929,CCC14B89,Toyota,Branco
107127,AEF14B89,VW,Azul Claro
103708,FBF60B89,Toyota,Preto
109161,DAD50B89,Chevrolet,Preto
109762,BDB27B89,Honda,Preto
102693,DEC91B89,Toyota,Branco
105775,CDF46B89,Fiat,Branco
107431,CBA74B89,Chevrolet,Azul Claro
105384,FFF29B89,VW,Branco
105036,CAD96B89,Chevrolet,Vermelho
106496,CFE33B89,VW,Azul Claro
103820,CBE91B89,Honda,Branco
102696,FFB74B89,Toyota,Prata
100784,FDC87B89,Honda,Azul Claro
107832,BEC11B89,VW,Azul Claro
107996,BFB79B89,Toyota,Vermelho
101746,ABE62B89,Toyota,Preto
107767,BEC94B89,Fiat,Azul Claro
100687,FEB88B89,VW,Branco
108098,DAC42B89,Honda,Branco
108391,CDB62B89,Fiat,Azul Claro
101052,DAC74B89,Chevrolet,Azul Claro
104038,EED13B89,VW,Azul Claro
105834,EAB58B89,Fiat,Vermelho
103405,EBF92B89,Honda,Vermelho
103705,ECA39B89,Fiat,Azul Claro
105301,ACC24B89,Honda,Preto
103955,DEE16B89,Fiat,Preto
105352,EEA66B89,Honda,Preto
103375,EBF23B89,VW,Preto
103428,FCC97B89,Honda,Branco
108360,DFB78B89,Chevrolet,Vermelho
102507,ADE49B89,VW,Prata
106996,DEF88B89,Honda,Vermelho
104681,CAA99B89,Honda,Preto
102494,EBC44B89,Chevrolet,Vermelho
100210,BDF52B89,Chevrolet,Branco
102667,FEC57B89,Chevrolet,Vermelho
106046,ACE29B89,Toyota,Branco
102223,FDD70B89,Honda,Prata
104747,DAF84B89,Fiat,Preto
108827,BCB42B89,Toyota,Branco
106711,EDF45B89,VW,Prata
105492,FBC62B89,VW,Preto
101151,BDB86B89,VW,Prata
104615,CAD30B89,Fiat,Azul Claro
107566,EEC13B89,Toyota,Preto
101670,CDB70B89,Chevrolet,Vermelho
102320,CFE14B89,Honda,Preto
103495,FBF64B89,VW,Prata
103225,DCB43B89,Fiat,Vermelho
103007,AEA10B89,Toyota,Vermelho
106048,CEC66B89,Fiat,Vermelho
107798,EED71B89,Chevrolet,Prata
106387,DDE62B89,Fiat,Prata
101809,AFA93B89,Toyota,Prata
101757,DFF42B89,Fiat,Vermelho
108171,BEC78B89,Chevrolet,Preto
108984,AAB94B89,Honda,Vermelho
101715,DFF30B89,Honda,Vermelho
100802,DEB57B89,Honda,Branco
100484,FDE90B89,VW,Azul Claro
106436,CFF19B89,VW,Vermelho
103364,DFA49B89,VW,Azul Claro
104994,EAB57B89,Toyota,Azul Claro
105828,EEC76B89,Chevrolet,Branco
102446,CCA43B89,Toyota,Vermelho
108121,EBF56B89,Fiat,Prata
105437,BEF88B89,Honda,Branco
108892,BDD16B89,Chevrolet,Azul Claro
101345,EDA61B89,Honda,Vermelho
105911,AFA46B89,Fiat,Branco
109647,CEE67B89,Toyota,Prata
102640,AEB43B89,VW,Prata
101250,CEF76B89,Toyota,Preto
109617,CDC16B89,Toyota,Preto
106531,ADF59B89,Chevrolet,Branco
105565,AEC35B89,Toyota,Vermelho
105117,DED15B89,VW,Preto
102106,DBC36B89,Chevrolet,Azul Claro
108492,CFA27B89,Toyota,Branco
107443,EEF36B89,Toyota,Preto
102911,ACC43B89,Chevrolet,Branco
104861,EFF32B89,Toyota,Preto
102303,CDE36B89,Fiat,Vermelho
102652,FDA44B89,Honda,Vermelho
109888,DAB69B89,VW,Azul Claro
104678,FAB48B89,Honda,Prata
104244,AFF52B89,Toyota,Branco
100718,CAC63B89,Toyota,Vermelho
109260,CBE48B89,Honda,Prata
100389,BFF60B89,Honda,Prata
104858,BEC23B89,Chevrolet,Azul Claro
107097,FDF47B89,VW,Branco
105966,DEF50B89,Chevrolet,Preto
105370,EFA95B89,Toyota,Prata
109639,AEE63B89,Fiat,Vermelho
101257,FBB38B89,Fiat,Vermelho
106680,BEF57B89,Fiat,Azul Claro
100738,DBA74B89,Honda,Vermelho
109055,AEA18B89,Chevrolet,Preto
107513,BFA69B89,Chevrolet,Prata
108597,FAD57B89,Fiat,Preto
106831,DDB60B89,Toyota,Branco
100545,FCF99B89,Chevrolet,Prata
101973,EDA15B89,Toyota,Azul Claro
102556,CAF32B89,Honda,Prata
100569,ACA34B89,Chevrolet,Branco
105436,BCF34B89,Chevrolet,Preto
107468,EAD88B89,Toyota,Prata
100267,ABD38B89,Chevrolet,Branco
109113,BFB49B89,Toyota,Azul Claro
102770,BFB74B89,Chevrolet,Azul Claro
101135,CED48B89,Honda,Azul Claro
102329,FAE21B89,Honda,Branco
100723,BEC97B89,Toyota,Branco
105935,AFA17B89,Honda,Vermelho
109109,EBA75B89,Honda,Branco
107106,FDB81B89,Honda,Preto
101275,CCF82B89,Chevrolet,Prata
107352,EBF61B89,Chevrolet,Vermelho
109819,FBB24B89,Honda,Branco
102822,BBB92B89,Honda,Preto
104819,ECC10B89,Fiat,Branco
103711,DAF61B89,Fiat,Vermelho
107304,AED64B89,Honda,Preto
101894,CDC83B89,Fiat,Branco
106923,FCC82B89,Chevrolet,Vermelho
102264,BFB14B89,VW,Preto
100318,FAD80B89,VW,Prata
101536,DAF84B89,Chevrolet,Branco
108066,FEF23B89,Toyota,Preto
102000,AFB72B89,Fiat,Preto
106919,DCD73B89,Toyota,Azul Claro
101369,BDE37B89,VW,Preto
100740,ECB34B89,VW,Azul Claro
107441,EBF71B89,Honda,Vermelho
107484,BAE17B89,Toyota,Branco
101188,AAB97B89,Fiat,Preto
102065,CFE14B89,Toyota,Vermelho
109066,EAA26B89,Honda,Prata
105666,BBB53B89,Honda,Preto
100890,ABE69B89,Toyota,Vermelho
108408,BDF96B89,Honda,Preto
102527,DAB66B89,VW,Azul Claro
103850,CBF63B89,Honda,Preto
106223,EDC32B89,Toyota,Preto
103487,FEC99B89,Honda,Prata
106044,AAA30B89,VW,Preto
107825,FAA84B89,Toyota,Preto
108785,BFA95B89,Toyota,Preto
106607,ADE75B89,Toyota,Branco
108426,BFC11B89,Honda,Azul Claro
109602,DEB95B89,VW,Preto
101753,FCD49B89,Chevrolet,Vermelho
106077,DBE66B89,Fiat,Azul Claro
101233,AAB10B89,Chevrolet,Prata
109198,DFF80B89,Toyota,Vermelho
108619,DBA94B89,Chevrolet,Preto
109077,DAF97B89,Chevrolet,Preto
106153,DCE91B89,Chevrolet,Prata
106896,EDE11B89,Chevrolet,Azul Claro
108668,CCA97B89,Chevrolet,Branco
101980,CBD45B89,Fiat,Azul Claro
109448,ABC56B89,Fiat,Preto
107624,CAC21B89,Chevrolet,Preto
103654,ABC69B89,Honda,Branco
104727,DBF57B89,Fiat,Prata
103488,CBB68B89,Honda,Branco
101291,EBC52B89,Fiat,Preto
104919,DEB15B89,Fiat,Azul Claro
107224,BAA51B89,Chevrolet,Prata
101908,FCE98B89,VW,Vermelho
108774,DDC84B89,Chevrolet,Vermelho
108512,FBF69B89,Honda,Azul Claro
107348,FEF92B89,Fiat,Branco
108703,AEE31B89,VW,Azul Claro
108346,CBD81B89,Fiat,Branco
105806,BDB31B89,Honda,Prata
104567,CFB37B89,Chevrolet,Branco
109804,AEB34B89,Toyota,Branco
108403,FFA24B89,VW,Branco
100562,CBF71B89,Honda,Branco
102016,CBC79B89,Fiat,Branco
109963,CED23B89,Toyota,Vermelho
104736,AFB87B89,Toyota,Branco
105765,FEA69B89,Chevrolet,Prata
102939,EAD66B89,Toyota,Azul Claro
103702,CEF54B89,Honda,Preto
100822,ECF15B89,Honda,Prata
102407,DEA56B89,Toyota,Azul Claro
104377,DBF47B89,Fiat,Preto
103611,FBC78B89,VW,Azul Claro
104675,BEC21B89,VW,Branco
109783,AAF45B89,Honda,Branco
107347,EFC97B89,Chevrolet,Preto
109896,FAE27B89,VW,Prata
102910,BAE17B89,Fiat,Azul Claro
107698,ABF58B89,Honda,Preto
100053,AAF95B89,Chevrolet,Vermelho
105734,BCF67B89,Fiat,Branco
109440,DBA25B89,Fiat,Vermelho
106318,CAF17B89,Fiat,Azul Claro
105712,CFE50B89,VW,Azul Claro
103166,FFA94B89,Fiat,Branco
108084,CCC37B89,VW,Azul Claro
106998,DBD11B89,Chevrolet,Preto
104276,DDB72B89,Fiat,Prata
107983,BAE85B89,Chevrolet,Branco
107929,ACE95B89,Honda,Vermelho
101389,FDE33B89,Fiat,Vermelho
102218,BFB96B89,Fiat,Branco
108924,FAA74B89,VW,Azul Claro
101955,BCF40B89,Honda,Branco
109266,DFB86B89,Chevrolet,Azul Claro
101865,CEC82B89,Honda,Branco
109875,ECD93B89,VW,Vermelho
109229,CCB27B89,Fiat,Branco
104786,FBD37B89,Chevrolet,Azul Claro
101399,BEE39B89,Toyota,Vermelho
107050,AAD66B89,Toyota,Prata
100634,DDF71B89,Honda,Prata
104967,DCF55B89,Chevrolet,Preto
102179,ACC70B89,VW,Preto
103068,CAE68B89,VW,Preto
106065,BDF66B89,VW,Preto
102866,BAC83B89,Chevrolet,Prata
102234,DEF50B89,Honda,Branco
101112,BEC24B89,Chevrolet,Vermelho
101390,EBA21B89,Honda,Branco
104926,AAA75B89,Honda,Vermelho
105306,AFA78B89,VW,Preto
107892,AEF66B89,Toyota,Azul Claro
107914,BCE47B89,Honda,Branco
106334,BDA50B89,VW,Vermelho
104549,DDC35B89,VW,Azul Claro
105497,CAA22B89,VW,Vermelho
101136,FFE84B89,Fiat,Branco
109262,BDB29B89,VW,Azul Claro
104741,ECD91B89,VW,Preto
107812,CCF76B89,Toyota,Preto
108035,ADA55B89,VW,Azul Claro
108363,DAE20B89,Toyota,Branco
103817,EBD76B89,VW,Preto
109481,FEE10B89,Toyota,Branco
105097,BBB25B89,Fiat,Azul Claro
105327,EFA72B89,Toyota,Vermelho
106281,CDA22B89,Chevrolet,Azul Claro
101434,DDE17B89,Toyota,Branco
101685,DAE70B89,Chevrolet,Azul Claro
104188,FEF10B89,Honda,Branco
100264,DEE30B89,VW,Branco
106396,FED46B89,Chevrolet,Prata
108561,CDB22B89,VW,Prata
106586,FFF52B89,Toyota,Preto
109695,ABA33B89,Toyota,Preto
100341,CAD69B89,Chevrolet,Vermelho
105119,EAD65B89,Honda,Preto
105299,CAE35B89,Chevrolet,Prata
108913,ABB78B89,Honda,Vermelho
105636,CFC63B89,Chevrolet,Branco
108041,BCD27B89,Fiat,Preto
108794,AFB96B89,Honda,Prata
106347,DCD98B89,Toyota,Branco
109829,FCD18B89,VW,Branco
105473,DDC40B89,Honda,Branco
103378,EFB61B89,Fiat,Preto
107884,DED19B89,Chevrolet,Prata
105180,DFA94B89,Honda,Prata
102777,AAD49B89,VW,Preto
102682,ACE80B89,Toyota,Preto
100428,EEE67B89,VW,Branco
101437,DDC36B89,VW,Azul Claro
103039,DDC79B89,Honda,Preto
106078,ACE81B89,Honda,Azul Claro
109500,ABB48B89,Honda,Prata
106248,CFB86B89,VW,Vermelho
108122,CBB21B89,Chevrolet,Vermelho
108757,DFB21B89,VW,Prata
104692,DBF83B89,Chevrolet,Branco
103444,FBC42B89,Toyota,Branco
103478,BAC65B89,Fiat,Branco
106255,CCB45B89,VW,Preto
104504,EEB75B89,VW,Prata
108099,CAE92B89,Toyota,Branco
100402,BED54B89,Fiat,Branco
105704,CFF88B89,Fiat,Preto
108063,BCF17B89,Fiat,Branco
100065,DBF59B89,Fiat,Azul Claro
107708,BEA16B89,Fiat,Azul Claro
108758,CAC37B89,VW,Azul Claro
100277,FFA21B89,Chevrolet,Preto
105741,FFF77B89,Fiat,Vermelho
100464,EFD67B89,Toyota,Prata
107583,ADA49B89,Chevrolet,Vermelho
107774,AFF19B89,Honda,Preto
105045,AEC29B89,Chevrolet,Prata
107082,AAB54B89,Honda,Preto
109242,CAD28B89,VW,Branco
102865,FDD78B89,Honda,Preto
105364,CCF22B89,Fiat,Azul Claro
109346,ADF28B89,Honda,Branco
107813,CDA84B89,Honda,Branco
109374,DAE50B89,Toyota,Vermelho
105113,EEE70B89,VW,Branco
104408,DEC32B89,Fiat,Azul Claro
108846,CDB70B89,Fiat,Branco
106025,ABE36B89,Toyota,Prata
109917,CAD54B89,Honda,Preto
101691,FDD16B89,Fiat,Preto
107936,DAA76B89,VW,Preto
107757,EEF55B89,Chevrolet,Azul Claro
103655,AFB38B89,VW,Prata
101421,FDE62B89,Fiat,Preto
109768,CFE64B89,Chevrolet,Azul Claro
107667,AEE91B89,Toyota,Branco
103818,BFC88B89,Honda,Vermelho
100819,DCB79B89,Toyota,Vermelho
104349,CDF99B89,Chevrolet,Branco
101660,DAF13B89,Toyota,Prata
107044,FBD84B89,Honda,Preto
101843,BBA69B89,Fiat,Preto
100770,DFF53B89,Honda,Branco
108576,CAA95B89,Toyota,Prata
106487,EEF24B89,Honda,Prata
106474,BFC10B89,Chevrolet,Prata
104505,BAE57B89,VW,Prata
101285,DBB26B89,Toyota,Branco
108608,DCA37B89,Chevrolet,Prata
104303,EFC33B89,Chevrolet,Preto
107791,ABF84B89,VW,Branco
101941,EBA75B89,Fiat,Prata
104853,EAE62B89,VW,Branco
101091,DCD87B89,Honda,Vermelho
108316,ABA18B89,Toyota,Preto
100073,AAF67B89,Honda,Prata
103397,CBB43B89,Honda,Prata
105214,EFB23B89,VW,Branco
107337,ABE93B89,Honda,Vermelho
104192,AAC91B89,Honda,Branco
108661,ABF61B89,VW,Preto
103631,BAB21B89,Chevrolet,Branco
103875,ACE39B89,Toyota,Vermelho
101487,CFA69B89,VW,Prata
105064,EBE13B89,VW,Azul Claro
104387,AEB92B89,Honda,Branco
105745,DBA73B89,VW,Branco
107976,CBB95B89,Honda,Prata
104027,FFC10B89,Honda,Vermelho
109766,EDB33B89,Honda,Branco
101750,FAE69B89,VW,Preto
101116,AFC81B89,Chevrolet,Vermelho
106185,DDF21B89,Fiat,Vermelho
100782,AEB82B89,Fiat,Preto
105897,BAF88B89,Fiat,Vermelho
104942,ACD72B89,VW,Preto
103963,FBD85B89,VW,Azul Claro
103937,EAD30B89,Honda,Preto
108522,FEC30B89,Honda,Azul Claro
108542,DEC64B89,Honda,Branco
108180,DEB67B89,Honda,Vermelho
101110,AFF94B89,Chevrolet,Prata
104414,CEB60B89,Chevrolet,Preto
107965,BCA25B89,VW,Branco
101601,CEB63B89,Fiat,Prata
100793,AED62B89,Toyota,Vermelho
108131,DCC18B89,Toyota,Branco
101825,ECA91B89,Honda,Vermelho
103146,AFF18B89,Fiat,Azul Claro
101377,FAD14B89,VW,Preto
103926,FDF16B89,Toyota,Preto
104857,CEE12B89,VW,Branco
100144,AEA95B89,Honda,Branco
102575,BBA35B89,Fiat,Branco
106192,EFF14B89,Honda,Preto
101798,DCE57B89,VW,Azul Claro
103514,AFC54B89,Toyota,Vermelho
104673,FBB79B89,Honda,Azul Claro
106071,BAB89B89,Toyota,Prata
108058,DFD74B89,Fiat,Azul Claro
107627,EFB87B89,Toyota,Branco
108664,EAC77B89,Toyota,Azul Claro
104270,EFC92B89,Honda,Preto
106659,FEE11B89,Honda,Vermelho
101203,FCD20B89,Toyota,Prata
103395,DAA11B89,Toyota,Azul Claro
101830,BDA94B89,Honda,Branco
101499,BEA84B89,VW,Azul Claro
104181,BCF77B89,Chevrolet,Branco
109117,ADE49B89,Toyota,Vermelho
101219,AAA81B89,Honda,Azul Claro
108784,BAA77B89,Toyota,Azul Claro
105957,CFF52B89,Chevrolet,Azul Claro
107204,DDF27B89,Chevrolet,Vermelho
102048,DFA78B89,VW,Prata
109884,BBE59B89,Honda,Azul Claro
107712,DBD82B89,VW,Vermelho
109414,EEC98B89,Honda,Azul Claro
107919,BAD54B89,Honda,Azul Claro
101055,DEC20B89,Toyota,Preto
107626,CCC52B89,Toyota,Preto
100594,EFA21B89,Fiat,Vermelho
108440,FCC92B89,Fiat,Branco
101525,DAD85B89,VW,Branco
108199,ECB87B89,Chevrolet,Prata
107651,ADA87B89,Chevrolet,Vermelho
107147,FCB10B89,Toyota,Branco
105824,CED23B89,Fiat,Prata
105154,EED13B89,Honda,Prata
104702,FBB13B89,Fiat,Prata
105934,CBA13B89,Fiat,Vermelho
104324,BFD97B89,Honda,Preto
104157,FCD21B89,Fiat,Vermelho
107935,EBC98B89,Honda,Preto
108759,BCA82B89,VW,Vermelho
101806,EAC76B89,Fiat,Preto
100025,CDD51B89,Fiat,Branco
109360,EAA44B89,Fiat,Azul Claro
107270,ABC58B89,Chevrolet,Preto
104544,DFF87B89,Chevrolet,Prata
105382,DAC74B89,Honda,Vermelho
100011,ECE90B89,Honda,Prata
102970,CBA12B89,Chevrolet,Vermelho
108907,BBE64B89,Honda,Preto
104974,EBB25B89,Toyota,Prata
106999,ECE14B89,Fiat,Azul Claro
100081,BDB32B89,Chevrolet,Azul Claro
107042,AAA40B89,Chevrolet,Vermelho
109083,BFB69B89,Fiat,Branco
100532,ACA29B89,Chevrolet,Branco
100958,AED68B89,Fiat,Prata
100472,AFF70B89,VW,Branco
109533,DAF21B89,VW,Preto
102290,FDD16B89,Chevrolet,Azul Claro
106609,DDB81B89,Toyota,Preto
103947,BAC72B89,Honda,Prata
106026,BAB80B89,Honda,Azul Claro
107681,AFD34B89,VW,Vermelho
105575,ECA52B89,VW,Prata
106268,FCF19B89,VW,Azul Claro
100060,FAD61B89,Chevrolet,Branco
102899,BAE48B89,VW,Prata
108500,BBA86B89,Fiat,Azul Claro
106305,DDB33B89,VW,Azul Claro
103954,FDA98B89,Toyota,Preto
104403,FCA72B89,Toyota,Branco
101384,EAA91B89,Fiat,Preto
106172,AAE28B89,VW,Prata
107291,CEF93B89,Fiat,Azul Claro
102195,EAE36B89,Honda,Branco
107340,EEF61B89,Fiat,Branco
101666,CBD67B89,Honda,Vermelho
109280,AFD92B89,VW,Vermelho
106857,CAC13B89,Toyota,Prata
105353,CAA52B89,Toyota,Vermelho
103092,DEC49B89,VW,Preto
104587,AEE63B89,Fiat,Azul Claro
101673,AAA41B89,VW,Azul Claro
105621,FAC64B89,Toyota,Vermelho
106686,AFA11B89,Toyota,Vermelho
107652,DDE17B89,Honda,Azul Claro
109620,CED18B89,Chevrolet,Prata
107366,ADD55B89,VW,Vermelho
109255,CEF35B89,Honda,Branco
105109,BEF42B89,Chevrolet,Branco
105355,CBF26B89,Toyota,Prata
109447,CEE98B89,Chevrolet,Prata
107784,DBF34B89,Chevrolet,Branco
103724,CAE26B89,Chevrolet,Azul Claro
101264,ABB98B89,Honda,Azul Claro
104867,CCD99B89,Chevrolet,Branco
106733,FAD67B89,Honda,Vermelho
104600,FEE12B89,Honda,Azul Claro
104737,CBD18B89,Chevrolet,Branco
100922,ECA49B89,Honda,Preto
106657,DEF95B89,VW,Prata
105100,DEA94B89,Chevrolet,Prata
104371,AAF77B89,VW,Preto
100815,EEC44B89,Honda,Prata
108135,DAB58B89,VW,Preto
104374,CED44B89,Toyota,Vermelho
101272,EBA41B89,Honda,Preto
104087,CAC52B89,VW,Branco
108033,AEC47B89,Chevrolet,Azul Claro
100272,BFF28B89,VW,Preto
106364,DEE77B89,Honda,Branco
105770,FAD96B89,VW,Vermelho
101897,BCF69B89,Fiat,Preto
103537,DDF94B89,Honda,Azul Claro
106813,EFA68B89,Chevrolet,Preto
104760,DEC26B89,VW,Preto
106355,EFF19B89,Fiat,Prata
106641,CFE75B89,Fiat,Branco
100854,BFA46B89,Chevrolet,Vermelho
103267,EDC21B89,Chevrolet,Azul Claro
101458,FFE52B89,Fiat,Prata
103407,AEA97B89,Chevrolet,Preto
103970,CDF30B89,Chevrolet,Azul Claro
102529,AEC60B89,Chevrolet,Vermelho
106337,ADB94B89,Fiat,Azul Claro
103761,CAF94B89,Fiat,Vermelho
103585,FCD61B89,Fiat,Azul Claro
106922,BCC18B89,VW,Branco
100715,EEA62B89,Fiat,Prata
100660,EBC12B89,VW,Preto
108324,FCD26B89,Toyota,Preto
100552,AEE70B89,VW,Azul Claro
101118,AEC75B89,Toyota,Branco
102844,FEE94B89,Fiat,Azul Claro
101287,EEF95B89,Toyota,Vermelho
105557,BDA38B89,Chevrolet,Vermelho
106204,BAC30B89,Chevrolet,Vermelho
107606,AAC34B89,VW,Prata
107779,DBA94B89,Honda,Vermelho
102316,DFD99B89,Fiat,Prata
101417,FCA65B89,VW,Branco
109662,EDB69B89,Chevrolet,Preto
108061,ABA30B89,VW,Preto
102591,BAA98B89,VW,Prata
100007,BAB25B89,VW,Preto
108953,EBB37B89,Fiat,Prata
106234,ADF18B89,Fiat,Vermelho
100994,ECA66B89,Fiat,Prata
109277,DAF62B89,VW,Preto
104292,DAE31B89,Honda,Branco
107406,AEE96B89,VW,Azul Claro
107950,DAF25B89,Fiat,Preto
102636,AEC14B89,VW,Azul Claro
102409,CDC84B89,Fiat,Vermelho
100296,CCA14B89,VW,Preto
101864,ECB43B89,Toyota,Prata
101912,DBA31B89,Toyota,Prata
109743,EAB29B89,Honda,Branco
108553,ADB34B89,Toyota,Azul Claro
101145,ECC90B89,Chevrolet,Preto
107762,CEB35B89,Fiat,Preto
105789,BBB69B89,Chevrolet,Prata
104020,FEE69B89,Chevrolet,Preto
103186,DFC98B89,Toyota,Branco
104829,ADC49B89,Chevrolet,Azul Claro
107130,BFC25B89,Honda,Vermelho
109877,ABC84B89,Toyota,Prata
108916,EDA57B89,Honda,Vermelho
108752,FCE13B89,Chevrolet,Branco
103612,ACE37B89,Fiat,Vermelho
104765,DED45B89,Honda,Prata
104605,ABF94B89,Honda,Prata
109428,EEB96B89,Fiat,Preto
108195,EFE74B89,Honda,Vermelho
108675,DAA47B89,Toyota,Azul Claro
101835,BED60B89,Toyota,Azul Claro
105724,BEB14B89,Chevrolet,Azul Claro
108019,BCE25B89,Fiat,Prata
104931,FBE24B89,Fiat,Vermelho
108194,CBC42B89,Fiat,Branco
100755,AAA44B89,Chevrolet,Azul Claro
105655,FDA51B89,Fiat,Branco
105852,CBE90B89,Chevrolet,Branco
105603,ECE42B89,Chevrolet,Azul Claro
109563,DBE22B89,Fiat,Prata
100189,EAA59B89,Toyota,Azul Claro
107607,EDF53B89,VW,Preto
106826,BFF32B89,Honda,Preto
100477,DDC12B89,Toyota,Preto
109041,EBE79B89,Fiat,Prata
107551,BFE87B89,Toyota,Preto
104190,EBF25B89,VW,Azul Claro
107702,DBF96B89,Honda,Azul Claro
107967,AAC77B89,Honda,Preto
109988,BEF82B89,Chevrolet,Prata
108275,BAD95B89,Fiat,Branco
100642,DEE88B89,VW,Azul Claro
100549,CEC83B89,Chevrolet,Prata
104462,EED41B89,Toyota,Azul Claro
104761,CAC72B89,Honda,Preto
107046,CDF11B89,VW,Prata
100658,CCB14B89,Chevrolet,Preto
102723,BAA40B89,Toyota,Prata
101793,FEE18B89,Chevrolet,Preto
101692,BFA13B89,VW,Vermelho
109387,ADF38B89,Toyota,Branco
105430,EEE77B89,Toyota,Vermelho
105065,DDA59B89,Fiat,Prata
100493,EBB91B89,Toyota,Vermelho
104267,CCE91B89,Honda,Branco
104253,ECA67B89,Honda,Vermelho
106828,DDE17B89,Honda,Azul Claro
105867,CEF17B89,Chevrolet,Vermelho
101463,DCC45B89,VW,Preto
108603,EFC40B89,Toyota,Vermelho
100912,EFB62B89,Fiat,Preto
108172,EDB25B89,VW,Azul Claro
108439,DAB54B89,Honda,Vermelho
103176,ADF55B89,Honda,Vermelho
103765,DEC53B89,VW,Vermelho
106409,CAC94B89,Honda,Branco
102287,CFE63B89,Honda,Preto
102198,CAA53B89,Chevrolet,Azul Claro
100463,FAC68B89,Toyota,Branco
108651,CAD25B89,Chevrolet,Preto
100965,CCB43B89,VW,Preto
100444,ADE97B89,Honda,Prata
109882,DEE63B89,Honda,Branco
106348,EBD63B89,Chevrolet,Preto
104222,CDD67B89,Chevrolet,Preto
106674,BCD53B89,Chevrolet,Azul Claro
100438,BEC10B89,Chevrolet,Preto
107823,DBE33B89,Honda,Preto
100901,DFA39B89,VW,Branco
105710,DED25B89,Honda,Azul Claro
108589,BEF57B89,Fiat,Prata
109155,DEA27B89,VW,Preto
101494,CEB21B89,Honda,Preto
109464,BAD22B89,Honda,Azul Claro
108874,ECF58B89,Toyota,Prata
105261,EDE38B89,Honda,Azul Claro
100467,BFA97B89,VW,Vermelho
103552,DBB96B89,Toyota,Branco
103751,ABD14B89,Toyota,Prata
109642,EAD91B89,VW,Vermelho
100756,ABA80B89,Toyota,Prata
108418,EDA92B89,Chevrolet,Branco
107440,BCE87B89,Honda,Prata
102688,AFE52B89,Fiat,Vermelho
105186,DDD98B89,Toyota,Azul Claro
102083,EEC45B89,Chevrolet,Vermelho
108309,CCF71B89,Toyota,Vermelho
107218,EBF14B89,VW,Azul Claro
103958,ECE57B89,Honda,Prata
100915,FCA31B89,Toyota,Preto
109268,BCD49B89,Chevrolet,Vermelho
104511,BCA12B89,Chevrolet,Preto
101374,DCA72B89,Toyota,Branco
106539,CBF81B89,VW,Preto
109879,ABE59B89,VW,Prata
101504,ABC54B89,Toyota,Azul Claro
105989,FED69B89,Chevrolet,Prata
105875,CEF43B89,Chevrolet,Branco
102396,ECB60B89,Chevrolet,Vermelho
100234,EDF81B89,VW,Preto
106572,ACF39B89,VW,Vermelho
105974,CFF35B89,Honda,Azul Claro
100537,BCA64B89,Honda,Branco
109127,EBE43B89,Chevrolet,Vermelho
109451,CBA95B89,Honda,Vermelho
105215,CBC49B89,Fiat,Prata
109446,ADB28B89,Chevrolet,Preto
106144,CEB68B89,VW,Azul Claro
100646,FFB15B89,Toyota,Branco
101792,DFF56B89,Honda,Vermelho
109753,AFD70B89,VW,Branco
104290,CBC64B89,Chevrolet,Preto
102186,ACD81B89,Fiat,Azul Claro
103109,ECC80B89,VW,Preto
104330,FDB85B89,Fiat,Azul Claro
107617,FDA80B89,Chevrolet,Azul Claro
106747,FAF42B89,Chevrolet,Prata
102550,FFF26B89,Fiat,Preto
101432,AEC41B89,VW,Azul Claro
106743,BAC21B89,Toyota,Prata
101884,CDD56B89,Honda,Preto
100242,BFB16B89,Chevrolet,Azul Claro
102752,DDF81B89,Honda,Vermelho
106270,FBC54B89,VW,Prata
100332,ECB90B89,Honda,Prata
103030,EEA47B89,Fiat,Preto
102102,EFB46B89,Fiat,Preto
101362,FAA31B89,Toyota,Prata
100306,CAC86B89,Toyota,Azul Claro
106752,FFF95B89,Toyota,Prata
107145,EDC26B89,Honda,Prata
107330,CFC48B89,Honda,Preto
103891,BCE42B89,Chevrolet,Azul Claro
105652,AEF96B89,Toyota,Preto
106030,DAD68B89,Fiat,Branco
101995,FBB80B89,VW,Preto
102952,DEE72B89,Fiat,Preto
102917,AEF80B89,VW,Preto
108756,BBC66B89,Honda,Preto
103430,FDA14B89,Chevrolet,Branco
105403,CEC83B89,Fiat,Azul Claro
102594,DAF86B89,Honda,Azul Claro
107501,ABA47B89,VW,Vermelho
105292,CBF14B89,VW,Azul Claro
104258,DCA67B89,Honda,Azul Claro
104854,EFA79B89,Toyota,Azul Claro
106120,EDB67B89,VW,Preto
104925,FDB57B89,Fiat,Azul Claro
109760,FFA51B89,Fiat,Branco
106244,FEF55B89,VW,Vermelho
107022,DCC97B89,Chevrolet,Vermelho
108468,DCD70B89,Fiat,Vermelho
108267,ADE43B89,Toyota,Vermelho
101230,FDC98B89,Chevrolet,Vermelho
102447,CEF70B89,VW,Vermelho
102978,EFA48B89,Honda,Vermelho
103573,BCB73B89,Honda,Branco
108291,ABF70B89,VW,Prata
102590,DAF47B89,Chevrolet,Prata
104578,DFB72B89,Toyota,Branco
101115,BFB51B89,Fiat,Branco
104823,BFF16B89,Toyota,Azul Claro
108578,ADC29B89,Honda,Prata
105593,EAE90B89,Honda,Prata
103466,DEE43B89,Toyota,Vermelho
105145,AAF45B89,Honda,Prata
108003,EBA72B89,Honda,Vermelho
102949,CCE30B89,Chevrolet,Preto
104339,FDC26B89,Fiat,Prata
102040,DDA96B89,Honda,Azul Claro
108767,EEA34B89,Honda,Preto
107061,ACA72B89,Honda,Vermelho
105555,FBA77B89,Fiat,Branco
102415,CDC47B89,Chevrolet,Prata
107388,FFC42B89,Honda,Prata
105229,DAA62B89,Honda,Branco
105070,AAD99B89,Toyota,Branco
105825,EBD45B89,Toyota,Preto
109371,AEB82B89,Honda,Azul Claro
107170,BDB84B89,VW,Vermelho
107706,BCC70B89,Chevrolet,Azul Claro
100040,CCB44B89,VW,Azul Claro
109394,DDB92B89,Toyota,Preto
107454,ECE99B89,Honda,Vermelho
106207,DFB27B89,Chevrolet,Vermelho
105383,ABF15B89,VW,Vermelho
106769,EEC19B89,Honda,Branco
100134,FED28B89,Fiat,Prata
106782,FDF34B89,Toyota,Branco
100835,CCC86B89,Chevrolet,Branco
106289,CAA61B89,Fiat,Prata
107025,CFA90B89,Toyota,Prata
104297,EBD76B89,VW,Prata
108642,BAC58B89,Honda,Vermelho
100799,BFC98B89,Toyota,Vermelho
100731,DCD33B89,VW,Vermelho
109939,CDA47B89,Toyota,Preto
106840,DCF65B89,Chevrolet,Azul Claro
100427,BBB35B89,Fiat,Prata
101719,ABF80B89,Chevrolet,Prata
108706,FDC94B89,Chevrolet,Branco
104687,DCF27B89,VW,Azul Claro
108872,CFC60B89,Chevrolet,Vermelho
106646,FCF36B89,Fiat,Prata
109646,FCC61B89,Honda,Prata
102538,CBB60B89,Toyota,Preto
105992,ECD99B89,Toyota,Preto
101255,BCD71B89,VW,Vermelho
107556,ABE38B89,Fiat,Azul Claro
101391,BED99B89,VW,Vermelho
109222,FEC81B89,Chevrolet,Preto
104801,FDA94B89,Toyota,Prata
102724,DFB93B89,Honda,Azul Claro
109396,BBD25B89,VW,Branco
105415,AEF58B89,Honda,Prata
103131,EAC73B89,Toyota,Preto
106414,ECE83B89,Fiat,Prata
101926,DCE67B89,Toyota,Azul Claro
100232,EDA89B89,Toyota,Branco
106441,EFD97B89,VW,Branco
103037,EFC83B89,Toyota,Vermelho
107336,CFE20B89,Toyota,Vermelho
109141,BDA55B89,Chevrolet,Branco
107969,AAA41B89,VW,Preto
100390,EAB20B89,VW,Preto
109946,AAA64B89,VW,Branco
104021,DCF37B89,Toyota,Vermelho
106450,EDC47B89,Chevrolet,Prata
107423,DFC68B89,Chevrolet,Preto
103967,EAB61B89,Chevrolet,Preto
109139,CDD37B89,Toyota,Vermelho
108704,EFF17B89,Honda,Preto
107531,BEC55B89,Fiat,Preto
105674,EFD89B89,Fiat,Branco
103746,DEE89B89,Chevrolet,Prata
105644,BCC31B89,Toyota,Azul Claro
105369,DEF61B89,Toyota,Branco
105922,CFE73B89,VW,Preto
107485,DAB54B89,VW,Branco
108646,DDD25B89,Honda,Azul Claro
108422,BBE15B89,Toyota,Prata
108503,ABE32B89,Fiat,Prata
105520,CBC70B89,Chevrolet,Azul Claro
109060,BCE17B89,Fiat,Branco
103157,DAD88B89,VW,Preto
106884,FDA97B89,Honda,Preto
106018,CDC91B89,Toyota,Azul Claro
104096,AAB98B89,Fiat,Azul Claro
107342,FDF13B89,Chevrolet,Prata
109412,BDD68B89,Fiat,Vermelho
107156,CAB79B89,Honda,Preto
108504,CCB55B89,Honda,Azul Claro
106645,EEB79B89,VW,Prata
107735,CBE90B89,Honda,Vermelho
101137,CCE23B89,VW,Preto
106739,ADC45B89,Chevrolet,Prata
104255,BDE88B89,VW,Azul Claro
103503,CBA76B89,Chevrolet,Preto
100024,DCC26B89,Toyota,Prata
101859,EBD18B89,VW,Vermelho
103192,DBB67B89,Chevrolet,Prata
109312,FEE79B89,Honda,Azul Claro
107857,EBB31B89,Fiat,Prata
102314,FBF85B89,Chevrolet,Branco
104642,EEB39B89,VW,Azul Claro
102123,BEC99B89,Toyota,Branco
108775,FAE30B89,Toyota,Vermelho
102018,AAA33B89,VW,Preto
107412,ABF44B89,VW,Branco
108259,ACD27B89,Fiat,Prata
108978,DDF90B89,Fiat,Branco
108905,BBF75B89,Fiat,Vermelho
109099,EDF95B89,Honda,Vermelho
109132,FFC27B89,Toyota,Azul Claro
106673,BCB46B89,Honda,Prata
108017,CDC11B89,Toyota,Azul Claro
108654,BBC62B89,Fiat,Preto
105226,EFE62B89,Honda,Azul Claro
101258,FBD85B89,VW,Prata
104540,ABD74B89,Fiat,Branco
107078,DAB78B89,Honda,Azul Claro
107794,BCA33B89,VW,Preto
108078,DFC70B89,Honda,Prata
106011,DCA19B89,Toyota,Branco
105178,CEF44B89,Fiat,Azul Claro
107553,EFF72B89,Toyota,Preto
104126,AFE92B89,Chevrolet,Branco
103639,BAE97B89,Honda,Preto
104312,CED15B89,Toyota,Prata
108927,EFF33B89,Toyota,Vermelho
108954,FED35B89,Toyota,Preto
108207,ABF78B89,VW,Vermelho
104080,BBE20B89,Honda,Azul Claro
108573,ABB68B89,Fiat,Branco
103448,FEB79B89,Chevrolet,Prata
109149,CDB95B89,Honda,Branco
104962,CAC85B89,Toyota,Azul Claro
100154,ADF54B89,Toyota,Prata
100043,BFD52B89,Chevrolet,Vermelho
100017,ECA40B89,VW,Prata
100797,DFD42B89,Fiat,Prata
105467,EFC83B89,Chevrolet,Branco
101883,BFE36B89,Chevrolet,Branco
108192,EAD96B89,Chevrolet,Preto
101892,DFA81B89,Fiat,Vermelho
102372,EEA15B89,Fiat,Branco
101198,DBB35B89,Fiat,Preto
109398,AEE89B89,Honda,Preto
102793,AEA91B89,VW,Vermelho
107924,ACF82B89,VW,Branco
107108,CCE48B89,Toyota,Branco
106167,CEF61B89,VW,Branco
104094,EBB19B89,Chevrolet,Preto
109130,CAA19B89,Honda,Prata
100480,BCE17B89,Honda,Preto
107126,EEF78B89,Honda,Azul Claro
109645,BAA95B89,Toyota,Branco
105944,EAE74B89,VW,Branco
105558,CAD23B89,Fiat,Azul Claro
105573,FCD68B89,Honda,Vermelho
100069,CDB59B89,VW,Azul Claro
106939,DAD29B89,Toyota,Preto
106882,DCA31B89,Toyota,Azul Claro
101331,EFF68B89,Honda,Prata
103930,AFB60B89,VW,Azul Claro
101538,BDA14B89,Chevrolet,Prata
103305,FBE14B89,Honda,Branco
104355,FDD96B89,Chevrolet,Azul Claro
103104,BED40B89,VW,Azul Claro
100443,FCC63B89,Honda,Prata
101404,DAD40B89,Fiat,Azul Claro
107816,EAA87B89,VW,Branco
107790,CAC27B89,Chevrolet,Azul Claro
104628,EAE26B89,VW,Prata
109059,BBD30B89,Toyota,Preto
101420,FFE96B89,Fiat,Prata
105205,CCF46B89,Toyota,Branco
100301,FBA27B89,Toyota,Vermelho
101234,DCA58B89,Toyota,Vermelho
109919,CCA78B89,VW,Vermelho
101709,FCD34B89,Chevrolet,Vermelho
101063,CDF81B89,Toyota,Branco
100430,ABE56B89,Chevrolet,Preto
100827,BFE79B89,Chevrolet,Branco
108766,DDB96B89,Chevrolet,Azul Claro
102328,CDD63B89,Chevrolet,Branco
100227,EDC86B89,Chevrolet,Branco
104805,DEE79B89,Chevrolet,Prata
100577,FAF96B89,Fiat,Azul Claro
104233,BFC99B89,Fiat,Prata
109382,EEB82B89,VW,Prata
100684,AED61B89,VW,Azul Claro
106818,DBE37B89,VW,Branco
105220,BBF78B89,Fiat,Preto
109038,DDB87B89,Chevrolet,Azul Claro
103785,FED34B89,Fiat,Prata
109194,CFE49B89,VW,Azul Claro
105794,CAC70B89,Honda,Branco
100761,ACB97B89,Honda,Vermelho
103588,EEC43B89,Fiat,Preto
108392,DDF77B89,VW,Preto
100796,FBC22B89,VW,Prata
108443,BCE34B89,VW,Preto
109869,DBC78B89,Honda,Branco
108209,CED32B89,Honda,Branco
100437,EFB65B89,Fiat,Azul Claro
106973,DEB51B89,VW,Vermelho
104182,BDC34B89,Fiat,Vermelho
100302,EBE21B89,Chevrolet,Azul Claro
101804,ABC60B89,Fiat,Preto
103512,EDF33B89,Honda,Prata
109234,ABD94B89,Honda,Prata
106037,BEB51B89,VW,Azul Claro
106431,CDF31B89,Chevrolet,Preto
100433,CFD96B89,VW,Vermelho
100528,CEB14B89,Honda,Vermelho
102758,ACB89B89,Chevrolet,Preto
105688,CED51B89,Toyota,Prata
107164,BBF62B89,Toyota,Prata
100187,FFA65B89,VW,Branco
104906,DBF58B89,Toyota,Vermelho
101654,CCA67B89,Fiat,Preto
101292,FED78B89,VW,Branco
108137,BAE96B89,Chevrolet,Vermelho
100526,BEC84B89,Chevrolet,Prata
100591,BFF60B89,Fiat,Vermelho
106771,CFA80B89,Honda,Preto
101361,CEA82B89,VW,Prata
107717,ECD68B89,Toyota,Preto
105137,AFF49B89,Honda,Vermelho
106588,ACE46B89,Fiat,Preto
102392,CEC22B89,Fiat,Vermelho
106613,BCC57B89,VW,Vermelho
102221,CED26B89,Toyota,Vermelho
101340,CBC64B89,Honda,Vermelho
106313,FAE23B89,VW,Vermelho
108270,BCA76B89,Toyota,Azul Claro
109535,ABD80B89,VW,Prata
101278,BDD63B89,Chevrolet,Vermelho
108048,EAF12B89,VW,Preto
105283,BDD15B89,VW,Vermelho
106792,CCC78B89,VW,Azul Claro
103659,FDD63B89,VW,Branco
107416,CAA44B89,VW,Azul Claro
100419,DED79B89,VW,Prata
105056,DEF58B89,Honda,Azul Claro
108059,DBB19B89,Fiat,Prata
105697,ACB95B89,Fiat,Branco
101212,EFB69B89,Chevrolet,Preto
106635,ABF64B89,Honda,Azul Claro
104979,FBC25B89,Fiat,Vermelho
104888,EAB22B89,Chevrolet,Vermelho
101473,DFC22B89,VW,Branco
101960,BCB44B89,Honda,Vermelho
106577,DDF45B89,VW,Vermelho
102847,ABC52B89,Fiat,Vermelho
100178,FCC52B89,Toyota,Preto
107731,FBF22B89,Fiat,Azul Claro
105081,EFF34B89,Toyota,Azul Claro
109054,CFC42B89,Honda,Azul Claro
103556,FEA40B89,Fiat,Azul Claro
108543,CCE17B89,Toyota,Prata
104719,AAC87B89,VW,Azul Claro
100023,ABC32B89,Fiat,Azul Claro
109816,CBE35B89,Chevrolet,Prata
108060,CDD96B89,Toyota,Azul Claro
104635,EDF62B89,VW,Prata
109652,FDD17B89,Honda,Preto
105690,BBD31B89,VW,Azul Claro
104697,BFA45B89,Toyota,Prata
103540,ABC95B89,VW,Preto
105876,ABE92B89,Fiat,Preto
108531,DDB23B89,Toyota,Vermelho
102654,EEE74B89,Honda,Preto
102383,EFF91B89,Chevrolet,Azul Claro
107041,AEE14B89,Honda,Vermelho
105977,CFD82B89,Fiat,Preto
101160,ECD49B89,Chevrolet,Branco
107623,CAA29B89,VW,Branco
105962,DEA57B89,Fiat,Vermelho
105955,CBD29B89,Chevrolet,Azul Claro
107253,EEC27B89,VW,Azul Claro
100775,ECA22B89,VW,Vermelho
101211,CDA23B89,Chevrolet,Branco
106250,FEB62B89,Honda,Prata
105554,BCD53B89,Fiat,Prata
108606,CBB31B89,Toyota,Branco
102768,CAF12B89,Fiat,Prata
102634,ADC70B89,Chevrolet,Prata
106838,BDB66B89,Chevrolet,Branco
108383,CBD49B89,Honda,Vermelho
101573,EDD88B89,Chevrolet,Azul Claro
106695,DBB97B89,Toyota,Branco
102497,DBA44B89,Chevrolet,Vermelho
105084,EAF42B89,Chevrolet,Vermelho
103951,BEE52B89,VW,Branco
109086,CAD85B89,Chevrolet,Vermelho
103367,ADA77B89,VW,Branco
105376,BCE19B89,Chevrolet,Preto
104114,ACF92B89,Toyota,Preto
105243,DCC91B89,VW,Preto
101329,BAC20B89,VW,Prata
108495,EFA45B89,Toyota,Preto
103916,DFF70B89,Fiat,Vermelho
103772,ACE48B89,VW,Branco
105484,AEC82B89,Toyota,Preto
106081,CCB60B89,Chevrolet,Prata
109710,FBB12B89,Honda,Azul Claro
105189,FEA26B89,Fiat,Azul Claro
101050,DDA24B89,Toyota,Branco
103350,ABA47B89,Toyota,Preto
106308,CCD35B89,Toyota,Prata
101886,DBB20B89,Honda,Prata
100623,EBA70B89,Honda,Vermelho
106965,ABD86B89,Chevrolet,Preto
103885,CEA45B89,Chevrolet,Preto
101339,FCD43B89,Fiat,Vermelho
100502,BEF65B89,Honda,Vermelho
105837,DAC88B89,Honda,Vermelho
107749,BFD16B89,Honda,Azul Claro
101076,BAC90B89,VW,Preto
103080,DDC67B89,Toyota,Azul Claro
104318,FEF22B89,Chevrolet,Preto
106750,ABD32B89,Toyota,Preto
103794,CBA26B89,Honda,Azul Claro
101501,ADA56B89,VW,Branco
104995,ACF70B89,Chevrolet,Prata
109965,EEC50B89,Toyota,Prata
109543,ABA41B89,Fiat,Preto
102386,CEB24B89,Honda,Azul Claro
108397,ACA59B89,Chevrolet,Preto
103558,CFC40B89,VW,Preto
109212,EAE96B89,Fiat,Branco
106247,EEC59B89,Chevrolet,Prata
100781,FBD21B89,Honda,Branco
103670,FAB19B89,Chevrolet,Vermelho
105709,ADD97B89,Honda,Vermelho
102532,DFD82B89,Toyota,Branco
100516,BFB12B89,Chevrolet,Preto
100672,ECE36B89,Fiat,Branco
101100,ECD25B89,Honda,Preto
102131,DCD53B89,Honda,Azul Claro
104576,BEA64B89,VW,Prata
103235,BCB94B89,Honda,Prata
100719,AFB33B89,Toyota,Branco
104185,EAA74B89,Toyota,Azul Claro
101388,DDB32B89,Honda,Azul Claro
104722,CCB13B89,VW,Branco
106890,FAF98B89,Chevrolet,Branco
104008,CFD14B89,Chevrolet,Azul Claro
106112,CBA76B89,Toyota,Prata
104238,CAD61B89,Toyota,Azul Claro
106435,EEF44B89,Honda,Preto
104354,DAA74B89,VW,Vermelho
105266,BEC72B89,Toyota,Vermelho
107134,FAE70B89,VW,Prata
107032,EAA11B89,Chevrolet,Vermelho
105851,EEB15B89,Chevrolet,Azul Claro
108806,DCC14B89,VW,Vermelho
101436,BEE77B89,Fiat,Vermelho
101472,FFB14B89,Honda,Azul Claro
109439,EDA59B89,Fiat,Branco
109534,ECD84B89,Chevrolet,Vermelho
106971,BCA75B89,VW,Vermelho
109897,FDB44B89,Honda,Preto
107801,CAD18B89,VW,Azul Claro
107498,EEF48B89,Chevrolet,Vermelho
100849,CFF65B89,VW,Vermelho
109176,DBE84B89,Toyota,Prata
100541,ABC70B89,Chevrolet,Branco
103932,BBD93B89,Honda,Preto
108288,ACE64B89,Fiat,Preto
109859,CDB61B89,Chevrolet,Branco
101038,FBF81B89,Fiat,Preto
102210,AFB42B89,Fiat,Prata
102787,EED79B89,Honda,Azul Claro
103526,CDE27B89,Chevrolet,Prata
104674,AEB88B89,Fiat,Preto
103202,FCA44B89,Honda,Preto
105607,FAD83B89,Toyota,Preto
100982,BEC27B89,Honda,Vermelho
100768,CDE23B89,Fiat,Vermelho
107859,AFD51B89,Honda,Preto
101284,AAD15B89,VW,Preto
105276,DCE83B89,Toyota,Azul Claro
103424,BBD33B89,Fiat,Prata
100414,BCB96B89,Toyota,Vermelho
103593,ABE47B89,Honda,Vermelho
100153,EFB40B89,Chevrolet,Azul Claro
108917,FBE81B89,Chevrolet,Vermelho
100887,DAB23B89,Toyota,Vermelho
109511,DCF25B89,Honda,Vermelho
104522,CEF13B89,Toyota,Prata
103271,DBA60B89,VW,Preto
104717,DCE90B89,Fiat,Branco
102094,ABB98B89,Toyota,Branco
101004,BBB23B89,VW,Azul Claro
103359,CBF59B89,Fiat,Azul Claro
108746,EBE43B89,VW,Prata
106476,ACB61B89,Fiat,Branco
105326,BFD75B89,VW,Prata
102340,BCA28B89,Toyota,Preto
107055,EAE31B89,Chevrolet,Azul Claro
100265,DEB50B89,Chevrolet,Prata
102881,CDC62B89,Chevrolet,Prata
104308,EBB76B89,Honda,Azul Claro
103279,BAC40B89,VW,Prata
106034,BFA17B89,Chevrolet,Azul Claro
108042,AAF69B89,Toyota,Vermelho
103333,CFC98B89,VW,Prata
107752,CDD70B89,Honda,Preto
104637,EAA41B89,Honda,Vermelho
107248,CAE24B89,Chevrolet,Prata
106212,CBF37B89,Toyota,Prata
107748,AED93B89,Fiat,Preto
107678,FBF81B89,Chevrolet,Branco
102775,DEB96B89,Chevrolet,Branco
103542,DCB94B89,Honda,Azul Claro
108285,ADF73B89,Chevrolet,Prata
100253,AAA75B89,VW,Vermelho
106010,AAF44B89,Honda,Azul Claro
106184,CEB44B89,Chevrolet,Vermelho
101148,AEB15B89,Fiat,Vermelho
102142,BBD46B89,VW,Azul Claro
106092,ECC93B89,Chevrolet,Branco
107540,BDC13B89,Fiat,Vermelho
106403,DBB93B89,VW,Vermelho
103851,BDC87B89,VW,Branco
107632,FEC20B89,Fiat,Vermelho
101728,CAF74B89,VW,Vermelho
101082,BAB37B89,VW,Vermelho
101671,ECA39B89,Chevrolet,Azul Claro
101868,EEA18B89,Chevrolet,Prata
103242,FEF75B89,Honda,Vermelho
106485,EFD89B89,Fiat,Preto
108477,AFD22B89,VW,Vermelho
106900,CBB93B89,VW,Preto
103249,AEA46B89,Fiat,Prata
101503,BED46B89,Chevrolet,Vermelho
106401,CEB12B89,Honda,Preto
101971,ACD34B89,Toyota,Prata
107368,CFD94B89,VW,Vermelho
106704,AFE10B89,Fiat,Azul Claro
108656,FEF34B89,Chevrolet,Branco
107029,DCF75B89,Toyota,Vermelho
103798,DEE44B89,Chevrolet,Prata
104863,ADD85B89,VW,Preto
106741,ADD55B89,Toyota,Azul Claro
104412,ACF73B89,Chevrolet,Prata
109026,AFF29B89,Chevrolet,Preto
107807,FCE50B89,Honda,Branco
100694,AAF10B89,Chevrolet,Vermelho
105729,FBF59B89,VW,Vermelho
104648,ECC65B89,VW,Azul Claro
103855,DFE32B89,VW,Branco
105964,DED22B89,Chevrolet,Branco
102520,EAE18B89,Fiat,Branco
101161,EBD69B89,Fiat,Azul Claro
101589,FDC92B89,Fiat,Azul Claro
108933,FCD20B89,VW,Prata
105052,EFE83B89,Fiat,Vermelho
102284,BFE35B89,Fiat,Azul Claro
108082,CBD30B89,Fiat,Vermelho
109087,FAA81B89,VW,Azul Claro
100998,BDC81B89,VW,Preto
103094,ADC10B89,Chevrolet,Branco
106978,ADB61B89,Toyota,Vermelho
101677,DAF82B89,Fiat,Azul Claro
107364,DCF10B89,Chevrolet,Prata
102114,EAA92B89,Toyota,Vermelho
103629,AEF71B89,Chevrolet,Azul Claro
102273,DBA31B89,Toyota,Vermelho
103127,BAB22B89,Honda,Azul Claro
109841,EAD67B89,Fiat,Preto
103244,AAB12B89,Chevrolet,Azul Claro
105731,CCF14B89,Toyota,Preto
106182,ABF19B89,Chevrolet,Prata
103100,ABF70B89,VW,Vermelho
105041,BAB18B89,Toyota,Vermelho
104817,BFF31B89,Toyota,Vermelho
109240,DAC61B89,Toyota,Preto
108942,DAB34B89,Toyota,Preto
103563,FDE62B89,Chevrolet,Branco
109730,FCA36B89,Chevrolet,Branco
101585,AFA79B89,Fiat,Preto
109573,ACB24B89,Toyota,Vermelho
104472,ABB62B89,Chevrolet,Preto
106176,DBA86B89,VW,Branco
101762,BBB98B89,Fiat,Azul Claro
106312,FCC31B89,Fiat,Vermelho
104363,EFA29B89,Chevrolet,Vermelho
101796,DEE60B89,VW,Vermelho
109285,DAB75B89,Honda,Preto
103911,CDE16B89,VW,Azul Claro
103340,DBF51B89,Honda,Branco
107917,BBD20B89,Toyota,Prata
105978,AAF56B89,Toyota,Prata
107743,DBC93B89,Chevrolet,Azul Claro
103812,EAE26B89,VW,Azul Claro
100656,EEE68B89,Fiat,Branco
102635,FCC65B89,Honda,Vermelho
108820,FFE66B89,Chevrolet,Branco
106684,CBD63B89,VW,Branco
108402,BFE31B89,Honda,Prata
103983,FCD77B89,Fiat,Azul Claro
107829,CCB78B89,Chevrolet,Vermelho
108448,CDF61B89,Chevrolet,Vermelho
103231,ABF11B89,Fiat,Preto
106488,EDD96B89,Toyota,Preto
103439,DFE10B89,VW,Prata
101854,DFE99B89,Honda,Preto
102484,AEA41B89,VW,Azul Claro
104842,AFC98B89,Chevrolet,Branco
103917,EFD48B89,Toyota,Vermelho
107814,EAC49B89,Fiat,Preto
103496,CDD40B89,Toyota,Preto
107205,ABE93B89,VW,Azul Claro
104590,AEC54B89,Chevrolet,Vermelho
105967,AEB41B89,Honda,Branco
106142,FDE91B89,Fiat,Preto
109231,BBB68B89,Chevrolet,Vermelho
105350,ADD46B89,VW,Branco
100952,DBF98B89,Toyota,Azul Claro
104988,ACD63B89,Chevrolet,Azul Claro
101169,EED34B89,Chevrolet,Azul Claro
108607,EFC83B89,Chevrolet,Prata
105664,BDC22B89,Honda,Preto
109600,CCC18B89,VW,Preto
107028,EDF19B89,VW,Branco
100689,ACC94B89,Toyota,Azul Claro
103409,FFA17B89,Honda,Azul Claro
109179,AEB95B89,Chevrolet,Preto
104775,AEB32B89,Fiat,Preto
101718,BAF26B89,VW,Azul Claro
105444,FCB83B89,Chevrolet,Prata
109839,FAB11B89,Fiat,Azul Claro
107192,AEF71B89,Chevrolet,Branco
102041,CBF81B89,VW,Prata
108085,BAA67B89,Fiat,Vermelho
109331,DBC92B89,Chevrolet,Vermelho
103516,FCF45B89,Honda,Prata
101461,BEC36B89,Honda,Preto
106482,BDE11B89,VW,Azul Claro
108943,FDC56B89,VW,Preto
106993,FCB38B89,VW,Vermelho
108761,AFC97B89,Chevrolet,Branco
107953,DED87B89,Fiat,Prata
107759,EAF64B89,Fiat,Azul Claro
100442,DFA62B89,Honda,Prata
102564,ACA39B89,Toyota,Prata
105928,ACD23B89,Toyota,Preto
106661,CED76B89,VW,Preto
108570,BDF35B89,Toyota,Azul Claro
105632,EEF77B89,Toyota,Preto
105152,CAD15B89,VW,Vermelho
101146,EAF98B89,Honda,Azul Claro
108496,CBF36B89,Toyota,Preto
101937,CAA78B89,Fiat,Branco
100207,FCB22B89,VW,Preto
101031,CED68B89,Toyota,Branco
103884,BBE27B89,Chevrolet,Preto
104088,DAA51B89,Honda,Azul Claro
108762,EED86B89,Chevrolet,Vermelho
104368,FFF41B89,Chevrolet,Prata
105914,EAC27B89,Honda,Branco
100456,AFF72B89,Chevrolet,Preto
108663,EBA16B89,Toyota,Azul Claro
103336,FFB98B89,Toyota,Azul Claro
105397,DAB99B89,Fiat,Vermelho
102708,DDC81B89,Honda,Vermelho
103858,EFA72B89,Toyota,Prata
106639,DCE96B89,Fiat,Azul Claro
100096,CFD83B89,Toyota,Preto
103507,CCC13B89,Fiat,Preto
103130,BBF42B89,Chevrolet,Preto
102474,ABE61B89,Honda,Vermelho
106780,AFE29B89,Chevrolet,Vermelho
103931,EBA88B89,Chevrolet,Prata
106618,EFC40B89,Fiat,Azul Claro
102627,DDE47B89,Honda,Azul Claro
103773,BAC57B89,Chevrolet,Azul Claro
108937,EEE94B89,VW,Vermelho
102239,AAC65B89,Fiat,Vermelho
103663,AAD90B89,Toyota,Branco
108431,FEC67B89,VW,Preto
100544,DED11B89,Toyota,Prata
103853,CBD77B89,VW,Azul Claro
101207,CEE19B89,Chevrolet,Prata
103027,ECD97B89,Chevrolet,Vermelho
105747,DAE78B89,VW,Preto
105138,EDB26B89,Honda,Azul Claro
103553,BAA19B89,Chevrolet,Branco
102389,DDB32B89,Toyota,Azul Claro
108925,DEC50B89,Chevrolet,Azul Claro
109688,ABA36B89,Honda,Prata
101592,BCB45B89,Chevrolet,Prata
107711,DCB16B89,Toyota,Preto
102391,AFE26B89,Chevrolet,Vermelho
103082,ACF75B89,Chevrolet,Branco
108727,EAD93B89,Chevrolet,Azul Claro
100380,ACC11B89,Honda,Prata
109357,CEC97B89,Honda,Preto
108272,CBF19B89,VW,Vermelho
102630,EEF94B89,Fiat,Preto
104063,BAE67B89,Honda,Azul Claro
105156,CAC89B89,VW,Vermelho
103181,CFD37B89,VW,Azul Claro
105591,EAE71B89,Chevrolet,Vermelho
109076,CEC99B89,Toyota,Azul Claro
107129,DAC18B89,Chevrolet,Prata
101663,FEB37B89,VW,Branco
102901,FDC33B89,VW,Vermelho
104099,DEF19B89,Toyota,Vermelho
104268,EAA80B89,Toyota,Preto
109115,EEB99B89,Chevrolet,Azul Claro
105088,DCB58B89,VW,Branco
100632,EEC42B89,VW,Azul Claro
102540,ABE39B89,Honda,Preto
102468,EEE66B89,VW,Azul Claro
100734,ADC71B89,Honda,Vermelho
108356,DBF72B89,VW,Prata
106407,BAB88B89,Toyota,Vermelho
106883,DBA37B89,Chevrolet,Prata
104535,ADD88B89,Toyota,Prata
108848,BBA85B89,Chevrolet,Preto
108279,CAE57B89,Chevrolet,Branco
102354,AEA52B89,Toyota,Branco
102134,EAE17B89,Honda,Azul Claro
108218,FAB11B89,Honda,Azul Claro
108738,EAC42B89,Toyota,Prata
102397,CDC24B89,Chevrolet,Prata
100707,ECF97B89,Chevrolet,Vermelho
106629,EEE29B89,Chevrolet,Azul Claro
104184,FCC70B89,Honda,Preto
100891,ACB78B89,Fiat,Preto
102576,EAF92B89,Chevrolet,Azul Claro
102373,DBE17B89,Honda,Azul Claro
101756,ACD46B89,Honda,Vermelho
106633,EEC37B89,Toyota,Azul Claro
103816,BFD97B89,Fiat,Preto
103561,ABB11B89,Chevrolet,Vermelho
108698,EBC77B89,VW,Vermelho
101773,CAA14B89,VW,Branco
104370,DBA44B89,Toyota,Preto
101281,CCD78B89,VW,Azul Claro
109547,FDE29B89,Chevrolet,Azul Claro
106616,CFD39B89,Fiat,Preto
108634,EFA53B89,Fiat,Azul Claro
105640,ABD98B89,Honda,Preto
103044,BAB20B89,Chevrolet,Azul Claro
109335,BBD28B89,Fiat,Branco
109933,FDB65B89,Toyota,Azul Claro
102515,FCE97B89,Honda,Preto
108596,FEA28B89,Chevrolet,Preto
104262,EFA49B89,Chevrolet,Branco
104180,AAC93B89,Honda,Vermelho
105631,BFF11B89,Toyota,Preto
101471,CEE43B89,Chevrolet,Vermelho
100415,AAD88B89,Honda,Vermelho
108352,EED24B89,Fiat,Branco
106346,DAD29B89,VW,Azul Claro
105013,CED68B89,Toyota,Preto
106958,DBB38B89,Chevrolet,Azul Claro
107768,CBD68B89,VW,Preto
105778,CDB20B89,Fiat,Vermelho
107188,EBD92B89,Fiat,Azul Claro
109223,FCD20B89,Honda,Azul Claro
103695,DED36B89,VW,Prata
100710,EFD33B89,Toyota,Vermelho
100897,FCD88B89,Toyota,Branco
105772,ABF24B89,Honda,Prata
103528,FEC83B89,VW,Prata
104503,CDA43B89,Chevrolet,Branco
108554,EFC86B89,VW,Vermelho
102528,BED35B89,Honda,Vermelho
101249,ECC48B89,Toyota,Azul Claro
109010,AEB77B89,Honda,Azul Claro
108740,FFF32B89,Toyota,Azul Claro
102893,EFD75B89,Honda,Branco
103825,FAA27B89,VW,Prata
101495,ADD32B89,Honda,Azul Claro
108114,EDA23B89,Chevrolet,Branco
100690,FEC83B89,Toyota,Azul Claro
106249,ADD12B89,Honda,Azul Claro
105768,FBE91B89,Toyota,Azul Claro
108108,ECC69B89,Fiat,Branco
109979,FAA87B89,Chevrolet,Vermelho
104091,AAF71B89,VW,Azul Claro
102690,FCB46B89,VW,Branco
102888,FCE25B89,Honda,Vermelho
107913,BEC58B89,Chevrolet,Prata
104928,FDE14B89,Toyota,Preto
104107,AED33B89,Fiat,Prata
107209,AED18B89,Fiat,Preto
101523,CAE32B89,Chevrolet,Preto
100798,CEF98B89,Honda,Branco
108921,CCE74B89,Toyota,Preto
107249,ABA13B89,Chevrolet,Vermelho
105206,DCD64B89,Fiat,Prata
101241,ADC12B89,Toyota,Azul Claro
101406,BDC76B89,VW,Prata
103319,ADC55B89,Honda,Preto
108463,ADF47B89,Honda,Vermelho
101708,BBE37B89,VW,Azul Claro
100916,DCF16B89,Chevrolet,Preto
100527,DFB65B89,Toyota,Branco
101811,BDB83B89,VW,Prata
109774,DDB37B89,VW,Preto
100288,FAF56B89,VW,Azul Claro
101184,BDD58B89,VW,Prata
108265,CFD12B89,Fiat,Branco
106655,AEF87B89,Chevrolet,Vermelho
109904,DEE90B89,Toyota,Preto
105158,DDE79B89,Toyota,Branco
102819,DCE77B89,Toyota,Preto
102944,AED70B89,Honda,Vermelho
109858,AEE51B89,Honda,Azul Claro
104729,DBA86B89,Honda,Branco
101505,ACC38B89,Toyota,Vermelho
107973,DDB26B89,Honda,Azul Claro
109424,CBA76B89,Toyota,Prata
106264,EBF23B89,Honda,Vermelho
109495,FAB18B89,Chevrolet,Vermelho
108141,EFD52B89,VW,Azul Claro
100929,BDC22B89,VW,Branco
104227,AEB57B89,Chevrolet,Prata
108246,AFE60B89,Fiat,Prata
101486,DBA80B89,Honda,Vermelho
102503,DDC52B89,Honda,Prata
108944,AED15B89,VW,Prata
106107,ADC70B89,Chevrolet,Azul Claro
105232,EFC20B89,Honda,Vermelho
103012,EFC57B89,Chevrolet,Azul Claro
107264,AAA12B89,Fiat,Vermelho
100774,FEC39B89,Chevrolet,Azul Claro
109551,EFD48B89,VW,Vermelho
106455,CEB17B89,Toyota,Azul Claro
101631,FAA41B89,Toyota,Branco
109047,EFD84B89,Chevrolet,Vermelho
108157,FAF33B89,Honda,Azul Claro
106429,CAD88B89,Toyota,Preto
108216,BCA17B89,Fiat,Preto
109520,ABA91B89,Chevrolet,Azul Claro
106636,FFE61B89,Honda,Branco
100469,BFB89B89,Honda,Azul Claro
102750,FDA14B89,Toyota,Azul Claro
108087,FFC91B89,Chevrolet,Prata
103398,DCD52B89,Honda,Prata
109817,CED38B89,VW,Azul Claro
106716,DEC13B89,Chevrolet,Branco
100066,EAE56B89,VW,Branco
107287,BEA24B89,Fiat,Prata
105700,EDB56B89,Honda,Vermelho
106391,BAD38B89,VW,Preto
108521,CAE49B89,VW,Prata
103041,CCB69B89,VW,Branco
108594,CDD14B89,VW,Azul Claro
101932,DAA21B89,Chevrolet,Azul Claro
100991,EEE11B89,Chevrolet,Prata
105740,DAE94B89,Toyota,Azul Claro
100598,BCF94B89,Honda,Branco
104562,EAE31B89,Honda,Azul Claro
103483,CBD60B89,Toyota,Preto
103504,CEA19B89,Toyota,Prata
104001,CFE23B89,Honda,Preto
104659,EDD16B89,Toyota,Branco
101905,FDD44B89,Chevrolet,Vermelho
108491,EED95B89,Toyota,Vermelho
101410,EEB45B89,Fiat,Preto
104684,DBD86B89,VW,Preto
101502,EDC89B89,Chevrolet,Branco
105672,FCA32B89,Toyota,Branco
106217,FDC57B89,Fiat,Branco
100471,BDC60B89,Toyota,Azul Claro
107817,CEC86B89,Chevrolet,Prata
105683,FDE91B89,Fiat,Azul Claro
109767,BAE14B89,Honda,Vermelho
109029,BBF99B89,Toyota,Prata
106701,BAC24B89,Toyota,Preto
107279,EDC86B89,Fiat,Azul Claro
105080,DEE91B89,VW,Prata
107198,FBE43B89,Honda,Prata
104175,DCF70B89,VW,Branco
105790,FEE12B89,VW,Preto
106468,DCE44B89,VW,Preto
101446,AAC71B89,Chevrolet,Branco
104150,DAE66B89,Chevrolet,Vermelho
104428,BEF87B89,Honda,Vermelho
104239,DCD74B89,Honda,Azul Claro
107309,CDC62B89,Fiat,Azul Claro
107034,DAD39B89,Fiat,Azul Claro
106000,BCD89B89,Honda,Preto
102837,BFC22B89,Honda,Vermelho
104016,DBB97B89,Fiat,Vermelho
103757,CFE40B89,Fiat,Vermelho
103218,DFC50B89,Chevrolet,Azul Claro
103520,AFE86B89,Toyota,Vermelho
106594,FEE41B89,Honda,Prata
105947,CFB53B89,Honda,Prata
109931,FBD28B89,Fiat,Prata
102588,DCC26B89,VW,Branco
104695,BBA41B89,Chevrolet,Vermelho
106437,EAC68B89,Toyota,Preto
107394,CED33B89,Honda,Branco
105241,EDD26B89,Chevrolet,Azul Claro
107338,CAC86B89,Toyota,Azul Claro
107396,EAA62B89,Toyota,Azul Claro
106806,DBD26B89,Fiat,Vermelho
107400,ACD45B89,Toyota,Prata
104482,BCE78B89,Toyota,Azul Claro
102464,BDD18B89,Honda,Preto
108484,EAC75B89,Fiat,Azul Claro
106129,ACF55B89,Toyota,Azul Claro
105901,BDC79B89,Honda,Preto
104483,EDB68B89,Honda,Prata
104284,BFF10B89,Honda,Azul Claro
109915,ECF13B89,VW,Branco
106610,CCB45B89,Honda,Azul Claro
108923,EFE50B89,Honda,Prata
107234,CBE28B89,Toyota,Azul Claro
104608,AAA62B89,Fiat,Branco
109735,BAB76B89,VW,Vermelho
100500,CAF99B89,Fiat,Prata
108771,BBE37B89,Fiat,Prata
102176,EAA90B89,Honda,Vermelho
101046,CFB27B89,Chevrolet,Vermelho
106327,CFC62B89,Toyota,Vermelho
101986,FCD51B89,VW,Azul Claro
106763,BBE18B89,Honda,Azul Claro
101074,EEE16B89,Honda,Prata
103139,EDD40B89,Toyota,Prata
101860,CFE25B89,Chevrolet,Preto
109951,EAA51B89,VW,Prata
104927,FAA58B89,Honda,Preto
100777,FDF35B89,Chevrolet,Vermelho
108374,CFD94B89,Fiat,Azul Claro
103138,EBE10B89,Chevrolet,Branco
104019,BFD78B89,Chevrolet,Vermelho
108243,CCB33B89,Toyota,Vermelho
109962,FFE36B89,Chevrolet,Prata
108404,BAA23B89,Fiat,Preto
103019,AAF94B89,Fiat,Azul Claro
108983,DDD14B89,VW,Azul Claro
106083,DAF32B89,Fiat,Vermelho
102982,FEC72B89,Honda,Preto
107736,FEE80B89,VW,Vermelho
109095,AAE32B89,Honda,Vermelho
105890,FFD83B89,Toyota,Preto
108725,CCB62B89,Honda,Prata
106005,AFF24B89,Toyota,Branco
100565,AEF97B89,Chevrolet,Azul Claro
104118,CDA37B89,Honda,Azul Claro
105899,DDF29B89,Chevrolet,Azul Claro
100840,FFC40B89,Fiat,Vermelho
103888,AFE94B89,Honda,Branco
102181,CFD95B89,Toyota,Vermelho
107641,EDA38B89,Chevrolet,Branco
105968,CDE75B89,Toyota,Preto
102666,CEB69B89,VW,Prata
104092,CAF15B89,VW,Branco
100765,CED25B89,Toyota,Preto
101440,EBD12B89,Toyota,Branco
109815,DFC48B89,Fiat,Prata
103872,BEF95B89,Toyota,Preto
107370,BDC32B89,Honda,Preto
102289,EAE19B89,Fiat,Preto
108355,DEC16B89,VW,Vermelho
104865,CDD48B89,Fiat,Prata
102646,CCE21B89,Chevrolet,Preto
102620,DAE51B89,Chevrolet,Branco
105969,EDC97B89,VW,Preto
108021,EAB73B89,Fiat,Prata
104711,CBB33B89,Honda,Branco
106709,AEE71B89,Toyota,Branco
103026,FBD98B89,VW,Prata
100904,FDC37B89,Chevrolet,Branco
104102,DBD24B89,Toyota,Branco
101298,DEA33B89,Honda,Prata
103741,FCD80B89,VW,Azul Claro
106338,DED60B89,Fiat,Branco
102022,AFE19B89,VW,Prata
101848,EFB19B89,VW,Vermelho
107372,FCB64B89,VW,Azul Claro
102685,CFE38B89,Chevrolet,Vermelho
105546,ECD87B89,Chevrolet,Vermelho
100071,BAB28B89,VW,Branco
107785,CFA80B89,Honda,Azul Claro
101025,AEF37B89,Chevrolet,Azul Claro
106604,CBB55B89,Fiat,Azul Claro
101189,CDC64B89,VW,Branco
106823,FCB26B89,Fiat,Prata
108080,BEE85B89,Honda,Preto
103499,EED30B89,VW,Preto
102496,EBD57B89,Fiat,Branco
109353,DCD39B89,Toyota,Vermelho
109390,FBE74B89,Chevrolet,Azul Claro
102422,EFC90B89,VW,Branco
108686,BAB28B89,Fiat,Branco
109042,ABB46B89,VW,Preto
102732,EAC13B89,Fiat,Branco
100080,DAE13B89,VW,Azul Claro
104217,BDC85B89,Toyota,Vermelho
104242,BCD56B89,Toyota,Vermelho
103811,CAA90B89,Fiat,Prata
108518,EDB22B89,Chevrolet,Branco
108148,ABF30B89,Chevrolet,Prata
104431,EAA97B89,Chevrolet,Vermelho
101359,FDF97B89,Toyota,Branco
108946,EBF32B89,Chevrolet,Prata
102162,EFF39B89,Fiat,Branco
100879,CDD13B89,Chevrolet,Branco
101578,CCB33B89,Chevrolet,Preto
107573,FFA60B89,VW,Prata
101509,DBA58B89,Honda,Azul Claro
103810,DAD11B89,VW,Azul Claro
107069,BDE41B89,Toyota,Branco
104112,BAB99B89,Fiat,Preto
100382,BCD30B89,VW,Preto
101845,FBF89B89,Toyota,Preto
107838,CDA57B89,VW,Branco
104568,AEE53B89,Toyota,Prata
106963,FAF32B89,Honda,Vermelho
108432,ADF96B89,VW,Azul Claro
103900,ACA42B89,VW,Preto
104332,AFF45B89,Chevrolet,Preto
105279,EFF51B89,Toyota,Vermelho
109681,BBE37B89,Toyota,Prata
103614,BCC15B89,Toyota,Vermelho
102108,CAF52B89,Chevrolet,Azul Claro
107773,AEB47B89,Chevrolet,Azul Claro
103644,ACB10B89,VW,Vermelho
106032,DFF48B89,Honda,Prata
105323,DAD47B89,Toyota,Azul Claro
105845,ABA62B89,Chevrolet,Vermelho
109062,FFC87B89,Chevrolet,Branco
104183,DDE79B89,Honda,Branco
102421,AFF65B89,Fiat,Vermelho
103775,DDB32B89,Toyota,Azul Claro
100636,AEB64B89,VW,Preto
103219,BFE27B89,Toyota,Vermelho
100246,DAE90B89,Fiat,Prata
106282,BFA34B89,Honda,Preto
104943,EFE56B89,Honda,Branco
108649,FEA27B89,Toyota,Prata
101193,FFC10B89,VW,Prata
100045,CCF92B89,Honda,Azul Claro
107345,DEF46B89,Honda,Branco
100976,CDD84B89,VW,Branco
106200,CFA15B89,Fiat,Azul Claro
106786,EFA80B89,Honda,Prata
108368,DFE48B89,VW,Branco
102963,FDF97B89,Fiat,Azul Claro
105563,CDC75B89,Fiat,Prata
109567,CAC83B89,Chevrolet,Preto
108478,EEE64B89,Toyota,Preto
104515,FCA45B89,VW,Azul Claro
103216,CBD51B89,Toyota,Vermelho
101975,EED76B89,Honda,Vermelho
105121,DDC98B89,Honda,Preto
104529,FDB83B89,Chevrolet,Azul Claro
102460,BAB46B89,VW,Azul Claro
101682,EFC48B89,Honda,Branco
102096,EAB55B89,Honda,Preto
106889,EFE40B89,VW,Prata
100489,DEB92B89,Toyota,Prata
100671,BBB97B89,VW,Prata
108387,ECB55B89,Fiat,Preto
107616,AFF15B89,Fiat,Vermelho
109763,FBC11B89,Toyota,Vermelho
104997,FBD55B89,Chevrolet,Preto
101751,BEC30B89,Toyota,Azul Claro
106411,FAD30B89,Chevrolet,Azul Claro
109403,CBA41B89,Honda,Vermelho
100432,FCA53B89,VW,Vermelho
105167,AAE92B89,VW,Branco
107600,FAA86B89,Chevrolet,Prata
101832,FAF64B89,Toyota,Azul Claro
100037,DCC14B89,Toyota,Azul Claro
108616,BEC30B89,VW,Prata
106203,CCA84B89,VW,Vermelho
103988,BBD57B89,Honda,Vermelho
104593,BCC47B89,VW,Vermelho
100713,CBF34B89,VW,Branco
100559,CBA48B89,Fiat,Vermelho
102985,EDE39B89,VW,Preto
104321,FFC33B89,Toyota,Vermelho
102335,BDC57B89,Toyota,Branco
108541,FDA17B89,Fiat,Preto
109009,FED20B89,Fiat,Vermelho
109361,EFD75B89,VW,Prata
104300,EAB75B89,Toyota,Preto
108622,BCA68B89,Fiat,Azul Claro
102506,FEC15B89,VW,Azul Claro
108330,BDF86B89,Honda,Vermelho
107432,EBF15B89,Chevrolet,Azul Claro
102580,AFB37B89,Chevrolet,Branco
102670,AFF81B89,Fiat,Azul Claro
103747,CFF97B89,Chevrolet,Prata
101597,FEE76B89,Chevrolet,Prata
108378,EEB23B89,Chevrolet,Vermelho
104490,CBD72B89,Fiat,Azul Claro
109298,CCA39B89,Toyota,Preto
104611,EBF43B89,Fiat,Azul Claro
106007,DCE24B89,Chevrolet,Vermelho
101088,FCD15B89,Fiat,Branco
104302,DCD51B89,Fiat,Prata
103006,EEF91B89,Toyota,Prata
106310,CFE34B89,Honda,Branco
108282,BAF44B89,Chevrolet,Vermelho
101690,AEE89B89,VW,Branco
100625,DDA10B89,Fiat,Azul Claro
107523,DDA32B89,VW,Azul Claro
105830,EDF41B89,Fiat,Vermelho
101741,BAA66B89,Honda,Branco
101559,CFF26B89,Fiat,Azul Claro
109048,DDC20B89,Fiat,Preto
102829,CAE66B89,VW,Azul Claro
102933,DFA23B89,Chevrolet,Vermelho
107928,EEF90B89,Fiat,Prata
108929,ECF43B89,VW,Azul Claro
109008,FFB21B89,Toyota,Preto
105448,FCF44B89,Fiat,Azul Claro
103081,ECA14B89,Toyota,Branco
107939,DEF45B89,Honda,Azul Claro
108027,DFB46B89,VW,Preto
103413,BAD79B89,Toyota,Prata
107769,BBE59B89,Chevrolet,Branco
109699,EBF53B89,Toyota,Prata
105499,BAC94B89,Honda,Prata
100906,CEE70B89,VW,Preto
107758,AEE77B89,Chevrolet,Vermelho
100760,ADF93B89,Chevrolet,Azul Claro
103118,FBC51B89,Chevrolet,Branco
100986,EEA68B89,VW,Azul Claro
107952,BDA20B89,VW,Preto
100324,AEF76B89,Chevrolet,Branco
109102,AAC96B89,Chevrolet,Prata
108677,FBB53B89,Chevrolet,Prata
108825,CBE40B89,Toyota,Branco
102597,EEC47B89,Toyota,Azul Claro
100295,CAD26B89,Toyota,Vermelho
108915,DAC70B89,Honda,Prata
101785,BBA12B89,Honda,Azul Claro
104382,CBD52B89,Fiat,Branco
102258,ABC18B89,Fiat,Prata
105318,AEC63B89,VW,Branco
105854,FCD61B89,Chevrolet,Branco
100886,DFD74B89,Honda,Branco
104893,BDE18B89,Chevrolet,Azul Claro
103240,CAD11B89,Chevrolet,Azul Claro
105733,CEF83B89,Fiat,Branco
105769,DCD49B89,VW,Prata
107986,DCA90B89,Toyota,Vermelho
105827,FEC51B89,Fiat,Preto
103574,BCC72B89,Honda,Branco
109809,AEE51B89,Chevrolet,Branco
107407,FDE73B89,Fiat,Prata
105308,EAB25B89,Toyota,Prata
101717,CCE97B89,Honda,Branco
107313,BFF40B89,Honda,Vermelho
102648,ABF96B89,Honda,Preto
102586,DFD83B89,Honda,Preto
106576,CFD12B89,Fiat,Preto
103160,EFB17B89,Chevrolet,Vermelho
103182,BBB80B89,Chevrolet,Preto
109676,BCD51B89,Fiat,Azul Claro
102377,ABF30B89,Honda,Azul Claro
104803,CAA69B89,Toyota,Azul Claro
104218,DDA53B89,Fiat,Branco
105692,AFF61B89,VW,Vermelho
103052,AAF98B89,VW,Azul Claro
105392,BCD58B89,VW,Prata
103756,AEE35B89,Fiat,Vermelho
106681,BCA96B89,Fiat,Preto
108967,DFF19B89,Honda,Prata
101754,BAC42B89,VW,Vermelho
100148,DBC39B89,Fiat,Azul Claro
104108,AEE31B89,Honda,Preto
105372,FFF29B89,Toyota,Preto
101879,DBE68B89,VW,Vermelho
101613,DDE13B89,Chevrolet,Azul Claro
105829,ABE63B89,Toyota,Branco
109278,CCB27B89,VW,Branco
103380,FDF96B89,VW,Branco
102015,BAB43B89,Toyota,Prata
105192,BBA23B89,Honda,Vermelho
104018,CAD39B89,Fiat,Preto
105756,CCF71B89,Honda,Preto
100603,BFE39B89,Toyota,Preto
105329,DCD92B89,Honda,Preto
100865,BCA98B89,Fiat,Prata
107012,FAC56B89,Toyota,Branco
100243,FBD94B89,Toyota,Preto
106533,CDC33B89,Chevrolet,Preto
108803,AAF82B89,Fiat,Preto
108298,DAB87B89,Chevrolet,Azul Claro
106802,AFC53B89,Chevrolet,Prata
108965,AFB12B89,VW,Azul Claro
100481,FBA31B89,Honda,Branco
100117,CEE40B89,VW,Azul Claro
104830,BDF61B89,Chevrolet,Azul Claro
104507,BAA23B89,Fiat,Branco
105344,DAF63B89,Toyota,Azul Claro
105202,AAA28B89,Toyota,Prata
106943,ECD27B89,Toyota,Azul Claro
100352,FCF29B89,Honda,Azul Claro
104460,DDC23B89,VW,Prata
100773,DDA44B89,Chevrolet,Vermelho
101186,BEB94B89,VW,Vermelho
103960,ADD93B89,Toyota,Preto
103873,AEF48B89,VW,Azul Claro
100179,AFF99B89,Honda,Azul Claro
108160,FFA21B89,Fiat,Prata
104793,EFD71B89,Fiat,Azul Claro
107436,AAB49B89,Chevrolet,Vermelho
105958,BFF72B89,Chevrolet,Vermelho
101800,EDF46B89,Chevrolet,Preto
100364,DAA87B89,VW,Preto
106229,DEC46B89,Toyota,Branco
106038,EFF12B89,Fiat,Azul Claro
106502,BCC50B89,Chevrolet,Preto
108221,DEC16B89,Chevrolet,Azul Claro
106981,DEA64B89,VW,Branco
102801,FCE91B89,Chevrolet,Preto
109156,FBC58B89,Honda,Vermelho
102922,DCB47B89,Toyota,Branco
105105,CCD29B89,VW,Prata
107741,DBB61B89,Chevrolet,Branco
108469,CCF97B89,Toyota,Azul Claro
102720,CAD40B89,Honda,Vermelho
101245,BFB95B89,Chevrolet,Prata
106361,AAE21B89,VW,Branco
104537,AFA65B89,Chevrolet,Prata
104053,CFC78B89,VW,Preto
105931,DED18B89,VW,Prata
103239,CBD32B89,Chevrolet,Prata
100108,FBF91B89,Fiat,Branco
100446,BDF61B89,Chevrolet,Prata
108283,ABD36B89,Chevrolet,Preto
101774,AEF74B89,VW,Preto
109785,DFE31B89,VW,Preto
105939,BFF89B89,VW,Azul Claro
105844,BAF12B89,VW,Prata
103534,BCA44B89,Toyota,Azul Claro
104394,DFA81B89,Honda,Preto
105873,EDE77B89,Fiat,Prata
104644,BBC39B89,Toyota,Branco
101181,ADD39B89,Chevrolet,Preto
106811,CCE45B89,Honda,Preto
104390,EFE11B89,Honda,Azul Claro
104348,AAE56B89,Chevrolet,Vermelho
103567,EBA41B89,Chevrolet,Branco
108645,FDD63B89,VW,Vermelho
107433,CCB30B89,VW,Prata
108981,CBE43B89,Fiat,Vermelho
103129,FDA98B89,Honda,Vermelho
105150,FFF39B89,VW,Branco
103406,FCA52B89,Honda,Branco
109377,DCC49B89,Honda,Vermelho
108858,EED35B89,Toyota,Vermelho
100973,DCC15B89,VW,Branco
104299,DAB55B89,VW,Branco
103653,DEC69B89,Fiat,Prata
105872,ADB82B89,VW,Prata
104838,BEF28B89,Honda,Azul Claro
107598,BBB58B89,Honda,Branco
107377,BAA84B89,Toyota,Vermelho
103036,AEE84B89,Honda,Branco
101789,DCF15B89,Honda,Vermelho
103088,CFE83B89,Honda,Preto
106720,BEE64B89,Honda,Azul Claro
107195,AFD65B89,Toyota,Branco
109025,CAC59B89,Fiat,Prata
107464,DDC63B89,VW,Azul Claro
102825,CDB65B89,Toyota,Vermelho
106330,CBA16B89,Chevrolet,Vermelho
100010,CEC80B89,Chevrolet,Preto
105868,ADD63B89,Chevrolet,Branco
101426,DFE33B89,VW,Preto
101403,EAE37B89,Honda,Azul Claro
101019,CFF45B89,Honda,Preto
100780,AFA22B89,Honda,Prata
104814,ADD16B89,Chevrolet,Vermelho
101907,FAB36B89,Toyota,Prata
101695,FAF97B89,Toyota,Preto
102784,CEE59B89,VW,Prata
104670,BEE23B89,Chevrolet,Prata
102431,DDD33B89,VW,Vermelho
108515,CBC91B89,Toyota,Prata
101344,FDD78B89,Fiat,Preto
106236,EDF94B89,Fiat,Branco
100372,EBC49B89,Fiat,Prata
100909,CCC91B89,Chevrolet,Azul Claro
103399,CBD25B89,VW,Azul Claro
100496,FDB14B89,Fiat,Preto
102402,BCA70B89,Chevrolet,Prata
101306,DDE82B89,Toyota,Azul Claro
105302,ECC68B89,Chevrolet,Prata
108679,DDB49B89,Chevrolet,Azul Claro
101244,DFE42B89,Chevrolet,Preto
104365,BBF24B89,Fiat,Preto
104559,FAA47B89,Honda,Azul Claro
101195,AFD84B89,Honda,Vermelho
102990,CEE88B89,Fiat,Vermelho
104953,DFC36B89,Honda,Branco
101423,CAC48B89,Fiat,Branco
109173,CBE93B89,Toyota,Prata
100256,DAB42B89,Fiat,Azul Claro
108205,EFA68B89,Honda,Prata
101409,CCA36B89,Chevrolet,Preto
108480,BCB76B89,Chevrolet,Prata
106287,BFB63B89,Toyota,Azul Claro
109820,AEB36B89,Honda,Azul Claro
109409,FDC57B89,VW,Branco
104616,AAD82B89,VW,Branco
107446,EDE65B89,Chevrolet,Prata
108338,DAD19B89,Toyota,Azul Claro
101232,EFE51B89,Chevrolet,Azul Claro
109228,BAD61B89,VW,Azul Claro
107522,FEF55B89,Fiat,Prata
109771,CBB46B89,Honda,Prata
106449,DCE68B89,Toyota,Azul Claro
107880,DEA21B89,Fiat,Preto
105439,FBE31B89,Honda,Prata
105130,DAC99B89,Honda,Vermelho
105912,EBD38B89,Honda,Branco
108459,FEA91B89,Honda,Branco
103923,DFA57B89,VW,Branco
106127,AAA45B89,VW,Vermelho
105611,BBB88B89,VW,Vermelho
109040,EBE70B89,Honda,Vermelho
109303,BDC82B89,Chevrolet,Branco
107819,FBC17B89,Honda,Azul Claro
106507,CDB80B89,VW,Azul Claro
104243,DCF43B89,Toyota,Preto
101379,FDF18B89,Fiat,Branco
107689,EDF25B89,Toyota,Prata
103688,EAB28B89,Fiat,Branco
105874,BFC18B89,Fiat,Azul Claro
104759,ADB30B89,Honda,Azul Claro
104512,DBA25B89,Chevrolet,Branco
101645,BBA68B89,Fiat,Vermelho
103790,AAA23B89,Honda,Vermelho
105799,AFE61B89,Chevrolet,Branco
100652,FBB72B89,Chevrolet,Branco
105310,EDA10B89,Chevrolet,Branco
107872,ADB63B89,Fiat,Preto
103683,DBC19B89,Toyota,Branco
108799,DBD96B89,Chevrolet,Azul Claro
105328,ABB37B89,Honda,Azul Claro
107219,FEC82B89,Honda,Branco
107999,DCD33B89,Honda,Azul Claro
108926,EEC19B89,Honda,Preto
109791,EDE60B89,Toyota,Branco
106152,EDF21B89,VW,Vermelho
102810,ABA72B89,Honda,Preto
107190,BBD46B89,Chevrolet,Vermelho
102689,ECB64B89,VW,Azul Claro
104136,BEB27B89,Honda,Vermelho
106265,ACA75B89,Fiat,Azul Claro
109830,BAA41B89,Fiat,Preto
102916,ECD10B89,VW,Branco
102158,DDE76B89,Toyota,Branco
101506,EEC24B89,VW,Branco
104366,ABA62B89,Toyota,Preto
102130,FCD96B89,Fiat,Azul Claro
109890,BFB81B89,Honda,Preto
101648,BBF76B89,Chevrolet,Vermelho
104890,DBE37B89,Fiat,Prata
100730,CCD71B89,Fiat,Preto
106766,DBB22B89,VW,Prata
105606,CCA12B89,VW,Prata
104144,BFF55B89,Toyota,Preto
108201,BBA36B89,Toyota,Azul Claro
106722,FEB42B89,Fiat,Prata
109668,AED52B89,Toyota,Preto
105221,AFC85B89,VW,Vermelho
102709,DDD60B89,Toyota,Preto
105902,DCF56B89,Toyota,Vermelho
104076,AFD77B89,Fiat,Vermelho
105295,FEE99B89,Honda,Azul Claro
100271,FEB22B89,Honda,Preto
101543,CAD48B89,Fiat,Preto
108252,FFF41B89,Fiat,Branco
103126,BEC40B89,Chevrolet,Prata
101156,BBE18B89,Fiat,Preto
103414,EBF70B89,VW,Vermelho
105985,CBD53B89,VW,Azul Claro
100032,ABA25B89,Fiat,Azul Claro
107187,FEF61B89,Fiat,Azul Claro
101725,FCA59B89,Fiat,Branco
106300,EDC23B89,Toyota,Prata
101610,BBF27B89,VW,Azul Claro
100939,BFB75B89,Fiat,Vermelho
102296,FCE11B89,Chevrolet,Preto
104023,FCC95B89,Chevrolet,Prata
100941,DDA95B89,Fiat,Vermelho
100745,EAD14B89,Fiat,Azul Claro
104083,DCE51B89,VW,Vermelho
105390,EDF40B89,VW,Branco
105582,CEB68B89,Toyota,Azul Claro
102877,FFB36B89,Toyota,Prata
104701,DDE72B89,VW,Vermelho
102651,ABB16B89,VW,Vermelho
105374,CCE25B89,Fiat,Prata
108850,AFD51B89,Honda,Azul Claro
105646,FFF17B89,Toyota,Preto
101821,EFA70B89,Chevrolet,Azul Claro
101312,CEA43B89,Honda,Preto
107413,CAD17B89,Fiat,Preto
100560,BEB83B89,Chevrolet,Prata
107146,BCB92B89,Chevrolet,Vermelho
100957,CCE16B89,Chevrolet,Preto
102110,EDB29B89,Honda,Preto
109248,FBF88B89,Toyota,Prata
105108,BBD54B89,VW,Azul Claro
107226,CBC19B89,Fiat,Prata
107631,DBC78B89,VW,Branco
105387,EBF44B89,Toyota,Prata
105122,BFF72B89,Fiat,Branco
107923,EAC28B89,VW,Prata
108868,CBA66B89,Fiat,Preto
103374,DCD72B89,Fiat,Preto
109856,EFA22B89,Honda,Vermelho
107325,EDB12B89,Fiat,Vermelho
102960,DCB55B89,VW,Preto
104640,EFA78B89,Fiat,Vermelho
102399,CAF76B89,Honda,Preto
107310,DBD60B89,VW,Azul Claro
107251,CEA33B89,Honda,Preto
105487,EEB33B89,Toyota,Prata
100892,AAE36B89,Fiat,Preto
108333,ADE78B89,VW,Preto
107737,BFC15B89,Fiat,Preto
103849,EBF91B89,Toyota,Prata
102625,DAC48B89,VW,Azul Claro
100244,ACE81B89,Toyota,Branco
103148,EEC44B89,Honda,Preto
107024,AEA65B89,Chevrolet,Azul Claro
103346,EED88B89,Fiat,Vermelho
102873,CAF81B89,Honda,Vermelho
109945,CCF89B89,Honda,Azul Claro
108297,BEB86B89,VW,Vermelho
106553,AEF10B89,Honda,Preto
100076,BDB73B89,Chevrolet,Prata
103587,CAE80B89,Toyota,Prata
103144,DBA74B89,Fiat,Prata
106524,CAD70B89,Toyota,Vermelho
109889,ABC45B89,Toyota,Prata
106979,EAC38B89,Fiat,Vermelho
106651,AEC67B89,Toyota,Prata
104947,CAD40B89,Honda,Vermelho
108627,FAC20B89,VW,Prata
102987,EFA52B89,Chevrolet,Azul Claro
100093,FEF68B89,Chevrolet,Branco
105166,EEF44B89,Chevrolet,Preto
100869,AFB69B89,Chevrolet,Preto
102731,CCF55B89,VW,Branco
107171,FEA41B89,Chevrolet,Branco
106791,BFD81B89,Honda,Preto
104810,BFD90B89,Toyota,Preto
109433,DAD32B89,Fiat,Vermelho
102338,BBE68B89,Fiat,Vermelho
106111,DDA27B89,Toyota,Branco
107844,EFA43B89,VW,Branco
107060,EBB60B89,Toyota,Preto
101885,DDD23B89,Honda,Azul Claro
109513,FEA45B89,VW,Vermelho
105773,DBF47B89,Fiat,Azul Claro
104323,EAB24B89,Chevrolet,Prata
108190,CAD78B89,Honda,Vermelho
109473,AEF86B89,Fiat,Vermelho
108130,DEA38B89,Honda,Preto
100002,FCD38B89,Toyota,Preto
109367,BFD29B89,Chevrolet,Prata
105255,BFC54B89,Honda,Vermelho
102759,FEB97B89,Chevrolet,Branco
108210,CCB63B89,Toyota,Vermelho
109080,EAD82B89,Chevrolet,Prata
107849,BFE72B89,Chevrolet,Preto
103175,FFC56B89,Chevrolet,Prata
102465,DAD39B89,Chevrolet,Prata
101293,EDC64B89,Chevrolet,Vermelho
105393,EDC80B89,VW,Vermelho
105404,DED82B89,Chevrolet,Prata
107848,FFF97B89,Honda,Branco
108641,FCC88B89,Chevrolet,Preto
107842,FFE56B89,Chevrolet,Azul Claro
108973,CBD31B89,Fiat,Vermelho
109304,DEB44B89,Fiat,Branco
103621,FDF54B89,VW,Prata
102317,DCB50B89,VW,Azul Claro
107086,DFE56B89,Fiat,Vermelho
102185,CCF17B89,VW,Azul Claro
104477,FCD48B89,Chevrolet,Azul Claro
101155,CEA93B89,Honda,Branco
109632,ECB69B89,Honda,Preto
100329,CBF12B89,Toyota,Vermelho
109868,BED62B89,Toyota,Preto
106564,DCB98B89,Fiat,Azul Claro
103227,AED24B89,Fiat,Preto
106521,BEB73B89,Chevrolet,Prata
102997,EAE74B89,Honda,Branco
103167,FEC70B89,Honda,Prata
103183,EDA70B89,Toyota,Preto
104392,FCE71B89,VW,Azul Claro
104922,EFE15B89,Honda,Preto
106837,DDC69B89,Honda,Preto
102463,DEC42B89,Fiat,Prata
102846,DEC13B89,VW,Azul Claro
107586,AAF56B89,Honda,Branco
102191,DBF90B89,Fiat,Branco
108001,CBF93B89,Chevrolet,Vermelho
106668,CAC66B89,Honda,Branco
102070,DED80B89,Fiat,Prata
108163,DAB83B89,Chevrolet,Preto
100680,FDB97B89,Chevrolet,Azul Claro
107593,DFB89B89,Honda,Prata
106302,ACB79B89,VW,Azul Claro
103416,CAF38B89,Fiat,Prata
105909,ADC96B89,Fiat,Preto
108993,CED38B89,Honda,Branco
101734,BBA26B89,Honda,Vermelho
105247,FFD80B89,Toyota,Prata
101098,BBD65B89,Fiat,Prata
109145,FBF14B89,Honda,Prata
107581,FFA24B89,Toyota,Prata
104047,EAF64B89,Honda,Preto
106620,BBA75B89,Honda,Preto
101861,EEB54B89,Toyota,Azul Claro
105298,DDC26B89,Chevrolet,Azul Claro
102322,ACE24B89,Chevrolet,Vermelho
104240,DDD21B89,Fiat,Branco
106745,FBC13B89,VW,Vermelho
102492,CFC61B89,Fiat,Vermelho
107612,EAC76B89,Honda,Vermelho
106902,EEB13B89,Fiat,Preto
105234,DFB23B89,Fiat,Vermelho
103272,CAF86B89,Toyota,Vermelho
105273,EDB29B89,Toyota,Branco
102889,AFA86B89,Honda,Branco
104945,FEB76B89,Honda,Preto
100788,BEE27B89,Fiat,Vermelho
103347,ABC40B89,Toyota,Preto
109924,BED76B89,Chevrolet,Branco
106772,ACC27B89,Chevrolet,Preto
105285,DAC71B89,Toyota,Azul Claro
103185,EDD53B89,Chevrolet,Prata
109750,CCC45B89,Fiat,Branco
107083,BCF43B89,Toyota,Azul Claro
106196,EAC31B89,Fiat,Prata
107694,FCA40B89,Toyota,Preto
106028,AEB85B89,Toyota,Branco
103377,DEE41B89,Toyota,Vermelho
100583,AEE59B89,Fiat,Preto
100349,DAE64B89,Honda,Branco
109800,CFA17B89,Toyota,Branco
108005,CFA87B89,VW,Branco
103349,AAB28B89,VW,Preto
108234,AAA94B89,Chevrolet,Branco
100801,EAF12B89,Honda,Azul Claro
103531,FAB57B89,Honda,Branco
107382,FEF48B89,Honda,Branco
109218,AAA11B89,Toyota,Preto
105173,DFF43B89,Chevrolet,Branco
108985,CCE50B89,VW,Azul Claro
103203,EDC52B89,Chevrolet,Azul Claro
107297,CDF87B89,VW,Preto
109419,DEE24B89,VW,Azul Claro
103091,FFB16B89,Chevrolet,Vermelho
101936,EAB40B89,Toyota,Vermelho
107709,ABF52B89,Fiat,Prata
106853,DBC52B89,Toyota,Branco
102756,DFA12B89,Chevrolet,Branco
106458,DBC63B89,Honda,Branco
101616,EEA14B89,Chevrolet,Azul Claro
106942,CDF15B89,Honda,Preto
109233,AFC42B89,Chevrolet,Preto
102170,EFE55B89,Chevrolet,Prata
106460,ECE32B89,Fiat,Preto
105087,FAF72B89,VW,Preto
103722,DBB87B89,Toyota,Vermelho
108077,ABE67B89,Fiat,Vermelho
109199,FEB99B89,VW,Vermelho
105615,DBC93B89,VW,Azul Claro
100539,CCA78B89,Chevrolet,Vermelho
102401,DDA11B89,Chevrolet,Branco
108736,ADE49B89,Fiat,Azul Claro
108111,CFD45B89,Honda,Azul Claro
109525,DDB32B89,Toyota,Azul Claro
109527,FEF72B89,Toyota,Azul Claro
106331,ADF91B89,Fiat,Preto
107232,BEE88B89,Chevrolet,Preto
103878,DED37B89,VW,Vermelho
106912,FDD95B89,Chevrolet,Branco
109532,AEE30B89,VW,Azul Claro
101702,BEE15B89,Honda,Preto
101129,ACE85B89,Fiat,Prata
105641,AAC93B89,Toyota,Preto
109740,EEC19B89,Chevrolet,Vermelho
101124,ABF38B89,Toyota,Azul Claro
104521,CFA31B89,Chevrolet,Vermelho
109793,FCC16B89,Honda,Azul Claro
103541,BCA17B89,Chevrolet,Preto
109930,ACD44B89,Chevrolet,Branco
107764,ABF87B89,Toyota,Branco
109790,BCB38B89,Toyota,Preto
101689,DAB95B89,VW,Vermelho
105539,CFB75B89,VW,Branco
102211,DAD80B89,Chevrolet,Branco
104109,EBB25B89,Chevrolet,Branco
101465,CEB98B89,Chevrolet,Prata
103133,CAC18B89,VW,Branco
109964,DDC74B89,Honda,Azul Claro
107972,DDE76B89,Chevrolet,Azul Claro
104677,CDC20B89,Chevrolet,Azul Claro
102747,BCE93B89,Toyota,Preto
105938,FAB14B89,Honda,Vermelho
104320,EFF10B89,VW,Preto
107036,DCB33B89,Honda,Preto
102107,ACD42B89,Chevrolet,Azul Claro
103262,FEC92B89,VW,Prata
103034,CAC34B89,Honda,Azul Claro
104331,CEC53B89,Honda,Vermelho
107062,EAD80B89,Chevrolet,Prata
104663,DED20B89,VW,Azul Claro
105190,EBD11B89,VW,Branco
106696,BAF79B89,Toyota,Azul Claro
102367,BFE40B89,Honda,Preto
105956,FAD83B89,Fiat,Azul Claro
100440,FAB96B89,Toyota,Prata
101646,ADF77B89,Honda,Vermelho
104795,BFF24B89,VW,Azul Claro
102440,CFE57B89,Chevrolet,Vermelho
100832,FFA86B89,Toyota,Azul Claro
107804,FFA45B89,Toyota,Branco
103064,CFD37B89,Chevrolet,Prata
107714,BBE34B89,Honda,Prata
102587,CFD14B89,Chevrolet,Prata
101224,AFC11B89,Fiat,Prata
101490,DDA25B89,Chevrolet,Prata
102592,DDC17B89,Honda,Branco
103247,CAE30B89,Chevrolet,Prata
106849,BCC37B89,Toyota,Prata
108023,ABA62B89,Chevrolet,Preto
101425,DDA19B89,Honda,Branco
101996,AEE13B89,Chevrolet,Azul Claro
109193,FDC66B89,Chevrolet,Branco
102691,DBC84B89,Chevrolet,Azul Claro
101667,CFD43B89,Fiat,Preto
109565,AFD56B89,VW,Vermelho
101105,CAC22B89,Toyota,Vermelho
109058,CDA48B89,Honda,Preto
100238,EBC51B89,Honda,Azul Claro
108572,CBB83B89,VW,Preto
102261,DFE70B89,Chevrolet,Vermelho
104287,CFC46B89,VW,Vermelho
103196,ACC61B89,Chevrolet,Branco
107378,BBB17B89,Honda,Vermelho
100486,CAE67B89,Chevrolet,Vermelho
100370,AEB69B89,VW,Preto
104992,DAD67B89,Fiat,Prata
100783,ABC48B89,Chevrolet,Branco
106596,EBA44B89,Chevrolet,Vermelho
102511,EEE18B89,Chevrolet,Vermelho
109782,BFA80B89,Toyota,Preto
108837,ECF95B89,Honda,Vermelho
103238,EAD86B89,VW,Prata
100298,DFC91B89,VW,Preto
100873,BFA26B89,Toyota,Prata
100145,BBC58B89,VW,Azul Claro
102047,EFF32B89,Toyota,Preto
100104,CAB51B89,Toyota,Preto
107619,FFC53B89,Chevrolet,Prata
100556,CAA88B89,Honda,Vermelho
101915,AFF65B89,Honda,Prata
106499,FDD21B89,Honda,Azul Claro
105684,DED25B89,Toyota,Branco
106728,ABA77B89,Honda,Vermelho
103632,EAF63B89,Chevrolet,Prata
100109,BCC83B89,Toyota,Branco
102138,AEB46B89,Fiat,Vermelho
100307,CBF46B89,Honda,Preto
109219,BAD67B89,Toyota,Branco
108934,DFD65B89,VW,Vermelho
100669,CDC80B89,Honda,Prata
109644,CCE45B89,Chevrolet,Branco
109937,BBB85B89,Honda,Prata
109299,AEE26B89,Toyota,Prata
103324,EEA67B89,Toyota,Branco
100055,FFD93B89,Honda,Preto
104480,AFD12B89,Fiat,Prata
106169,CBC56B89,Honda,Prata
101439,CFA83B89,Honda,Preto
103933,ADE61B89,Honda,Vermelho
106697,BDA11B89,VW,Prata
106574,BFD29B89,Fiat,Azul Claro
104811,DFE14B89,Honda,Branco
109206,CDD52B89,VW,Vermelho
103258,BEF11B89,Honda,Preto
106131,EDA24B89,Fiat,Preto
100386,EAD43B89,Chevrolet,Prata
109521,FFC47B89,Chevrolet,Prata
101308,EFE24B89,Toyota,Branco
104944,CBA20B89,VW,Prata
107332,CFC23B89,VW,Branco
101564,DBE13B89,Toyota,Branco
101834,CAF71B89,VW,Prata
100946,ACB90B89,Chevrolet,Vermelho
100421,BEA50B89,Chevrolet,Preto
109181,CCF94B89,Honda,Vermelho
106581,CCE36B89,Toyota,Branco
109375,FFF14B89,Chevrolet,Prata
107959,CBD22B89,Chevrolet,Branco
109319,DFE73B89,Honda,Azul Claro
108502,DAE38B89,VW,Preto
103003,ECA99B89,VW,Azul Claro
108215,CAB68B89,Chevrolet,Prata
103363,CAA97B89,Honda,Vermelho
105389,ABC73B89,Toyota,Prata
100864,CCA23B89,Honda,Branco
101309,AFC31B89,VW,Azul Claro
103475,BEC38B89,Fiat,Preto
100789,DAB76B89,Honda,Prata
102196,DAE71B89,Honda,Prata
104566,BFA10B89,Fiat,Preto
107740,DCF86B89,Chevrolet,Preto
103284,CBB47B89,Fiat,Prata
103969,FAC30B89,Honda,Prata
102514,BAF45B89,VW,Vermelho
109689,ECF87B89,Chevrolet,Branco
102653,AFF63B89,VW,Vermelho
102886,ACC96B89,VW,Branco
107833,EBE31B89,Chevrolet,Branco
106227,BFE21B89,Chevrolet,Prata
105991,ACF18B89,Chevrolet,Vermelho
109144,FFE32B89,Honda,Branco
108791,CFD72B89,Fiat,Azul Claro
109252,FED30B89,Honda,Azul Claro
105006,BBD20B89,Chevrolet,Azul Claro
106214,EFF11B89,Fiat,Vermelho
107982,EFA29B89,Toyota,Vermelho
105257,ECC99B89,Honda,Preto
109283,BCE65B89,Toyota,Preto
105322,AEF68B89,Fiat,Preto
109134,BCF77B89,VW,Vermelho
100270,FAA50B89,Fiat,Branco
103301,EAB28B89,Toyota,Vermelho
102433,FAC77B89,Toyota,Prata
106843,ACB33B89,VW,Vermelho
109401,DBA41B89,Fiat,Preto
107990,AFB57B89,VW,Branco
105406,DAD57B89,Honda,Azul Claro
100712,AFB58B89,Toyota,Azul Claro
105783,DFF14B89,Toyota,Vermelho
104409,BCF25B89,Fiat,Vermelho
105260,DDB73B89,Fiat,Prata
105920,EFB98B89,VW,Preto
101587,DCE79B89,Toyota,Branco
105411,FBB88B89,Honda,Vermelho
105574,CBE31B89,Chevrolet,Azul Claro
100550,AAE49B89,VW,Vermelho
103057,CBD51B89,Fiat,Vermelho
103241,ACB54B89,Fiat,Azul Claro
104005,ABB93B89,Fiat,Branco
102763,FCE95B89,Fiat,Azul Claro
106691,AAE23B89,Chevrolet,Preto
108493,BAA12B89,Honda,Prata
105435,EDB62B89,Toyota,Branco
103264,ACC94B89,VW,Branco
105061,FFF57B89,Toyota,Prata
108444,EBC30B89,Toyota,Preto
102098,CCC64B89,Fiat,Vermelho
107001,DEE19B89,Chevrolet,Branco
107292,EDC83B89,Toyota,Preto
103671,BFD21B89,Fiat,Azul Claro
104968,AEF57B89,Toyota,Prata
109921,CAB36B89,Toyota,Prata
108625,CED29B89,Toyota,Prata
104416,DAC49B89,Chevrolet,Branco
108325,FEB41B89,Chevrolet,Vermelho
100804,CCC40B89,Fiat,Preto
108940,FDC83B89,Toyota,Prata
109942,FBF84B89,Fiat,Branco
100022,FAA72B89,Fiat,Branco
102934,CFC86B89,Toyota,Azul Claro
104311,BAC40B89,VW,Vermelho
106597,ABB39B89,Toyota,Preto
109986,AFB23B89,Fiat,Preto
101353,ACE82B89,Fiat,Vermelho
104833,ABC87B89,Honda,Vermelho
105752,DDD97B89,Honda,Prata
103768,CBF71B89,Fiat,Vermelho
104298,ECA97B89,VW,Prata
104543,DAC97B89,Chevrolet,Azul Claro
101875,BAE20B89,Chevrolet,Prata
108022,CDC20B89,Honda,Preto
100056,BDA43B89,Fiat,Branco
103412,CEA31B89,Fiat,Branco
102855,AFD74B89,Toyota,Prata
100400,AAA91B89,Honda,Branco
102986,ABA37B89,Fiat,Vermelho
106605,FBB34B89,Honda,Branco
104798,AEB38B89,Toyota,Branco
104846,ECF29B89,VW,Preto
108002,ABE96B89,Toyota,Branco
106554,BFD91B89,VW,Azul Claro
108780,FFC34B89,Honda,Vermelho
107258,DAC29B89,VW,Preto
106256,DFB26B89,Fiat,Azul Claro
105781,BBF37B89,VW,Azul Claro
103273,FDF93B89,Honda,Preto
109146,DEE37B89,Chevrolet,Azul Claro
101102,AEA90B89,Chevrolet,Vermelho
107233,ABD69B89,Honda,Preto
109581,CAE87B89,Fiat,Azul Claro
100519,BFC92B89,Honda,Prata
101755,DDB27B89,Chevrolet,Preto
104508,ECC24B89,Toyota,Azul Claro
101363,FCA75B89,VW,Vermelho
107951,DED11B89,VW,Preto
105263,ADF38B89,Fiat,Branco
101069,ADC45B89,Honda,Azul Claro
108340,CEE17B89,Honda,Branco
108419,DCE85B89,Honda,Branco
101079,FFA99B89,Fiat,Preto
106611,DAB61B89,Chevrolet,Azul Claro
107846,FCE54B89,Fiat,Azul Claro
100665,AED38B89,Honda,Preto
104086,FBF77B89,Toyota,Prata
100716,CFA88B89,Toyota,Azul Claro
105780,BEF44B89,Fiat,Branco
101699,EBC63B89,Fiat,Azul Claro
101877,BFE48B89,VW,Azul Claro
105622,FBD40B89,Toyota,Azul Claro
108705,BFF25B89,VW,Azul Claro
107320,BAF23B89,Chevrolet,Branco
100597,FFF24B89,Honda,Branco
106800,CEC97B89,VW,Preto
104916,EAD65B89,Fiat,Prata
107065,ACE27B89,Fiat,Azul Claro
107140,FFD55B89,VW,Branco
102979,DFC93B89,Honda,Prata
100604,FBC44B89,Chevrolet,Azul Claro
108990,FDB67B89,Chevrolet,Azul Claro
106861,DBF63B89,Toyota,Vermelho
108168,CFD79B89,Toyota,Azul Claro
109557,FCA90B89,Toyota,Branco
109338,FFB61B89,Chevrolet,Preto
108128,FAA15B89,VW,Vermelho
106592,EFE19B89,Chevrolet,Vermelho
108672,DAB38B89,Fiat,Azul Claro
104234,FFE15B89,Toyota,Vermelho
100091,BDD21B89,VW,Preto
102577,BAE22B89,Chevrolet,Azul Claro
109423,FFB93B89,VW,Azul Claro
108384,CBA58B89,VW,Prata
109472,ADF23B89,Fiat,Branco
103808,AAA20B89,Chevrolet,Vermelho
106941,FEC15B89,Chevrolet,Vermelho
104260,ACD82B89,Fiat,Branco
103896,FDA30B89,Chevrolet,Preto
103696,FAC93B89,VW,Preto
101349,DDC53B89,VW,Azul Claro
109425,CEA26B89,Honda,Branco
109733,BFD57B89,VW,Prata
103777,CFF14B89,Toyota,Preto
100358,DCA97B89,Fiat,Branco
103740,AFA77B89,VW,Vermelho
100325,FEB75B89,VW,Vermelho
104050,DEC29B89,VW,Azul Claro
100614,CCA67B89,Honda,Prata
107705,EBA71B89,Fiat,Preto
100572,FDB64B89,Fiat,Branco
102762,CBE24B89,Honda,Prata
103581,DDF33B89,VW,Azul Claro
107105,DBB75B89,Fiat,Branco
106372,CDB45B89,Chevrolet,Preto
107244,EAA13B89,Toyota,Azul Claro
109317,CAD42B89,Fiat,Vermelho
105062,CEE92B89,Toyota,Azul Claro
103602,DBE52B89,Fiat,Prata
105755,EED94B89,Fiat,Prata
106948,EBC16B89,Toyota,Prata
107756,CDB17B89,Chevrolet,Preto
108897,DEE31B89,Toyota,Prata
109871,FEB76B89,Chevrolet,Prata
103384,EDC60B89,Honda,Prata
106017,EAB88B89,VW,Preto
109678,FAE58B89,Honda,Preto
102956,FCE61B89,Fiat,Azul Claro
107869,BFD39B89,Toyota,Branco
105409,DEA28B89,Fiat,Vermelho
107520,ABF71B89,Honda,Preto
101103,EAF32B89,Honda,Vermelho
109714,ECE64B89,Chevrolet,Vermelho
102276,EBC12B89,Chevrolet,Preto
106121,BBE63B89,VW,Preto
104690,ADB30B89,VW,Preto
101558,CAB92B89,Chevrolet,Azul Claro
102488,ECD11B89,Toyota,Prata
103291,DCC14B89,Honda,Vermelho
101763,AAC42B89,Fiat,Vermelho
103523,AAF64B89,Toyota,Branco
104542,BDE24B89,VW,Branco
108226,CCD75B89,Honda,Prata
103400,DEE96B89,Chevrolet,Prata
106154,CFF52B89,Toyota,Vermelho
103863,CED50B89,Honda,Azul Claro
109264,AFF71B89,Honda,Prata
109265,EBA85B89,Fiat,Vermelho
102272,DFF69B89,Chevrolet,Vermelho
102374,CAE58B89,Chevrolet,Preto
109507,DAC59B89,Chevrolet,Azul Claro
109840,AEB78B89,VW,Preto
108728,ABD41B89,Honda,Azul Claro
100292,CED20B89,Chevrolet,Azul Claro
102870,ABA58B89,Toyota,Prata
100877,DEC70B89,VW,Branco
104784,CEE51B89,VW,Prata
109806,DEE37B89,Chevrolet,Preto
105319,ADF97B89,VW,Azul Claro
104879,FDA67B89,Honda,Prata
104357,CEB67B89,Fiat,Vermelho
103391,ABD94B89,Honda,Vermelho
106642,BEA26B89,Honda,Prata
104418,BAF60B89,Honda,Prata
104647,EFB46B89,VW,Preto
109523,CEA70B89,VW,Azul Claro
100356,FBA42B89,Fiat,Azul Claro
100686,ACF17B89,Fiat,Preto
104584,CAD85B89,Honda,Branco
100837,CCA90B89,Toyota,Branco
107013,CCD91B89,Fiat,Azul Claro
108458,CAF36B89,Honda,Vermelho
109413,BCE33B89,Fiat,Preto
109865,FED43B89,Honda,Preto
101726,DDA96B89,Honda,Prata
106371,ADD86B89,VW,Vermelho
102224,BCC30B89,Fiat,Azul Claro
102362,DDD47B89,VW,Preto
104538,DAE13B89,Chevrolet,Preto
103179,ECB95B89,VW,Branco
103985,CBF27B89,Toyota,Prata
109601,ABD18B89,Chevrolet,Prata
109018,EBE77B89,Toyota,Vermelho
104223,DEA55B89,Honda,Vermelho
101067,EAF17B89,Honda,Azul Claro
109429,CCB51B89,VW,Prata
107379,BBB97B89,VW,Prata
108101,EBE78B89,Toyota,Branco
106967,AFF29B89,Fiat,Vermelho
106166,EDE93B89,Toyota,Prata
106461,CAB31B89,Chevrolet,Branco
103061,BBF55B89,VW,Azul Claro
100889,CAA15B89,VW,Vermelho
100966,DDA17B89,Chevrolet,Azul Claro
109902,ABE39B89,Honda,Azul Claro
101963,BBC77B89,VW,Prata
101909,CDD48B89,Fiat,Azul Claro
108353,FAF25B89,Honda,Prata
106833,CCC44B89,Chevrolet,Vermelho
104134,EAD80B89,Honda,Branco
102738,CDE45B89,Toyota,Vermelho
102835,BED44B89,Toyota,Branco
107213,DDE90B89,Fiat,Branco
107605,EDC31B89,Honda,Azul Claro
100975,FEB76B89,Chevrolet,Azul Claro
102268,BCA18B89,Fiat,Azul Claro
103770,DAA33B89,Chevrolet,Azul Claro
103385,CCC26B89,VW,Preto
102838,CAF88B89,Toyota,Prata
100132,BCE95B89,Toyota,Branco
100581,EBA87B89,VW,Prata
108795,BAE73B89,Chevrolet,Preto
109035,DAD50B89,VW,Branco
106839,BED99B89,Fiat,Vermelho
100393,EEE58B89,Toyota,Azul Claro
106558,EDB97B89,Toyota,Branco
102803,FDB47B89,Chevrolet,Branco
103928,DDA57B89,Toyota,Branco
103727,AEE33B89,Toyota,Azul Claro
108401,EFB24B89,Chevrolet,Vermelho
104036,DBF56B89,Honda,Azul Claro
101341,DEB35B89,Honda,Azul Claro
104277,ECA25B89,Toyota,Vermelho
108183,BAC15B89,Toyota,Vermelho
100225,FDA97B89,VW,Prata
104211,FDB45B89,Chevrolet,Prata
108427,CDE75B89,Honda,Vermelho
106777,BFE40B89,Honda,Prata
104613,EED72B89,Honda,Branco
100223,EBC25B89,Fiat,Azul Claro
100974,BCF25B89,Chevrolet,Azul Claro
108593,FEB17B89,Honda,Vermelho
109597,BDF32B89,VW,Azul Claro
102735,CBE73B89,Toyota,Prata
104009,AEE52B89,Chevrolet,Azul Claro
106222,FDA14B89,Fiat,Preto
105008,EAD74B89,Chevrolet,Prata
104598,DAD89B89,VW,Azul Claro
103403,BBA68B89,Chevrolet,Branco
103515,EFB48B89,VW,Vermelho
103883,ADB94B89,Toyota,Preto
106755,FCD11B89,Fiat,Branco
104712,FDC71B89,VW,Prata
102908,AFD34B89,Honda,Preto
104261,CDD95B89,Fiat,Preto
108071,CAE15B89,Honda,Branco
102423,AEE34B89,Toyota,Azul Claro
101231,CDF15B89,Fiat,Branco
105264,DCE36B89,Fiat,Vermelho
106671,BAC75B89,Chevrolet,Azul Claro
106163,AAB80B89,Chevrolet,Azul Claro
103548,EAB93B89,VW,Vermelho
108445,EAF91B89,Chevrolet,Azul Claro
105695,ACC95B89,VW,Prata
104976,BFB45B89,Fiat,Preto
107548,AFD31B89,Chevrolet,Branco
105481,DDC17B89,VW,Vermelho
101531,AAE41B89,Toyota,Prata
107574,DEA98B89,Chevrolet,Preto
101159,BEE48B89,Chevrolet,Branco
106895,CFA47B89,Honda,Prata
105501,BDA32B89,VW,Preto
108047,BBF61B89,Fiat,Vermelho
100809,EAA10B89,Chevrolet,Prata
102384,DEA83B89,Honda,Prata
102650,AFA17B89,Chevrolet,Prata
101075,CBC29B89,Toyota,Preto
100391,BDF70B89,VW,Branco
108789,AAF56B89,Fiat,Vermelho
103190,ACA41B89,Chevrolet,Branco
103620,DAA77B89,Fiat,Preto
109324,AEF39B89,Fiat,Branco
103650,ABB78B89,Fiat,Branco
109588,EEE22B89,Chevrolet,Azul Claro
108613,FCD81B89,Toyota,Azul Claro
106982,AFD31B89,Toyota,Vermelho
104070,EAF37B89,Honda,Preto
108290,CFB14B89,Fiat,Preto
101394,AFD16B89,Chevrolet,Branco
105976,DBC66B89,Chevrolet,Vermelho
103370,AFB62B89,Chevrolet,Prata
100667,DCF26B89,VW,Preto
104458,CAE16B89,Chevrolet,Azul Claro
106009,DDD22B89,Honda,Branco
101764,FAA69B89,Toyota,Azul Claro
101054,DAE85B89,Fiat,Preto
101014,BFD65B89,Fiat,Preto
101356,AFC49B89,Fiat,Vermelho
108856,DCD74B89,VW,Prata
107002,BBE80B89,VW,Branco
107903,CAB16B89,VW,Preto
101736,EAE62B89,Fiat,Prata
101568,DAE74B89,Toyota,Branco
100462,CBE99B89,Honda,Preto
100743,AAC13B89,VW,Azul Claro
108414,ACB38B89,Toyota,Prata
101678,CBB66B89,Fiat,Branco
103994,DFB93B89,Fiat,Azul Claro
108817,ADF32B89,Fiat,Prata
109308,BDE23B89,VW,Azul Claro
106284,EBD55B89,VW,Branco
106273,BEF92B89,Toyota,Vermelho
107595,BEF71B89,Fiat,Vermelho
102711,ECD56B89,Chevrolet,Vermelho
108536,CAB24B89,VW,Azul Claro
105494,ECB16B89,Fiat,Branco
109196,CEF43B89,Fiat,Azul Claro
108648,BFD18B89,VW,Prata
108281,CAE53B89,Fiat,Azul Claro
104335,CAC97B89,Toyota,Branco
109065,CCF99B89,Chevrolet,Azul Claro
109836,ABF49B89,Fiat,Preto
104662,DFD75B89,Chevrolet,Vermelho
105114,CAD65B89,Fiat,Preto
107174,DBF73B89,Honda,Preto
108587,EFF82B89,VW,Branco
100191,BCF54B89,Honda,Preto
105212,DBE34B89,Chevrolet,Preto
103641,EDA84B89,Toyota,Prata
109034,AEE19B89,Fiat,Vermelho
101500,ABB15B89,VW,Prata
100021,CCA49B89,Chevrolet,Azul Claro
103718,EDE24B89,Honda,Prata
102902,BDA57B89,VW,Azul Claro
103306,DFA19B89,Chevrolet,Vermelho
105534,BDB82B89,Chevrolet,Preto
102892,CEA85B89,Honda,Vermelho
100779,DEE70B89,Honda,Azul Claro
109947,FFA53B89,VW,Branco
107420,BEE10B89,Toyota,Azul Claro
104213,EDE84B89,Chevrolet,Preto
104151,ADF24B89,VW,Prata
106528,ACD42B89,Honda,Preto
103431,EAD23B89,VW,Vermelho
100823,BEA78B89,Toyota,Branco
103622,EAD89B89,Toyota,Branco
104259,FBC73B89,Chevrolet,Prata
104725,EEE49B89,Chevrolet,Branco
101469,CBB75B89,VW,Vermelho
108880,BBC96B89,VW,Azul Claro
109112,CDC53B89,Honda,Branco
108073,BBD38B89,Toyota,Azul Claro
109596,DDF71B89,Fiat,Prata
105002,CBE34B89,Toyota,Prata
102242,CAD94B89,Fiat,Branco
108424,BDA73B89,Honda,Prata
100368,EFC54B89,Honda,Preto
100968,EDB11B89,Honda,Branco
106382,FAA34B89,Chevrolet,Prata
100064,AFA54B89,Toyota,Preto
104210,CDA59B89,Fiat,Preto
109705,DEC19B89,Toyota,Preto
105316,DDD32B89,VW,Prata
101721,EBB76B89,Fiat,Azul Claro
100404,DEF11B89,Toyota,Preto
105324,BBD70B89,VW,Prata
104060,AFA58B89,Honda,Prata
107280,DAC61B89,Honda,Branco
101824,EBF58B89,Chevrolet,Branco
102355,BCB42B89,Toyota,Vermelho
105997,ADB40B89,Honda,Vermelho
103758,DCF22B89,VW,Branco
103232,DBF35B89,Chevrolet,Branco
106416,BDB30B89,Fiat,Vermelho
101918,EDD85B89,Honda,Preto
107246,DCA25B89,VW,Vermelho
101569,DCB63B89,Fiat,Branco
101831,FAC80B89,Toyota,Branco
108539,BCA57B89,VW,Preto
101242,EEF29B89,Fiat,Prata
102869,FCF90B89,VW,Azul Claro
109351,FDA57B89,VW,Azul Claro
109802,BFD88B89,Fiat,Branco
109450,BDA28B89,Chevrolet,Branco
104656,ACE99B89,Fiat,Branco
102722,BFC27B89,Fiat,Preto
108998,CEF74B89,Toyota,Vermelho
105127,CFE71B89,Chevrolet,Preto
101325,BEA30B89,Fiat,Prata
108343,DFB63B89,VW,Branco
102989,CBD64B89,VW,Vermelho
108118,BEF60B89,VW,Preto
108893,BCA50B89,Chevrolet,Branco
104859,ABA33B89,Chevrolet,Vermelho
107490,BDD70B89,Toyota,Prata
109460,EAA40B89,Toyota,Vermelho
107630,CDD18B89,VW,Vermelho
101222,FED22B89,Chevrolet,Azul Claro
101777,FAB53B89,Chevrolet,Vermelho
106519,AFD93B89,VW,Vermelho
104232,FCB60B89,VW,Branco
107777,CFF29B89,Honda,Prata
106852,FDE18B89,Chevrolet,Preto
101823,EAA79B89,Fiat,Vermelho
108701,CEA43B89,Chevrolet,Vermelho
106643,CBE21B89,Honda,Vermelho
106400,ACF38B89,VW,Vermelho
103551,CEC49B89,Honda,Prata
100748,DEC41B89,Toyota,Prata
107271,BDB34B89,Honda,Prata
105246,EFC24B89,VW,Branco
101259,BDB68B89,Fiat,Azul Claro
107173,EFF57B89,Fiat,Azul Claro
101888,BFF52B89,Toyota,Branco
109491,BDB62B89,Honda,Prata
100711,AAE51B89,Toyota,Vermelho
100235,BCF98B89,VW,Preto
100737,DDB98B89,Honda,Preto
100224,CFE10B89,Chevrolet,Preto
107937,DEC82B89,Honda,Preto
104808,BCA36B89,Toyota,Branco
103329,BBC79B89,Honda,Prata
103293,AFC72B89,Toyota,Azul Claro
100378,DDD38B89,Fiat,Branco
106906,EEB42B89,VW,Prata
103845,DBD10B89,Chevrolet,Vermelho
105551,FAA16B89,Chevrolet,Azul Claro
105578,EFA75B89,Honda,Azul Claro
108296,CEA95B89,Honda,Preto
105988,ECE40B89,VW,Azul Claro
101794,BCE49B89,Chevrolet,Preto
105141,EFA69B89,Chevrolet,Preto
105917,BEF91B89,Chevrolet,Preto
105024,CEE25B89,Toyota,Vermelho
101658,DED61B89,VW,Prata
100212,FFD86B89,Fiat,Preto
108475,BAB90B89,Toyota,Branco
107314,FEA77B89,Chevrolet,Vermelho
104419,DCF81B89,Toyota,Vermelho
101214,FEE66B89,VW,Branco
105193,EAF14B89,VW,Azul Claro
108526,BBB14B89,Fiat,Vermelho
102166,ABE88B89,Fiat,Prata
103110,FBF17B89,Toyota,Prata
100792,EBE83B89,Fiat,Vermelho
100233,FEC24B89,Fiat,Branco
102220,FAD56B89,Fiat,Azul Claro
104911,CCA72B89,Toyota,Vermelho
109256,DDA61B89,VW,Prata
100209,EFB81B89,Honda,Preto
109330,FBD15B89,Honda,Azul Claro
102568,BCA54B89,Chevrolet,Prata
102105,CAB84B89,Chevrolet,Preto
104498,ECB12B89,Honda,Vermelho
109659,BED88B89,Toyota,Preto
109505,CEA96B89,Chevrolet,Branco
102413,AAC99B89,Chevrolet,Preto
106598,DAD57B89,Fiat,Branco
101724,DBD79B89,Chevrolet,Prata
109110,CCE93B89,VW,Branco
100834,FDA83B89,VW,Prata
109063,CDE84B89,Fiat,Vermelho
108074,AFC20B89,Toyota,Branco
106523,CFD38B89,Fiat,Vermelho
109455,CBB15B89,Toyota,Preto
106035,BDD93B89,Honda,Vermelho
101220,DEB16B89,Honda,Branco
109706,CCE41B89,Fiat,Prata
106552,DAD71B89,Fiat,Vermelho
101387,BDD55B89,Honda,Azul Claro
102001,FDA46B89,Toyota,Azul Claro
105609,CEC52B89,Chevrolet,Preto
104581,ACF69B89,Honda,Prata
102523,CFB98B89,Fiat,Prata
106054,EFE38B89,VW,Branco
107259,FDD25B89,VW,Branco
102983,BCA59B89,Fiat,Branco
103078,CDC94B89,Toyota,Preto
107460,DBA89B89,VW,Branco
105560,AEF78B89,VW,Vermelho
109497,FDC91B89,Fiat,Azul Claro
104782,EAF75B89,Chevrolet,Branco
103174,CBF68B89,VW,Preto
104381,FDC50B89,Chevrolet,Preto
109748,EAC73B89,VW,Prata
100992,CBE47B89,Toyota,Azul Claro
106404,BBD16B89,Honda,Azul Claro
107642,FBB66B89,Fiat,Preto
108067,EBF19B89,Chevrolet,Azul Claro
106452,BAB18B89,Fiat,Preto
103308,BEC92B89,VW,Prata
102165,BEA38B89,VW,Prata
108809,DEF69B89,VW,Vermelho
102327,BBF15B89,Toyota,Vermelho
103803,FFA29B89,VW,Prata
109728,DCA12B89,Fiat,Preto
107373,EDE65B89,VW,Azul Claro
103793,ACB71B89,VW,Azul Claro
103867,EFB57B89,Honda,Vermelho
104841,FAB20B89,Fiat,Preto
107637,EFA48B89,Chevrolet,Preto
106854,DFF75B89,Chevrolet,Vermelho
104763,ADF84B89,Honda,Azul Claro
101386,FFA22B89,VW,Azul Claro
105432,FDC74B89,Chevrolet,Azul Claro
104939,AEE27B89,Fiat,Azul Claro
109844,CBD45B89,Chevrolet,Branco
102321,CFB48B89,Fiat,Vermelho
100320,BBD57B89,Toyota,Vermelho
103095,FED34B89,Chevrolet,Prata
108949,BFA36B89,Toyota,Azul Claro
103285,EAE84B89,Chevrolet,Preto
109166,DCC48B89,VW,Preto
101070,EEF97B89,Toyota,Branco
107847,CDE53B89,VW,Azul Claro
101313,FDD93B89,Honda,Prata
103959,EDE18B89,Fiat,Prata
108420,CEE24B89,Toyota,Preto
107450,ECF57B89,VW,Vermelho
105463,EDC10B89,Toyota,Branco
105072,EAB76B89,Toyota,Vermelho
109373,BEB29B89,Chevrolet,Branco
106571,CBF16B89,VW,Prata
104749,EAB27B89,Chevrolet,Preto
105275,FDE25B89,VW,Vermelho
102269,CDA58B89,Honda,Prata
105599,AED14B89,Toyota,Azul Claro
101872,DAB33B89,Honda,Azul Claro
102972,BFB83B89,Honda,Vermelho
108598,ECF28B89,Chevrolet,Preto
101422,DCA60B89,VW,Azul Claro
100769,AFE32B89,Toyota,Prata
101857,EBE61B89,Fiat,Branco
105356,ECA93B89,Chevrolet,Azul Claro
103083,ABB88B89,Toyota,Vermelho
104491,EAF35B89,Honda,Azul Claro
102765,DCA77B89,Chevrolet,Vermelho
101541,BAD49B89,VW,Prata
107262,CED40B89,Fiat,Vermelho
104607,BED58B89,Fiat,Branco
102800,EDC48B89,Chevrolet,Branco
108434,FED47B89,Chevrolet,Preto
107111,CAD11B89,Chevrolet,Branco
105538,DEB26B89,Honda,Vermelho
104466,CEB55B89,Toyota,Azul Claro
108712,CBA59B89,Chevrolet,Prata
109037,BFC54B89,Chevrolet,Prata
109475,DBC32B89,Chevrolet,Preto
109284,FED23B89,Fiat,Azul Claro
101164,FAE55B89,VW,Azul Claro
101174,FEC30B89,Honda,Vermelho
107647,FFB71B89,VW,Vermelho
106123,BDC67B89,Chevrolet,Vermelho
108563,ACE24B89,VW,Azul Claro
103771,DEB34B89,Fiat,Branco
101109,DEA60B89,VW,Prata
104655,DDE81B89,Toyota,Preto
105330,BED64B89,Fiat,Branco
109230,BFD53B89,Toyota,Prata
108212,DAC28B89,Toyota,Branco
100294,FAC47B89,Honda,Azul Claro
108266,ABD62B89,Honda,Branco
107095,FAA10B89,Toyota,Prata
109126,BEC47B89,Honda,Azul Claro
103554,BFF36B89,Honda,Preto
109096,BDD11B89,Chevrolet,Vermelho
101737,CDF73B89,Honda,Azul Claro
106261,DEB60B89,Honda,Branco
109922,CBB41B89,Honda,Vermelho
100561,CDB16B89,Honda,Vermelho
102486,CFA21B89,Chevrolet,Branco
103345,DEE17B89,Honda,Azul Claro
109354,ECF46B89,Toyota,Azul Claro
109628,BEF12B89,Fiat,Azul Claro
108314,DFF14B89,Chevrolet,Preto
102971,FBF92B89,VW,Branco
104938,EEA29B89,Chevrolet,Vermelho
100058,CEB67B89,Toyota,Branco
103862,ABA43B89,Chevrolet,Azul Claro
103237,DFB55B89,VW,Vermelho
108405,ACE91B89,Toyota,Branco
104179,BFD55B89,Honda,Azul Claro
103201,DFE15B89,Chevrolet,Preto
103435,CFE26B89,VW,Branco
103690,BFD44B89,Fiat,Vermelho
101649,DCE68B89,Honda,Azul Claro
104636,EAC32B89,Chevrolet,Prata
102510,AEC71B89,Chevrolet,Preto
100938,EAA71B89,Fiat,Branco
100395,CEA79B89,Honda,Vermelho
106546,CCA43B89,Honda,Branco
105085,DFD95B89,Fiat,Preto
109190,FEF32B89,Fiat,Prata
103870,AFD84B89,VW,Vermelho
102914,DAC87B89,Toyota,Branco
102907,AFB76B89,Toyota,Branco
105021,ABD41B89,VW,Branco
105993,FEC10B89,Honda,Azul Claro
109107,BFD29B89,Honda,Branco
105959,DDF92B89,Chevrolet,Vermelho
104415,DDC95B89,Toyota,Branco
106370,FED86B89,Toyota,Azul Claro
102555,DCB74B89,Toyota,Preto
108328,BDA30B89,Fiat,Prata
106033,CFF82B89,Honda,Branco
103949,EAB10B89,Honda,Azul Claro
108529,DEA42B89,Chevrolet,Branco
107795,AFE30B89,Honda,Preto
102072,FBB78B89,Fiat,Prata
105822,DDF12B89,Toyota,Vermelho
100495,FEE70B89,VW,Preto
103513,AEB74B89,Honda,Preto
102665,FBC96B89,Toyota,Vermelho
107964,CCB65B89,VW,Vermelho
105086,DCE74B89,Honda,Azul Claro
107482,FDC20B89,Fiat,Prata
107710,FDF70B89,VW,Azul Claro
102681,BEA64B89,Honda,Azul Claro
100766,FEB54B89,Toyota,Branco
106957,DEF39B89,Chevrolet,Azul Claro
103782,BCC35B89,Honda,Preto
103253,CFE92B89,Fiat,Branco
109336,DBF99B89,Fiat,Prata
108428,ECF45B89,Fiat,Azul Claro
102860,FFA56B89,Honda,Branco
101221,EDE69B89,Toyota,Azul Claro
109316,EBF96B89,Honda,Vermelho
104864,DEB86B89,Honda,Prata
107734,DEA34B89,Toyota,Prata
106085,DEC61B89,Honda,Vermelho
104924,CBC27B89,Toyota,Prata
104532,EDA57B89,Chevrolet,Preto
101672,AAC70B89,Honda,Azul Claro
109281,BEB41B89,Fiat,Vermelho
105402,BBD61B89,Honda,Branco
104055,EEF75B89,VW,Prata
106952,CCD34B89,VW,Preto
109503,FDE24B89,Chevrolet,Branco
107151,CEB38B89,Toyota,Prata
108106,CDB46B89,Honda,Vermelho
102850,FDC59B89,Toyota,Prata
101447,AFC65B89,Honda,Preto
107906,ECD46B89,VW,Vermelho
109487,FFC31B89,Fiat,Azul Claro
101030,AEC20B89,Fiat,Prata
103454,EDD28B89,Fiat,Vermelho
104317,FDD79B89,Chevrolet,Vermelho
108636,BDF35B89,Toyota,Prata
107385,ECA57B89,Fiat,Prata
105519,ABC98B89,Chevrolet,Preto
100858,EEE32B89,VW,Vermelho
105972,DBD21B89,Honda,Azul Claro
104439,ABE65B89,VW,Azul Claro
109033,DAC54B89,Fiat,Prata
107875,CBA61B89,Fiat,Vermelho
100595,EFE52B89,Fiat,Preto
108804,BEE35B89,VW,Prata
107799,FED27B89,Chevrolet,Preto
109186,AFA40B89,Honda,Azul Claro
101951,BCD59B89,Honda,Vermelho
109120,DCF40B89,Honda,Branco
101096,DCA51B89,Honda,Vermelho
105649,DAE40B89,Chevrolet,Vermelho
107910,EEE69B89,Chevrolet,Azul Claro
106944,DFD79B89,Fiat,Branco
107830,AAB99B89,Chevrolet,Azul Claro
102513,EFE25B89,Chevrolet,Vermelho
106732,FCE98B89,Chevrolet,Preto
105559,DBF51B89,Honda,Prata
107526,FCB49B89,Chevrolet,Prata
107860,AAF48B89,Toyota,Vermelho
105906,AFD47B89,Toyota,Preto
104700,ECA68B89,VW,Preto
102233,DDA16B89,Honda,Azul Claro
108592,FAC58B89,Honda,Vermelho
107956,BCD52B89,Fiat,Azul Claro
101176,FFA44B89,Fiat,Vermelho
108624,BCD26B89,VW,Branco
105660,FBC49B89,VW,Branco
106617,DCE80B89,Fiat,Branco
109215,DFF49B89,Fiat,Branco
109959,ECA67B89,VW,Vermelho
107478,BDA94B89,Honda,Vermelho
104155,FBD91B89,Chevrolet,Branco
103161,CBD79B89,VW,Prata
104241,ACB80B89,Toyota,Preto
105424,DCC43B89,Fiat,Vermelho
107447,FED29B89,Fiat,Preto
103401,DCF88B89,Honda,Vermelho
107492,BAC29B89,Honda,Azul Claro
108995,FFE28B89,Chevrolet,Preto
101550,FFC69B89,Fiat,Branco
101009,BCB61B89,VW,Preto
107135,CFA20B89,VW,Preto
106614,BAF88B89,Chevrolet,Branco
105095,ABD96B89,Honda,Preto
100648,FDD78B89,Toyota,Branco
103243,CBA87B89,VW,Preto
104975,FCD69B89,Honda,Azul Claro
100727,DBF96B89,Toyota,Branco
109133,EAB22B89,Fiat,Azul Claro
105720,AAD61B89,VW,Preto
108742,EAF83B89,Toyota,Preto
108169,CAF97B89,Honda,Prata
108044,CEE29B89,Toyota,Azul Claro
106860,BCD45B89,Chevrolet,Preto
100331,FCA36B89,Honda,Prata
107027,ACD20B89,Chevrolet,Branco
106159,ADD78B89,Toyota,Azul Claro
108699,AFC35B89,Honda,Vermelho
100211,DFE18B89,Fiat,Prata
102263,BAB21B89,VW,Azul Claro
106343,ACC93B89,Chevrolet,Azul Claro
101781,AED52B89,Toyota,Prata
103543,CDA17B89,Honda,Prata
101438,FCB80B89,Fiat,Branco
102868,ABE22B89,Honda,Azul Claro
102434,ECD18B89,VW,Prata
106830,FBB34B89,Toyota,Prata
104792,EAC34B89,Chevrolet,Preto
109420,EEC28B89,Toyota,Prata
107957,CAD76B89,VW,Azul Claro
102017,FDE45B89,Honda,Azul Claro
106475,DAD87B89,VW,Prata
109506,BEF22B89,Fiat,Vermelho
102418,ACD31B89,VW,Branco
109982,CBC27B89,Honda,Preto
100920,BED90B89,VW,Vermelho
107727,DBE12B89,Toyota,Azul Claro
100012,BBA29B89,VW,Prata
109976,ABE38B89,Chevrolet,Vermelho
100818,BCF83B89,VW,Branco
105442,DDE80B89,VW,Branco
108184,DFE35B89,Fiat,Branco
100453,AEA35B89,Toyota,Branco
109241,CBE67B89,Fiat,Vermelho
102975,AFE64B89,Fiat,Branco
103457,CDD41B89,VW,Vermelho
109752,AAA64B89,VW,Vermelho
100659,EFC18B89,Toyota,Branco
104133,CEE17B89,Chevrolet,Preto
107422,FCA15B89,Honda,Azul Claro
100340,BFA12B89,Toyota,Vermelho
100940,ABA78B89,Toyota,Prata
102739,EDB49B89,Fiat,Branco
109604,EFA38B89,Honda,Prata
104196,CCB97B89,Toyota,Azul Claro
100870,DDA20B89,Honda,Preto
107169,AAE79B89,Honda,Preto
102786,BBB25B89,Fiat,Prata
108808,CDF29B89,VW,Azul Claro
104071,EAC32B89,VW,Prata
101400,FCC56B89,Honda,Branco
107690,FCF82B89,Honda,Preto
108222,FBB60B89,Honda,Prata
108123,CCC45B89,VW,Azul Claro
106363,BFC53B89,Fiat,Prata
105796,ACB46B89,Toyota,Branco
103677,FCC95B89,Chevrolet,Azul Claro
106566,ABD47B89,Fiat,Vermelho
108864,ADE63B89,Honda,Branco
103998,CDE60B89,Honda,Preto
109834,AFD19B89,Fiat,Branco
108802,FAA27B89,Honda,Azul Claro
105188,FDF44B89,Fiat,Prata
104362,FBF11B89,VW,Azul Claro
101108,CBB54B89,VW,Branco
100392,BFB47B89,Fiat,Azul Claro
103229,BFA64B89,Toyota,Azul Claro
102262,EBD50B89,Honda,Azul Claro
102773,AFE22B89,Chevrolet,Preto
102349,BDE73B89,VW,Prata
105057,FAD68B89,Fiat,Branco
105835,CCA70B89,Chevrolet,Prata
104326,ACA65B89,VW,Vermelho
100075,BBA62B89,VW,Prata
101779,AFC27B89,VW,Azul Claro
102553,FDD72B89,Honda,Vermelho
102686,CEA38B89,Chevrolet,Vermelho
101040,EFD71B89,Toyota,Prata
101563,ACC13B89,Toyota,Azul Claro
108547,BCD52B89,Fiat,Preto
100555,FDF29B89,Honda,Azul Claro
103071,FBF88B89,Honda,Azul Claro
104474,DFE92B89,Toyota,Azul Claro
107529,CFD79B89,Honda,Azul Claro
104378,AEC44B89,VW,Branco
101428,CCF18B89,Toyota,Azul Claro
107766,AEA99B89,Chevrolet,Preto
101416,FFD37B89,Toyota,Branco
107669,DAB13B89,Toyota,Vermelho
101460,DBF27B89,Fiat,Azul Claro
109549,ADA90B89,VW,Branco
104601,EEB59B89,Toyota,Azul Claro
109410,BAF12B89,VW,Preto
109756,EBE20B89,Chevrolet,Branco
107961,DDF19B89,Honda,Branco
107399,DFF22B89,Chevrolet,Prata
101906,ECC55B89,Honda,Vermelho
101238,BDA97B89,Chevrolet,Preto
103735,CBC42B89,Toyota,Azul Claro
108961,EDC90B89,VW,Prata
100754,DEA32B89,Chevrolet,Azul Claro
105791,DEF49B89,VW,Branco
105839,CAD94B89,Honda,Azul Claro
108490,FED49B89,Toyota,Vermelho
102024,AEC24B89,VW,Branco
109019,CEF53B89,VW,Branco
101013,DAF43B89,VW,Vermelho
100028,EEA26B89,Toyota,Prata
109718,EFA23B89,Fiat,Azul Claro
100355,AEF89B89,Fiat,Prata
109621,FFB45B89,Chevrolet,Azul Claro
103170,FBA70B89,Fiat,Preto
101196,EED81B89,Chevrolet,Preto
101316,FCA72B89,Chevrolet,Preto
105249,ABA77B89,Fiat,Prata
108524,CEA55B89,Fiat,Vermelho
105643,ACD20B89,Toyota,Azul Claro
106865,BAB88B89,VW,Branco
102076,AEE30B89,Honda,Azul Claro
105694,ABB70B89,Chevrolet,Azul Claro
103675,BFF67B89,VW,Prata
104224,BDA89B89,Toyota,Azul Claro
100964,DAB15B89,VW,Vermelho
106749,CAA18B89,Chevrolet,Vermelho
100120,FDC67B89,Chevrolet,Branco
106794,EBA78B89,Chevrolet,Vermelho
104228,BDC79B89,Chevrolet,Vermelho
105579,DAA96B89,Honda,Azul Claro
100328,CAE82B89,Toyota,Branco
104710,EBD11B89,Toyota,Preto
103281,AFE87B89,Honda,Vermelho
102370,CCD32B89,Fiat,Branco
105522,ABB50B89,VW,Vermelho
102544,DCF64B89,Honda,Azul Claro
108895,FCF45B89,Fiat,Vermelho
107610,ADF52B89,Chevrolet,Prata
102178,BDC25B89,VW,Vermelho
104898,EEB44B89,Chevrolet,Preto
105153,DDE77B89,Toyota,Vermelho
101209,DCD96B89,Chevrolet,Azul Claro
108417,AEC62B89,Honda,Branco
107064,FFA46B89,Honda,Prata
109089,ADE74B89,Toyota,Vermelho
103123,ECA55B89,Chevrolet,Branco
100078,ABE32B89,Chevrolet,Preto
109736,EEE45B89,VW,Branco
100250,BCA62B89,Toyota,Preto
103766,FDE65B89,Chevrolet,Branco
101524,FDF37B89,Fiat,Vermelho
109609,EDD69B89,Toyota,Vermelho
106376,EBE81B89,VW,Branco
100600,FCD56B89,VW,Preto
109137,DDB77B89,Toyota,Vermelho
104550,CCD42B89,VW,Vermelho
100943,FBB61B89,Honda,Prata
105782,ACD26B89,VW,Prata
105682,AEB43B89,VW,Vermelho
109493,DEB63B89,Chevrolet,Preto
103981,ACA57B89,Toyota,Preto
109314,EDD57B89,Chevrolet,Vermelho
109867,FDB58B89,Chevrolet,Prata
104006,EAE20B89,Toyota,Branco
101561,FCA76B89,VW,Branco
104869,CEF26B89,Fiat,Azul Claro
106213,CAD78B89,Honda,Azul Claro
103257,EAF27B89,Chevrolet,Preto
104541,DDE24B89,Toyota,Prata
101782,BFC18B89,Toyota,Preto
106985,BCF99B89,Toyota,Branco
101095,AAC24B89,VW,Branco
105544,EFE61B89,VW,Azul Claro
101946,DCC31B89,Fiat,Azul Claro
104753,FBE39B89,Honda,Preto
100105,DEF47B89,Toyota,Branco
100677,ADD65B89,Chevrolet,Preto
106789,BEE40B89,Fiat,Prata
101392,FCA58B89,VW,Prata
100752,BFA12B89,VW,Branco
109903,ACE25B89,Chevrolet,Vermelho
103737,ADA51B89,Chevrolet,Branco
102976,AEF64B89,Toyota,Preto
106694,CBB26B89,VW,Azul Claro
103215,ABD70B89,VW,Branco
108989,BCF41B89,Honda,Azul Claro
101770,CAB84B89,Chevrolet,Preto
105984,BDB23B89,VW,Preto
105738,FFC24B89,VW,Prata
103022,FBF83B89,VW,Azul Claro
105401,CFF23B89,Toyota,Vermelho
107856,DAD28B89,Chevrolet,Preto
106875,FFB43B89,VW,Prata
105191,BAD79B89,Honda,Prata
104619,DEE17B89,Honda,Vermelho
103935,EDC66B89,Toyota,Prata
104886,FBC79B89,VW,Branco
108719,BDB80B89,Toyota,Branco
108558,BCA72B89,Fiat,Prata
107776,EFC93B89,Toyota,Branco
108146,DDE81B89,Chevrolet,Azul Claro
107968,EFE62B89,Honda,Azul Claro
104264,BFC93B89,VW,Branco
107867,DED46B89,VW,Prata
106825,AFC75B89,Chevrolet,Vermelho
108113,ECD12B89,Honda,Azul Claro
100701,FAA20B89,VW,Azul Claro
106170,AFD74B89,Fiat,Vermelho
102073,EAC69B89,Fiat,Preto
108159,FDA24B89,Honda,Prata
106870,BBD75B89,Toyota,Prata
104423,FDC29B89,Chevrolet,Prata
106862,BCA23B89,Fiat,Branco
106986,AEC50B89,Toyota,Branco
104868,EED82B89,Honda,Branco
109490,BAA11B89,Chevrolet,Prata
104376,CAE72B89,Chevrolet,Preto
107282,BDA86B89,Chevrolet,Preto
109544,EDB90B89,Honda,Vermelho
102926,FAA77B89,VW,Vermelho
104920,DCC47B89,Fiat,Preto
109825,EFC94B89,VW,Preto
109479,BCF25B89,Fiat,Prata
108733,CAF78B89,Fiat,Preto
104987,DAF37B89,VW,Azul Claro
102428,AEC56B89,Honda,Vermelho
104350,FAE85B89,VW,Preto
100490,BFB16B89,Chevrolet,Branco
103697,CEE21B89,VW,Preto
102013,CFD62B89,Toyota,Preto
107866,CAC70B89,Honda,Branco
104651,DFA75B89,Fiat,Vermelho
105677,FBA66B89,Fiat,Preto
100947,ADC63B89,Toyota,Vermelho
100615,DCE54B89,VW,Preto
102147,FBE39B89,VW,Preto
108788,EAD47B89,Honda,Azul Claro
102705,BCF32B89,Toyota,Prata
